gt_area_px,dice,fg_iou,miou
9.0,85.71428571428571,75.0,87.4970099866446
12.0,82.75862068965517,70.58823529411765,85.28913399344269
17.0,48.275862068965516,31.818181818181817,65.87918779517999
17.0,55.319148936170215,38.23529411764706,69.09671529636913
19.0,82.35294117647058,70.0,84.99401937721781
26.0,55.172413793103445,38.095238095238095,69.02170198222831
23.0,51.94805194805194,35.08771929824561,67.50697473007025
28.0,54.794520547945204,37.735849056603776,68.83502716806582
23.0,82.6086956521739,70.37037037037037,85.17721022655529
23.0,62.295081967213115,45.23809523809524,72.59611961298666
30.0,53.01204819277109,36.0655737704918,67.9939066364123
26.0,61.111111111111114,44.0,71.97208597519639
26.0,64.1025641025641,47.16981132075472,73.55698996577506
30.0,65.78947368421053,49.01960784313725,74.48388220515221
29.0,65.78947368421053,49.01960784313725,74.48388220515221
31.0,64.1025641025641,47.16981132075472,73.55698996577506
10.0,83.33333333333334,71.42857142857143,85.71029895034201
15.0,90.32258064516128,82.35294117647058,91.1734802768442
17.0,88.23529411764706,78.94736842105263,89.46969704918584
28.0,57.6271186440678,40.476190476190474,70.21317448608663
19.0,88.88888888888889,80.0,89.99601275917067
35.0,52.307692307692314,35.41666666666667,67.67743160084265
35.0,72.72727272727273,57.14285714285714,78.55647522586673
31.0,57.49999999999999,40.35087719298245,70.14154231910005
33.0,82.14285714285714,69.6969696969697,84.8385153551345
33.0,64.19753086419753,47.27272727272727,73.60745037614429
36.0,64.28571428571429,47.368421052631575,73.65429966069533
33.0,63.91752577319587,46.96969696969697,73.44994969134963
35.0,51.21951219512195,34.42622950819672,67.17323837088631
34.0,65.11627906976744,48.275862068965516,74.10801957241048
37.0,52.87356321839081,35.9375,67.92787507726356
34.0,62.13592233009708,45.07042253521127,72.496323265053
27.0,55.670103092783506,38.57142857142858,69.24284204499163
38.0,5.333333333333334,2.73972602739726,51.299109236842085
14.0,0.0,0.0,49.986049107142854
20.0,0.0,0.0,49.97309470663265
16.0,0.0,0.0,49.984056122448976
18.0,0.0,0.0,49.9820631377551
24.0,0.0,0.0,49.97608418367347
21.0,0.0,0.0,49.979073660714285
19.0,0.0,0.0,49.98106664540816
24.0,0.0,0.0,49.97608418367347
22.0,0.0,0.0,49.97807716836735
18.0,0.0,0.0,49.9820631377551
26.0,0.0,0.0,49.97409119897959
24.0,0.0,0.0,49.97608418367347
22.0,0.0,0.0,49.97807716836735
28.0,0.0,0.0,49.972098214285715
26.0,0.0,0.0,49.97409119897959
23.0,0.0,0.0,49.97708067602041
28.0,0.0,0.0,49.972098214285715
26.0,0.0,0.0,49.97409119897959
24.0,0.0,0.0,49.97608418367347
31.0,0.0,0.0,49.9691087372449
26.0,0.0,0.0,49.97409119897959
24.0,0.0,0.0,49.97608418367347
30.0,0.0,0.0,49.97010522959184
27.0,0.0,0.0,49.97309470663265
35.0,0.0,0.0,49.965122767857146
42.0,0.0,0.0,49.95814732142857
34.0,0.0,0.0,49.96611926020408
31.0,0.0,0.0,49.9691087372449
38.0,0.0,0.0,49.962133290816325
29.0,0.0,0.0,49.97110172193878
30.0,0.0,0.0,49.97010522959184
38.0,0.0,0.0,49.962133290816325
30.0,0.0,0.0,49.97010522959184
33.0,0.0,0.0,49.967115752551024
39.0,0.0,0.0,49.96113679846938
31.0,0.0,0.0,49.9691087372449
39.0,0.0,0.0,49.96113679846938
41.0,0.0,0.0,49.95914381377551
32.0,0.0,0.0,49.96811224489796
40.0,0.0,0.0,49.96014030612245
41.0,0.0,0.0,49.95914381377551
29.0,0.0,0.0,49.97110172193878
40.0,0.0,0.0,49.96014030612245
43.0,0.0,0.0,49.957150829081634
31.0,0.0,0.0,49.9691087372449
41.0,0.0,0.0,49.95914381377551
42.0,0.0,0.0,49.95814732142857
31.0,0.0,0.0,49.9691087372449
39.0,0.0,0.0,49.96113679846938
47.0,0.0,0.0,49.888392857142854
36.0,0.0,0.0,49.898357780612244
122.0,80.7017543859649,67.64705882352942,83.77960320778739
114.0,84.08163265306122,72.53521126760563,86.22866249079162
143.0,82.78145695364239,70.62146892655367,85.25878744923116
177.0,91.76470588235294,84.78260869565217,92.36331554334788
172.0,87.3900293255132,77.60416666666666,88.7591065408013
179.0,63.43283582089553,46.44808743169399,73.12622175182152
174.0,74.36823104693141,59.195402298850574,79.52680465830232
177.0,13.684210526315791,7.344632768361582,53.50884928691787
150.0,0.0,0.0,49.85052614795919
147.0,56.58536585365853,39.455782312925166,69.63910070193526
169.0,55.08474576271186,38.01169590643275,68.90008275196315
98.0,94.41624365482234,89.42307692307693,94.7005566912771
129.0,80.13029315960912,66.84782608695652,83.36297763501123
161.0,82.22811671087533,69.81981981981981,84.84293803809607
187.0,97.32620320855615,94.79166666666666,97.38583213318933
198.0,97.72151898734177,95.54455445544554,97.76327416668202
198.0,95.06493506493506,90.5940594059406,95.27802704259784
183.0,92.48554913294798,86.02150537634408,92.98476100551049
163.0,94.80122324159022,90.11627906976744,95.0411466718862
143.0,86.71875,76.55172413793103,88.24190621158013
121.0,86.23853211009175,75.80645161290323,87.87327492589571
139.0,65.09433962264151,48.25174825174825,74.05203214770741
94.0,94.73684210526315,90.0,94.9900171704668
130.0,72.45508982035929,56.8075117370892,78.31185695734692
164.0,78.78787878787878,65.0,82.41603358656538
191.0,96.875,93.93939393939394,96.95769456921688
202.0,98.25436408977556,96.56862745098039,98.27731078425488
202.0,96.20253164556962,92.6829268292683,96.32645921345781
196.0,96.875,93.93939393939394,96.95769456921688
172.0,96.29629629629629,92.85714285714286,96.41557324831666
152.0,84.9624060150376,73.8562091503268,86.8881549117393
129.0,70.17543859649122,54.054054054054056,76.94215603094108
149.0,66.3677130044843,49.664429530201346,74.7573674536161
113.0,91.32420091324201,84.03361344537815,91.9978355588581
139.0,73.80281690140845,58.48214285714286,79.14815505330917
164.0,77.40384615384616,63.13725490196078,81.47465564252293
197.0,96.62337662337663,93.46733668341709,96.72066574118844
206.0,97.28395061728395,94.71153846153845,97.34476460882802
208.0,97.83132530120481,95.75471698113208,97.86835362794022
205.0,96.03960396039604,92.38095238095238,96.17447042840185
179.0,96.98630136986301,94.14893617021278,97.06346786510198
164.0,84.42906574394463,73.05389221556887,86.48199465535306
161.0,67.9245283018868,51.42857142857142,75.61242424588275
197.0,64.38356164383562,47.474747474747474,73.63354401811333
140.0,85.82995951417004,75.177304964539,87.55370141376541
142.0,79.51807228915662,66.0,82.9320597873871
165.0,77.21822541966426,62.890625,81.35034099145257
195.0,96.875,93.93939393939394,96.95769456921688
206.0,97.54901960784314,95.21531100478468,97.59765090027537
210.0,95.32710280373831,91.07142857142857,95.51570307943878
208.0,95.90361445783132,92.12962962962963,96.04780699121595
191.0,94.87179487179486,90.2439024390244,95.10194761886407
196.0,86.1271676300578,75.63451776649747,87.7692847892595
203.0,67.01298701298701,50.390625,75.06843176788817
202.0,70.28753993610223,54.187192118226605,77.00071865728371
156.0,84.89208633093526,73.75,86.83304866355029
152.0,93.42560553633218,87.66233766233766,93.8121843984037
174.0,74.0909090909091,58.844765342960294,79.30841230377574
201.0,95.67430025445293,91.70731707317074,95.83665445560594
222.0,95.59164733178655,91.55555555555556,95.75876637093369
221.0,97.6958525345622,95.4954954954955,97.73774054256002
226.0,94.19642857142857,89.0295358649789,94.48874971974053
219.0,93.93258426966293,88.5593220338983,94.25264318518019
216.0,92.20183486238533,85.53191489361703,92.73194043830426
208.0,72.55369928400954,56.92883895131086,78.34947464917215
203.0,64.24581005586593,47.325102880658434,73.53470741004617
160.0,84.39716312056737,73.00613496932516,86.4591175875453
158.0,93.64548494983278,88.0503144654088,94.0061709028619
174.0,75.990675990676,61.278195488721806,80.53612451739991
206.0,94.2643391521197,89.15094339622641,94.552465716558
228.0,95.19450800915332,90.82969432314411,95.39383371296495
223.0,97.48283752860412,95.08928571428571,97.53363471111479
230.0,93.39019189765459,87.6,93.76897331705267
221.0,89.9581589958159,81.74904942965779,90.82648724560289
214.0,91.1504424778761,83.73983739837398,91.82989468477835
207.0,80.0875273522976,66.78832116788321,83.30314784215776
203.0,67.79661016949152,51.28205128205128,75.52715317818401
159.0,91.8429003021148,84.91620111731844,92.4311135124414
152.0,90.25974025974025,82.24852071005917,91.09428253861374
176.0,80.57553956834532,67.46987951807229,83.65395271696288
199.0,97.47474747474747,95.07389162561576,97.52694241165149
218.0,96.95550351288055,94.0909090909091,97.03244648045424
222.0,98.63636363636363,97.30941704035875,98.64870359614166
225.0,93.56223175965665,87.90322580645162,93.92158768204001
218.0,92.84164859002169,86.63967611336032,93.28681295760487
215.0,92.76018099547511,86.49789029535864,93.21692657690828
213.0,82.25108225108225,69.85294117647058,84.8444476218047
212.0,77.10843373493977,62.745098039215684,81.27757940988296
170.0,89.50276243093923,81.0,90.46201063702163
190.0,93.76693766937669,88.26530612244898,94.1096544411417
208.0,91.51670951156812,84.36018957345972,92.14709346667706
225.0,91.0411622276029,83.55555555555556,91.74076889564606
230.0,93.05555555555556,87.01298701298701,93.47647849898975
229.0,92.27166276346604,85.65217391304348,92.7930730906981
227.0,92.62672811059907,86.26609442060087,93.10103120229643
230.0,94.27312775330397,89.16666666666667,94.55731355830432
227.0,81.25,68.42105263157895,84.13855510427408
218.0,82.75862068965517,70.58823529411765,85.22914363666298
198.0,66.88963210702342,50.25125628140703,75.02677839232106
170.0,91.54518950437318,84.40860215053763,92.1753120910828
178.0,91.46341463414635,84.26966292134831,92.10684601310689
180.0,93.95604395604396,88.60103626943005,94.27852033449504
204.0,95.71788413098237,91.78743961352657,95.87671504543012
218.0,94.76190476190476,90.04524886877829,95.0006143097318
217.0,94.20289855072464,89.04109589041096,94.49653882173857
211.0,93.53233830845771,87.85046728971963,93.89922740336185
218.0,92.49394673123487,86.03603603603604,92.98700871522718
221.0,74.43181818181817,59.276018099547514,79.54808997693931
209.0,70.15384615384616,54.02843601895735,76.9173381405162
198.0,57.55395683453237,40.4040404040404,70.0842463278586
167.0,91.66666666666666,84.61538461538461,92.28170945637417
181.0,88.27160493827161,79.00552486187846,89.46478749439734
183.0,95.7983193277311,91.93548387096774,95.95274343533389
206.0,96.25935162094763,92.78846153846155,96.37922566749619
222.0,95.32710280373831,91.07142857142857,95.51570307943878
219.0,96.0,92.3076923076923,96.13683662851197
218.0,93.92523364485982,88.54625550660793,94.24711474680072
220.0,92.67139479905437,86.34361233480176,93.1407937624389
226.0,73.38935574229691,57.9646017699115,78.88738630807495
214.0,70.87087087087087,54.88372093023256,77.34497285474431
199.0,63.366336633663366,46.3768115942029,73.07758311339538
164.0,88.13559322033898,78.78787878787878,89.35195618722209
184.0,90.9090909090909,83.33333333333334,91.63567968120057
194.0,93.01075268817203,86.93467336683418,93.44133824332349
206.0,96.7741935483871,93.75,96.86199505812209
222.0,95.81395348837209,91.96428571428571,95.96413205065898
225.0,96.61399548532731,93.44978165938865,96.70987942102374
222.0,94.2982456140351,89.21161825726142,94.57978883279996
224.0,95.69160997732426,91.73913043478261,95.85055190807479
224.0,81.79419525065963,69.19642857142857,84.52924325354779
217.0,76.13636363636364,61.46788990825688,80.65001545490779
201.0,65.85365853658537,49.09090909090909,74.4336066585807
166.0,89.51841359773371,81.02564102564102,90.47583382802704
184.0,93.40974212034384,87.63440860215054,93.79421027952087
200.0,93.6842105263158,88.11881188118812,94.03540498055565
215.0,95.1923076923077,90.82568807339449,95.39283523282353
228.0,96.41255605381166,93.07359307359307,96.52078404705453
225.0,96.41255605381166,93.07359307359307,96.52078404705453
224.0,94.8051948051948,90.12345679012346,95.03770773729605
226.0,95.40481400437638,91.21338912133892,95.5856769058394
225.0,87.78054862842892,78.22222222222223,89.06211111111111
216.0,81.19891008174388,68.34862385321101,84.10534916649597
203.0,66.2379421221865,49.519230769230774,74.6547684611237
164.0,89.20454545454545,80.51282051282051,90.21842469092513
182.0,94.85094850948511,90.20618556701031,95.08409316349756
202.0,96.18320610687023,92.64705882352942,96.30852551075044
219.0,95.77464788732394,91.8918918918919,95.92793586029799
232.0,97.59299781181619,95.2991452991453,97.6385622998439
225.0,96.26373626373626,92.79661016949152,96.38129045216174
228.0,91.95876288659794,85.1145038167939,92.51821521390413
229.0,94.0677966101695,88.8,94.37197421627897
226.0,93.30254041570439,87.44588744588745,93.69392863509805
219.0,78.1491002570694,64.13502109704642,81.9825513289486
203.0,60.42296072507553,43.290043290043286,71.51422046281859
165.0,88.45070422535211,79.29292929292929,89.6054802205465
185.0,92.83819628647215,86.63366336633663,93.28983222315752
205.0,95.97989949748744,92.27053140096618,96.11926089904266
221.0,95.57109557109557,91.51785714285714,95.73991754503326
230.0,97.37991266375546,94.8936170212766,97.43479722002513
225.0,94.78260869565217,90.08264462809917,95.01730213710096
229.0,90.65040650406505,82.8996282527881,91.40377084571021
228.0,90.65040650406505,82.8996282527881,91.40377084571021
226.0,92.90322580645162,86.74698795180723,93.3404675547667
218.0,85.11749347258485,74.0909090909091,86.98846936160236
203.0,58.536585365853654,41.37931034482759,70.55387242480997
164.0,89.51841359773371,81.02564102564102,90.47583382802704
184.0,93.12169312169311,87.12871287128714,93.53835643564356
205.0,95.5,91.38755980861244,95.67577450268574
225.0,95.59164733178655,91.55555555555556,95.75876637093369
231.0,97.3913043478261,94.91525423728814,97.44561558757424
227.0,95.94882729211088,92.21311475409836,96.08753873878368
230.0,90.5050505050505,82.65682656826569,91.28136812077602
230.0,92.87169042769857,86.69201520912547,93.31097116666733
229.0,92.67241379310344,86.34538152610442,93.13866422235047
221.0,89.62264150943396,81.19658119658119,90.55427827484004
206.0,74.40633245382587,59.2436974789916,79.52491659199904
169.0,54.700854700854705,37.64705882352941,68.55861418463738
191.0,76.05042016806722,61.35593220338983,80.5639547005548
212.0,59.84251968503938,42.69662921348314,71.14441247976252
230.0,45.935483870967744,29.81574539363484,64.48885593614699
234.0,50.11709601873536,33.4375,66.29242599375526
230.0,45.65587734241908,29.58057395143488,64.47155471081996
229.0,52.45398773006135,35.550935550935556,67.46549877236808
232.0,54.972375690607734,37.904761904761905,68.6262309233676
225.0,80.88888888888889,67.91044776119402,83.86921355935846
221.0,82.72251308900523,70.53571428571429,85.20188089430663
194.0,54.347826086956516,37.3134328358209,68.5309704248165
9.0,0.0,0.0,49.99103156887755
22.0,0.0,0.0,49.97807716836735
23.0,86.36363636363636,76.0,87.99401878102758
30.0,0.0,0.0,49.97010522959184
21.0,76.19047619047619,61.53846153846154,80.7592626671574
29.0,80.0,66.66666666666666,83.32136970277024
16.0,82.75862068965517,70.58823529411765,85.28913399344269
33.0,0.0,0.0,49.967115752551024
20.0,97.43589743589743,95.0,97.49900313017126
31.0,89.65517241379311,81.25,90.61901794616152
25.0,78.04878048780488,64.0,81.99102870813397
29.0,0.0,0.0,49.93921396683674
21.0,0.0,0.0,49.979073660714285
21.0,0.0,0.0,49.952168367346935
24.0,97.87234042553192,95.83333333333334,97.91566971733164
26.0,0.0,0.0,49.94220344387755
35.0,0.0,0.0,49.91131218112245
34.0,0.0,0.0,49.8714524872449
37.0,44.44444444444444,28.57142857142857,64.20095500207981
38.0,0.0,0.0,49.89038584183674
35.0,52.23880597014925,35.35353535353536,67.61294764924529
32.0,0.0,0.0,49.881417410714285
35.0,27.049180327868854,15.639810426540285,57.64241284145354
39.0,37.9746835443038,23.4375,61.62103532684562
37.0,49.6551724137931,33.02752293577982,66.44096529716793
37.0,0.0,0.0,49.8664700255102
32.0,58.71559633027523,41.55844155844156,70.73435000704464
36.0,0.0,0.0,49.89237882653062
34.0,24.444444444444443,13.924050632911392,56.758607092576
37.0,0.0,0.0,49.857501594387756
24.0,38.983050847457626,24.210526315789473,62.03348280577223
34.0,0.0,0.0,49.852519132653065
38.0,41.80790960451977,26.42857142857143,63.11157126046732
37.0,0.0,0.0,49.691087372448976
77.0,63.31658291457286,46.32352941176471,73.0889293138683
108.0,71.11111111111111,55.172413793103445,77.5083314971907
134.0,88.44621513944223,79.28571428571428,89.61389479391077
146.0,94.35215946843853,89.30817610062893,94.637099602459
136.0,96.75090252707581,93.7062937062937,96.84415440680179
98.0,97.97979797979798,96.03960396039604,98.01580829022816
71.0,80.0,66.66666666666666,83.30140485312899
51.0,75.80645161290323,61.038961038961034,80.4895577203024
47.0,73.04347826086956,57.534246575342465,78.73620614561194
38.0,0.0,0.0,49.962133290816325
74.0,58.22784810126582,41.07142857142857,70.43692569330204
108.0,68.64686468646865,52.26130653266332,76.03578986962292
135.0,80.48780487804879,67.3469387755102,83.60952565823708
152.0,97.00996677740864,94.19354838709677,97.08777959031033
143.0,96.16724738675958,92.61744966442953,96.29773318586598
110.0,97.2972972972973,94.73684210526315,97.36242920154905
75.0,77.45664739884393,63.20754716981132,81.56485841996523
50.0,73.94957983193278,58.666666666666664,79.30241495784462
48.0,0.0,0.0,49.92825255102041
37.0,72.41379310344827,56.75675675675676,78.36242782509356
78.0,60.90534979423868,43.786982248520715,71.79868452971323
112.0,67.96116504854369,51.470588235294116,75.63643449830653
140.0,78.46607669616519,64.56310679611651,82.20861612411386
153.0,93.58974358974359,87.95180722891565,93.95591560726216
143.0,93.95973154362416,88.60759493670885,94.28581041902994
115.0,76.71232876712328,62.22222222222222,81.04319803984234
75.0,78.65168539325843,64.81481481481481,82.36948779698152
50.0,72.58064516129032,56.9620253164557,78.44710150544813
48.0,70.08547008547008,53.94736842105263,76.93877845606336
70.0,65.38461538461539,48.57142857142857,74.24981623617498
91.0,57.14285714285714,40.0,69.88922597900283
109.0,67.74193548387096,51.21951219512195,75.5098978962069
139.0,77.80979827089337,63.67924528301887,81.76268572977705
154.0,97.35099337748345,94.83870967741936,97.41135947602004
141.0,90.84967320261438,83.23353293413174,91.58878717174441
119.0,95.31914893617022,91.05691056910568,95.51746934655348
90.0,83.49514563106796,71.66666666666667,85.79939442337127
69.0,71.14093959731544,55.208333333333336,77.56127218708644
59.0,73.38129496402878,57.95454545454546,78.94036499659941
88.0,64.61538461538461,47.72727272727273,73.81775931412903
94.0,60.0,42.857142857142854,71.3207762394308
115.0,72.9641693811075,57.43589743589743,78.63505482213536
143.0,81.68168168168168,69.03553299492386,84.45681525845313
157.0,96.1038961038961,92.5,96.23800671623891
144.0,87.73006134969326,78.14207650273224,89.0310646339536
118.0,96.58119658119658,93.38842975206612,96.68622494334824
93.0,76.85185185185185,62.40601503759399,81.15310034613815
70.0,65.08875739644971,48.24561403508772,74.06394945285042
57.0,66.20689655172414,49.48453608247423,74.6933931609307
80.0,65.0,48.148148148148145,74.03218883961648
148.0,48.8235294117647,32.295719844357976,65.97418296132618
119.0,73.20261437908496,57.73195876288659,78.78408420726623
144.0,96.19377162629758,92.66666666666666,96.32234146731419
156.0,97.43589743589743,95.0,97.49200383815769
146.0,97.2972972972973,94.73684210526315,97.36042616935687
120.0,97.47899159663865,95.08196721311475,97.53499079792773
94.0,77.82805429864254,63.70370370370371,81.8029398933771
78.0,65.51724137931035,48.717948717948715,74.29911681991732
81.0,59.171597633136095,42.016806722689076,70.93957680426837
109.0,61.146496815286625,44.03669724770643,71.95750438510441
107.0,66.42066420664207,49.72375690607735,74.77103470428654
130.0,71.55963302752293,55.714285714285715,77.76425246780228
152.0,96.36963696369637,92.99363057324841,96.48582188266658
156.0,90.2654867256637,82.25806451612904,91.09604743108493
145.0,96.90721649484536,94.0,96.99100629559308
114.0,97.34513274336283,94.82758620689656,97.40780101300766
117.0,70.24793388429752,54.14012738853503,76.99819449620799
95.0,67.70833333333334,51.181102362204726,75.52868851621841
94.0,78.2051282051282,64.21052631578948,82.07134117844747
122.0,64.08839779005525,47.15447154471545,73.51238881118609
142.0,50.991501416430594,34.22053231939163,66.93756320877141
122.0,69.23076923076923,52.94117647058824,76.36671081065519
149.0,81.12676056338029,68.24644549763033,84.05626560138953
157.0,96.83544303797468,93.86503067484662,96.92251993530829
147.0,96.5986394557823,93.42105263157895,96.70053311116862
121.0,96.3265306122449,92.91338582677166,96.44770334128945
127.0,72.72727272727273,57.14285714285714,78.50254429700959
98.0,70.09345794392523,53.956834532374096,76.9145462855679
98.0,63.05418719211823,46.043165467625904,72.94675035833403
128.0,64.55026455026454,47.65625,73.76127874638331
96.0,47.64542936288089,31.272727272727273,65.44770322510391
117.0,46.464646464646464,30.263157894736842,64.86690185342303
145.0,63.4703196347032,46.48829431438127,73.08426546963942
154.0,64.31718061674009,47.4025974025974,73.53939584301368
139.0,97.14285714285714,94.44444444444444,97.21422861710631
106.0,87.89237668161435,78.4,89.17304205439514
74.0,84.61538461538461,73.33333333333333,86.64271935076165
56.0,68.08510638297872,51.61290322580645,75.76156651874427
50.0,96.0,92.3076923076923,96.14985636769869
73.0,28.235294117647058,16.43835616438356,58.158377508074885
85.0,48.701298701298704,32.18884120171674,65.93673911745485
116.0,55.639097744360896,38.54166666666667,69.09406313459169
145.0,67.82178217821783,51.31086142322098,75.52553203258013
152.0,73.86934673366834,58.56573705179283,79.1789288109311
144.0,97.91666666666666,95.91836734693877,97.95318787053145
114.0,94.91525423728814,90.32258064516128,95.14930566294497
77.0,95.36423841059603,91.13924050632912,95.56263478294262
56.0,66.18705035971223,49.46236559139785,74.68430467880285
47.0,78.57142857142857,64.70588235294117,82.32900436964063
59.0,73.11827956989248,57.6271186440678,78.78863012096492
92.0,51.973684210526315,35.11111111111111,67.40983824713389
120.0,64.77272727272727,47.89915966386555,73.8257334015065
147.0,73.74005305039788,58.40336134453782,79.10275387809659
154.0,76.2402088772846,61.60337552742617,80.71074233097274
143.0,97.57785467128028,95.27027027027027,97.62814003170755
116.0,72.27414330218068,56.58536585365853,78.20378959882288
85.0,92.21556886227546,85.55555555555556,92.76480346691329
60.0,67.56756756756756,51.02040816326531,75.46232473757966
54.0,71.11111111111111,55.172413793103445,77.54730648161396
63.0,71.42857142857143,55.55555555555556,77.74985651573674
140.0,43.24324324324324,27.586206896551722,63.583505875615366
116.0,57.06806282722513,39.92673992673993,69.79958942928563
145.0,67.48166259168704,50.92250922509225,75.32835561578366
156.0,83.38028169014085,71.49758454106279,85.68982529203936
144.0,97.59450171821305,95.30201342281879,97.64401146817478
120.0,97.90794979079497,95.90163934426229,97.94582556517734
104.0,89.75609756097562,81.41592920353983,90.6869998225989
85.0,72.25130890052355,56.557377049180324,78.22580170238966
61.0,80.0,66.66666666666666,83.30340277223507
71.0,74.13793103448276,58.9041095890411,79.42213438281568
174.0,45.14435695538058,29.152542372881356,64.36764671049737
119.0,67.43515850144092,50.8695652173913,75.3219157915399
150.0,74.01574803149606,58.75,79.27606925152392
158.0,96.81528662420382,93.82716049382715,96.90358504461068
148.0,98.30508474576271,96.66666666666667,98.32833643141252
123.0,95.86776859504133,92.06349206349206,96.0217580173633
112.0,89.10891089108911,80.35714285714286,90.15660920359838
86.0,70.05076142131979,53.90625,76.89425099038058
61.0,74.66666666666667,59.57446808510638,79.74932502419725
71.0,71.30434782608695,55.4054054054054,77.66979156278049
183.0,43.73464373464373,27.9874213836478,63.76510845970779
120.0,64.46280991735537,47.5609756097561,73.65163984547016
150.0,79.33884297520662,65.75342465753424,82.80176029806677
157.0,96.83544303797468,93.86503067484662,96.92251993530829
145.0,96.5986394557823,93.42105263157895,96.70053311116862
129.0,90.9090909090909,83.33333333333334,91.64269351659475
120.0,86.79245283018868,76.66666666666667,88.30538029443869
96.0,65.65656565656566,48.87218045112782,74.36824085117505
86.0,81.63265306122449,68.96551724137932,84.45582111570123
87.0,67.16417910447761,50.56179775280899,75.23701385516016
164.0,47.73869346733669,31.353135313531354,65.46890407177337
134.0,62.62135922330098,45.583038869257955,72.63766405868238
153.0,81.40161725067385,68.63636363636364,84.24921630094045
159.0,97.81931464174455,95.73170731707317,97.85885631752616
148.0,95.65217391304348,91.66666666666666,95.82034190767426
128.0,95.96774193548387,92.24806201550388,96.11404239477073
140.0,78.26086956521739,64.28571428571429,82.09294299519114
83.0,83.01886792452831,70.96774193548387,85.4569302373488
90.0,80.0,66.66666666666666,83.30340277223507
93.0,57.14285714285714,40.0,69.94315688699191
168.0,44.81927710843374,28.88198757763975,64.21237329883326
129.0,55.60747663551402,38.51132686084142,69.06587978377789
151.0,68.36027713625866,51.92982456140351,75.8279889577626
160.0,96.59442724458205,93.41317365269461,96.69559122458801
148.0,95.9731543624161,92.25806451612904,96.11704017284077
133.0,95.52238805970148,91.42857142857143,95.70229722323712
128.0,82.09606986899564,69.62962962962963,84.77388194472178
86.0,73.57512953367875,58.19672131147541,79.04746753129903
97.0,79.26829268292683,65.65656565656566,82.7943581410884
115.0,54.088050314465406,37.06896551724138,68.46167642347218
251.0,37.56613756613756,23.12703583061889,61.09183865720495
236.0,44.89311163895487,28.94333843797856,64.00754854761472
234.0,45.42586750788644,29.38775510204082,64.17446201859447
239.0,43.74269005847953,27.994011976047904,63.515900144738424
236.0,39.762611275964396,24.814814814814813,61.79810275508124
228.0,34.82905982905983,21.08667529107374,59.93349620431159
231.0,25.740551583248212,14.77139507620164,56.65942381182709
231.0,20.726495726495727,11.561382598331345,55.03986180975894
214.0,38.57142857142858,23.893805309734514,61.43104709442419
200.0,0.8620689655172413,0.4329004329004329,49.52882938452866
29.0,0.0,0.0,49.97110172193878
28.0,0.0,0.0,49.972098214285715
17.0,0.0,0.0,49.98305963010204
24.0,0.0,0.0,49.97608418367347
27.0,0.0,0.0,49.97309470663265
19.0,66.66666666666666,50.0,74.99003309014074
26.0,0.0,0.0,49.97409119897959
31.0,91.22807017543859,83.87096774193549,91.93049882610234
22.0,70.58823529411765,54.54545454545454,77.262759965495
25.0,93.87755102040816,88.46153846153845,94.22777838276413
32.0,93.54838709677419,87.87878787878788,93.93540566492089
23.0,72.22222222222221,56.52173913043478,78.25090205928673
28.0,86.79245283018868,76.66666666666667,88.32635468798809
32.0,95.08196721311475,90.625,95.30950879414522
22.0,87.17948717948718,77.27272727272727,88.63137948596192
28.0,78.26086956521739,64.28571428571429,82.1328886433157
32.0,93.54838709677419,87.87878787878788,93.93540566492089
25.0,64.86486486486487,48.0,73.98704250059805
25.0,61.111111111111114,44.0,71.98604604804146
30.0,89.65517241379311,81.25,90.61901794616152
24.0,97.87234042553192,95.83333333333334,97.91566971733164
27.0,94.33962264150944,89.28571428571429,94.63986617557833
30.0,93.33333333333333,87.5,93.74601180505704
23.0,0.0,0.0,49.97708067602041
52.0,0.0,0.0,49.94818239795919
53.0,0.0,0.0,49.947185905612244
49.0,0.0,0.0,49.951171875
51.0,0.0,0.0,49.94917889030612
52.0,0.0,0.0,49.94818239795919
46.0,0.0,0.0,49.95416135204081
49.0,0.0,0.0,49.951171875
45.0,0.0,0.0,49.955157844387756
34.0,0.0,0.0,49.96611926020408
47.0,0.0,0.0,49.95316485969388
42.0,0.0,0.0,49.95814732142857
37.0,0.0,0.0,49.96312978316326
39.0,93.82716049382715,88.37209302325581,94.18106027364475
43.0,0.0,0.0,49.957150829081634
43.0,71.64179104477611,55.81395348837209,77.88803432912783
43.0,28.000000000000004,16.27906976744186,58.10365615382796
44.0,85.71428571428571,75.0,87.48903137028098
37.0,60.37735849056604,43.24324324324324,71.60068860726756
41.0,17.77777777777778,9.75609756097561,54.84117562414562
43.0,89.41176470588236,80.85106382978722,90.4165566865239
36.0,92.7536231884058,86.48648648648648,93.23825760189034
45.0,91.76470588235294,84.78260869565217,92.3843234754165
46.0,90.32258064516128,82.35294117647058,91.16749464376646
34.0,86.66666666666667,76.47058823529412,88.22731804586242
51.0,8.955223880597014,4.6875,52.03972894778812
58.0,7.142857142857142,3.7037037037037033,51.56679254755603
40.0,14.723926380368098,7.9470198675496695,53.69635249239663
98.0,95.33678756476684,91.0891089108911,95.53556955008655
158.0,95.42483660130719,91.25,95.61100839496302
208.0,97.57281553398059,95.260663507109,97.62032675105326
233.0,96.34408602150538,92.9460580912863,96.45601270996089
229.0,94.8936170212766,90.2834008097166,95.11767782363194
209.0,81.52610441767068,68.8135593220339,84.31472995417526
195.0,0.0,0.0,49.69507334183674
175.0,94.58689458689459,89.72972972972974,94.84586866410503
206.0,94.58823529411765,89.73214285714286,94.84305992281855
314.0,77.51371115173674,63.28358208955224,81.51870242096697
338.0,71.0951526032316,55.15320334261838,77.41553080012586
344.0,68.03738317757009,51.55807365439094,75.60801630473277
352.0,45.27472527472528,29.261363636363637,64.38204482818722
331.0,58.84861407249466,41.69184290030212,70.65306801875892
328.0,68.27309236947792,51.829268292682926,75.75665310406654
304.0,81.53846153846153,68.83116883116884,84.31951524578216
226.0,95.04504504504504,90.55793991416309,95.256954546294
304.0,89.91150442477877,81.67202572347267,90.7789238028044
408.0,84.64730290456431,73.38129496402878,86.57935812969836
437.0,74.25320056899004,59.04977375565611,79.34357865384729
395.0,84.04099560761347,72.47474747474747,86.1281312189829
312.0,87.90035587188612,78.41269841269842,89.13825250903902
245.0,95.81589958158996,91.96787148594377,95.96391452047604
178.0,93.49112426035504,87.77777777777777,93.86689680603871
107.0,93.59605911330048,87.96296296296296,93.96850250741946
166.0,96.8944099378882,93.97590361445783,96.97795580562956
214.0,97.41176470588235,94.95412844036697,97.46605739595246
235.0,96.0,92.3076923076923,96.13482637327436
234.0,95.41666666666667,91.23505976095618,95.59550653573265
218.0,84.43579766536965,73.06397306397307,86.45192087815039
212.0,0.0,0.0,49.68411192602041
186.0,0.0,0.0,49.6402662627551
212.0,94.4954128440367,89.56521739130436,94.75859428700699
356.0,73.98648648648648,58.71313672922251,79.20243581061482
378.0,69.29392446633827,53.015075376884425,76.32040669674802
418.0,76.61406025824964,62.093023255813954,80.88321442700132
408.0,75.88235294117646,61.137440758293835,80.40445097732794
426.0,75.9825327510917,61.267605633802816,80.46852183923939
423.0,70.44410413476263,54.37352245862884,76.99355256395583
413.0,72.13622291021672,56.416464891041166,78.0280270113256
378.0,80.50314465408806,67.36842105263158,83.56001180836708
502.0,72.75031685678074,57.171314741035864,78.37017900855436
492.0,93.48986125933831,87.7755511022044,93.82645422736582
459.0,93.10734463276836,87.10359408033827,93.49050775474191
407.0,94.13265306122449,88.91566265060241,94.41165307726378
342.0,94.15384615384616,88.95348837209302,94.43864512849689
246.0,96.70781893004116,93.62549800796812,96.79673010167934
180.0,96.13259668508287,92.5531914893617,96.26259630465846
116.0,91.66666666666666,84.61538461538461,92.28971998506914
169.0,96.98795180722891,94.15204678362574,97.06602639091312
216.0,97.67441860465115,95.45454545454545,97.71726592264558
238.0,95.25773195876288,90.94488188976378,95.44941561702124
235.0,95.47325102880659,91.33858267716536,95.64726667095493
221.0,84.27184466019418,72.81879194630872,86.32832949864526
215.0,0.0,0.0,49.68311543367347
206.0,0.0,0.0,49.6223294005102
395.0,66.66666666666666,50.0,74.79287158037984
398.0,71.36294027565084,55.47619047619048,77.55088181479269
417.0,71.7201166180758,55.90909090909091,77.76027347377237
469.0,81.8070818070818,69.21487603305785,84.45796268497459
498.0,88.59198355601234,79.52029520295203,89.64857859956628
452.0,92.77899343544857,86.53061224489797,93.19897713064967
500.0,90.15317286652079,82.07171314741036,90.94542975914044
541.0,63.38383838383839,46.39556377079482,72.90734623191719
519.0,67.93893129770993,51.445086705202314,75.4700838763544
539.0,81.27753303964758,68.46011131725417,84.05939691588009
507.0,93.9879759519038,88.65784499054821,94.26856882275312
457.0,95.01661129568106,90.50632911392405,95.20793569894043
415.0,95.28535980148884,90.99526066350711,95.45947159139365
359.0,94.76744186046511,90.05524861878453,94.99151598441735
249.0,98.18913480885311,96.44268774703558,98.21233161684872
186.0,98.1029810298103,96.27659574468085,98.13129717227042
124.0,90.7488986784141,83.06451612903226,91.5112886798178
171.0,96.11940298507463,92.52873563218391,96.2513717149223
220.0,97.6958525345622,95.4954954954955,97.73774054256002
238.0,94.02061855670102,88.715953307393,94.32894646229744
238.0,94.88752556237219,90.27237354085604,95.11115873903286
223.0,85.21400778210116,74.23728813559322,87.04257865153863
219.0,0.0,0.0,49.67813297193878
408.0,56.05536332179931,38.94230769230769,69.21722494624582
412.0,65.40880503144653,48.598130841121495,74.07892453039105
411.0,76.59574468085107,62.06896551724138,80.86917197434626
460.0,76.53061224489795,61.98347107438017,80.80727808270296
501.0,86.56716417910447,76.31578947368422,88.03131245836109
543.0,87.40310077519379,77.62478485370052,88.6816734726019
518.0,89.57298907646475,81.11510791366906,90.45197326301854
519.0,91.28630705394191,83.96946564885496,91.90028695021162
555.0,65.29126213592234,48.468468468468465,73.94770128294483
569.0,64.36233611442194,47.45166959578208,73.42627161911494
547.0,87.32106339468302,77.49546279491834,88.62310577684369
523.0,93.51669941060904,87.82287822878229,93.84504072404908
479.0,95.25862068965517,90.94650205761316,95.42901569684052
439.0,92.7120669056153,86.41425389755011,93.14586720747194
377.0,92.99719887955182,86.91099476439791,93.40534089395564
254.0,97.2,94.55252918287937,97.26224580626756
185.0,97.83783783783784,95.76719576719577,97.87559708351787
147.0,84.25196850393701,72.78911564625851,86.35461294705823
172.0,95.80838323353294,91.95402298850574,95.96301597281973
218.0,96.12756264236903,92.54385964912281,96.25491791622557
240.0,94.23868312757202,89.10505836575877,94.5244994713852
240.0,96.34146341463415,92.94117647058823,96.45256624847019
225.0,94.21841541755889,89.06882591093117,94.50738917453837
218.0,0.0,0.0,49.68211894132653
220.0,0.0,0.0,49.613360969387756
421.0,64.91499227202473,48.05491990846682,73.80030548919719
425.0,81.16710875331566,68.30357142857143,84.00941555186341
457.0,90.78498293515358,83.125,91.48113712156216
501.0,93.4959349593496,87.78625954198473,93.82876417440374
553.0,92.81663516068053,86.59611992945327,93.22157812916258
527.0,90.02904162633108,81.86619718309859,90.8294997904791
549.0,92.76759884281581,86.51079136690647,93.17993537557518
573.0,79.28496319663512,65.6794425087108,82.64192611790688
569.0,70.82860385925085,54.833040421792624,77.15881926432162
553.0,84.79166666666667,73.59855334538878,86.65259902194795
535.0,92.07920792079209,85.3211009174312,92.58008537050574
493.0,93.86892177589851,88.44621513944223,94.16479501442473
454.0,92.37983587338803,85.83877995642702,92.8541053371786
407.0,89.60000000000001,81.15942028985508,90.50145974364344
260.0,96.86274509803921,93.91634980988593,96.94215215263469
189.0,97.87234042553192,95.83333333333334,97.90866538646183
197.0,70.47619047619048,54.41176470588235,77.11300309597523
177.0,96.18768328445748,92.65536723163842,96.31468673507058
219.0,96.5675057208238,93.36283185840708,96.6664054218484
241.0,94.67213114754098,89.88326848249028,94.9156056097505
244.0,95.35353535353536,91.11969111969111,95.53681792668576
230.0,93.76344086021506,88.25910931174089,94.10053027539085
224.0,0.0,0.0,49.679129464285715
225.0,0.0,0.0,49.60738201530612
431.0,66.26865671641791,49.55357142857143,74.55057760282318
449.0,85.57575757575758,74.78813559322035,87.27464504005195
515.0,89.83739837398373,81.54981549815497,90.67437290370009
552.0,90.74573225516622,83.05921052631578,91.42592303409063
580.0,90.87749782797567,83.28025477707006,91.53439359601494
582.0,90.62784349408554,82.86189683860233,91.32728079983178
587.0,92.831541218638,86.62207357859532,93.23048582067226
588.0,80.40609137055837,67.23259762308999,83.42244585855182
583.0,86.65377176015474,76.45051194539249,88.08650114644142
569.0,91.19850187265918,83.8209982788296,91.8159107999433
538.0,93.29501915708812,87.4326750448833,93.6458993973033
500.0,94.69302809573361,89.9209486166008,94.90918813143348
462.0,92.2722029988466,85.65310492505354,92.75925095175852
410.0,91.45860709592641,84.26150121065376,92.06552623348774
269.0,95.61904761904762,91.6058394160584,95.77988515620146
197.0,96.64082687338501,93.5,96.73699713937066
215.0,68.50152905198776,52.093023255813954,75.94364329936751
177.0,95.34883720930233,91.11111111111111,95.53955939463418
220.0,96.55172413793103,93.33333333333333,96.65165645972596
252.0,93.812375249501,88.34586466165413,94.14189570761167
244.0,95.96774193548387,92.24806201550388,96.10400617696175
245.0,92.37113402061856,85.82375478927203,92.87484184050405
229.0,0.0,0.0,49.6711575255102
435.0,53.553719008264466,36.56884875846501,68.00350303720828
451.0,64.64646464646465,47.76119402985074,73.63536158891641
475.0,86.55367231638418,76.29482071713147,88.02791565047423
529.0,91.52872444011685,84.38061041292639,92.1027906206989
557.0,90.47195013357079,82.60162601626017,91.19309777900872
596.0,90.28960817717207,82.29813664596274,91.03425544782526
598.0,90.37433155080214,82.4390243902439,91.11079247054525
591.0,91.73333333333333,84.72906403940887,92.27089528994205
612.0,83.9622641509434,72.35772357723577,86.00794224145415
609.0,87.1559633027523,77.23577235772358,88.47704394228707
574.0,91.50326797385621,84.33734939759037,92.07709960722009
543.0,93.78531073446328,88.29787234042553,94.08250837521297
512.0,92.82786885245902,86.61567877629062,93.2374494277648
457.0,93.53348729792148,87.85249457700651,93.86998962842009
414.0,89.93464052287582,81.71021377672209,90.77784729613114
272.0,95.66854990583803,91.69675090252709,95.8253395152033
207.0,95.0,90.47619047619048,95.2180896365268
220.0,68.65671641791045,52.27272727272727,76.03149158027207
180.0,95.95375722543352,92.22222222222223,96.09711391055123
219.0,95.92760180995475,92.17391304347827,96.06894355240121
245.0,94.16498993963782,88.97338403041825,94.4576583361414
251.0,93.67588932806325,88.10408921933085,94.02000552197845
247.0,90.79754601226993,83.14606741573034,91.5279922697421
232.0,0.0,0.0,49.6711575255102
435.0,53.553719008264466,36.56884875846501,68.00350303720828
457.0,64.38746438746439,47.47899159663865,73.48924554806908
480.0,86.09865470852019,75.59055118110236,87.67075759569256
555.0,87.58865248226951,77.91798107255521,88.81809443708674
564.0,89.67909800520381,81.28930817610063,90.52483693506697
598.0,89.54468802698145,81.06870229007633,90.40946444949984
610.0,88.56655290102388,79.47932618683001,89.60473750387074
608.0,92.17391304347827,85.48387096774194,92.65129374032668
629.0,87.5222816399287,77.81299524564183,88.76561003099239
605.0,89.13043478260869,80.3921568627451,90.07531520779956
583.0,91.22486288848263,83.8655462184874,91.83614891696156
550.0,92.95774647887323,86.8421052631579,93.34557105914682
508.0,92.76859504132231,86.51252408477842,93.18587774412066
468.0,91.42857142857143,84.21052631578947,92.02992564584073
427.0,89.48717948717949,80.97447795823666,90.40495427403876
277.0,95.5719557195572,91.51943462897526,95.73567740824328
208.0,95.30864197530863,91.0377358490566,95.49986146233115
661.0,32.44613434727503,19.36459909228442,59.14981073540052
683.0,43.34862385321101,27.672035139092237,63.341889096143035
222.0,95.96412556053812,92.24137931034483,96.10267596476771
240.0,94.14141414141413,88.93129770992367,94.43661575723041
237.0,93.2,87.26591760299625,93.5989199972613
219.0,80.07380073800738,66.76923076923077,83.27652675193659
210.0,14.899713467048711,8.04953560371517,53.72865613685261
452.0,56.74418604651162,39.61038961038961,69.52615573972564
423.0,66.26139817629179,49.54545454545455,74.55054063595239
382.0,73.35423197492163,57.920792079207914,78.79019861058629
406.0,73.21428571428571,57.74647887323944,78.69298708332511
443.0,88.57479387514722,79.49260042283298,89.64891065318356
470.0,63.92045454545454,46.972860125260965,73.23218089844958
517.0,76.33769322235435,61.73076923076923,80.66580583692709
550.0,76.1478163493841,61.48282097649186,80.52770954916575
613.0,59.7254004576659,42.57748776508972,70.93614446353254
592.0,62.64501160092807,45.608108108108105,72.48144755383365
587.0,68.75,52.38095238095239,75.90973503382263
555.0,80.98290598290599,68.04308797127469,83.84281835959561
529.0,82.69018743109152,70.48872180451127,85.08673354537525
516.0,81.32118451025056,68.52207293666027,84.09644063140045
494.0,79.71014492753623,66.26506024096386,82.96401108184293
440.0,75.49295774647888,60.633484162895925,80.14242133126763
377.0,69.08462867012089,52.770448548812666,76.20613831314493
317.0,51.52224824355972,34.70031545741325,67.1434306085053
170.0,97.10982658959537,94.3820224719101,97.1810128356991
219.0,97.49430523917995,95.11111111111111,97.54454718919712
235.0,94.47852760736197,89.53488372093024,94.74041212775914
234.0,95.27720739219713,90.98039215686275,95.46717028954782
221.0,84.94208494208493,73.8255033557047,86.83468297739594
210.0,12.941176470588237,6.918238993710692,53.16402837750296
206.0,0.0,0.0,49.613360969387756
429.0,65.35552193645991,48.53932584269663,74.04047957467097
402.0,71.6236722306525,55.7919621749409,77.70875641786692
442.0,79.58387516254876,66.09071274298056,82.88794710740366
460.0,92.3076923076923,85.71428571428571,92.78679958195997
497.0,87.85638859556494,78.3427495291902,89.05582010221569
530.0,83.69678089304257,71.96428571428571,85.82442682636311
520.0,87.57894736842105,77.90262172284645,88.83274172959042
609.0,62.45772266065389,45.40983606557377,72.3712440112634
611.0,65.41850220264317,48.608837970540094,73.9896572618995
576.0,86.44400785854617,76.12456747404845,87.92355122938388
551.0,89.19449901768172,80.49645390070921,90.13761193084615
518.0,87.5,77.77777777777779,88.77235282298574
493.0,86.56036446469248,76.30522088353415,88.0341270294448
492.0,79.75609756097562,66.32860040567951,82.99779736426727
430.0,73.68421052631578,58.333333333333336,78.98639265016159
352.0,68.90130353817506,52.55681818181818,76.11137902549731
304.0,53.14009661835749,36.18421052631579,67.8983610055779
176.0,97.45042492917847,95.02762430939227,97.50481287463853
220.0,96.83257918552036,93.85964912280701,96.91581391331097
241.0,95.16129032258065,90.76923076923077,95.36058655001386
242.0,94.2115768463074,89.05660377358491,94.49926704498228
225.0,85.27724665391969,74.33333333333333,87.08959421856545
212.0,0.0,0.0,49.68211894132653
436.0,55.93495934959349,38.82618510158014,69.1421142290558
438.0,65.58345642540621,48.79120879120879,74.1623898382116
430.0,71.24463519313305,55.333333333333336,77.46537277758861
478.0,85.84474885844749,75.2,87.47550200803214
494.0,93.5910478128179,87.95411089866157,93.91369556518885
554.0,87.31617647058823,77.48776508972267,88.60505234023769
567.0,85.76744186046513,75.0814332247557,87.38683951291088
595.0,90.1890189018902,82.1311475409836,90.95586063511183
636.0,78.89733840304183,65.149136577708,82.35150203214694
621.0,89.12655971479501,80.38585209003215,90.07013032877484
592.0,89.82584784601283,81.53078202995009,90.65368952964718
559.0,91.87145557655954,84.96503496503497,92.39598095605342
521.0,89.49579831932773,80.98859315589354,90.39379406538394
497.0,88.11659192825113,78.75751503006012,89.27229546975356
483.0,82.28155339805825,69.89690721649484,84.80197609154297
432.0,72.99270072992701,57.47126436781609,78.55035797808343
210.0,93.70277078085643,88.15165876777252,94.05082438288605
348.0,50.96359743040685,34.195402298850574,66.86896191215577
183.0,97.25274725274726,94.6524064171123,97.31620300855215
219.0,96.84684684684684,93.88646288209607,96.92922051252378
241.0,94.16498993963782,88.97338403041825,94.4576583361414
239.0,94.77911646586345,90.07633587786259,95.01213670144631
225.0,93.89473684210526,88.4920634920635,94.21700446038324
222.0,74.76635514018692,59.70149253731343,79.71568143753778
446.0,55.27156549520767,38.18984547461369,68.81493953629891
448.0,65.59766763848397,48.80694143167028,74.1672392089584
450.0,71.13543091655266,55.20169851380042,77.38949418037164
527.0,85.38860103626943,74.50271247739603,87.10968756254658
541.0,93.49904397705545,87.79174147217235,93.82744237454291
580.0,88.09106830122592,78.71674491392801,89.2214771617332
601.0,86.92579505300353,76.875,88.28855869092666
643.0,87.5,77.77777777777779,88.7419040907413
654.0,80.10999083409716,66.81957186544342,83.1916472487916
630.0,88.41732979664015,79.2393026941363,89.48779693044845
604.0,87.97061524334252,78.52459016393442,89.13049638184447
574.0,89.75332068311197,81.41135972461274,90.59703450890719
532.0,88.88888888888889,80.0,89.89245798826084
499.0,88.12430632630411,78.76984126984127,89.27744559524527
488.0,82.95589988081049,70.87576374745417,85.29438825568101
430.0,73.65356622998544,58.294930875576036,78.96618626786633
361.0,69.20289855072464,52.90858725761773,76.28424261350429
336.0,52.63157894736842,35.714285714285715,67.64138450649558
183.0,97.81420765027322,95.72192513368985,97.85296208681612
224.0,96.2800875273523,92.82700421940928,96.39648713652824
246.0,93.83697813121272,88.38951310861424,94.1637193096135
249.0,94.88188976377953,90.2621722846442,95.10505229832489
227.0,93.1106471816284,87.109375,93.52165645081377
223.0,70.47244094488188,54.40729483282675,77.05363841587334
443.0,55.072463768115945,38.0,68.72102789721029
450.0,65.89928057553956,49.141630901287556,74.333563964068
462.0,80.19801980198021,66.94214876033058,83.31059937414747
510.0,90.69069069069069,82.96703296703298,91.38999839329666
517.0,95.71150097465888,91.77570093457945,95.8435715098579
582.0,91.8918918918919,85.0,92.40939475697661
598.0,86.57243816254417,76.32398753894081,88.00903317694937
635.0,88.00675675675676,78.58220211161388,89.14811444821456
655.0,88.03418803418803,78.62595419847328,89.17202141972957
636.0,88.48484848484848,79.34782608695652,89.54001593283695
602.0,88.39779005524862,79.20792079207921,89.47718962978075
578.0,88.67924528301887,79.66101694915254,89.70979870110828
539.0,88.01652892561982,78.59778597785979,89.18231007435702
520.0,85.93238822246457,75.33460803059273,87.53773911231939
502.0,82.2429906542056,69.84126984126983,84.76809799064134
445.0,74.18899858956276,58.96860986547085,79.30098595771891
368.0,68.33631484794276,51.902173913043484,75.77403384058697
503.0,40.06359300476948,25.04970178926441,62.14822751800884
208.0,91.83673469387756,84.90566037735849,92.42082762847443
230.0,94.9671772428884,90.41666666666667,95.18531445785544
249.0,94.30255402750491,89.21933085501858,94.5806282599348
253.0,93.98058252427185,88.64468864468864,94.29130334825852
254.0,90.2970297029703,82.31046931407943,91.10618364398614
233.0,75.13812154696133,60.17699115044248,79.95341993286151
463.0,53.810264385692065,36.80851063829787,68.1072731380798
474.0,64.35506241331484,47.443762781186095,73.46459322785077
518.0,78.96512935883014,65.24163568773234,82.43316104507039
568.0,91.18705035971223,83.80165289256199,91.8021733628688
578.0,92.85714285714286,86.66666666666667,93.25074364294396
607.0,88.25021132713441,78.9712556732224,89.34565925401967
630.0,87.82161234991423,78.2874617737003,89.00077019097387
652.0,88.2943143812709,79.04191616766467,89.37996549601411
656.0,89.09395973154362,80.33282904689864,90.03548492328817
635.0,89.96598639455783,81.76197836166924,90.76215017747087
619.0,88.25112107623319,78.97271268057786,89.35452315455508
583.0,89.48837209302326,80.97643097643098,90.37452195767922
535.0,89.52187182095625,81.03130755064457,90.41210704860522
513.0,87.20173535791757,77.3076923076923,88.53531037211272
499.0,83.44988344988346,71.6,85.65748123168333
450.0,73.46368715083798,58.05739514348785,78.83836639549726
370.0,68.32740213523132,51.891891891891895,75.76788896771292
537.0,39.94038748137109,24.953445065176908,62.07406076847032
210.0,91.0941475826972,83.64485981308411,91.78742780641605
232.0,94.37229437229438,89.34426229508196,94.64610928917996
257.0,93.84615384615384,88.40579710144928,94.17085497145683
262.0,92.83018867924528,86.61971830985915,93.27180588034516
257.0,91.015625,83.51254480286738,91.71021990158386
240.0,73.90542907180385,58.611111111111114,79.15645118249441
473.0,53.21100917431193,36.25,67.81901223951043
539.0,58.748403575989784,41.591320072332735,70.47231081901184
535.0,83.05439330543933,71.01967799642217,85.34711977926335
583.0,89.47368421052632,80.95238095238095,90.35538348549261
593.0,90.33898305084746,82.38021638330757,91.07528837818562
609.0,87.09677419354838,77.14285714285715,88.41839713957789
632.0,87.61742100768573,77.96352583586626,88.83577898623346
652.0,87.95986622073578,78.50746268656717,89.10871623754339
660.0,88.64592094196804,79.60725075528701,89.6676709777563
642.0,90.29535864978902,82.3076923076923,91.03801448244549
625.0,88.29787234042553,79.04761904761905,89.39095393380993
592.0,91.2885662431942,83.97328881469114,91.89001243424147
546.0,90.62191510365251,82.85198555956678,91.3304520190778
519.0,88.24786324786325,78.96749521988528,89.37322372673624
500.0,82.94392523364486,70.85828343313374,85.28261715864951
457.0,74.7612551159618,59.694989106753816,79.66213124128521
372.0,69.70227670753066,53.494623655913976,76.57423221133335
503.0,44.27244582043344,28.429423459244536,63.854949172909706
213.0,91.72932330827066,84.72222222222221,92.32810649046421
234.0,94.84978540772532,90.20408163265307,95.07801919686902
257.0,94.98069498069498,90.44117647058823,95.19455178426269
261.0,93.5361216730038,87.85714285714286,93.894523761838
262.0,90.42145593869732,82.51748251748252,91.20868118665474
242.0,75.4325259515571,60.55555555555555,80.13565839749835
512.0,50.0,33.33333333333333,66.32068742542114
532.0,63.32916145181476,46.336996336996336,72.8750462525476
530.0,83.19327731092437,71.22302158273382,85.45080368007723
595.0,89.67297762478485,81.2792511700468,90.51879183212843
605.0,90.07506255212677,81.94233687405159,90.85129576396592
618.0,86.02878916172735,75.48291233283804,87.57535324300756
638.0,85.21594684385381,74.24023154848047,86.9409079132572
663.0,87.12871287128714,77.19298245614034,88.43938520164414
666.0,89.66639544344997,81.26843657817109,90.50625859135255
654.0,89.27973199329983,80.63540090771558,90.18877996154266
625.0,88.6142983230362,79.55625990491284,89.64828335262553
598.0,88.44036697247707,79.27631578947368,89.51138202642277
548.0,88.35341365461848,79.13669064748201,89.451729592681
516.0,87.07926167209556,77.11538461538461,88.43815438704942
502.0,83.50634371395617,71.68316831683168,85.69805021213568
467.0,74.46236559139786,59.314775160599574,79.46700300345456
378.0,68.85813148788927,52.5065963060686,76.07321531492876
676.0,51.51267375306623,34.691629955947135,66.75116184225627
708.0,60.67769897557132,43.55203619909502,71.27492352422266
730.0,54.23171733771569,37.20405862457722,68.04330845203904
763.0,54.729729729729726,37.67441860465116,68.29961803216591
761.0,55.51470588235294,38.42239185750636,68.72597316739456
753.0,49.81481481481482,33.16892725030826,66.04145362655673
721.0,51.132075471698116,34.347275031685676,66.65465144230312
676.0,76.70504871567759,62.212643678160916,80.84196303482659
668.0,38.049940546967896,23.494860499265783,61.226596916299556
651.0,48.13186813186813,31.693198263386396,65.37419286230151
660.0,64.16243654822334,47.23467862481316,73.26334813711577
667.0,57.56929637526652,40.41916167664671,69.81083118898259
713.0,47.159699892818864,30.855539971949508,64.9343357638593
723.0,45.01607717041801,29.045643153526974,64.00947249939087
746.0,54.61613216715258,37.5668449197861,68.31543969608906
735.0,63.18681318681318,46.1847389558233,72.68900610972719
691.0,64.54106280193237,47.646219686162624,73.4549464467489
673.0,74.5964316057774,59.48509485094851,79.44196636911782
657.0,62.264150943396224,45.20547945205479,72.24186641260893
628.0,46.266829865361075,30.095541401273884,64.60865653095283
595.0,31.32530120481928,18.571428571428573,58.71623820370972
557.0,49.05149051490515,32.49551166965889,65.87171823106907
520.0,60.17052375152253,43.031358885017426,71.18821444220829
448.0,59.12806539509536,41.97292069632495,70.68621414627692
27.0,86.79245283018868,76.66666666666667,88.32635468798809
30.0,88.52459016393442,79.41176470588235,89.69890315096308
20.0,88.37209302325581,79.16666666666666,89.57834898418963
21.0,87.5,77.77777777777779,88.88290743140708
33.0,79.41176470588235,65.85365853658537,82.91287086433647
24.0,86.27450980392157,75.86206896551724,87.92405597655772
23.0,88.0,78.57142857142857,89.27973270897066
29.0,89.65517241379311,81.25,90.61901794616152
27.0,85.18518518518519,74.19354838709677,87.08879859886811
46.0,82.92682926829268,70.83333333333334,85.40270631406806
35.0,87.5,77.77777777777779,88.88091249900295
26.0,94.11764705882352,88.88888888888889,94.44145353680366
40.0,90.66666666666666,82.92682926829268,91.45643445784704
34.0,88.23529411764706,78.94736842105263,89.46570750251371
28.0,86.20689655172413,75.75757575757575,87.87081196604436
44.0,81.57894736842105,68.88888888888889,84.4304849270449
37.0,88.57142857142857,79.48717948717949,89.73561287650429
28.0,86.20689655172413,75.75757575757575,87.87081196604436
47.0,76.92307692307693,62.5,81.22905905346923
40.0,57.14285714285714,40.0,69.97607655502392
23.0,91.66666666666666,84.61538461538461,92.30370458986322
46.0,72.22222222222221,56.52173913043478,78.24092938575578
39.0,96.0,92.3076923076923,96.15085453039183
26.0,92.3076923076923,85.71428571428571,92.8531549802885
65.0,68.21705426356588,51.76470588235295,75.84146089617528
68.0,59.79381443298969,42.64705882352941,71.28464373565248
73.0,0.0,0.0,49.92725605867347
65.0,70.76923076923077,54.761904761904766,77.34305092473855
57.0,78.0,63.934426229508205,81.94527323003823
73.0,0.0,0.0,49.92725605867347
64.0,83.33333333333334,71.42857142857143,85.69433598759697
55.0,78.26086956521739,64.28571428571429,82.12291298649497
71.0,0.0,0.0,49.92924904336735
65.0,78.01418439716312,63.95348837209303,81.94581902493641
59.0,85.43689320388349,74.57627118644068,87.2731750889516
73.0,0.0,0.0,49.92725605867347
63.0,81.48148148148148,68.75,84.35006035394346
62.0,86.23853211009175,75.80645161290323,87.88826440686255
70.0,0.0,0.0,49.930245535714285
63.0,79.69924812030075,66.25,83.09806625700776
62.0,87.27272727272727,77.41935483870968,88.69571316783872
70.0,0.0,0.0,49.930245535714285
60.0,73.23943661971832,57.77777777777777,78.85098289575187
65.0,85.0,73.91304347826086,86.93856662691097
64.0,49.411764705882355,32.8125,66.36338288804706
59.0,68.38709677419355,51.9607843137255,75.93151240106202
64.0,80.99173553719008,68.05555555555556,84.00483604976692
64.0,0.0,0.0,49.93622448979592
65.0,72.04968944099379,56.310679611650485,78.11044575578335
71.0,0.0,0.0,49.92924904336735
70.0,0.0,0.0,49.930245535714285
50.0,86.0,75.43859649122807,87.70533538681843
52.0,94.23076923076923,89.0909090909091,94.53946974684303
49.0,90.0,81.81818181818183,90.8991170406263
32.0,90.9090909090909,83.33333333333334,91.66068413565722
54.0,91.2621359223301,83.92857142857143,91.95530887453228
54.0,92.72727272727272,86.4406779661017,93.21235893317554
45.0,93.61702127659575,88.0,93.99401579829251
36.0,92.95774647887323,86.8421052631579,93.41606689079758
50.0,93.06930693069307,87.03703703703704,93.51153653204362
56.0,90.9090909090909,83.33333333333334,91.6566918033223
47.0,93.61702127659575,88.0,93.99401579829251
35.0,94.11764705882352,88.88888888888889,94.44045593136212
51.0,91.42857142857143,84.21052631578947,92.09628613906294
57.0,93.80530973451327,88.33333333333333,94.15968384440943
47.0,94.73684210526315,90.0,94.9950130657677
35.0,95.65217391304348,91.66666666666666,95.83034188886451
51.0,94.33962264150944,89.28571428571429,94.63687222485052
61.0,91.37931034482759,84.12698412698413,92.05351660312458
47.0,94.73684210526315,90.0,94.9950130657677
35.0,94.28571428571428,89.1891891891892,94.5906060019695
53.0,90.56603773584906,82.75862068965517,91.36933587945893
61.0,93.22033898305084,87.3015873015873,93.64281296405555
50.0,95.04950495049505,90.56603773584906,95.2780316352402
35.0,94.28571428571428,89.1891891891892,94.5906060019695
58.0,93.10344827586206,87.09677419354838,93.54040656926132
63.0,94.3089430894309,89.23076923076924,94.6084010964892
50.0,93.20388349514563,87.27272727272727,93.62938151060558
39.0,92.3076923076923,85.71428571428571,92.8511596102342
65.0,93.54838709677419,87.87878787878788,93.93141277494205
61.0,90.0,81.81818181818183,90.8971201178216
51.0,92.45283018867924,85.96491228070175,92.97447640886884
38.0,92.10526315789474,85.36585365853658,92.67694370168806
96.0,91.91919191919192,85.04672897196261,92.50739163981979
101.0,91.42857142857143,84.21052631578947,92.08729191188834
95.0,82.48587570621469,70.1923076923077,85.06521757487269
79.0,85.88957055214725,75.26881720430107,87.61145725899802
64.0,95.45454545454545,91.30434782608695,95.64618744246698
66.0,94.02985074626866,88.73239436619718,94.35821522232993
51.0,93.06930693069307,87.03703703703704,93.51153653204362
74.0,61.29032258064516,44.18604651162791,72.04515537117555
58.0,94.11764705882352,88.88888888888889,94.43746120422098
64.0,94.48818897637796,89.55223880597015,94.76913560539548
50.0,94.0,88.67924528301887,94.33363808167381
43.0,91.35802469135803,84.0909090909091,92.03847395150572
64.0,93.12977099236642,87.14285714285714,93.56244922392783
65.0,91.6030534351145,84.50704225352112,92.2425465876912
51.0,94.11764705882352,88.88888888888889,94.43845976522324
42.0,88.09523809523809,78.72340425531915,89.35172985058983
68.0,95.65217391304348,91.66666666666666,95.82734650435708
65.0,94.65648854961832,89.85507246376811,94.92055215557804
51.0,92.45283018867924,85.96491228070175,92.97447640886884
53.0,63.934426229508205,46.98795180722892,73.4500961341827
70.0,96.55172413793103,93.33333333333333,96.6616772442422
68.0,94.73684210526315,90.0,94.99301578432741
53.0,78.46153846153847,64.55696202531645,82.25055083809464
64.0,62.585034013605444,45.54455445544555,72.71741985688695
72.0,96.5986394557823,93.42105263157895,96.70553679378568
68.0,94.96402877697841,90.41095890410958,95.19849481824916
55.0,78.83211678832117,65.06024096385542,82.50119106969356
74.0,58.895705521472394,41.73913043478261,70.80273629942131
75.0,91.3907284768212,84.14634146341463,92.06019849229965
70.0,93.43065693430657,87.67123287671232,93.8266365532987
62.0,69.18238993710692,52.88461538461539,76.39342598603687
76.0,58.139534883720934,40.98360655737705,70.41998426260905
96.0,0.0,0.0,49.90433673469388
104.0,0.0,0.0,49.896364795918366
95.0,0.0,0.0,49.90533322704081
88.0,25.945945945945947,14.906832298136646,57.3168313668064
78.0,75.0,60.0,79.95809470596451
69.0,79.1044776119403,65.4320987654321,82.68811809368705
68.0,83.96946564885496,72.36842105263158,86.1632612236283
52.0,78.84615384615384,65.07936507936508,82.5177417797344
31.0,81.35593220338984,68.57142857142857,84.27474762436479
90.0,61.240310077519375,44.134078212290504,71.96723273051397
83.0,83.9506172839506,72.3404255319149,86.14426880491331
81.0,71.7948717948718,56.00000000000001,77.94511635333095
52.0,70.58823529411765,54.54545454545454,77.23782082201518
32.0,77.41935483870968,63.1578947368421,81.56498979943079
98.0,56.23003194888179,39.111111111111114,69.41879625192993
94.0,69.16666666666667,52.86624203821656,76.35925840357318
89.0,72.38095238095238,56.71641791044776,78.30032472368696
65.0,55.34591194968554,38.26086956521739,69.05962172907003
64.0,60.0,42.857142857142854,71.3886878885084
106.0,58.4070796460177,41.25,70.48421680611858
98.0,63.19702602230484,46.19565217391305,72.99900593962467
93.0,71.23287671232876,55.319148936170215,77.59669770653774
82.0,60.317460317460316,43.18181818181818,71.51608716708779
64.0,56.14035087719298,39.02439024390244,69.46233870842218
114.0,59.217877094972074,42.06349206349206,70.8859501459861
103.0,61.37931034482759,44.27860696517413,72.02749802408486
94.0,72.97297297297297,57.446808510638306,78.66351803912991
85.0,59.61538461538461,42.465753424657535,71.1490677966565
66.0,58.536585365853654,41.37931034482759,70.63879757369021
116.0,59.83379501385041,42.68774703557312,71.19907044995881
103.0,59.93265993265994,42.78846153846153,71.27543746957218
95.0,72.07207207207207,56.33802816901409,78.10713289638824
84.0,60.28708133971292,43.15068493150685,71.49252962277855
64.0,56.19834710743802,39.08045977011494,69.48737997879127
117.0,59.078590785907856,41.92307692307693,70.8107405307657
103.0,58.252427184466015,41.0958904109589,70.41916670450114
95.0,70.79646017699115,54.794520547945204,77.33138675113645
86.0,59.61538461538461,42.465753424657535,71.1490677966565
63.0,55.28455284552846,38.20224719101123,69.04627935315389
120.0,58.79265091863517,41.63568773234201,70.66104456927104
103.0,57.60517799352751,40.45454545454545,70.09650027134604
96.0,71.36563876651982,55.47945205479452,77.67484929319225
75.0,60.73298429319372,43.609022556390975,71.72968786145898
65.0,60.0,42.857142857142854,71.38070545330218
117.0,59.598853868194844,42.44897959183673,71.08369254396119
97.0,60.14492753623188,43.005181347150256,71.39279489372565
84.0,77.30061349693251,63.0,81.46308343144493
50.0,74.72527472527473,59.64912280701754,79.80162653852531
27.0,72.3404255319149,56.666666666666664,78.32037454228886
119.0,68.96551724137932,52.63157894736842,76.216919981414
98.0,55.73770491803278,38.63636363636363,69.18342707182019
84.0,75.25773195876289,60.33057851239669,80.11738793292429
53.0,78.0952380952381,64.0625,82.00831193278148
29.0,72.0,56.25,78.11104410064196
117.0,68.96551724137932,52.63157894736842,76.216919981414
101.0,54.037267080745345,37.02127659574468,68.36290126978234
86.0,71.09004739336493,55.14705882352941,77.51265238336208
54.0,68.25396825396825,51.80722891566265,75.86372057555818
29.0,72.0,56.25,78.11104410064196
118.0,73.75415282392026,58.42105263157895,79.13162888245282
101.0,58.862876254180605,41.70616113744076,70.73029666838497
86.0,66.66666666666666,50.0,74.92415169660678
54.0,66.66666666666666,50.0,74.95611585414505
31.0,75.47169811320755,60.60606060606061,80.2900707368767
117.0,80.88235294117648,67.90123456790124,83.89868583346527
101.0,56.774193548387096,39.63963963963964,69.68605524547068
89.0,63.45381526104418,46.470588235294116,73.1444703158226
55.0,65.21739130434783,48.38709677419355,74.14567381846659
45.0,59.70149253731343,42.5531914893617,71.24967972266953
120.0,82.35294117647058,70.0,84.95206136145733
101.0,56.68789808917197,39.55555555555556,69.64201400673939
87.0,59.143968871595334,41.988950276243095,70.88968471895987
54.0,61.111111111111114,44.0,71.94414745073007
45.0,63.76811594202898,46.808510638297875,73.37933208271714
121.0,84.6441947565543,73.37662337662337,86.647363283302
102.0,56.507936507936506,39.38053097345133,69.55350345266493
88.0,57.46268656716418,40.31413612565445,70.04329333678479
56.0,61.224489795918366,44.11764705882353,72.00197247916343
43.0,65.67164179104478,48.888888888888886,74.4215150669272
121.0,83.21167883211679,71.25,85.57905696935799
101.0,59.60264900662252,42.45283018867924,71.10462457403455
90.0,54.285714285714285,37.254901960784316,68.49970646941411
55.0,62.06896551724138,45.0,72.44514372344457
44.0,63.76811594202898,46.808510638297875,73.37933208271714
116.0,57.765667574931875,40.61302681992337,70.15173010658641
97.0,64.56692913385827,47.674418604651166,73.74737818482649
83.0,63.51351351351351,46.53465346534654,73.21346569415265
41.0,57.14285714285714,40.0,69.97308505123809
21.0,76.92307692307693,62.5,81.24102888698391
70.0,0.0,0.0,49.930245535714285
53.0,0.0,0.0,49.947185905612244
53.0,3.7037037037037033,1.8867924528301887,50.89157759163682
67.0,0.0,0.0,49.9332350127551
38.0,0.0,0.0,49.962133290816325
85.0,0.0,0.0,49.9152981505102
66.0,88.57142857142857,79.48717948717949,89.72762614060454
55.0,82.53968253968253,70.27027027027027,85.11318956016108
76.0,88.60759493670885,79.54545454545455,89.75476535199923
65.0,0.0,0.0,49.935227997448976
77.0,0.0,0.0,49.923270089285715
64.0,91.30434782608695,84.0,91.98802705884701
60.0,88.7218045112782,79.72972972972973,89.8498998829226
71.0,87.01298701298701,77.01149425287356,88.48579063159553
71.0,0.0,0.0,49.92924904336735
79.0,84.57142857142857,73.26732673267327,86.6067183342022
73.0,86.27450980392157,75.86206896551724,87.91008058134173
59.0,83.09859154929578,71.08433734939759,85.51822470359119
63.0,82.99319727891157,70.93023255813954,85.44017364712325
82.0,80.85106382978722,67.85714285714286,83.90163553599577
76.0,86.62420382165605,76.40449438202246,88.18129245324481
78.0,91.25,83.9080459770115,91.94005176921748
60.0,81.63265306122449,68.96551724137932,84.45582111570123
71.0,86.62420382165605,76.40449438202246,88.18129245324481
79.0,87.89808917197452,78.4090909090909,89.18558602771887
81.0,0.0,0.0,49.91928411989796
71.0,88.31168831168831,79.06976744186046,89.51692251713044
55.0,76.59574468085107,62.06896551724138,81.00156308263011
79.0,80.66298342541437,67.5925925925926,83.76136824807563
89.0,83.87096774193549,72.22222222222221,86.08616648817403
84.0,81.21827411167513,68.37606837606837,84.15110509189877
86.0,84.65608465608466,73.39449541284404,86.66830327972129
63.0,61.92893401015228,44.85294117647059,72.35164269239573
77.0,90.6832298136646,82.95454545454545,91.46230356374959
79.0,80.88235294117648,67.90123456790124,83.92468005205181
83.0,81.9672131147541,69.44444444444444,84.68928874784048
84.0,87.29281767955801,77.45098039215686,88.70253472968324
61.0,81.33333333333333,68.53932584269663,84.24172717356822
75.0,90.56603773584906,82.75862068965517,91.36434148006629
80.0,93.97590361445783,88.63636363636364,94.30820137984097
131.0,0.0,0.0,49.869459502551024
131.0,0.0,0.0,49.869459502551024
132.0,62.295081967213115,45.23809523809524,72.52723125178215
133.0,62.38532110091744,45.33333333333333,72.58484340491206
136.0,0.0,0.0,49.85052614795919
131.0,22.666666666666664,12.781954887218044,56.275345154289056
131.0,74.07407407407408,58.82352941176471,79.35587201983955
129.0,65.4320987654321,48.62385321100918,74.2000831862915
131.0,65.39509536784742,48.582995951417004,74.16464005657792
137.0,0.0,0.0,49.83059630102041
130.0,25.503355704697988,14.615384615384617,57.19703975670242
129.0,72.72727272727273,57.14285714285714,78.51454234388366
118.0,70.87719298245614,54.891304347826086,77.36277648744274
124.0,86.92307692307692,76.87074829931973,88.40141693574938
137.0,0.0,0.0,49.86348054846938
129.0,80.32786885245902,67.12328767123287,83.51371859898558
128.0,82.07171314741036,69.5945945945946,84.75236290151513
131.0,74.82014388489209,59.77011494252874,79.8151581263211
129.0,76.59574468085107,62.06896551724138,80.96857239671289
134.0,50.27932960893855,33.582089552238806,66.70227734678427
130.0,52.80898876404494,35.87786259541985,67.8551474600112
129.0,79.83539094650206,66.43835616438356,83.17025538006115
122.0,57.06214689265536,39.920948616600796,69.80870196681263
124.0,82.83582089552239,70.70063694267516,85.30437819369851
134.0,74.31192660550458,59.12408759124088,79.50614999384382
127.0,72.97297297297297,57.446808510638306,78.66351803912991
128.0,81.78137651821862,69.17808219178082,84.54410849479206
111.0,85.08771929824562,74.04580152671755,86.98895439861506
126.0,86.25954198473282,75.83892617449665,87.88350839016665
137.0,0.0,0.0,49.86348054846938
130.0,79.01234567901234,65.3061224489796,82.60214269413835
128.0,81.71206225680933,69.07894736842105,84.49254032957411
118.0,55.376344086021504,38.28996282527881,68.97922341930966
125.0,65.69767441860465,48.917748917748916,74.34102295177341
137.0,59.48717948717949,42.33576642335766,71.08906921271638
117.0,79.45205479452055,65.9090909090909,82.90962541222079
125.0,82.92682926829268,70.83333333333334,85.37472873480583
114.0,87.22466960352423,77.34375,88.64291959132935
121.0,89.87854251012146,81.61764705882352,90.78385598721661
137.0,71.96261682242991,56.20437956204379,78.04230834626271
127.0,60.74074074074074,43.61702127659575,71.64967899983465
130.0,45.16129032258064,29.166666666666668,64.27763902763903
132.0,33.248081841432224,19.938650306748464,59.44780495195954
130.0,37.15529753265602,22.816399286987522,60.97561492482369
130.0,52.33265720081136,35.43956043956044,67.48500091232923
12.0,84.61538461538461,73.33333333333333,86.66267982324993
13.0,92.3076923076923,85.71428571428571,92.8551493956964
13.0,96.0,92.3076923076923,96.15284942312292
7.0,0.0,0.0,49.99302455357143
13.0,88.88888888888889,80.0,89.99700980783032
13.0,96.29629629629629,92.85714285714286,96.42757467797836
14.0,92.85714285714286,86.66666666666667,93.33133983214721
7.0,0.0,0.0,49.99302455357143
13.0,88.88888888888889,80.0,89.99700980783032
16.0,96.7741935483871,93.75,96.87400320966488
15.0,96.55172413793103,93.33333333333333,96.66566989620297
8.0,0.0,0.0,49.99202806122449
13.0,92.85714285714286,86.66666666666667,93.33133983214721
16.0,96.7741935483871,93.75,96.87400320966488
15.0,96.55172413793103,93.33333333333333,96.66566989620297
10.0,0.0,0.0,49.99003507653062
14.0,93.33333333333333,87.5,93.7480064590726
16.0,96.7741935483871,93.75,96.87400320966488
15.0,96.55172413793103,93.33333333333333,96.66566989620297
11.0,0.0,0.0,49.989038584183675
12.0,88.88888888888889,80.0,89.99700980783032
17.0,94.11764705882352,88.88888888888889,94.44245082402976
17.0,96.96969696969697,94.11764705882352,97.05782671920443
12.0,15.384615384615385,8.333333333333332,54.15570503238665
15.0,86.66666666666667,76.47058823529412,88.23130711527479
17.0,88.23529411764706,78.94736842105263,89.46969704918584
18.0,97.14285714285714,94.44444444444444,97.22122539214187
15.0,75.0,60.0,79.99401997328921
17.0,90.32258064516128,82.35294117647058,91.1734802768442
20.0,92.3076923076923,85.71428571428571,92.85415230728043
18.0,97.14285714285714,94.44444444444444,97.22122539214187
15.0,96.55172413793103,93.33333333333333,96.66566989620297
16.0,87.5,77.77777777777779,88.8849018070341
13.0,96.29629629629629,92.85714285714286,96.42757467797836
13.0,100.0,100.0,100.0
27.0,0.0,0.0,49.95316485969388
15.0,90.32258064516128,82.35294117647058,91.1734802768442
13.0,92.85714285714286,86.66666666666667,93.33133983214721
13.0,96.29629629629629,92.85714285714286,96.42757467797836
11.0,0.0,0.0,49.989038584183675
13.0,86.66666666666667,76.47058823529412,88.23130711527479
14.0,96.55172413793103,93.33333333333333,96.66566989620297
13.0,92.85714285714286,86.66666666666667,93.33133983214721
14.0,0.0,0.0,49.986049107142854
14.0,90.32258064516128,82.35294117647058,91.1734802768442
14.0,96.55172413793103,93.33333333333333,96.66566989620297
14.0,90.32258064516128,82.35294117647058,91.1734802768442
13.0,0.0,0.0,49.9870455994898
16.0,84.84848484848484,73.68421052631578,86.8371214108394
15.0,96.7741935483871,93.75,96.87400320966488
14.0,90.32258064516128,82.35294117647058,91.1734802768442
13.0,0.0,0.0,49.9870455994898
14.0,87.5,77.77777777777779,88.8849018070341
17.0,100.0,100.0,100.0
17.0,94.11764705882352,88.88888888888889,94.44245082402976
15.0,0.0,0.0,49.98505261479592
14.0,81.25,68.42105263157895,84.20454581223107
17.0,100.0,100.0,100.0
17.0,94.11764705882352,88.88888888888889,94.44245082402976
14.0,0.0,0.0,49.986049107142854
19.0,91.8918918918919,85.0,92.49700950975897
19.0,94.73684210526315,90.0,94.9980063000917
17.0,94.44444444444444,89.47368421052632,94.73484844510247
14.0,16.666666666666664,9.090909090909092,54.525523904086505
29.0,0.0,0.0,49.97110172193878
31.0,0.0,0.0,49.9691087372449
31.0,0.0,0.0,49.9691087372449
28.0,0.0,0.0,49.972098214285715
52.0,93.20388349514563,87.27272727272727,93.62938151060558
61.0,94.3089430894309,89.23076923076924,94.6084010964892
63.0,93.84615384615384,88.40579710144928,94.19491690850175
66.0,91.17647058823529,83.78378378378379,91.879919189653
73.0,94.66666666666667,89.87341772151899,94.92872562555344
67.0,94.81481481481482,90.14084507042254,95.06343818016657
57.0,91.74311926605505,84.7457627118644,92.36390397892227
41.0,95.0,90.47619047619048,95.23410624770871
23.0,55.55555555555556,38.46153846153847,69.20684626272633
52.0,95.14563106796116,90.74074074074075,95.36538303819411
63.0,91.93548387096774,85.07462686567165,92.52733717632631
69.0,94.20289855072464,89.04109589041096,94.51256566586561
71.0,92.41379310344827,85.8974358974359,92.93774187655526
75.0,92.20779220779221,85.54216867469879,92.75910948454029
69.0,90.14084507042254,82.05128205128204,91.01167231555164
59.0,89.83050847457628,81.53846153846153,90.75726021678977
42.0,87.35632183908046,77.55102040816327,88.76454048051868
26.0,79.16666666666666,65.51724137931035,82.7486519913678
51.0,97.0873786407767,94.33962264150944,97.16681886175141
63.0,94.48818897637796,89.55223880597015,94.76913560539548
70.0,95.83333333333334,92.0,95.99401281258109
73.0,90.54054054054053,82.71604938271605,91.34405514496915
78.0,94.26751592356688,89.1566265060241,94.5693315756339
72.0,97.95918367346938,96.0,97.99700622704775
61.0,95.86776859504133,92.06349206349206,96.02675780396359
43.0,94.25287356321839,89.13043478260869,94.5602308549525
28.0,87.27272727272727,77.41935483870968,88.7026986348597
52.0,97.0873786407767,94.33962264150944,97.16681886175141
63.0,95.23809523809523,90.9090909090909,95.4485593423258
70.0,96.5034965034965,93.24324324324324,96.61663229877252
77.0,96.73202614379085,93.67088607594937,96.83045321720904
79.0,95.59748427672956,91.56626506024097,95.77614650217636
72.0,97.2972972972973,94.73684210526315,97.36442935536189
62.0,97.52066115702479,95.16129032258065,97.57765216490188
45.0,88.42105263157895,79.24528301886792,89.61167091063874
28.0,68.65671641791045,52.27272727272727,76.11542770032791
51.0,97.02970297029702,94.23076923076923,97.11239221607886
65.0,94.57364341085271,89.70588235294117,94.84595723952556
71.0,97.22222222222221,94.5945945945946,97.29330575935774
76.0,91.3907284768212,84.14634146341463,92.06019849229965
79.0,95.59748427672956,91.56626506024097,95.77614650217636
74.0,98.64864864864865,97.33333333333334,98.66467077819692
62.0,95.08196721311475,90.625,95.30651412666109
46.0,96.7032967032967,93.61702127659575,96.80551853744413
28.0,67.6056338028169,51.06382978723404,75.50898460170443
52.0,94.11764705882352,88.88888888888889,94.43845976522324
66.0,96.18320610687023,92.64705882352942,96.3185406862843
74.0,99.31972789115646,98.64864864864865,99.32332638008945
78.0,92.90322580645162,86.74698795180723,93.362516808412
80.0,93.82716049382715,88.37209302325581,94.17606647170776
76.0,98.01324503311258,96.1038961038961,98.04895415948866
60.0,94.21487603305785,89.0625,94.52426662044334
47.0,82.56880733944955,70.3125,85.13729964991722
29.0,64.0,47.05882352941176,73.50249359593893
54.0,94.33962264150944,89.28571428571429,94.63687222485052
67.0,96.2406015037594,92.7536231884058,96.37182276917098
75.0,99.32885906040269,98.66666666666667,99.3323353691802
79.0,96.85534591194968,93.90243902439023,96.94622939263185
80.0,96.93251533742331,94.04761904761905,97.01881920502797
78.0,98.7012987012987,97.43589743589743,98.71595270996468
58.0,95.0,90.47619047619048,95.23210948418954
45.0,89.79591836734694,81.48148148148148,90.73076707122824
31.0,68.42105263157895,52.0,75.97607178464607
54.0,96.29629629629629,92.85714285714286,96.42458132403068
67.0,97.01492537313433,94.20289855072464,97.09745813569238
74.0,98.64864864864865,97.33333333333334,98.66467077819692
80.0,97.5,95.1219512195122,97.55698343441975
82.0,96.96969696969697,94.11764705882352,97.05383311101508
76.0,97.36842105263158,94.87179487179486,97.43190557928492
60.0,94.3089430894309,89.23076923076924,94.6084010964892
46.0,80.73394495412845,67.6923076923077,83.82520914017762
32.0,65.82278481012658,49.056603773584904,74.50138264451927
64.0,90.9090909090909,83.33333333333334,91.6556932224018
67.0,97.01492537313433,94.20289855072464,97.09745813569238
73.0,95.94594594594594,92.20779220779221,96.09790867749155
74.0,94.11764705882352,88.88888888888889,94.43546312558766
77.0,94.9367088607595,90.36144578313254,95.17273901898888
69.0,95.77464788732394,91.8918918918919,95.93995887801267
59.0,97.43589743589743,95.0,97.49700712304714
47.0,95.55555555555556,91.48936170212765,95.74069146283651
68.0,21.052631578947366,11.76470588235294,55.82255386606884
54.0,95.23809523809523,90.9090909090909,95.44955802287328
64.0,97.63779527559055,95.38461538461539,97.68931451674797
72.0,96.55172413793103,93.33333333333333,96.6616772442422
75.0,96.73202614379085,93.67088607594937,96.83045321720904
78.0,92.90322580645162,86.74698795180723,93.362516808412
72.0,91.78082191780823,84.81012658227847,92.3930893942345
62.0,93.54838709677419,87.87878787878788,93.93141277494205
48.0,88.42105263157895,79.24528301886792,89.61167091063874
35.0,66.66666666666666,50.0,74.98205670082538
54.0,94.33962264150944,89.28571428571429,94.63687222485052
64.0,96.875,93.93939393939394,96.96570606895068
72.0,98.61111111111111,97.26027397260275,98.62814117749986
78.0,97.43589743589743,95.0,97.49600798403193
79.0,94.26751592356688,89.1566265060241,94.5693315756339
73.0,97.98657718120806,96.05263157894737,98.02332195676907
61.0,95.08196721311475,90.625,95.30651412666109
49.0,94.73684210526315,90.0,94.9950130657677
37.0,75.40983606557377,60.526315789473685,80.24820365471132
55.0,95.32710280373831,91.07142857142857,95.53072675454221
65.0,95.3125,91.04477611940298,95.51640182803432
72.0,97.26027397260275,94.66666666666667,97.3293417157303
76.0,96.73202614379085,93.67088607594937,96.83045321720904
80.0,94.33962264150944,89.28571428571429,94.63387528620757
73.0,97.33333333333334,94.8051948051948,97.3986056256579
63.0,94.39999999999999,89.39393939393939,94.68998603872998
53.0,94.11764705882352,88.88888888888889,94.43845976522324
36.0,82.53968253968253,70.27027027027027,85.12416803643124
56.0,93.57798165137615,87.93103448275862,93.9585346977384
65.0,96.12403100775194,92.53731343283582,96.26366809048503
73.0,97.95918367346938,96.0,97.99700622704775
79.0,96.15384615384616,92.5925925925926,96.29030839186325
82.0,93.25153374233128,87.35632183908046,93.66718287562806
74.0,94.73684210526315,90.0,94.99201660546063
62.0,92.80000000000001,86.56716417910447,93.27460327954385
53.0,94.11764705882352,88.88888888888889,94.43845976522324
37.0,83.07692307692308,71.05263157894737,85.51534847207951
55.0,94.33962264150944,89.28571428571429,94.63687222485052
65.0,95.38461538461539,91.17647058823529,95.5822489429982
75.0,99.32885906040269,98.66666666666667,99.3323353691802
78.0,93.5064935064935,87.8048780487805,93.89245978121605
82.0,93.33333333333333,87.5,93.73902173696082
78.0,94.19354838709677,89.02439024390245,94.50321362383734
62.0,94.48818897637796,89.55223880597015,94.76913560539548
55.0,92.3076923076923,85.71428571428571,92.84916328484793
36.0,72.0,56.25,78.10406239406569
56.0,92.5925925925926,86.20689655172413,93.09546838518656
66.0,95.45454545454545,91.30434782608695,95.64618744246698
75.0,99.32885906040269,98.66666666666667,99.3323353691802
78.0,98.73417721518987,97.5,98.74800391233182
82.0,96.96969696969697,94.11764705882352,97.05383311101508
77.0,98.0392156862745,96.15384615384616,98.07392912470657
60.0,95.16129032258065,90.76923076923077,95.37862939183847
52.0,93.06930693069307,87.03703703703704,93.51153653204362
36.0,75.0,60.0,79.98205348062773
56.0,96.36363636363636,92.98245614035088,96.48723788602844
67.0,96.29629629629629,92.85714285714286,96.42358250398402
74.0,98.64864864864865,97.33333333333334,98.66467077819692
79.0,99.36305732484077,98.73417721518987,99.36609056376085
83.0,96.3855421686747,93.02325581395348,96.50563940490073
77.0,98.7012987012987,97.43589743589743,98.71595270996468
63.0,95.3125,91.04477611940298,95.51640182803432
54.0,96.15384615384616,92.5925925925926,96.29230635095854
38.0,74.28571428571429,59.09090909090909,79.5275083839391
126.0,0.0,0.0,49.874441964285715
133.0,0.0,0.0,49.867466517857146
140.0,0.0,0.0,49.86049107142857
136.0,0.0,0.0,49.864477040816325
136.0,0.0,0.0,49.864477040816325
136.0,0.0,0.0,49.864477040816325
126.0,0.0,0.0,49.874441964285715
120.0,0.0,0.0,49.88042091836735
123.0,0.0,0.0,49.87344547193878
41.0,93.82716049382715,88.37209302325581,94.18106027364475
58.0,82.35294117647058,70.0,84.98204811106235
70.0,94.02985074626866,88.73239436619718,94.35821522232993
57.0,93.91304347826087,88.52459016393442,94.25531212039346
56.0,75.2,60.256410256410255,80.09728490238773
46.0,91.30434782608695,84.0,91.99202138269438
30.0,78.87323943661971,65.11627906976744,82.5431838038476
20.0,86.95652173913044,76.92307692307693,88.45555712331372
45.0,76.31578947368422,61.702127659574465,80.8331165946585
79.0,74.01574803149606,58.75,79.34208492090407
79.0,89.65517241379311,81.25,90.61003322623775
70.0,88.7218045112782,79.72972972972973,89.8498998829226
62.0,80.62015503875969,67.53246753246754,83.74129561285415
54.0,89.79591836734694,81.48148148148148,90.73076707122824
37.0,87.67123287671232,78.04878048780488,89.01541608946721
22.0,85.1063829787234,74.07407407407408,87.03005880910817
48.0,87.35632183908046,77.55102040816327,88.76454048051868
83.0,77.6978417266187,63.52941176470588,81.73378133824058
84.0,89.87341772151899,81.60919540229885,90.7886312307373
75.0,84.14634146341463,72.63157894736842,86.28984499486887
61.0,92.91338582677166,86.76470588235294,93.37337395201112
55.0,90.38461538461539,82.45614035087719,91.21809590904589
41.0,86.07594936708861,75.55555555555556,87.76680892930744
30.0,77.77777777777779,63.63636363636363,81.80222903840995
50.0,60.8,43.67816091954023,71.7902153275351
96.0,75.26881720430107,60.3448275862069,80.12651110679842
85.0,93.97590361445783,88.63636363636364,94.30820137984097
77.0,79.14438502673798,65.48672566371681,82.70444222988644
70.0,71.50837988826815,55.65217391304348,77.77520094119608
58.0,93.69369369369369,88.13559322033898,94.0608139272232
44.0,77.89473684210526,63.793103448275865,81.87560994229146
27.0,72.22222222222221,56.52173913043478,78.24092938575578
60.0,84.90566037735849,73.77049180327869,86.86928771209594
100.0,83.15789473684211,71.17117117117117,85.55364754538357
93.0,93.92265193370166,88.54166666666666,94.25985331696313
81.0,76.76767676767676,62.295081967213115,81.10163279997383
83.0,69.10994764397905,52.800000000000004,76.34112951506685
58.0,91.22807017543859,83.87096774193549,91.9255086096159
46.0,83.33333333333334,71.42857142857143,85.69832911623242
32.0,71.7948717948718,56.00000000000001,77.97806492781368
62.0,63.44827586206897,46.464646464646464,73.17946067497235
100.0,68.33333333333333,51.89873417721519,75.87350970049724
105.0,88.65979381443299,79.62962962962963,89.79285434366288
84.0,74.8768472906404,59.84251968503938,79.87036163892687
86.0,70.8994708994709,54.91803278688525,77.4041360326292
61.0,93.22033898305084,87.3015873015873,93.64281296405555
49.0,65.57377049180327,48.78048780487805,74.34835783254911
29.0,69.1358024691358,52.83018867924528,76.39016812122908
72.0,80.0,66.66666666666666,83.30939461644856
102.0,87.04663212435233,77.06422018348624,88.50715600725859
107.0,89.44723618090453,80.9090909090909,90.43358193107629
82.0,74.8768472906404,59.84251968503938,79.87036163892687
88.0,71.95767195767195,56.19834710743802,78.04628778697517
61.0,83.07692307692308,71.05263157894737,85.50436933881329
50.0,65.07936507936508,48.23529411764706,74.07376553892725
35.0,59.523809523809526,42.3728813559322,71.15254304880617
71.0,62.5,45.45454545454545,72.67341383756376
106.0,87.75510204081633,78.18181818181819,89.06695221328881
111.0,88.66995073891626,79.64601769911505,89.80004834163115
89.0,75.82938388625593,61.06870229007634,80.48344887739205
88.0,67.96116504854369,51.470588235294116,75.66943374164418
81.0,69.56521739130434,53.333333333333336,76.61778398510242
50.0,66.66666666666666,50.0,74.95911040191483
34.0,70.58823529411765,54.54545454545454,77.24780006018788
156.0,20.689655172413794,11.538461538461538,55.63166547555877
137.0,11.03448275862069,5.839416058394161,52.791140017715655
89.0,56.98924731182796,39.849624060150376,69.84500834713522
81.0,64.83516483516483,47.96747967479675,73.91988924777809
92.0,53.475935828877006,36.496350364963504,68.16139387138571
145.0,23.045267489711936,13.023255813953488,56.325179793392955
174.0,9.090909090909092,4.761904761904762,52.12179722675506
174.0,0.0,0.0,49.80668048469388
153.0,22.22222222222222,12.5,56.10345429169574
115.0,0.0,0.0,49.88540338010204
93.0,65.32663316582915,48.507462686567166,74.18488418397725
83.0,68.75,52.38095238095239,76.13060790071367
89.0,50.92592592592593,34.161490683229815,66.97500124233517
75.0,45.68527918781726,29.605263157894733,64.6959111863759
50.0,41.80790960451977,26.42857142857143,63.11157126046732
179.0,25.112107623318387,14.358974358974358,57.01298004061823
152.0,24.271844660194176,13.812154696132598,56.75054704956777
127.0,0.0,0.0,49.87045599489796
107.0,68.54460093896714,52.142857142857146,76.00456630769187
92.0,66.98113207547169,50.35460992907801,75.1074516564859
90.0,51.81818181818182,34.96932515337423,67.37891425768635
94.0,43.83561643835616,28.07017543859649,63.912401795263776
55.0,41.988950276243095,26.573426573426573,63.18200228906679
43.0,65.97938144329896,49.23076923076923,74.58247938245546
150.0,22.807017543859647,12.871287128712872,56.26016998509422
131.0,35.1063829787234,21.29032258064516,60.52350921525726
124.0,65.57377049180327,48.78048780487805,74.30640487337483
97.0,66.66666666666666,50.0,74.92415169660678
103.0,51.2,34.40860215053764,67.08257374448976
100.0,45.267489711934154,29.25531914893617,64.49498065744727
54.0,39.19597989949749,24.375,62.06683063406266
174.0,27.705627705627705,16.08040201005025,57.87368058383814
150.0,32.22222222222222,19.205298013245034,59.481006635194525
134.0,61.904761904761905,44.827586206896555,72.33397031004962
126.0,70.88607594936708,54.90196078431373,77.3821071189795
103.0,66.38297872340425,49.681528662420384,74.76191886831747
103.0,51.162790697674424,34.375,67.0617765914987
107.0,53.333333333333336,36.36363636363637,68.06307466780844
91.0,36.9098712446352,22.63157894736842,61.16917945633037
176.0,28.205128205128204,16.417910447761194,58.04143433362672
151.0,24.778761061946902,14.14141414141414,56.9012087856309
135.0,58.18181818181818,41.02564102564102,70.42102613223302
129.0,67.46031746031747,50.898203592814376,75.36725076528383
116.0,59.199999999999996,42.04545454545455,70.92093492910826
112.0,48.708487084870846,32.19512195121951,65.95886610432657
116.0,49.81949458483754,33.17307692307692,66.4478352863334
74.0,37.66816143497758,23.204419889502763,61.46358146906622
180.0,28.455284552845526,16.587677725118482,58.118333786872675
149.0,28.272251308900525,16.463414634146343,58.09511436407311
139.0,65.47085201793722,48.66666666666667,74.25649162724788
126.0,68.85245901639344,52.5,76.17413958316696
124.0,55.639097744360896,38.54166666666667,69.15307356326427
110.0,53.67647058823529,36.68341708542713,68.21596756911917
109.0,55.172413793103445,38.095238095238095,68.93086190248093
81.0,41.04803493449782,25.82417582417583,62.77743531578637
60.0,55.73770491803278,38.63636363636363,69.26433474387285
138.0,23.11111111111111,13.06532663316583,56.36018076423994
138.0,60.747663551401864,43.624161073825505,71.72826660384416
129.0,79.81651376146789,66.41221374045801,83.16218505106711
124.0,61.19402985074627,44.086021505376344,71.93920590580032
111.0,51.07913669064749,34.29951690821256,67.01404345560313
109.0,51.985559566786996,35.12195121951219,67.42825167553927
99.0,36.07843137254902,22.00956937799043,60.84220738997267
147.0,33.33333333333333,20.0,59.85640207419226
153.0,0.0,0.0,49.839564732142854
168.0,0.0,0.0,49.754862882653065
175.0,13.82488479262673,7.425742574257425,53.33996018753952
172.0,0.0,0.0,49.72696109693878
169.0,0.0,0.0,49.72696109693878
173.0,0.0,0.0,49.706034757653065
174.0,0.0,0.0,49.68311543367347
169.0,0.0,0.0,49.67713647959184
27.0,94.33962264150944,89.28571428571429,94.63986617557833
30.0,100.0,100.0,100.0
51.0,96.0,92.3076923076923,96.14985636769869
64.0,88.52459016393442,79.41176470588235,89.69191642979366
69.0,91.85185185185185,84.93150684931507,92.45477844760521
78.0,85.02994011976048,73.95833333333334,86.9542190566477
66.0,80.0,66.66666666666666,83.3044016121952
57.0,89.90825688073394,81.66666666666667,90.82236120254554
35.0,78.87323943661971,65.11627906976744,82.5431838038476
33.0,80.55555555555556,67.44186046511628,83.70697127190246
40.0,92.3076923076923,85.71428571428571,92.8511596102342
63.0,70.58823529411765,54.54545454545454,77.22783680546739
76.0,84.33734939759037,72.91666666666666,86.43238833672613
79.0,90.2439024390244,82.22222222222221,91.09514368466107
81.0,81.02564102564102,68.10344827586206,84.01479577894746
69.0,68.81720430107528,52.459016393442624,76.17163782635095
57.0,76.19047619047619,61.53846153846154,80.73431456811345
42.0,73.39449541284404,57.971014492753625,78.95658591240522
33.0,68.4931506849315,52.083333333333336,76.01873591752906
41.0,93.82716049382715,88.37209302325581,94.18106027364475
70.0,69.71428571428572,53.50877192982456,76.70150758518565
82.0,72.22222222222221,56.52173913043478,78.20098693517228
88.0,70.83333333333334,54.83870967741935,77.3494820072629
82.0,60.07326007326007,42.93193717277487,71.35717312186074
74.0,72.91666666666666,57.377049180327866,78.63663459694953
63.0,73.68421052631578,58.333333333333336,79.12676243681831
47.0,54.97076023391813,37.903225806451616,68.87481105200197
34.0,0.0,0.0,49.947185905612244
46.0,91.95402298850574,85.1063829787234,92.54621047771339
74.0,68.10810810810811,51.63934426229508,75.76080517047865
92.0,69.67213114754098,53.459119496855344,76.65569418375537
93.0,68.70229007633588,52.32558139534884,76.08093149550216
86.0,54.83870967741935,37.77777777777778,68.74914322599535
80.0,77.38693467336684,63.114754098360656,81.51246597311095
68.0,73.80952380952381,58.490566037735846,79.20138311065864
49.0,49.0,32.450331125827816,66.12342398651796
36.0,0.0,0.0,49.94618941326531
48.0,94.5054945054945,89.58333333333334,94.78667993138252
81.0,66.66666666666666,50.0,74.932146563423
98.0,71.96969696969697,56.213017751479285,78.03262856184816
104.0,86.95652173913044,76.92307692307693,88.43158399233167
88.0,59.589041095890416,42.4390243902439,71.10172186191505
83.0,86.48648648648648,76.19047619047619,88.07028600325471
75.0,70.05076142131979,53.90625,76.89425099038058
59.0,54.08163265306123,37.06293706293706,68.44168938816107
35.0,70.58823529411765,54.54545454545454,77.24780006018788
59.0,85.43689320388349,74.57627118644068,87.2731750889516
84.0,66.35514018691589,49.65034965034965,74.75332570832022
100.0,70.07299270072993,53.93258426966292,76.8844231252468
105.0,76.51515151515152,61.963190184049076,80.91968795273348
92.0,58.22784810126582,41.07142857142857,70.40393567378234
87.0,86.86868686868688,76.78571428571429,88.36690385876851
76.0,65.72769953051643,48.95104895104895,74.40267890812736
57.0,50.45871559633027,33.74233128834356,66.76342637320751
38.0,69.66292134831461,53.44827586206896,76.69721600462107
64.0,83.92857142857143,72.3076923076923,86.13589247433929
95.0,68.10344827586206,51.633986928104584,75.74313674608516
101.0,68.96551724137932,52.63157894736842,76.22592606606379
107.0,65.21739130434783,48.38709677419355,74.0817072015802
101.0,54.495912806539515,37.453183520599254,68.55984521504841
98.0,87.61904761904762,77.96610169491525,88.9570944541983
76.0,66.04651162790698,49.30555555555556,74.57993075652242
61.0,48.38709677419355,31.914893617021278,65.8297430811581
45.0,67.32673267326733,50.74626865671642,75.34022778294718
62.0,86.48648648648648,76.19047619047619,88.0802763971851
90.0,71.0204081632653,55.06329113924051,77.46077172506357
102.0,68.72852233676976,52.35602094240838,76.08714858127688
108.0,82.35294117647058,70.0,84.95506380939067
105.0,54.78723404255319,37.72893772893773,68.69471670262516
102.0,87.55760368663594,77.8688524590164,88.907469898764
81.0,66.96035242290749,50.331125827814574,75.09071261450609
82.0,63.29113924050633,46.2962962962963,73.061323533869
35.0,86.56716417910447,76.31578947368422,88.14892111927774
37.0,93.33333333333333,87.5,93.7450140603498
63.0,93.22033898305084,87.3015873015873,93.64281296405555
82.0,82.84023668639054,70.70707070707071,85.32459670347347
71.0,93.05555555555556,87.01298701298701,93.49651525907288
81.0,96.8944099378882,93.97590361445783,96.98296158805849
75.0,91.15646258503402,83.75,91.8620282783532
58.0,91.22807017543859,83.87096774193549,91.9255086096159
42.0,82.66666666666667,70.45454545454545,85.21431031825887
35.0,74.07407407407408,58.82352941176471,79.39082584734926
42.0,96.3855421686747,93.02325581395348,96.50863604484175
73.0,72.18934911242604,56.481481481481474,78.19384859268128
86.0,79.41176470588235,65.85365853658537,82.88490891696021
92.0,87.95811518324608,78.50467289719626,89.22937869087235
82.0,79.6116504854369,66.12903225806451,83.02259494086601
77.0,87.95180722891565,78.49462365591397,89.22735294325946
60.0,88.88888888888889,80.0,89.98603351955308
45.0,59.42028985507246,42.2680412371134,71.07817141141598
37.0,65.11627906976744,48.275862068965516,74.10801957241048
57.0,84.84848484848484,73.68421052631578,86.82714535570986
78.0,62.244897959183675,45.18518518518518,72.51876240203087
94.0,71.96652719665272,56.209150326797385,78.03769554670875
98.0,81.93832599118943,69.40298507462687,84.66056048452106
87.0,75.43859649122807,60.56338028169014,80.22579075973107
87.0,81.91489361702128,69.36936936936937,84.65075187165448
70.0,65.93406593406593,49.18032786885246,74.52830744148984
47.0,57.89473684210527,40.74074074074074,70.30653888549045
37.0,0.0,0.0,49.9202806122449
62.0,83.01886792452831,70.96774193548387,85.46591836261945
81.0,64.7887323943662,47.91666666666667,73.88349349059679
100.0,69.14498141263941,52.84090909090909,76.33759209711879
103.0,72.93233082706767,57.396449704142015,78.62633843261375
89.0,70.20408163265306,54.088050314465406,76.97115632113767
89.0,83.41708542713567,71.55172413793103,85.74292333501067
74.0,70.05076142131979,53.90625,76.89425099038058
52.0,58.38509316770186,41.228070175438596,70.54720750288817
36.0,0.0,0.0,49.913305165816325
62.0,82.56880733944955,70.3125,85.13729964991722
90.0,64.65517241379311,47.77070063694268,73.80351562455306
101.0,66.66666666666666,50.0,74.90415335463258
107.0,79.37743190661479,65.80645161290323,82.85030413053198
97.0,76.0,61.29032258064516,80.58525833311325
89.0,83.41708542713567,71.55172413793103,85.74292333501067
76.0,69.3069306930693,53.03030303030303,76.45328267708821
53.0,62.93706293706294,45.91836734693878,72.90632217060688
44.0,40.32258064516129,25.252525252525253,62.552485433385115
65.0,81.81818181818183,69.23076923076923,84.59543687845536
94.0,61.86440677966102,44.785276073619634,72.30282305567096
104.0,64.70588235294117,47.82608695652174,73.80520954252191
106.0,54.98652291105122,37.9182156133829,68.79235460143522
98.0,62.61980830670927,45.58139534883721,72.67387991013089
90.0,80.55555555555556,67.44186046511628,83.6790048597218
82.0,66.66666666666666,50.0,74.92515119458693
53.0,54.54545454545454,37.5,68.66521197007481
45.0,46.03174603174603,29.896907216494846,64.88065294220559
67.0,80.0,66.66666666666666,83.3083961749724
97.0,50.80385852090033,34.05172413793103,66.87315831424966
104.0,62.928348909657316,45.909090909090914,72.83572368719649
108.0,53.299492385786806,36.332179930795846,67.98235087490643
102.0,54.01069518716578,36.996336996337,68.32642611174813
92.0,78.02690582959642,63.970588235294116,81.93638118267131
84.0,64.13502109704642,47.20496894409938,73.51765413272832
59.0,56.98324022346368,39.84375,69.84506701995012
51.0,33.33333333333333,20.0,59.9082806611768
67.0,75.75757575757575,60.97560975609756,80.45588531534679
94.0,52.14521452145215,35.267857142857146,67.48920932676322
103.0,64.3312101910828,47.417840375586856,73.59708793617085
109.0,70.23411371237458,54.123711340206185,76.97298187089797
104.0,67.54098360655738,50.99009900990099,75.39619383422975
92.0,77.39130434782608,63.12056737588653,81.50837401078152
86.0,65.27196652719665,48.4472049689441,74.14076484624297
62.0,63.08724832214765,46.07843137254902,72.98435722111462
47.0,0.0,0.0,49.95316485969388
67.0,40.0,25.0,62.44916166590243
92.0,5.673758865248227,2.9197080291970803,51.32730996612529
104.0,88.77005347593582,79.8076923076923,89.88288514132944
104.0,86.46288209606988,76.15384615384615,88.04597074351652
101.0,85.96491228070175,75.38461538461539,87.6603575345538
95.0,80.56872037914692,67.46031746031747,83.68923321459705
82.0,88.0,78.57142857142857,89.26775379878553
60.0,51.85185185185185,35.0,67.46112052636826
14.0,74.07407407407408,58.82352941176471,79.40478786898086
22.0,77.27272727272727,62.96296296296296,81.47151318067804
24.0,76.19047619047619,61.53846153846154,80.7592626671574
31.0,69.6969696969697,53.48837209302325,76.72424705981093
36.0,89.55223880597015,81.08108108108108,90.5335609210295
27.0,88.46153846153845,79.3103448275862,89.6491907177829
35.0,71.7948717948718,56.00000000000001,77.97806492781368
34.0,82.35294117647058,70.0,84.9880354151711
27.0,53.333333333333336,36.36363636363637,68.14692704217387
35.0,82.5,70.2127659574468,85.09242290453558
39.0,82.66666666666667,70.45454545454545,85.21431031825887
27.0,80.76923076923077,67.74193548387096,83.86099864613247
41.0,84.78260869565217,73.58490566037736,86.77849108536948
39.0,96.29629629629629,92.85714285714286,96.42557962611018
28.0,48.0,31.57894736842105,65.73763128510382
41.0,78.35051546391753,64.40677966101694,82.18244763097917
40.0,81.72043010752688,69.0909090909091,84.52850133631178
28.0,57.47126436781609,40.32258064516129,70.1244017261419
41.0,81.31868131868131,68.51851851851852,84.24230638824069
39.0,90.66666666666666,82.92682926829268,91.45643445784704
28.0,48.07692307692308,31.645569620253166,65.76894739910786
43.0,80.41237113402062,67.24137931034483,83.6017415729178
43.0,82.97872340425532,70.9090909090909,85.43858917475208
27.0,57.831325301204814,40.67796610169492,70.30408912837179
38.0,0.0,0.0,49.9332350127551
37.0,30.0,17.647058823529413,58.753754088306245
30.0,0.0,0.0,49.92227359693878
43.0,50.66666666666667,33.92857142857143,66.89048939213484
39.0,54.83870967741935,37.77777777777778,68.83304747849441
30.0,0.0,0.0,49.9382174744898
40.0,52.77777777777778,35.84905660377358,67.85671546531573
39.0,35.64356435643564,21.686746987951807,60.778578246956485
30.0,27.848101265822784,16.176470588235293,58.03142277542932
43.0,53.52112676056338,36.53846153846153,68.20341242785297
39.0,53.84615384615385,36.84210526315789,68.3612213557767
29.0,3.076923076923077,1.5625,50.718469730941706
40.0,50.0,33.33333333333333,66.59287181635054
40.0,9.30232558139535,4.878048780487805,52.36129179038741
29.0,0.0,0.0,49.93622448979592
41.0,49.673202614379086,33.04347826086956,66.44495106549402
41.0,34.862385321100916,21.11111111111111,60.484777797715175
29.0,32.55813953488372,19.444444444444446,59.66440953532776
41.0,51.42857142857142,34.61538461538461,67.23988217606087
41.0,21.782178217821784,12.222222222222221,56.032370953630796
28.0,5.555555555555555,2.857142857142857,51.36080724792009
43.0,50.467289719626166,33.75,66.82215747073721
41.0,77.22772277227723,62.903225806451616,81.42867575102284
28.0,13.333333333333334,7.142857142857142,53.50665011375382
47.0,0.0,0.0,49.9202806122449
38.0,20.952380952380953,11.702127659574469,55.7683368288902
30.0,0.0,0.0,49.94319993622449
17.0,74.4186046511628,59.25925925925925,79.61866471734893
22.0,81.63265306122449,68.96551724137932,84.47378661335254
29.0,90.0,81.81818181818183,90.90310873596682
32.0,85.71428571428571,75.0,87.49002911498425
28.0,80.59701492537313,67.5,83.7370386248978
23.0,75.40983606557377,60.526315789473685,80.24820365471132
30.0,78.94736842105263,65.21739130434783,82.59274223614871
32.0,78.68852459016394,64.86486486486487,82.41947183265576
21.0,0.0,0.0,49.979073660714285
22.0,53.16455696202531,36.206896551724135,68.06656262139093
23.0,89.36170212765957,80.76923076923077,90.37963083671387
28.0,96.42857142857143,93.10344827586206,96.549730080223
29.0,93.10344827586206,87.09677419354838,93.54439898135813
30.0,92.06349206349206,85.29411764705883,92.64207348043809
26.0,92.5925925925926,86.20689655172413,93.0994603194903
28.0,90.0,81.81818181818183,90.90310873596682
32.0,93.93939393939394,88.57142857142857,94.28172585217156
19.0,0.0,0.0,49.98106664540816
25.0,55.00000000000001,37.93103448275862,68.92962778091754
29.0,83.63636363636363,71.875,85.92852745598469
28.0,85.18518518518519,74.19354838709677,87.08879859886811
28.0,89.65517241379311,81.25,90.61901794616152
27.0,89.65517241379311,81.25,90.61901794616152
27.0,86.66666666666667,76.47058823529412,88.22731804586242
33.0,76.31578947368422,61.702127659574465,80.8331165946585
33.0,88.23529411764706,78.94736842105263,89.46570750251371
33.0,0.0,0.0,49.967115752551024
27.0,50.54945054945055,33.82352941176471,66.86690198580578
27.0,84.21052631578947,72.72727272727273,86.35466364071405
30.0,82.75862068965517,70.58823529411765,85.28414795492291
36.0,90.66666666666666,82.92682926829268,91.45643445784704
28.0,87.5,77.77777777777779,88.88091249900295
31.0,77.77777777777779,63.63636363636363,81.80222903840995
34.0,86.8421052631579,76.74418604651163,88.36212154169309
42.0,89.65517241379311,81.25,90.61602459261623
36.0,0.0,0.0,49.9641262755102
28.0,58.42696629213483,41.269841269841265,70.59803130291664
30.0,88.52459016393442,79.41176470588235,89.69890315096308
35.0,88.57142857142857,79.48717948717949,89.73561287650429
35.0,88.31168831168831,79.06976744186046,89.5259092085454
31.0,77.33333333333333,63.04347826086957,81.50478896392433
29.0,75.32467532467533,60.416666666666664,80.18938902958635
34.0,62.96296296296296,45.94594594594595,72.93308625126264
41.0,90.47619047619048,82.6086956521739,91.29636984531389
35.0,0.0,0.0,49.965122767857146
27.0,57.14285714285714,40.0,69.96111665004985
31.0,89.23076923076924,80.55555555555556,90.27079829744994
33.0,92.7536231884058,86.48648648648648,93.23825760189034
33.0,87.67123287671232,78.04878048780488,89.01541608946721
29.0,78.37837837837837,64.44444444444444,82.20626912433002
33.0,71.73913043478261,55.932203389830505,77.94017584285216
36.0,60.0,42.857142857142854,71.38070545330218
36.0,88.31168831168831,79.06976744186046,89.5259092085454
37.0,0.0,0.0,49.96312978316326
38.0,69.81132075471697,53.62318840579711,76.77968291627538
30.0,70.73170731707317,54.71698113207547,77.33456091919943
40.0,87.64044943820225,78.0,88.98903005764205
41.0,79.59183673469387,66.10169491525424,83.03090210788542
35.0,70.2127659574468,54.09836065573771,77.02126017949321
42.0,69.56521739130434,53.333333333333336,76.63176160842508
42.0,67.76859504132231,51.24999999999999,75.58610501645558
41.0,73.39449541284404,57.971014492753625,78.95658591240522
45.0,0.0,0.0,49.955157844387756
53.0,62.06896551724138,45.0,72.44514372344457
52.0,83.60655737704919,71.83098591549296,85.8955428330582
48.0,90.19607843137256,82.14285714285714,91.06145450400388
53.0,86.48648648648648,76.19047619047619,88.0802763971851
61.0,92.06349206349206,85.29411764705883,92.63708236796454
60.0,73.68421052631578,58.333333333333336,79.12676243681831
52.0,61.8421052631579,44.761904761904766,72.32310163587469
48.0,64.33566433566433,47.42268041237113,73.66047246231962
41.0,0.0,0.0,49.92725605867347
17.0,0.0,0.0,49.947185905612244
25.0,89.79591836734694,81.48148148148148,90.73575609345438
26.0,80.64516129032258,67.56756756756756,83.77181991466851
31.0,83.78378378378379,72.09302325581395,86.03454632727879
29.0,0.0,0.0,49.97110172193878
21.0,0.0,0.0,49.979073660714285
29.0,0.0,0.0,49.97110172193878
36.0,0.0,0.0,49.9641262755102
38.0,0.0,0.0,49.962133290816325
22.0,48.888888888888886,32.35294117647059,66.1306118332008
25.0,87.71929824561403,78.125,89.05552107634942
31.0,89.85507246376811,81.57894736842105,90.78249392551075
29.0,79.45205479452055,65.9090909090909,82.93958942527152
30.0,64.51612903225806,47.61904761904761,73.77661988897182
30.0,69.04761904761905,52.72727272727272,76.33771257956154
31.0,67.9245283018868,51.42857142857142,75.69733926506525
38.0,88.60759493670885,79.54545454545455,89.76375258135694
38.0,0.0,0.0,49.962133290816325
27.0,49.523809523809526,32.91139240506329,66.40285472695837
29.0,82.35294117647058,70.0,84.9880354151711
35.0,90.66666666666666,82.92682926829268,91.45643445784704
31.0,72.94117647058823,57.407407407407405,78.68077021083303
28.0,66.66666666666666,50.0,74.97208263539922
30.0,68.18181818181817,51.724137931034484,75.83415048747312
35.0,81.15942028985508,68.29268292682927,84.13337982984999
41.0,89.1891891891892,80.48780487804879,90.23592525377421
37.0,0.0,0.0,49.96312978316326
38.0,51.388888888888886,34.57943925233645,67.21991368668
33.0,79.01234567901234,65.3061224489796,82.63611004388991
39.0,87.35632183908046,77.55102040816327,88.76454048051868
33.0,69.47368421052632,53.2258064516129,76.58398592927453
30.0,61.224489795918366,44.11764705882353,72.02093416635189
36.0,65.82278481012658,49.056603773584904,74.50138264451927
38.0,54.54545454545454,37.5,68.72508024162198
44.0,87.91208791208791,78.43137254901961,89.20471611334817
45.0,0.0,0.0,49.955157844387756
29.0,40.0,25.0,62.416247906197654
34.0,69.47368421052632,53.2258064516129,76.58398592927453
36.0,82.75862068965517,70.58823529411765,85.27915952978718
39.0,75.0,60.0,79.97407104533578
32.0,58.18181818181818,41.02564102564102,70.4669526123738
34.0,63.63636363636363,46.666666666666664,73.30142777378958
36.0,58.46153846153847,41.30434782608695,70.62525842766756
44.0,87.05882352941177,77.08333333333334,88.53069716188995
39.0,0.0,0.0,49.96113679846938
61.0,63.44086021505376,46.45669291338583,73.16050520522136
49.0,73.01587301587301,57.49999999999999,78.71608817075604
38.0,61.78861788617886,44.70588235294118,72.30607053942883
41.0,74.76635514018692,59.70149253731343,79.82381950944178
30.0,55.04587155963303,37.9746835443038,68.93848443557471
37.0,59.67741935483871,42.5287356321839,71.21450643074321
46.0,64.0,47.05882352941176,73.50249359593893
46.0,90.0,81.81818181818183,90.8991170406263
39.0,0.0,0.0,49.96113679846938
59.0,57.75401069518716,40.6015037593985,70.22194417050966
53.0,69.86301369863014,53.68421052631579,76.79821498884368
56.0,70.12987012987013,54.0,76.95411196680101
61.0,88.37209302325581,79.16666666666666,89.56836894856907
60.0,87.87878787878788,78.37837837837837,89.17322686028541
37.0,53.333333333333336,36.36363636363637,68.1189940892773
43.0,56.41025641025641,39.285714285714285,69.60896154130991
45.0,75.26881720430107,60.3448275862069,80.14947847071258
50.0,0.0,0.0,49.950175382653065
61.0,58.94736842105262,41.7910447761194,70.8177091398554
58.0,68.71165644171779,52.336448598130836,76.11734640600875
57.0,80.59701492537313,67.5,83.72406328558317
61.0,22.857142857142858,12.903225806451612,56.39779373562893
61.0,89.55223880597015,81.08108108108108,90.52657294536137
60.0,71.51515151515152,55.660377358490564,77.78329840249289
53.0,63.38028169014085,46.391752577319586,73.14401217264376
50.0,63.69426751592356,46.728971962616825,73.30762926024549
52.0,0.0,0.0,49.94818239795919
66.0,0.0,0.0,49.93423150510204
64.0,0.0,0.0,49.93622448979592
66.0,0.0,0.0,49.93423150510204
66.0,0.0,0.0,49.93423150510204
28.0,0.0,0.0,49.901347257653065
41.0,0.0,0.0,49.955157844387756
69.0,0.0,0.0,49.89437181122449
68.0,0.0,0.0,49.93223852040816
66.0,0.0,0.0,49.93423150510204
30.0,90.9090909090909,83.33333333333334,91.66168172120197
35.0,90.625,82.85714285714286,91.42258901686185
37.0,98.63013698630137,97.2972972972973,98.64765144083054
32.0,91.80327868852459,84.84848484848484,92.41925718056372
20.0,90.0,81.81818181818183,90.90510350927433
34.0,93.75,88.23529411764706,94.11365870481723
44.0,93.97590361445783,88.63636363636364,94.31319548074639
42.0,90.2439024390244,82.22222222222221,91.10313328945531
39.0,90.14084507042254,82.05128205128204,91.01866112774695
29.0,88.88888888888889,80.0,89.99401818471846
38.0,91.8918918918919,85.0,92.49401699174345
45.0,94.25287356321839,89.13043478260869,94.5602308549525
56.0,88.23529411764706,78.94736842105263,89.46171556836877
41.0,92.10526315789474,85.36585365853658,92.67694370168806
31.0,86.20689655172413,75.75757575757575,87.87081196604436
49.0,92.63157894736842,86.27450980392157,93.13027333330204
59.0,92.85714285714286,86.66666666666667,93.32535312425185
43.0,91.13924050632912,83.72093023255815,91.85348466155232
32.0,85.24590163934425,74.28571428571429,87.13388406209941
5.0,0.0,0.0,49.99501753826531
42.0,93.82716049382715,88.37209302325581,94.18106027364475
50.0,93.75,88.23529411764706,94.11166273774477
62.0,95.7983193277311,91.93548387096774,95.96275380722912
46.0,87.8048780487805,78.26086956521739,89.12046270442761
33.0,83.87096774193549,72.22222222222221,86.1011410213803
52.0,93.06930693069307,87.03703703703704,93.51153653204362
62.0,94.11764705882352,88.88888888888889,94.43746120422098
46.0,89.65517241379311,81.25,90.61602459261623
34.0,84.84848484848484,73.68421052631578,86.83213477580047
8.0,0.0,0.0,49.99202806122449
53.0,95.23809523809523,90.9090909090909,95.44955802287328
64.0,95.16129032258065,90.76923076923077,95.37862939183847
45.0,93.02325581395348,86.95652173913044,93.47227714529522
33.0,89.23076923076924,80.55555555555556,90.27079829744994
7.0,0.0,0.0,49.99302455357143
44.0,95.45454545454545,91.30434782608695,95.64818460439066
54.0,94.44444444444444,89.47368421052632,94.73085706785666
66.0,94.39999999999999,89.39393939393939,94.68998603872998
47.0,90.9090909090909,83.33333333333334,91.65868836764002
36.0,83.07692307692308,71.05263157894737,85.51534847207951
37.0,94.44444444444444,89.47368421052632,94.73285343309212
54.0,77.27272727272727,62.96296296296296,81.46153812062632
46.0,83.54430379746836,71.73913043478261,85.85660229135975
33.0,86.20689655172413,75.75757575757575,87.87081196604436
17.0,0.0,0.0,49.98305963010204
39.0,87.67123287671232,78.04878048780488,89.01541608946721
47.0,94.6236559139785,89.79591836734694,94.89297234891723
65.0,77.77777777777779,63.63636363636363,81.79424596626495
45.0,88.88888888888889,80.0,89.99102512963701
37.0,86.15384615384616,75.67567567567568,87.82886439921616
40.0,90.66666666666666,82.92682926829268,91.45643445784704
51.0,89.79591836734694,81.48148148148148,90.73076707122824
67.0,88.52459016393442,79.41176470588235,89.69191642979366
53.0,82.22222222222221,69.81132075471697,84.88970473404689
36.0,82.53968253968253,70.27027027027027,85.12416803643124
43.0,91.35802469135803,84.0909090909091,92.03847395150572
56.0,90.38461538461539,82.45614035087719,91.21809590904589
68.0,85.9504132231405,75.36231884057972,87.66420147599172
54.0,85.1063829787234,74.07407407407408,87.0230750137404
38.0,85.29411764705883,74.35897435897436,87.16951649330456
43.0,92.6829268292683,86.36363636363636,93.17583469623838
60.0,88.07339449541286,78.68852459016394,89.33129549010272
70.0,80.34188034188034,67.14285714285714,83.54848775872534
57.0,80.0,66.66666666666666,83.3143856289973
40.0,87.32394366197182,77.5,88.74102602452886
66.0,86.20689655172413,75.75757575757575,87.86282809743689
70.0,66.66666666666666,50.0,74.96509842244869
57.0,86.0,75.43859649122807,87.70533538681843
40.0,88.88888888888889,80.0,89.99202297383535
31.0,0.0,0.0,49.9691087372449
52.0,87.2340425531915,77.35849056603774,88.66727759577444
67.0,87.60330578512396,77.94117647058823,88.95562504474287
72.0,67.88990825688074,51.388888888888886,75.65954147470033
61.0,82.6923076923077,70.49180327868852,85.22794939232135
39.0,91.66666666666666,84.61538461538461,92.30170941875467
60.0,81.1881188118812,68.33333333333333,84.14771782852964
69.0,83.33333333333334,71.42857142857143,85.69433598759697
73.0,59.61538461538461,42.465753424657535,71.19099816013014
61.0,82.6923076923077,70.49180327868852,85.22794939232135
41.0,87.67123287671232,78.04878048780488,89.01541608946721
58.0,90.09009009009009,81.9672131147541,90.97263420769823
64.0,88.18897637795276,78.87323943661971,89.42165563211672
58.0,81.1881188118812,68.33333333333333,84.14771782852964
35.0,94.11764705882352,88.88888888888889,94.44045593136212
31.0,0.0,0.0,49.9691087372449
22.0,0.0,0.0,49.97807716836735
39.0,0.0,0.0,49.96113679846938
52.0,0.0,0.0,49.94818239795919
66.0,0.0,0.0,49.93423150510204
57.0,0.0,0.0,49.94120695153062
60.0,0.0,0.0,49.940210459183675
27.0,0.0,0.0,49.97309470663265
49.0,0.0,0.0,49.951171875
58.0,86.4406779661017,76.11940298507463,88.04374139278669
72.0,92.3076923076923,85.71428571428571,92.84516776533383
78.0,90.12345679012346,82.02247191011236,90.99526884729816
79.0,93.49112426035504,87.77777777777777,93.87791018756944
85.0,93.64161849710982,88.04347826086956,94.01075999080008
80.0,93.33333333333333,87.5,93.73902173696082
80.0,96.20253164556962,92.6829268292683,96.33547539068206
53.0,90.74074074074075,83.05084745762711,91.51544906446101
76.0,89.1566265060241,80.43478260869566,90.19942794959152
83.0,89.61748633879782,81.1881188118812,90.575095058913
89.0,80.6282722513089,67.54385964912281,83.73500293979325
89.0,91.71270718232044,84.6938775510204,92.33196662371255
88.0,91.42857142857143,84.21052631578947,92.0902919027047
83.0,91.46341463414635,84.26966292134831,92.12085968366371
64.0,92.80000000000001,86.56716417910447,93.27460327954385
47.0,0.0,0.0,49.94419642857143
68.0,92.41379310344827,85.8974358974359,92.93774187655526
79.0,89.53488372093024,81.05263157894737,90.50835135904593
86.0,89.47368421052632,80.95238095238095,90.45622681006282
87.0,86.20689655172413,75.75757575757575,87.85483626105571
88.0,92.3913043478261,85.85858585858585,92.91531836300358
92.0,93.85474860335195,88.42105263157895,94.19954651861627
87.0,90.9090909090909,83.33333333333334,91.65169690558406
65.0,89.55223880597015,81.08108108108108,90.52657294536137
78.0,91.56626506024097,84.44444444444444,92.20825016633401
83.0,84.49197860962568,73.14814814814815,86.54513022514101
91.0,86.82926829268293,76.72413793103449,88.33511586391403
93.0,86.86868686868688,76.78571428571429,88.36690385876851
91.0,83.90243902439025,72.26890756302521,86.1015130747847
96.0,93.19371727748691,87.25490196078431,93.61447356110173
81.0,93.33333333333333,87.5,93.73902173696082
67.0,87.4074074074074,77.63157894736842,88.79882916081631
83.0,83.42245989304813,71.55963302752293,85.74887715490482
89.0,85.29411764705883,74.35897435897436,87.14954048460407
92.0,82.4074074074074,70.07874015748031,85.00143608389119
94.0,88.44221105527639,79.27927927927928,89.61668004852001
96.0,92.70833333333334,86.40776699029125,93.18990781283286
83.0,90.69767441860465,82.97872340425532,91.4733930007823
66.0,82.08955223880598,69.62025316455697,84.7861845220642
50.0,0.0,0.0,49.950175382653065
79.0,82.22222222222221,69.81132075471697,84.8737255244584
88.0,83.74384236453201,72.03389830508475,85.98400910343176
91.0,84.61538461538461,73.33333333333333,86.6347228877176
102.0,86.23853211009175,75.80645161290323,87.87327492589571
105.0,86.1244019138756,75.63025210084034,87.78617584477388
100.0,89.79591836734694,81.48148148148148,90.72077587889757
73.0,84.93150684931507,73.80952380952381,86.88281195065726
58.0,72.41379310344827,56.75675675675676,78.3464639091559
90.0,84.72906403940887,73.50427350427351,86.72119245187722
93.0,84.11214953271028,72.58064516129032,86.25638096023226
92.0,82.02764976958525,69.53125,84.72669274212869
109.0,89.27038626609442,80.62015503875969,90.28511346761438
101.0,90.47619047619048,82.6086956521739,91.28438017368386
98.0,86.86868686868688,76.78571428571429,88.36690385876851
71.0,83.33333333333334,71.42857142857143,85.69034126540711
51.0,0.0,0.0,49.93921396683674
75.0,17.896389324960754,9.827586206896552,54.39203488800104
81.0,20.172910662824208,11.217948717948719,55.05614635434417
86.0,7.425742574257425,3.8560411311053984,51.55522098021748
84.0,27.800829875518673,16.14457831325301,57.72504614638883
97.0,0.0,0.0,49.75087691326531
92.0,0.0,0.0,49.908322704081634
95.0,0.0,0.0,49.85550860969388
62.0,93.84615384615384,88.40579710144928,94.19491690850175
70.0,30.56179775280899,18.037135278514587,58.710233640694184
83.0,28.980322003577818,16.94560669456067,58.07655621682819
87.0,38.75278396436526,24.03314917127072,61.742063215873536
90.0,40.46511627906977,25.364431486880466,62.42667061377105
104.0,52.38095238095239,35.483870967741936,67.56221225763936
88.0,91.95402298850574,85.1063829787234,92.539218317851
94.0,89.77272727272727,81.44329896907216,90.70368433692245
60.0,91.66666666666666,84.61538461538461,92.2977164492697
84.0,90.0,81.81818181818183,90.89112504423413
90.0,88.88888888888889,80.0,89.98003832641328
68.0,89.70588235294117,81.33333333333333,90.65269879277662
53.0,85.71428571428571,75.0,87.48603741971517
10.0,0.0,0.0,49.99003507653062
11.0,26.08695652173913,15.0,57.466115208291804
8.0,0.0,0.0,49.99202806122449
47.0,0.0,0.0,49.95316485969388
88.0,28.618421052631575,16.698656429942417,57.91609936232891
92.0,39.400428265524624,24.53333333333333,61.984141309267095
95.0,39.41908713692946,24.54780361757106,61.982374083700165
108.0,52.579852579852584,35.66666666666667,67.64059930629065
89.0,92.81767955801105,86.5979381443299,93.28599294823299
98.0,91.66666666666666,84.61538461538461,92.29172041821778
73.0,89.5104895104895,81.0126582278481,90.49136263882826
44.0,89.1566265060241,80.43478260869566,90.20841625498505
90.0,30.18867924528302,17.77777777777778,58.482603950380664
94.0,40.60475161987041,25.474254742547426,62.46257763284474
96.0,40.0,25.0,62.21246006389776
110.0,48.86877828054298,32.33532934131736,65.9419716132168
102.0,90.35532994923858,82.4074074074074,91.18473670627922
97.0,85.71428571428571,75.0,87.47305120271484
72.0,92.41379310344827,85.8974358974359,92.93774187655526
47.0,87.05882352941177,77.08333333333334,88.53069716188995
76.0,28.735632183908045,16.778523489932887,58.018011670117644
90.0,29.679595278246207,17.425742574257423,58.29660391769891
92.0,38.983050847457626,24.210526315789473,61.81774618640684
97.0,41.29032258064516,26.01626016260163,62.73556618353724
110.0,46.75324675324675,30.508474576271187,65.00857139375196
104.0,89.85507246376811,81.57894736842105,90.76850848643883
99.0,87.62886597938144,77.98165137614679,88.96686928872022
72.0,85.71428571428571,75.0,87.48004629260116
74.0,23.202614379084967,13.123844731977819,56.09290729763246
85.0,28.670120898100173,16.733870967741936,57.95470223770883
91.0,38.8768898488121,24.128686327077748,61.78182908774923
88.0,38.17787418655097,23.59249329758713,61.51174736752859
103.0,45.04504504504504,29.069767441860467,64.29125403804822
102.0,87.5,77.77777777777779,88.86293301387641
112.0,87.96296296296296,78.51239669421489,89.2302403989834
78.0,84.4155844155844,73.03370786516854,86.49290709456467
80.0,27.11267605633803,15.682281059063136,57.427958629693244
90.0,27.596899224806204,16.007194244604317,57.537408290868854
92.0,39.23240938166311,24.40318302387268,61.917069508901434
96.0,40.50632911392405,25.396825396825395,62.41686317764592
106.0,45.87973273942094,29.76878612716763,64.64174732636016
99.0,89.95215311004785,81.73913043478261,90.84859960100218
111.0,86.48648648648648,76.19047619047619,88.06528601856078
75.0,83.56164383561644,71.76470588235294,85.85840801450782
94.0,0.0,0.0,49.717992665816325
88.0,0.0,0.0,49.85849808673469
66.0,84.05797101449275,72.5,86.2280517977573
64.0,0.0,0.0,49.93622448979592
31.0,0.0,0.0,49.9691087372449
12.0,0.0,0.0,49.98804209183674
45.0,0.0,0.0,49.955157844387756
29.0,0.0,0.0,49.97110172193878
44.0,59.42028985507246,42.2680412371134,71.07817141141598
52.0,90.43478260869566,82.53968253968253,91.25886848235423
63.0,97.67441860465115,95.45454545454545,97.72427949198448
70.0,96.5034965034965,93.24324324324324,96.61663229877252
51.0,81.13207547169812,68.25396825396825,84.10703718584756
46.0,96.84210526315789,93.87755102040816,96.93578328997667
60.0,89.23076923076924,80.55555555555556,90.26381073998697
74.0,85.18518518518519,74.19354838709677,87.07282544387269
76.0,93.67088607594937,88.09523809523809,94.03763940608776
60.0,91.52542372881356,84.375,92.17752434060891
49.0,93.20388349514563,87.27272727272727,93.62938151060558
63.0,88.7218045112782,79.72972972972973,89.8498998829226
75.0,93.87755102040816,88.46153846153845,94.22178844964084
82.0,92.94117647058823,86.81318681318682,93.39461664151764
58.0,90.0,81.81818181818183,90.8971201178216
53.0,91.74311926605505,84.7457627118644,92.36390397892227
63.0,87.59124087591242,77.92207792207793,88.94407830974995
77.0,95.42483660130719,91.25,95.61801439035587
82.0,95.80838323353294,91.95402298850574,95.97002490849754
65.0,94.11764705882352,88.88888888888889,94.43646232439336
55.0,93.80530973451327,88.33333333333333,94.15968384440943
69.0,87.24832214765101,77.38095238095238,88.671518277044
81.0,95.59748427672956,91.56626506024097,95.77614650217636
84.0,97.0414201183432,94.25287356321839,97.12144616397036
65.0,91.97080291970804,85.13513513513513,92.55659237151066
67.0,84.56375838926175,73.25581395348837,86.60495883953428
88.0,94.73684210526315,90.0,94.99101706757162
82.0,96.96969696969697,94.11764705882352,97.05383311101508
65.0,93.84615384615384,88.40579710144928,94.19491690850175
22.0,56.14035087719298,39.02439024390244,69.4872748667678
72.0,86.62420382165605,76.40449438202246,88.18129245324481
86.0,94.11764705882352,88.88888888888889,94.43446360765108
92.0,94.44444444444444,89.47368421052632,94.72686027219935
63.0,89.70588235294117,81.33333333333333,90.65269879277662
48.0,76.74418604651163,62.264150943396224,81.11213250857266
60.0,80.55555555555556,67.44186046511628,83.69299615697652
70.0,79.75460122699386,66.3265306122449,83.1303384038455
84.0,95.85798816568047,92.04545454545455,96.01574054750519
97.0,96.37305699481865,93.0,96.49301160074278
81.0,94.40993788819875,89.41176470588236,94.69690031701303
61.0,95.23809523809523,90.9090909090909,95.4485593423258
72.0,96.5986394557823,93.42105263157895,96.70553679378568
83.0,95.1219512195122,90.69767441860465,95.34085285862965
65.0,91.47286821705426,84.28571428571429,92.13188282276616
25.0,61.111111111111114,44.0,71.98604604804146
54.0,90.9090909090909,83.33333333333334,91.6566918033223
66.0,93.33333333333333,87.5,93.74102029413524
87.0,93.41317365269461,87.64044943820225,93.80924623692619
84.0,98.22485207100591,96.51162790697676,98.25281952312885
67.0,91.04477611940298,83.56164383561644,91.7688494544739
57.0,94.21487603305785,89.0625,94.52426662044334
72.0,97.22222222222221,94.5945945945946,97.29330575935774
90.0,91.76470588235294,84.78260869565217,92.3773317341489
89.0,95.50561797752809,91.39784946236558,95.69093926473174
78.0,90.66666666666666,82.92682926829268,91.44944480896872
62.0,90.9090909090909,83.33333333333334,91.65469444222737
77.0,97.36842105263158,94.87179487179486,97.43190557928492
88.0,96.55172413793103,93.33333333333333,96.66067768639037
91.0,96.7032967032967,93.61702127659575,96.80252117974493
83.0,95.0,90.47619047619048,95.23011120615912
79.0,97.43589743589743,95.0,97.49600798403193
92.0,95.55555555555556,91.48936170212765,95.73669522519039
98.0,93.6842105263158,88.11881188118812,94.04742678432596
82.0,92.5925925925926,86.20689655172413,93.09147246699598
52.0,65.85365853658537,49.09090909090909,74.51753773754213
66.0,76.36363636363637,61.76470588235294,80.84344088242923
82.0,93.82716049382715,88.37209302325581,94.17606647170776
94.0,93.54838709677419,87.87878787878788,93.9274152614407
99.0,93.81443298969072,88.3495145631068,94.16277764693226
90.0,90.58823529411765,82.79569892473118,91.38188107976315
71.0,83.33333333333334,71.42857142857143,85.68834330643116
80.0,95.59748427672956,91.56626506024097,95.77614650217636
98.0,94.24083769633508,89.10891089108911,94.54347433305803
100.0,95.43147208121827,91.2621359223301,95.62208269699828
91.0,93.71428571428572,88.17204301075269,94.0750421465709
72.0,78.3625730994152,64.42307692307693,82.17461894608216
76.0,92.90322580645162,86.74698795180723,93.362516808412
92.0,96.21621621621622,92.70833333333334,96.34717882551028
98.0,97.95918367346938,96.0,97.99600638977635
99.0,97.9381443298969,95.95959595959596,97.97580444931735
92.0,93.25842696629213,87.36842105263159,93.67223280487767
96.0,95.18716577540107,90.81632653061224,95.39917889810505
101.0,94.05940594059405,88.78504672897196,94.38054277304411
87.0,91.76470588235294,84.78260869565217,92.3773317341489
29.0,0.0,0.0,49.97110172193878
25.0,94.33962264150944,89.28571428571429,94.63986617557833
37.0,93.33333333333333,87.5,93.7450140603498
45.0,90.69767441860465,82.97872340425532,91.48138356223097
39.0,98.73417721518987,97.5,98.74900273251292
28.0,91.52542372881356,84.375,92.18251485572992
13.0,96.0,92.3076923076923,96.15284942312292
30.0,94.91525423728814,90.32258064516128,95.15829917637342
43.0,97.61904761904762,95.34883720930233,97.67242399011042
47.0,81.03448275862068,68.11594202898551,84.0360276284288
43.0,96.47058823529412,93.18181818181817,96.58791716909798
30.0,95.08196721311475,90.625,95.30950879414522
15.0,89.65517241379311,81.25,90.6220097482208
29.0,90.32258064516128,82.35294117647058,91.17048829582085
41.0,91.95402298850574,85.1063829787234,92.54621047771339
45.0,93.61702127659575,88.0,93.99401579829251
39.0,93.82716049382715,88.37209302325581,94.18106027364475
30.0,85.71428571428571,75.0,87.49102674031386
18.0,90.9090909090909,83.33333333333334,91.6636762956613
34.0,87.87878787878788,78.37837837837837,89.18121264024309
42.0,91.76470588235294,84.78260869565217,92.3843234754165
44.0,92.13483146067416,85.41666666666666,92.70135218244074
41.0,87.05882352941177,77.08333333333334,88.53069716188995
33.0,75.36231884057972,60.46511627906976,80.21560898699252
19.0,61.904761904761905,44.827586206896555,72.3978450939592
32.0,96.875,93.93939393939394,96.96770275292562
43.0,97.72727272727273,95.55555555555556,97.77578308366412
46.0,97.87234042553192,95.83333333333334,97.91467185318172
42.0,94.25287356321839,89.13043478260869,94.5602308549525
36.0,83.33333333333334,71.42857142857143,85.70232065226682
22.0,86.95652173913044,76.92307692307693,88.45555712331372
31.0,96.875,93.93939393939394,96.96770275292562
44.0,91.66666666666666,84.61538461538461,92.29971337208231
47.0,94.94949494949495,90.38461538461539,95.18732055911134
44.0,90.10989010989012,82.0,90.99102423456667
37.0,92.3076923076923,85.71428571428571,92.8511596102342
25.0,89.79591836734694,81.48148148148148,90.73575609345438
33.0,97.05882352941177,94.28571428571428,97.1408628465446
45.0,90.0,81.81818181818183,90.8991170406263
47.0,93.06930693069307,87.03703703703704,93.51153653204362
43.0,92.3076923076923,85.71428571428571,92.85016156700043
36.0,88.0,78.57142857142857,89.27673995230782
25.0,81.63265306122449,68.96551724137932,84.47378661335254
35.0,97.05882352941177,94.28571428571428,97.1408628465446
51.0,91.58878504672897,84.48275862068965,92.23240211242754
47.0,89.52380952380953,81.03448275862068,90.50626968627837
45.0,91.66666666666666,84.61538461538461,92.29971337208231
39.0,95.1219512195122,90.69767441860465,95.34484813935397
29.0,80.64516129032258,67.56756756756756,83.77181991466851
31.0,79.45205479452055,65.9090909090909,82.93958942527152
40.0,93.67088607594937,88.09523809523809,94.04263290908416
46.0,90.10989010989012,82.0,90.99102423456667
42.0,96.3855421686747,93.02325581395348,96.50863604484175
33.0,89.55223880597015,81.08108108108108,90.5335609210295
37.0,54.90196078431373,37.83783783783784,68.89599319825388
31.0,84.93150684931507,73.80952380952381,86.89379371251943
44.0,92.3076923076923,85.71428571428571,92.85016156700043
47.0,98.94736842105263,97.91666666666666,98.95733590669407
44.0,96.62921348314607,93.47826086956522,96.73613839361212
36.0,97.2972972972973,94.73684210526315,97.36642663699536
34.0,69.23076923076923,52.94117647058824,76.4546386360278
37.0,86.74698795180723,76.59574468085107,88.28690305442632
45.0,92.63157894736842,86.27450980392157,93.13027333330204
49.0,95.91836734693877,92.15686274509804,96.07444166599193
43.0,92.13483146067416,85.41666666666666,92.70135218244074
36.0,88.31168831168831,79.06976744186046,89.5259092085454
33.0,84.21052631578947,72.72727272727273,86.35466364071405
37.0,91.13924050632912,83.72093023255815,91.85348466155232
44.0,87.12871287128714,77.19298245614034,88.58352545770394
49.0,94.23076923076923,89.0909090909091,94.53946974684303
46.0,90.0,81.81818181818183,90.8991170406263
39.0,86.36363636363636,76.0,87.98803302884039
34.0,78.87323943661971,65.11627906976744,82.5431838038476
41.0,93.82716049382715,88.37209302325581,94.18106027364475
48.0,94.11764705882352,88.88888888888889,94.43845976522324
50.0,92.5925925925926,86.20689655172413,93.09546838518656
50.0,88.67924528301887,79.66101694915254,89.81853935490503
41.0,88.88888888888889,80.0,89.99002712621669
35.0,85.29411764705883,74.35897435897436,87.16951649330456
42.0,91.95402298850574,85.1063829787234,92.54621047771339
54.0,71.83098591549296,56.043956043956044,77.98207777260147
56.0,91.37931034482759,84.12698412698413,92.05351660312458
53.0,84.95575221238938,73.84615384615385,86.9061203319502
43.0,89.58333333333334,81.13207547169812,90.55606426528078
35.0,85.33333333333334,74.4186046511628,87.198333914605
72.0,76.8,62.33766233766234,81.13990521926206
64.0,87.02290076335878,77.02702702702703,88.49655387744735
58.0,90.5982905982906,82.8125,91.39527699359576
53.0,87.85046728971963,78.33333333333333,89.15370012035615
43.0,91.30434782608695,84.0,91.99202138269438
36.0,84.21052631578947,72.72727272727273,86.35167082438939
69.0,79.33884297520662,65.75342465753424,82.85177616534548
68.0,85.71428571428571,75.0,87.47904735298226
53.0,84.7457627118644,73.52941176470588,86.74675112833307
53.0,85.71428571428571,75.0,87.48404085541014
45.0,88.23529411764706,78.94736842105263,89.46171556836877
38.0,81.92771084337349,69.38775510204081,84.67892003037902
75.0,0.0,0.0,49.85650510204081
72.0,0.0,0.0,49.87842793367347
68.0,0.0,0.0,49.93223852040816
54.0,0.0,0.0,49.94618941326531
49.0,0.0,0.0,49.951171875
31.0,60.416666666666664,43.28358208955223,71.60390243728216
10.0,86.95652173913044,76.92307692307693,88.45854838858068
17.0,94.44444444444444,89.47368421052632,94.73484844510247
15.0,93.33333333333333,87.5,93.7480064590726
17.0,91.42857142857143,84.21052631578947,92.10227272727273
19.0,95.0,90.47619047619048,95.23610149843776
20.0,92.3076923076923,85.71428571428571,92.85415230728043
18.0,97.2972972972973,94.73684210526315,97.36742420267743
19.0,95.0,90.47619047619048,95.23610149843776
19.0,90.47619047619048,82.6086956521739,91.30036034677201
18.0,90.0,81.81818181818183,90.90510350927433
18.0,92.3076923076923,85.71428571428571,92.85415230728043
22.0,93.02325581395348,86.95652173913044,93.47527020045285
18.0,40.909090909090914,25.71428571428571,62.805306659527325
18.0,80.0,66.66666666666666,83.32436168374603
22.0,95.23809523809523,90.9090909090909,95.45255167513722
18.0,83.72093023255815,72.0,85.99302205032097
19.0,88.37209302325581,79.16666666666666,89.57834898418963
20.0,97.5609756097561,95.23809523809523,97.61805072934348
20.0,86.95652173913044,76.92307692307693,88.45555712331372
21.0,89.36170212765957,80.76923076923077,90.37963083671387
23.0,95.65217391304348,91.66666666666666,95.83133947441878
20.0,39.603960396039604,24.691358024691358,62.28486874039416
19.0,82.6086956521739,70.37037037037037,85.17721022655529
25.0,88.88888888888889,80.0,89.99401818471846
12.0,0.0,0.0,49.98804209183674
15.0,0.0,0.0,49.98505261479592
25.0,0.0,0.0,49.97508769132653
18.0,87.5,77.77777777777779,88.8849018070341
18.0,100.0,100.0,100.0
25.0,0.0,0.0,49.97508769132653
18.0,94.73684210526315,90.0,94.9980063000917
18.0,90.0,81.81818181818183,90.90510350927433
27.0,0.0,0.0,49.97309470663265
20.0,78.26086956521739,64.28571428571429,82.1328886433157
18.0,97.2972972972973,94.73684210526315,97.36742420267743
26.0,0.0,0.0,49.97409119897959
22.0,92.6829268292683,86.36363636363636,93.17882757233197
19.0,87.8048780487805,78.26086956521739,89.12545053283797
33.0,0.0,0.0,49.967115752551024
23.0,95.45454545454545,91.30434782608695,95.65018009388288
21.0,82.35294117647058,70.0,84.9910278137773
33.0,0.0,0.0,49.967115752551024
23.0,78.94736842105263,65.21739130434783,82.60072132949294
29.0,47.368421052631575,31.03448275862069,65.49730795694106
33.0,0.0,0.0,49.967115752551024
25.0,64.86486486486487,48.0,73.98704250059805
31.0,0.0,0.0,49.9691087372449
38.0,0.0,0.0,49.962133290816325
25.0,0.0,0.0,49.97508769132653
51.0,0.0,0.0,49.94917889030612
50.0,0.0,0.0,49.950175382653065
100.0,80.68181818181817,67.61904761904762,83.77559505989802
184.0,90.5027932960894,82.6530612244898,91.29254012958005
264.0,86.40973630831643,76.07142857142857,87.9686646689979
336.0,46.04966139954853,29.91202346041056,64.71736492747333
392.0,92.7344782034346,86.45320197044335,93.17140780910526
475.0,92.67782426778243,86.35477582846003,93.10701210742167
557.0,85.4251012145749,74.55830388692578,87.13443996050675
609.0,21.34502923976608,11.947626841243862,55.436919422258555
631.0,3.1201248049921997,1.5847860538827259,50.17344792468087
647.0,0.0,0.0,49.35526945153062
611.0,40.26143790849673,25.20458265139116,62.1454923172593
548.0,14.551607445008461,7.846715328467154,53.419697400535014
440.0,85.78811369509044,75.1131221719457,87.44621681183756
320.0,92.12730318257957,85.40372670807453,92.65477010941291
214.0,96.66666666666667,93.54838709677419,96.7601859843025
150.0,91.54929577464789,84.4155844155844,92.18381426749728
82.0,87.89808917197452,78.4090909090909,89.18558602771887
204.0,87.87878787878788,78.37837837837837,89.1411911091124
297.0,89.76109215017065,81.42414860681114,90.65196972143295
365.0,93.00411522633745,86.92307692307692,93.41037165775813
421.0,84.00520156046815,72.42152466367713,86.08739964554084
519.0,93.7864077669903,88.29981718464352,94.0855132046414
586.0,94.25878320479862,89.14100486223663,94.50299749419008
624.0,92.02350965575147,85.22550544323484,92.51704062360824
650.0,80.47445255474453,67.32824427480915,83.44898189411514
654.0,78.49954254345836,64.60843373493977,82.06802172002381
625.0,75.81441263573544,61.04928457869634,80.27861883176462
560.0,0.0,0.0,49.441964285714285
451.0,70.11494252873564,53.98230088495575,76.78286717723715
346.0,91.58878504672897,84.48275862068965,92.18725156887496
212.0,96.65071770334929,93.51851851851852,96.74525197547169
160.0,92.71523178807946,86.41975308641975,93.18789237181329
132.0,89.87854251012146,81.61764705882352,90.78385598721661
228.0,91.62995594713657,84.5528455284553,92.23839842865289
329.0,88.14055636896046,78.79581151832461,89.3167027516435
381.0,52.38095238095239,35.483870967741936,67.48210697068967
450.0,63.805436337625174,46.84873949579832,73.17113170413802
540.0,80.41884816753927,67.25043782837128,83.43743774451984
599.0,89.97384481255449,81.77496038034865,90.77169283616708
640.0,95.84313725490196,92.01807228915662,95.95557099780136
651.0,94.67918622848201,89.8959881129272,94.87940556722594
655.0,90.96826688364524,83.43283582089552,91.60456108718154
619.0,87.41007194244604,77.63578274760383,88.67701795862783
555.0,33.482810164424514,20.107719928186714,59.60942883593739
435.0,87.63769889840881,77.99564270152506,88.89645236766405
309.0,90.87947882736157,83.28358208955224,91.58567544664398
209.0,95.80246913580247,91.9431279620853,95.95455785883867
147.0,93.99293286219081,88.66666666666667,94.31634794077094
156.0,88.50174216027874,79.375,89.65453230833782
258.0,90.17341040462428,82.10526315789474,91.00157235024207
349.0,89.47368421052632,80.95238095238095,90.39996637733985
391.0,51.91956124314442,35.06172839506173,67.2680429160023
468.0,86.14318706697459,75.65922920892496,87.70913993426188
550.0,89.120151371807,80.3754266211604,90.07203078367144
606.0,91.72297297297297,84.71138845553821,92.25696958891996
643.0,95.58481797056545,91.54302670623146,95.71400613949157
657.0,95.41984732824427,91.24087591240875,95.55989427393763
655.0,94.26551453260016,89.15304606240714,94.50289869684823
623.0,96.12530915086562,92.53968253968254,96.22245555008244
554.0,46.62068965517241,30.39568345323741,64.81089589903458
426.0,90.5852417302799,82.7906976744186,91.32108147470429
292.0,91.49659863945578,84.32601880877742,92.11291623108637
203.0,97.02970297029702,94.23076923076923,97.10337981346385
146.0,94.66192170818505,89.86486486486487,94.91744532134796
166.0,87.94788273615634,78.48837209302324,89.20721636165321
267.0,91.82156133828995,84.87972508591065,92.39579997410756
352.0,90.08264462809917,81.95488721804512,90.90522551036462
402.0,91.69859514687101,84.66981132075472,92.26966688646485
472.0,86.62857142857143,76.41129032258065,88.08816820484718
564.0,87.09677419354838,77.14285714285715,88.43465442978689
607.0,92.28187919463086,85.66978193146417,92.74219761950229
653.0,94.38377535101404,89.36484490398819,94.60979934574245
660.0,95.3030303030303,91.02749638205499,95.45118133531474
657.0,94.34850863422291,89.30163447251115,94.57819998965951
622.0,92.58312020460357,86.19047619047619,93.00759479340263
549.0,39.825581395348834,24.863883847549907,62.018264592093665
426.0,92.13483146067416,85.41666666666666,92.64508921102122
302.0,90.21558872305141,82.17522658610272,91.02849979513536
212.0,96.33251833740832,92.9245283018868,96.44725784829629
151.0,94.80968858131487,90.13157894736842,95.05080116456533
173.0,88.17891373801918,78.85714285714286,89.39159952721646
273.0,94.16058394160584,88.96551724137932,94.45070605448107
362.0,91.29852744310575,83.99014778325123,91.92985868143198
411.0,85.13513513513513,74.11764705882354,86.94851687691782
479.0,83.39140534262486,71.51394422310757,85.61344680894625
573.0,90.25735294117648,82.24455611390285,91.0156060231384
612.0,92.17830109335577,85.49141965678628,92.65201272192098
649.0,96.03729603729604,92.37668161434978,96.1368859462039
659.0,96.26808834729627,92.80469897209986,96.35289849299325
657.0,90.982940698619,83.4575260804769,91.61690396252158
626.0,93.4010152284264,87.61904761904762,93.73093280517108
558.0,48.714479025710425,32.200357781753134,65.72114856845077
426.0,92.51870324189527,86.07888631090486,92.97920823927936
312.0,88.19672131147541,78.88563049853371,89.37068107971149
210.0,96.58536585365853,93.39622641509435,96.68410704483557
151.0,93.00699300699301,86.9281045751634,93.44406947280241
184.0,88.95522388059702,80.10752688172043,90.01678341007684
290.0,92.04152249134948,85.25641025641025,92.58212217889637
365.0,91.43610013175231,84.22330097087378,92.04642742256186
429.0,90.03690036900369,81.87919463087249,90.85828834133466
501.0,90.20021074815595,82.14971209213053,90.98138495174992
580.0,88.58195211786372,79.50413223140495,89.62730507334409
616.0,91.21338912133892,83.84615384615385,91.81729626179667
658.0,94.17249417249417,88.98678414096916,94.41774147536657
667.0,93.3641975308642,87.55426917510853,93.6903903217537
656.0,93.11163895486936,87.1111111111111,93.46783271938551
628.0,94.33333333333334,89.27444794952682,94.56868940512018
552.0,33.433734939759034,20.07233273056058,59.5947402192701
417.0,92.46487867177522,85.98574821852732,92.93365380974946
291.0,91.31175468483816,84.01253918495298,91.9551755794926
207.0,96.7741935483871,93.75,96.86199505812209
153.0,93.83561643835617,88.38709677419355,94.17556241615411
181.0,86.15384615384616,75.67567567567568,87.79287021452662
282.0,93.73881932021467,88.21548821548821,94.07268380402171
364.0,91.85580774365822,84.93827160493828,92.40793015148182
411.0,94.11764705882352,88.88888888888889,94.39624393030563
488.0,91.91489361702128,85.03937007874016,92.44329391682264
576.0,89.2364305427783,80.56478405315615,90.16466447028016
613.0,91.49115417017691,84.3167701863354,92.05663827149664
660.0,93.98907103825137,88.65979381443299,94.25223522972426
672.0,93.85560675883256,88.42257597684515,94.13058588007999
664.0,92.14908802537668,85.44117647058823,92.6207797868618
630.0,94.97942386831276,90.43887147335423,95.15794256141147
560.0,69.8961937716263,53.72340425531915,76.60003749950405
433.0,93.02325581395348,86.95652173913044,93.42102735683326
323.0,88.03827751196172,78.63247863247864,89.24108901563812
217.0,95.94272076372316,92.20183486238533,96.08390892694054
152.0,94.15807560137456,88.96103896103897,94.46353273018474
96.0,85.20710059171599,74.22680412371135,87.08845395392018
205.0,86.88946015424165,76.81818181818181,88.35809804809145
332.0,86.39760837070254,76.05263157894737,87.93510966362928
383.0,94.19354838709677,89.02439024390245,94.46702437653354
439.0,94.4127708095781,89.41684665226782,94.65918897060158
532.0,94.19475655430712,89.02654867256638,94.45086618698679
593.0,93.67521367521367,88.10289389067523,93.9768922584673
637.0,95.50561797752809,91.39784946236558,95.64245148538299
655.0,96.83397683397683,93.8622754491018,96.88976453841192
669.0,97.89473684210527,95.87628865979381,97.90987577866017
633.0,96.62379421221866,93.46811819595645,96.69169903746385
586.0,97.48045178105995,95.08474576271186,97.51314784860374
483.0,96.94415173867229,94.06952965235173,97.00559916522164
384.0,90.35812672176309,82.41206030150754,91.13581670186916
238.0,95.17543859649122,90.7949790794979,95.375471484944
173.0,90.50632911392405,82.65895953757226,91.29949955572674
145.0,69.91150442477876,53.74149659863946,76.80287996389046
215.0,87.04156479217605,77.05627705627705,88.47513640805373
335.0,87.46268656716418,77.71883289124668,88.77521942459413
389.0,93.29896907216495,87.43961352657004,93.66761260100132
447.0,92.80000000000001,86.56716417910447,93.22029095031172
545.0,94.45471349353049,89.49211908931699,94.685654833091
602.0,94.76309226932669,90.04739336492891,94.96019629944628
642.0,97.20930232558139,94.57013574660633,97.24874019766895
660.0,97.80801209372638,95.71005917159763,97.82575380797168
670.0,98.42460615153789,96.89807976366322,98.42783632771206
633.0,97.93322734499205,95.95015576323988,97.94884705030435
579.0,97.89473684210527,95.87628865979381,97.91395955824146
472.0,96.78800856531049,93.7759336099585,96.85780028579335
372.0,93.29608938547486,87.43455497382199,93.66912532608278
230.0,96.8609865470852,93.91304347826087,96.94251053016326
170.0,91.3738019169329,84.11764705882354,92.03184133765832
156.0,77.6923076923077,63.52201257861635,81.70309315900364
236.0,86.03603603603604,75.49407114624506,87.68501696754085
347.0,89.45147679324894,80.91603053435115,90.3828016605327
397.0,93.98496240601504,88.65248226950354,94.27804933137433
466.0,93.01310043668121,86.93877551020408,93.40506614706183
553.0,93.80692167577413,88.33619210977702,94.09963186769936
606.0,93.84359400998336,88.40125391849529,94.12604822829546
643.0,97.21792890262752,94.58646616541353,97.25690394068
658.0,96.96969696969697,94.11764705882352,97.01844885240918
665.0,97.57942511346445,95.27326440177252,97.604329198726
633.0,98.02058590657165,96.11801242236024,98.03378273114703
569.0,98.04270462633453,96.16055846422339,98.05811298526031
458.0,95.90254706533776,92.12765957446808,96.02663862465842
350.0,90.71856287425149,83.01369863013699,91.44469143405072
222.0,95.08196721311475,90.625,95.29148865387309
159.0,93.28859060402685,87.42138364779875,93.69070661295547
166.0,77.53623188405797,63.31360946745562,81.59489017581772
243.0,87.20173535791757,77.3076923076923,88.59481663908878
358.0,90.66305818673884,82.92079207920791,91.39117591962243
407.0,93.51285189718482,87.816091954023,93.85482671364643
476.0,91.75704989154013,84.76953907815631,92.30839223519698
558.0,92.22323879231473,85.56876061120543,92.69881902359273
614.0,93.71900826446281,88.18040435458786,94.01360317308098
645.0,96.69992325402916,93.61069836552748,96.76195516508321
664.0,97.50189250567752,95.12555391432792,97.52946515873062
666.0,97.42033383915023,94.97041420118343,97.4508872394862
636.0,97.61526232114467,95.34161490683229,97.64054233094328
577.0,97.53086419753086,95.18072289156626,97.56214872184464
456.0,96.08062709966406,92.45689655172413,96.1932702751786
338.0,90.06211180124224,81.92090395480226,90.89630572394324
221.0,95.28301886792453,90.990990990991,95.47548509008467
153.0,95.91836734693877,92.15686274509804,96.06643976667313
166.0,81.09965635738831,68.20809248554913,84.0491099688523
264.0,90.0,81.81818181818183,90.8590418610238
361.0,90.71332436069987,83.00492610837439,91.4332401564565
411.0,94.07496977025393,88.81278538812786,94.3571830610272
478.0,92.19251336898395,85.51587301587301,92.68456229947336
564.0,92.28007181328546,85.66666666666667,92.74674801659216
614.0,93.72937293729373,88.19875776397515,94.02277833368892
650.0,96.6412213740458,93.50073855243723,96.70596340657002
666.0,97.5867269984917,95.28718703976435,97.61128921331431
670.0,97.58308157099698,95.28023598820059,97.6078143397494
638.0,97.78830963665087,95.6723338485317,97.80791662662878
578.0,97.61694616063548,95.34482758620689,97.64520866644847
456.0,96.75977653631284,93.72294372294373,96.83232203134502
340.0,90.52631578947368,82.6923076923077,91.282995951417
223.0,95.30516431924883,91.03139013452915,95.49568426142943
161.0,93.06930693069307,87.03703703703704,93.49753320823572
170.0,81.75675675675676,69.14285714285714,84.51748790616035
267.0,90.37328094302553,82.43727598566308,91.16958501561615
363.0,90.13333333333333,82.03883495145631,90.94517693638066
412.0,94.23076923076923,89.0909090909091,94.49724628577272
481.0,93.05263157894737,87.00787401574803,93.43758400992492
570.0,93.67764915405165,88.107202680067,93.98210083650882
614.0,93.92446633825944,88.54489164086688,94.19785506162366
654.0,97.17341482047365,94.50222882615155,97.2137708523168
670.0,97.2972972972973,94.73684210526315,97.332077973969
672.0,97.52066115702479,95.16129032258065,97.54732999986322
643.0,98.19324430479183,96.4506172839506,98.20210023043971
574.0,97.97356828193833,96.02763385146805,97.99064078708027
456.0,96.54403567447045,93.31896551724138,96.62832259538165
345.0,89.95502248875562,81.74386920980926,90.80476803180333
220.0,96.95550351288055,94.0909090909091,97.03244648045424
159.0,92.61744966442953,86.25,93.10301670730246
172.0,85.43689320388349,74.57627118644068,87.24317515840299
279.0,91.38576779026218,84.13793103448276,92.02290287204391
364.0,90.71895424836602,83.01435406698565,91.43593338019855
420.0,94.56264775413712,89.68609865470853,94.79684231996114
497.0,92.13250517598344,85.41266794625719,92.6299228814554
576.0,93.25153374233128,87.35632183908046,93.60060874807942
618.0,94.05052974735126,88.76923076923077,94.3110251912647
656.0,96.81335356600911,93.82352941176471,96.8693730065808
674.0,97.16417910447761,94.48476052249637,97.20401579885545
671.0,97.51693002257336,95.15418502202643,97.5437780222392
638.0,97.62282091917591,95.3560371517028,97.64775223202574
574.0,97.41302408563783,94.95652173913044,97.44904466968612
453.0,95.99083619702176,92.29074889867842,96.11020351861589
326.0,89.89113530326594,81.63841807909604,90.75406180680201
224.0,94.85981308411215,90.22222222222223,95.08909922469245
161.0,91.63879598662207,84.5679012345679,92.2589701020858
170.0,83.05647840531562,71.02272727272727,85.4604156033573
273.0,90.63097514340345,82.86713286713287,91.38450658054576
365.0,90.81364829396325,83.17307692307693,91.51629964957779
418.0,93.935790725327,88.56502242152466,94.23128684805366
486.0,92.85714285714286,86.66666666666667,93.2649696384767
575.0,92.11691762621788,85.38587848932676,92.60332268271719
617.0,94.37652811735941,89.35185185185185,94.60636526701511
656.0,96.19482496194824,92.66862170087975,96.28385065344327
674.0,96.93801344286781,94.05797101449276,96.98759394304908
677.0,97.38610903659448,94.90538573508006,97.41735646498772
645.0,97.96875,96.01837672281776,97.98295170678418
580.0,97.27831431079895,94.70085470085469,97.3191912051692
463.0,95.15418502202643,90.75630252100841,95.33392482113463
364.0,88.34532374100719,79.12371134020619,89.4806428926261
229.0,95.67198177676538,91.70305676855895,95.8325154554879
167.0,91.2621359223301,83.92857142857143,91.93730460106497
100.0,83.51648351648352,71.69811320754717,85.81911648401311
234.0,85.5813953488372,74.79674796747967,87.33636406215238
355.0,89.4878706199461,80.97560975609757,90.40956075638921
409.0,92.25092250922509,85.61643835616438,92.74496743614931
478.0,90.7488986784141,83.06451612903226,91.4478597042557
566.0,94.60431654676259,89.76109215017065,94.82012311436026
621.0,90.00839630562552,81.83206106870229,90.79616752065252
709.0,87.80120481927712,78.25503355704699,88.96418727637601
724.0,85.17441860465115,74.17721518987341,86.88292096456767
746.0,86.23452294246177,75.80025608194623,87.70954236817543
683.0,88.94117647058823,80.08474576271186,89.90026157090823
637.0,87.60907504363001,77.95031055900621,88.83222336341018
528.0,70.78787878787878,54.78424015009381,77.1505596548721
430.0,80.0,66.66666666666666,83.18800197784282
274.0,96.06003752345215,92.4187725631769,96.1883526277423
182.0,95.84487534626038,92.02127659574468,95.99563919781835
108.0,93.33333333333333,87.5,93.73602180598266
115.0,96.49122807017544,93.22033898305084,96.6021800376046
127.0,95.51020408163265,91.40625,95.69213796470166
131.0,0.0,0.0,49.869459502551024
134.0,0.0,0.0,49.8664700255102
127.0,0.0,0.0,49.87344547193878
116.0,87.61904761904762,77.96610169491525,88.9570944541983
75.0,0.0,0.0,49.92526307397959
117.0,95.19650655021834,90.83333333333333,95.4056813869415
126.0,96.03174603174604,92.36641221374046,96.17321709478352
133.0,95.91078066914498,92.14285714285714,96.06043890171809
143.0,94.4055944055944,89.40397350993378,94.68599986421731
148.0,92.95774647887323,86.8421052631579,93.40107021610457
135.0,94.25287356321839,89.13043478260869,94.55023327446818
122.0,89.59276018099548,81.14754098360656,90.55080585734035
71.0,0.0,0.0,49.92924904336735
117.0,92.24137931034483,85.6,92.78202480576803
122.0,94.82071713147411,90.15151515151516,95.06277237888202
133.0,94.42379182156134,89.43661971830986,94.70332454476303
152.0,92.3076923076923,85.71428571428571,92.83315820731875
158.0,52.093023255813954,35.22012578616352,67.50730950122222
143.0,77.63713080168776,63.44827586206897,81.67122682169816
125.0,0.0,0.0,49.87543845663265
84.0,0.0,0.0,49.916294642857146
116.0,94.01709401709401,88.70967741935483,94.34085716531597
127.0,82.71186440677965,70.52023121387283,85.20917062751418
150.0,92.3076923076923,85.71428571428571,92.83315820731875
158.0,88.95348837209302,80.10471204188482,90.0143734929053
171.0,91.2568306010929,83.91959798994975,91.92780475393826
160.0,85.4054054054054,74.52830188679245,87.21017037640034
134.0,88.65979381443299,79.62962962962963,89.7818458056834
119.0,79.04761904761905,65.35433070866141,82.6332470423909
118.0,92.3076923076923,85.71428571428571,92.83916730389528
136.0,94.42379182156134,89.43661971830986,94.70332454476303
141.0,92.04152249134948,85.25641025641025,92.60522489120895
155.0,93.9297124600639,88.55421686746988,94.25811944734704
163.0,87.83783783783784,78.3132530120482,89.12065959558171
151.0,95.39473684210526,91.19496855345912,95.58349295135129
140.0,92.7007299270073,86.39455782312925,93.17729849237543
108.0,0.0,0.0,49.89237882653062
119.0,95.31914893617022,91.05691056910568,95.51746934655348
129.0,91.7910447761194,84.82758620689656,92.39181639875524
140.0,89.25081433224756,80.58823529411765,90.26114336699726
154.0,90.36144578313254,82.41758241758241,91.1768078401429
171.0,91.36490250696379,84.1025641025641,92.02028948949688
158.0,92.3076923076923,85.71428571428571,92.83115325298452
167.0,90.17341040462428,82.10526315789474,91.01864517350955
129.0,85.38461538461539,74.49664429530202,87.21037148351438
126.0,92.85714285714286,86.66666666666667,93.31535454829967
133.0,94.11764705882352,88.88888888888889,94.42845978971299
140.0,95.17241379310344,90.78947368421053,95.38074747402501
155.0,93.125,87.13450292397661,93.54526333557656
174.0,90.5149051490515,82.67326732673267,91.30163996223254
168.0,92.85714285714286,86.66666666666667,93.30934292949486
161.0,0.0,0.0,49.839564732142854
144.0,77.60000000000001,63.39869281045751,81.6434347456509
128.0,90.98039215686275,83.45323741007195,91.70364627195566
142.0,95.0354609929078,90.54054054054053,95.25628202040015
146.0,94.5578231292517,89.6774193548387,94.82272150866423
153.0,70.58823529411765,54.54545454545454,77.20285583617054
170.0,67.62589928057554,51.08695652173913,75.4536256192019
162.0,90.79754601226993,83.14606741573034,91.54305049846243
163.0,89.87341772151899,81.60919540229885,90.77261944636268
138.0,80.80000000000001,67.78523489932886,83.84468934182618
109.0,92.7536231884058,86.48648648648648,93.22826720490458
118.0,94.4206008583691,89.43089430894308,94.7024642918502
126.0,97.23320158102767,94.61538461538461,97.30069971983544
137.0,7.042253521126761,3.64963503649635,51.693267419585595
145.0,0.0,0.0,49.85550860969388
130.0,90.83665338645417,83.21167883211679,91.5828679007374
106.0,89.0,80.18018018018019,90.06812830359858
120.0,0.0,0.0,49.88042091836735
113.0,94.93087557603687,90.35087719298247,95.16445463307781
123.0,94.6938775510204,89.92248062015504,94.94825589137996
134.0,97.37827715355806,94.8905109489051,97.43826190853319
138.0,95.17241379310344,90.78947368421053,95.38074747402501
151.0,80.62015503875969,67.53246753246754,83.71630566270285
136.0,95.30685920577618,91.0344827586207,95.504252809252
110.0,93.5064935064935,87.8048780487805,93.88745939668392
111.0,69.41176470588235,53.153153153153156,76.5246979725101
115.0,94.69026548672566,89.91596638655463,94.94599973045601
123.0,96.35627530364373,92.96875,96.47538524831691
133.0,95.13108614232209,90.71428571428571,95.34415558466989
140.0,94.11764705882352,88.88888888888889,94.42745803357315
154.0,94.11764705882352,88.88888888888889,94.42545356006895
138.0,94.77351916376307,90.06622516556291,95.01812457318913
113.0,91.70305676855895,84.67741935483872,92.31973661916209
91.0,82.92682926829268,70.83333333333334,85.38872701631144
111.0,94.54545454545455,89.65517241379311,94.81560346204914
121.0,96.29629629629629,92.85714285714286,96.4195820360546
133.0,94.32624113475178,89.26174496644296,94.61488623139805
144.0,88.07339449541286,78.68852459016394,89.30528723911777
160.0,87.46518105849582,77.72277227722772,88.81640323211832
150.0,87.20930232558139,77.31958762886599,88.61581668254158
127.0,89.05109489051095,80.26315789473685,90.10161131241418
150.0,38.70967741935484,24.0,61.88631830873555
118.0,91.62995594713657,84.5528455284553,92.25745008488589
126.0,95.19999999999999,90.83969465648855,95.40786099266683
138.0,96.37681159420289,93.00699300699301,96.49350509610686
137.0,94.44444444444444,89.47368421052632,94.72085489503135
150.0,92.94871794871796,86.82634730538922,93.39118728424305
150.0,93.2475884244373,87.34939759036145,93.65371180711332
129.0,93.02325581395348,86.95652173913044,93.46028100701128
104.0,64.93506493506493,48.07692307692308,73.98459727640193
114.0,91.22807017543859,83.87096774193549,91.91551262955538
129.0,96.47058823529412,93.18181818181817,96.5819186208074
132.0,91.9298245614035,85.06493506493507,92.50948821385428
136.0,91.2751677852349,83.9506172839506,91.94932942534861
163.0,91.47727272727273,84.29319371727748,92.11660585593955
146.0,90.96573208722741,83.42857142857143,91.68530310385196
162.0,90.0,81.81818181818183,90.87711137599209
146.0,79.35222672064778,65.77181208053692,82.83498547634818
121.0,91.13924050632912,83.72093023255815,91.83949363749022
130.0,94.57364341085271,89.70588235294117,94.83895628015861
136.0,95.37366548042705,91.15646258503402,95.56524220335191
147.0,91.20521172638436,83.8323353293413,91.88918709068392
171.0,87.71929824561403,78.125,89.0205218286491
162.0,92.0,85.18518518518519,92.56460099007336
150.0,0.0,0.0,49.85052614795919
147.0,0.0,0.0,49.853515625
120.0,92.37288135593221,85.8267716535433,92.89540991449411
131.0,95.41984732824427,91.24087591240875,95.6084501837323
142.0,96.24573378839591,92.76315789473685,96.37058664198219
138.0,93.81818181818183,88.35616438356165,94.16109815677373
166.0,0.0,0.0,49.83458227040816
153.0,92.11356466876973,85.38011695906432,92.66507347053756
136.0,90.0709219858156,81.93548387096774,90.93976934861901
118.0,78.76106194690266,64.96350364963503,82.43383519974515
113.0,8.24742268041237,4.301075268817205,51.973133711589284
127.0,0.0,0.0,49.87344547193878
137.0,0.0,0.0,49.803691007653065
149.0,59.49367088607595,42.34234234234234,70.97930547715698
159.0,0.0,0.0,49.61834343112245
143.0,0.0,0.0,49.60638552295919
131.0,0.0,0.0,49.66517857142857
115.0,0.0,0.0,49.70404177295919
49.0,83.33333333333334,71.42857142857143,85.7003250832652
53.0,89.10891089108911,80.35714285714286,90.16760017326034
77.0,95.94594594594594,92.20779220779221,96.09790867749155
111.0,93.26923076923077,87.38738738738738,93.67971577879923
134.0,95.78544061302682,91.91176470588235,95.94489356150844
166.0,94.0809968847352,88.8235294117647,94.39277420113473
146.0,94.88054607508532,90.25974025974025,95.1148812216622
128.0,94.35483870967742,89.31297709923665,94.64250505014769
112.0,93.95348837209302,88.59649122807018,94.2852650848289
82.0,94.19354838709677,89.02439024390245,94.50321362383734
42.0,89.47368421052632,80.95238095238095,90.4682131318484
64.0,89.65517241379311,81.25,90.61302968637779
108.0,83.42245989304813,71.55963302752293,85.74887715490482
122.0,95.35864978902954,91.12903225806451,95.55352997159063
148.0,96.9283276450512,94.03973509933775,97.0108736655101
184.0,91.16022099447514,83.75634517766497,91.84617962728403
166.0,97.0059880239521,94.18604651162791,97.08302605503017
145.0,93.33333333333333,87.5,93.73101632595969
116.0,94.27312775330397,89.16666666666667,94.57035124861025
103.0,91.75257731958763,84.76190476190476,92.36498017259493
56.0,85.71428571428571,75.0,87.48603741971517
90.0,76.71232876712328,62.22222222222222,81.07719251574001
117.0,90.82568807339449,83.19327731092437,91.57666940810311
139.0,92.72030651340997,86.42857142857143,93.19530659132099
154.0,95.01661129568106,90.50632911392405,95.23817445043234
189.0,95.58011049723757,91.53439153439153,95.75119672713816
182.0,96.37883008356546,93.01075268817203,96.49237712403922
166.0,95.41284403669725,91.22807017543859,95.59904108532025
131.0,94.94163424124513,90.37037037037037,95.17219921003834
109.0,94.73684210526315,90.0,94.98901691395251
57.0,86.0,75.43859649122807,87.70533538681843
93.0,77.63157894736842,63.44086021505376,81.6865094817911
125.0,93.27731092436974,87.4015748031496,93.68480817456991
150.0,92.90780141843972,86.75496688741721,93.35750142752318
166.0,95.41284403669725,91.22807017543859,95.59904108532025
199.0,95.56135770234987,91.5,95.73299761966676
187.0,96.23655913978494,92.74611398963731,96.35905615476825
163.0,97.23076923076923,94.61077844311377,97.2963924603909
132.0,94.20849420849422,89.05109489051095,94.51056362777834
110.0,97.24770642201835,94.64285714285714,97.315436959685
62.0,83.33333333333334,71.42857142857143,85.6963327510494
103.0,74.69879518072288,59.61538461538461,79.76578784985617
133.0,92.24806201550388,85.61151079136691,92.78577816972104
157.0,92.66666666666666,86.33540372670807,93.14571813131573
176.0,94.18604651162791,89.01098901098901,94.48550010392694
197.0,97.14285714285714,94.44444444444444,97.2112198016897
194.0,97.40932642487047,94.94949494949495,97.46474507417133
181.0,94.9438202247191,90.37433155080214,95.16916829504831
137.0,96.37681159420289,93.00699300699301,96.49350509610686
116.0,94.64285714285714,89.83050847457628,94.90327101380103
84.0,80.0,66.66666666666666,83.30540037243948
112.0,75.55555555555556,60.71428571428571,80.31323769229893
149.0,90.27777777777779,82.27848101265823,91.1112662426517
167.0,94.80122324159022,90.11627906976744,95.0411466718862
179.0,93.62880886426593,88.02083333333334,93.98741988621593
204.0,96.46464646464646,93.17073170731707,96.57136165239817
204.0,95.7816377171216,91.9047619047619,95.93537517041509
183.0,94.53551912568307,89.63730569948186,94.79865404966894
148.0,94.80968858131487,90.13157894736842,95.05080116456533
117.0,93.85964912280701,88.42975206611571,94.200895326433
85.0,76.81159420289855,62.35294117647059,81.1445491150593
114.0,80.20833333333334,66.95652173913044,83.4403359608844
150.0,92.15017064846417,85.44303797468355,92.69853783188924
177.0,95.34883720930233,91.11111111111111,95.53955939463418
186.0,95.65217391304348,91.66666666666666,95.81733333333334
198.0,97.96954314720813,96.01990049751244,98.0019475278311
200.0,97.47474747474747,95.07389162561576,97.52694241165149
186.0,95.95687331536388,92.2279792746114,96.09898903728168
145.0,94.77351916376307,90.06622516556291,95.01812457318913
117.0,95.19650655021834,90.83333333333333,95.4056813869415
99.0,73.88535031847134,58.58585858585859,79.25202582511334
114.0,83.24873096446701,71.30434782608695,85.61923583662714
150.0,91.33333333333333,84.04907975460122,91.99856014149455
179.0,94.91525423728814,90.32258064516128,95.14329320211992
187.0,95.18716577540107,90.81632653061224,95.39016254527732
200.0,96.46464646464646,93.17073170731707,96.57136165239817
203.0,96.75810473815461,93.71980676328504,96.84689869995711
191.0,95.51451187335093,91.41414141414141,95.69006900690069
152.0,95.30201342281879,91.02564102564102,95.49883002635131
119.0,94.82758620689656,90.1639344262295,95.06998303223352
98.0,55.88235294117647,38.775510204081634,69.32792024624281
94.0,64.28571428571429,47.368421052631575,73.63434118399267
118.0,73.79679144385027,58.47457627118644,79.18839277167201
115.0,94.97716894977168,90.43478260869566,95.20640712157102
145.0,93.57142857142857,87.91946308724832,93.94174772905727
173.0,95.20958083832335,90.85714285714286,95.41257686672246
162.0,96.25,92.7710843373494,96.37354744635252
151.0,93.75,88.23529411764706,94.09966180673024
122.0,93.16239316239316,87.2,93.58402141130885
151.0,74.07407407407408,58.82352941176471,79.34887287982318
92.0,53.96825396825397,36.95652173913043,68.42042512308521
97.0,66.20689655172414,49.48453608247423,74.6933931609307
123.0,81.73076923076923,69.10569105691057,84.51491456281275
133.0,94.90196078431372,90.29850746268657,95.13626801563058
160.0,95.45454545454545,91.30434782608695,95.6381820283366
185.0,96.93593314763231,94.05405405405406,97.01602746700944
179.0,96.93593314763231,94.05405405405406,97.01602746700944
171.0,92.92307692307692,86.7816091954023,93.36781609195401
137.0,92.24806201550388,85.61151079136691,92.78577816972104
117.0,90.32258064516128,82.35294117647058,91.1555032972093
96.0,60.86956521739131,43.75,71.82114433318706
108.0,66.66666666666666,50.0,74.94613143928814
131.0,89.16666666666667,80.45112781954887,90.19959974032827
158.0,89.19860627177701,80.50314465408806,90.22060205850183
172.0,94.92537313432837,90.3409090909091,95.15346032349001
188.0,96.73913043478261,93.6842105263158,96.8301047831387
193.0,96.56992084432717,93.36734693877551,96.67067164913293
178.0,94.28571428571428,89.1891891891892,94.57459899362681
149.0,93.7062937062937,88.1578947368421,94.0609624757309
149.0,81.88976377952756,69.33333333333334,84.62073281141822
92.0,67.14285714285714,50.53763440860215,75.22293557889462
111.0,69.41176470588235,53.153153153153156,76.5246979725101
138.0,92.13483146067416,85.41666666666666,92.6873555697627
178.0,89.1640866873065,80.44692737430168,90.18848607282402
180.0,94.31818181818183,89.24731182795699,94.60365991317865
194.0,96.82539682539682,93.84615384615384,96.91107524284168
209.0,93.46733668341709,87.73584905660378,93.84191932726168
178.0,96.61016949152543,93.44262295081968,96.70931267528985
148.0,93.75,88.23529411764706,94.09966180673024
161.0,80.88235294117648,67.90123456790124,83.89868583346527
95.0,68.96551724137932,52.63157894736842,76.27090258863454
112.0,70.11494252873564,53.98230088495575,76.9392697680291
142.0,91.24087591240875,83.89261744966443,91.92233317988806
174.0,94.95548961424333,90.3954802259887,95.1807455512541
184.0,95.02762430939227,90.52631578947368,95.24515933462166
210.0,94.47236180904522,89.52380952380953,94.73989948063726
196.0,96.92307692307692,94.02985074626866,97.00292225232292
186.0,93.98907103825137,88.65979381443299,94.30789866707569
169.0,89.45686900958466,80.92485549132948,90.42945148856984
156.0,82.5278810408922,70.25316455696202,85.07964329915414
98.0,78.26086956521739,64.28571428571429,82.10793606449425
114.0,77.41935483870968,63.1578947368421,81.53703454708943
150.0,92.46575342465754,85.98726114649682,92.97164859846774
180.0,94.61756373937678,89.78494623655914,94.87347653766408
209.0,93.46733668341709,87.73584905660378,93.84191932726168
222.0,92.49394673123487,86.03603603603604,92.98700871522718
213.0,94.14634146341463,88.94009216589862,94.44603792017396
206.0,91.00257069408741,83.49056603773585,91.71028231885391
181.0,89.42598187311178,80.87431693989072,90.40217805897551
164.0,81.00358422939068,68.07228915662651,83.98321127427634
103.0,76.64670658682635,62.13592233009708,81.0290483297995
117.0,75.13227513227513,60.16949152542372,80.03784425587621
150.0,92.56756756756756,86.16352201257862,93.05977815291494
182.0,94.73684210526315,90.0,94.98100189981002
207.0,93.43434343434343,87.67772511848341,93.81285787839914
222.0,91.74757281553399,84.75336322869956,92.34267277205078
214.0,94.6341463414634,89.81481481481481,94.8853994845552
206.0,92.26804123711341,85.64593301435407,92.79296470706903
176.0,89.90825688073394,81.66666666666667,90.80035246223856
165.0,81.42857142857143,68.67469879518072,84.28541379773418
106.0,73.80952380952381,58.490566037735846,79.20138311065864
115.0,75.93582887700535,61.206896551724135,80.55854257782794
147.0,92.83276450511946,86.62420382165605,93.29111869739877
189.0,95.08196721311475,90.625,95.29450071997121
208.0,94.29280397022333,89.2018779342723,94.57793252533244
228.0,90.9090909090909,83.33333333333334,91.62865602368664
215.0,93.68932038834951,88.12785388127854,94.03791809763264
207.0,92.6208651399491,86.25592417061611,93.09895860489041
189.0,86.72566371681415,76.5625,88.23627608487077
168.0,80.56537102473497,67.45562130177515,83.6728787664243
101.0,0.0,0.0,49.89935427295919
88.0,76.38888888888889,61.79775280898876,80.86495848585749
134.0,88.88888888888889,80.0,89.97303667012862
175.0,69.19431279620854,52.89855072463768,76.3193533155469
202.0,73.85892116182573,58.55263157894737,79.15031074927208
214.0,90.32258064516128,82.35294117647058,91.13746590767362
210.0,81.25,68.42105263157895,84.12651623457973
206.0,88.2051282051282,78.89908256880734,89.4035449641093
184.0,76.11940298507463,61.44578313253012,80.6269357059608
169.0,53.898305084745765,36.89095127610209,68.17356808661853
35.0,92.7536231884058,86.48648648648648,93.23825760189034
43.0,90.32258064516128,82.35294117647058,91.16749464376646
46.0,94.84536082474226,90.19607843137256,95.09305218197393
37.0,93.67088607594937,88.09523809523809,94.04263290908416
21.0,75.67567567567568,60.86956521739131,80.42581167452238
35.0,94.11764705882352,88.88888888888889,94.44045593136212
46.0,92.63157894736842,86.27450980392157,93.13027333330204
51.0,96.22641509433963,92.72727272727272,96.35964633869871
43.0,95.55555555555556,91.48936170212765,95.74069146283651
23.0,95.65217391304348,91.66666666666666,95.83133947441878
37.0,94.28571428571428,89.1891891891892,94.5906060019695
46.0,94.84536082474226,90.19607843137256,95.09305218197393
55.0,96.42857142857143,93.10344827586206,96.5477338741746
48.0,94.94949494949495,90.38461538461539,95.18732055911134
35.0,87.87878787878788,78.37837837837837,89.18121264024309
38.0,96.0,92.3076923076923,96.15085453039183
49.0,95.14563106796116,90.74074074074075,95.36538303819411
58.0,92.56198347107438,86.15384615384616,93.0679446252072
51.0,96.15384615384616,92.5925925925926,96.29230635095854
37.0,94.5945945945946,89.74358974358975,94.86780612007473
41.0,96.3855421686747,93.02325581395348,96.50863604484175
52.0,92.72727272727272,86.4406779661017,93.21235893317554
61.0,96.06299212598425,92.42424242424242,96.2071326857319
56.0,97.3913043478261,94.91525423728814,97.45463430140543
40.0,96.20253164556962,92.6829268292683,96.33847167184425
48.0,96.84210526315789,93.87755102040816,96.93578328997667
57.0,91.66666666666666,84.61538461538461,92.2977164492697
68.0,96.29629629629629,92.85714285714286,96.42358250398402
56.0,96.55172413793103,93.33333333333333,96.66267624368183
40.0,87.32394366197182,77.5,88.74102602452886
53.0,90.74074074074075,83.05084745762711,91.51544906446101
60.0,91.47286821705426,84.28571428571429,92.13188282276616
68.0,93.5251798561151,87.83783783783784,93.90993885466156
63.0,93.23308270676691,87.32394366197182,93.65299230430675
54.0,94.54545454545455,89.65517241379311,94.82160105008545
60.0,93.44262295081968,87.6923076923077,93.83817284094624
64.0,93.12977099236642,87.14285714285714,93.56244922392783
73.0,96.5986394557823,93.42105263157895,96.70553679378568
64.0,94.11764705882352,88.88888888888889,94.43646232439336
52.0,96.29629629629629,92.85714285714286,96.42458132403068
47.0,91.2621359223301,83.92857142857143,91.95530887453228
47.0,92.15686274509804,85.45454545454545,92.71929331415856
49.0,92.45283018867924,85.96491228070175,92.97447640886884
39.0,94.87179487179486,90.2439024390244,95.1179623086843
24.0,45.16129032258064,29.166666666666668,64.56639059977277
46.0,95.65217391304348,91.66666666666666,95.82934386552834
52.0,95.41284403669725,91.22807017543859,95.60904745704337
57.0,93.33333333333333,87.5,93.74201915403033
50.0,99.00990099009901,98.0392156862745,99.01861035680281
30.0,80.0,66.66666666666666,83.3233644362921
44.0,93.47826086956522,87.75510204081633,93.87156693806719
52.0,95.41284403669725,91.22807017543859,95.60904745704337
59.0,94.3089430894309,89.23076923076924,94.6084010964892
51.0,96.15384615384616,92.5925925925926,96.29230635095854
34.0,77.96610169491525,63.888888888888886,81.93148410308899
55.0,91.58878504672897,84.48275862068965,92.23240211242754
60.0,91.93548387096774,85.07462686567165,92.52733717632631
64.0,95.38461538461539,91.17647058823529,95.5822489429982
55.0,92.85714285714286,86.66666666666667,93.32535312425185
44.0,74.28571428571429,59.09090909090909,79.5275083839391
62.0,88.33333333333333,79.1044776119403,89.53827316145565
65.0,96.12403100775194,92.53731343283582,96.26366809048503
65.0,96.2406015037594,92.7536231884058,96.37182276917098
63.0,94.57364341085271,89.70588235294117,94.84595723952556
45.0,79.48717948717949,65.95744680851064,82.96276967008441
65.0,95.3125,91.04477611940298,95.51640182803432
66.0,95.65217391304348,91.66666666666666,95.82734650435708
68.0,96.35036496350365,92.95774647887323,96.47388421528974
64.0,96.875,93.93939393939394,96.96570606895068
37.0,86.15384615384616,75.67567567567568,87.82886439921616
80.0,89.03225806451613,80.23255813953489,90.0993153720805
68.0,92.08633093525181,85.33333333333334,92.65569125159642
68.0,94.8905109489051,90.27777777777779,95.1319043944665
67.0,97.05882352941177,94.28571428571428,97.13886592353964
51.0,86.95652173913044,76.92307692307693,88.44957101299849
72.0,92.41379310344827,85.8974358974359,92.93774187655526
67.0,93.5251798561151,87.83783783783784,93.90993885466156
68.0,93.7062937062937,88.1578947368421,94.0699669457425
71.0,95.83333333333334,92.0,95.99401281258109
53.0,87.5,77.77777777777779,88.87692096293046
90.0,92.3076923076923,85.71428571428571,92.8431685698315
93.0,92.70833333333334,86.40776699029125,93.18990781283286
91.0,92.06349206349206,85.29411764705883,92.63208547608785
64.0,66.66666666666666,50.0,74.96809189534142
26.0,0.0,0.0,49.97409119897959
108.0,89.75609756097562,81.41592920353983,90.6869998225989
141.0,91.66666666666666,84.61538461538461,92.28371340912305
155.0,90.97222222222221,83.43949044585987,91.69376860188888
153.0,89.8360655737705,81.54761904761905,90.74283368496383
153.0,93.81107491856677,88.34355828220859,94.15279129332687
175.0,96.53179190751445,93.29608938547486,96.6360468523487
191.0,95.97855227882037,92.26804123711341,96.1190197185027
207.0,94.81481481481482,90.14084507042254,95.04941581306018
208.0,96.65071770334929,93.51851851851852,96.74525197547169
190.0,93.33333333333333,87.5,93.72500049999
166.0,95.97523219814241,92.26190476190477,96.11795783866015
120.0,94.4206008583691,89.43089430894308,94.7024642918502
83.0,90.9090909090909,83.33333333333334,91.65269628387817
117.0,93.21266968325791,87.28813559322035,93.62908966468278
155.0,96.02649006622516,92.35668789808918,96.16635138443465
162.0,95.56962025316456,91.51515151515152,95.74358275407751
169.0,94.8948948948949,90.28571428571428,95.12586326065473
172.0,96.42857142857143,93.10344827586206,96.5397274969905
192.0,94.39999999999999,89.39393939393939,94.6759692769613
199.0,96.98492462311557,94.14634146341463,97.06116665031963
218.0,96.14512471655328,92.57641921397381,96.27119735816775
228.0,96.26373626373626,92.79661016949152,96.38129045216174
220.0,97.24770642201835,94.64285714285714,97.30941992520329
187.0,94.36997319034852,89.34010152284264,94.64905076142132
134.0,94.11764705882352,88.88888888888889,94.42946122564949
90.0,90.36144578313254,82.41758241758241,91.19282346363642
125.0,90.2127659574468,82.17054263565892,91.06230347281247
160.0,92.3076923076923,85.71428571428571,92.83215585038637
168.0,95.0920245398773,90.64327485380117,95.30564414407937
171.0,95.90643274853801,92.13483146067416,96.05341908953086
186.0,94.11764705882352,88.88888888888889,94.42344780390692
207.0,94.02985074626866,88.73239436619718,94.34219094147578
204.0,95.1219512195122,90.69767441860465,95.32882960641322
226.0,96.7032967032967,93.61702127659575,96.79349742667165
234.0,97.6545842217484,95.41666666666667,97.69732166096063
231.0,96.32829373650108,92.91666666666667,96.44131733829799
205.0,97.0873786407767,94.33962264150944,97.15780555798858
141.0,94.02985074626866,88.73239436619718,94.35021316711459
89.0,90.36144578313254,82.41758241758241,91.19282346363642
132.0,92.0,85.18518518518519,92.57261696286086
160.0,96.83544303797468,93.86503067484662,96.92251993530829
177.0,92.79538904899135,86.55913978494624,93.25457739022379
185.0,95.34246575342465,91.09947643979058,95.5327388998681
193.0,94.11764705882352,88.88888888888889,94.42244444444444
210.0,94.43099273607749,89.44954128440367,94.70176189887938
221.0,94.57013574660633,89.69957081545064,94.82576955726401
238.0,96.23430962343096,92.74193548387096,96.35294828091759
244.0,97.34151329243353,94.82071713147411,97.39734242572344
242.0,96.91991786447639,94.02390438247012,96.9969341696091
212.0,97.39952718676122,94.93087557603687,97.45443118405606
147.0,95.0354609929078,90.54054054054053,95.25628202040015
95.0,92.13483146067416,85.41666666666666,92.69435960394459
132.0,94.57364341085271,89.70588235294117,94.83895628015861
166.0,96.63608562691131,93.49112426035504,96.73456608875243
177.0,94.08450704225352,88.82978723404256,94.393897396341
191.0,93.61702127659575,88.0,93.976
197.0,93.96325459317585,88.61386138613861,94.2839293129865
210.0,94.96402877697841,90.41095890410958,95.1844702079874
237.0,93.53448275862068,87.85425101214574,93.89710088588433
240.0,95.27720739219713,90.98039215686275,95.46717028954782
255.0,96.44268774703558,93.12977099236642,96.54686098284506
258.0,94.23459244532803,89.09774436090225,94.51983675723481
215.0,96.47058823529412,93.18181818181817,96.57590038586015
141.0,94.11764705882352,88.88888888888889,94.42845978971299
87.0,94.04761904761905,88.76404494382022,94.37204183434697
143.0,91.97080291970804,85.13513513513513,92.54558954558955
169.0,96.71641791044776,93.64161849710982,96.80981232769274
193.0,90.9090909090909,83.33333333333334,91.63166736665266
199.0,94.41624365482234,89.42307692307693,94.68953406065829
202.0,95.45454545454545,91.30434782608695,95.63416923182636
228.0,94.61883408071749,89.7872340425532,94.86960020950835
239.0,93.50104821802935,87.79527559055119,93.86660862785821
249.0,91.78356713426854,84.81481481481481,92.36636390129091
269.0,93.38374291115312,87.58865248226951,93.75927647046039
275.0,92.83018867924528,86.61971830985915,93.27180588034516
221.0,95.45454545454545,91.30434782608695,95.63216030378918
161.0,93.37748344370861,87.5776397515528,93.76883386598325
104.0,89.94708994708994,81.73076923076923,90.84641913256335
146.0,92.47311827956989,86.0,92.97901972146182
170.0,97.93510324483776,95.95375722543352,97.96988001243682
186.0,92.38845144356955,85.85365853658537,92.89782926829268
196.0,93.60613810741688,87.98076923076923,93.96538111489454
212.0,94.40389294403893,89.40092165898618,94.6774525465112
228.0,95.04504504504504,90.55793991416309,95.256954546294
239.0,92.11618257261411,85.38461538461539,92.65427270011489
255.0,96.13899613899613,92.56505576208178,96.26249863834656
270.0,94.65930018416206,89.86013986013987,94.90102287383884
276.0,95.76427255985267,91.87279151943463,95.91335705469287
229.0,96.29629629629629,92.85714285714286,96.41155611478902
163.0,93.54838709677419,87.87878787878788,93.9194063317107
103.0,91.57894736842105,84.46601941747572,92.21703813813353
151.0,91.9298245614035,85.06493506493507,92.50948821385428
171.0,97.36070381231671,94.85714285714286,97.4195732282115
197.0,94.14758269720102,88.9423076923077,94.44814970540851
205.0,95.0,90.47619047619048,95.2180896365268
217.0,95.05882352941177,90.5829596412556,95.27046889494645
233.0,95.05376344086022,90.57377049180327,95.26386452725487
245.0,91.96787148594377,85.13011152416357,92.52501331709009
269.0,95.50561797752809,91.39784946236558,95.67488675117438
276.0,95.82577132486388,91.98606271777004,95.9699908075146
280.0,96.42857142857143,93.10344827586206,96.53168646710989
230.0,95.72649572649573,91.80327868852459,95.88162012581259
171.0,94.18960244648318,89.01734104046243,94.48967887655444
104.0,91.83673469387756,84.90566037735849,92.43685766142613
113.0,94.44444444444444,89.47368421052632,94.7248598390172
148.0,96.55172413793103,93.33333333333333,96.6566738614864
158.0,91.3907284768212,84.14634146341463,92.04719047670112
167.0,94.47852760736197,89.53488372093024,94.74944977698185
160.0,94.6372239747634,89.82035928143712,94.89318847612415
189.0,94.79452054794521,90.10416666666666,95.03308447326492
193.0,94.30051813471503,89.2156862745098,94.58584049693806
227.0,93.62637362637362,88.01652892561982,93.97924298691775
227.0,94.69026548672566,89.91596638655463,94.93396493940438
222.0,93.20843091334895,87.28070175438597,93.61133753105376
205.0,95.5,91.38755980861244,95.67577450268574
167.0,88.66666666666667,79.64071856287424,89.78638849631233
218.0,62.893081761006286,45.87155963302752,72.81795890430033
124.0,91.91489361702128,85.03937007874016,92.5007108442754
155.0,95.01661129568106,90.50632911392405,95.23817445043234
170.0,94.54545454545455,89.65517241379311,94.8095934040177
173.0,96.20991253644316,92.69662921348315,96.33531746611251
181.0,95.12893982808023,90.7103825136612,95.33819465615075
201.0,93.19371727748691,87.25490196078431,93.60144994035056
201.0,96.7741935483871,93.75,96.86199505812209
231.0,94.04255319148936,88.75502008032129,94.34948481746022
235.0,92.47311827956989,86.0,92.96497267868938
238.0,94.34782608695652,89.30041152263375,94.62418442382013
216.0,95.01187648456056,90.49773755656109,95.22785869343981
174.0,87.37864077669903,77.58620689655173,88.75413540207376
183.0,66.42335766423358,49.72677595628415,74.7715441127133
129.0,91.73553719008265,84.7328244274809,92.34643817998433
159.0,95.48387096774194,91.35802469135803,95.66502018129106
173.0,94.29429429429429,89.20454545454545,94.58327994453018
182.0,94.9438202247191,90.37433155080214,95.16916829504831
186.0,94.67787114845937,89.8936170212766,94.92781117026595
209.0,93.79652605459057,88.3177570093458,94.13387200298247
213.0,95.30516431924883,91.03139013452915,95.49568426142943
236.0,95.0,90.47619047619048,95.21407025210982
245.0,93.19587628865979,87.25868725868726,93.59631059631059
260.0,92.84253578732107,86.64122137404581,93.28557495057173
224.0,97.74774774774775,95.59471365638767,97.78734862146432
186.0,88.02395209580838,78.6096256684492,89.2648360207764
173.0,71.37546468401487,55.49132947976878,77.66878774307928
134.0,92.06349206349206,85.29411764705883,92.62708279476392
161.0,94.9367088607595,90.36144578313254,95.16473120724211
184.0,92.26361031518626,85.63829787234043,92.79215703374095
190.0,94.90616621983914,90.3061224489796,95.13406084448219
191.0,94.33962264150944,89.28571428571429,94.62185756284875
222.0,93.58669833729216,87.94642857142857,93.94620294094949
226.0,92.76018099547511,86.49789029535864,93.21692657690828
243.0,93.0327868852459,86.97318007662835,93.45255532290446
257.0,93.43936381709742,87.68656716417911,93.81024459608606
272.0,92.75929549902152,86.4963503649635,93.21112998734368
226.0,96.0352422907489,92.37288135593221,96.16842554525462
190.0,88.30409356725146,79.05759162303664,89.48881580152333
212.0,65.39682539682539,48.58490566037736,74.183611738183
136.0,93.58490566037736,87.94326241134752,93.95464886730566
172.0,95.46827794561933,91.32947976878613,95.64974528244976
188.0,91.71270718232044,84.6938775510204,92.31694477431046
195.0,94.81865284974094,90.14778325123153,95.05388882522371
199.0,93.47258485639686,87.74509803921569,93.84754751951783
225.0,93.02325581395348,86.95652173913044,93.44824646264989
228.0,92.7038626609442,86.4,93.16597277822258
253.0,93.06930693069307,87.03703703703704,93.48347716972694
270.0,92.54302103250478,86.12099644128114,93.02144667259715
276.0,95.11278195488721,90.68100358422939,95.31446169035799
233.0,95.44468546637745,91.28630705394191,95.62213503069424
194.0,88.0,78.57142857142857,89.24373275758666
204.0,66.22950819672131,49.50980392156863,74.65205622938143
153.0,91.54929577464789,84.4155844155844,92.18381426749728
177.0,95.90643274853801,92.13483146067416,96.05341908953086
218.0,88.7218045112782,79.72972972972973,89.81986396484687
222.0,91.64677804295943,84.58149779735683,92.25573769509327
213.0,93.85749385749385,88.42592592592592,94.18795546071229
232.0,93.48314606741573,87.76371308016878,93.85283796819839
248.0,91.16465863453816,83.76383763837639,91.83787389336385
258.0,90.83820662768031,83.21428571428572,91.56008921599195
277.0,92.6829268292683,86.36363636363636,93.14276272306677
286.0,93.55432780847146,87.88927335640139,93.90958199289162
243.0,96.88149688149689,93.95161290322581,96.96078933209667
210.0,86.1788617886179,75.71428571428571,87.80616019124926
212.0,67.5,50.943396226415096,75.3678393611104
145.0,94.24460431654677,89.1156462585034,94.54183751630336
176.0,96.18768328445748,92.65536723163842,96.31468673507058
202.0,91.53439153439153,84.39024390243902,92.16312387110432
219.0,93.11163895486936,87.1111111111111,93.5265439509137
209.0,94.55445544554455,89.67136150234741,94.8136741491931
231.0,92.7927927927928,86.5546218487395,93.24529171284284
243.0,91.60000000000001,84.50184501845018,92.20887794198381
264.0,91.69811320754717,84.66898954703834,92.29043573440676
280.0,94.18181818181817,89.00343642611683,94.46966500473259
290.0,94.98207885304659,90.44368600682594,95.19379307453957
252.0,97.80439121756487,95.703125,97.84054729902265
228.0,87.192118226601,77.29257641921397,88.5942871695862
227.0,66.07669616519173,49.33920704845815,74.55475053605394
159.0,89.65517241379311,81.25,90.59502757463133
188.0,94.70752089136491,89.94708994708994,94.9545472532714
228.0,87.59124087591242,77.92207792207793,88.91003488071254
234.0,92.61744966442953,86.25,93.09197952730693
211.0,93.62745098039215,88.0184331797235,93.98320878752105
238.0,91.93899782135077,85.08064516129032,92.50329666250245
256.0,92.42718446601941,85.92057761732852,92.92124038862342
269.0,92.3076923076923,85.71428571428571,92.81507891995832
293.0,94.9389179755672,90.36544850498339,95.15366846538045
295.0,95.81881533101046,91.9732441471572,95.96257445930233
282.0,93.0841121495327,87.06293706293707,93.494414432484
237.0,87.73584905660378,78.15126050420169,89.02361985002042
225.0,71.42857142857143,55.55555555555556,77.67787967384379
269.0,37.23723723723724,22.878228782287824,61.230589827149814
289.0,21.052631578947366,11.76470588235294,55.62807509027303
260.0,40.65040650406504,25.510204081632654,62.46354520720342
233.0,73.84615384615385,58.536585365853654,79.16635792117435
232.0,78.97435897435898,65.2542372881356,82.54515470819959
242.0,48.467966573816156,31.985294117647058,65.80797577371102
253.0,55.172413793103445,38.095238095238095,68.86585170981144
269.0,89.70873786407768,81.33802816901408,90.61595572030643
305.0,80.85758039816233,67.86632390745501,83.80794156584483
322.0,91.48264984227129,84.30232558139535,92.0970393893426
322.0,91.96428571428571,85.12396694214877,92.50783944797294
346.0,86.08582574772431,75.57077625570776,87.67805539638633
254.0,68.95306859205776,52.61707988980716,76.13648832941892
49.0,80.0,66.66666666666666,83.31139126040586
58.0,93.44262295081968,87.6923076923077,93.83817284094624
110.0,88.42975206611571,79.25925925925927,89.60166821637992
106.0,84.68468468468468,73.4375,86.68480566870332
97.0,93.0,86.91588785046729,93.44396712671919
102.0,93.93939393939394,88.57142857142857,94.27373417270188
92.0,94.6236559139785,89.79591836734694,94.8879767527519
90.0,93.4065934065934,87.62886597938144,93.80245479001414
84.0,97.6470588235294,95.40229885057471,97.69715685147465
82.0,94.54545454545455,89.65517241379311,94.81860381238978
81.0,94.47852760736197,89.53488372093024,94.75845964525125
81.0,95.59748427672956,91.56626506024097,95.77614650217636
72.0,94.5945945945946,89.74358974358975,94.86381179591574
53.0,85.47008547008546,74.6268656716418,87.29647556813546
53.0,92.15686274509804,85.45454545454545,92.71929331415856
75.0,86.45161290322581,76.13636363636364,88.0472274985985
59.0,89.60000000000001,81.15942028985508,90.56674127022681
107.0,80.34934497816593,67.15328467153284,83.53171780897144
116.0,89.06882591093117,80.2919708029197,90.11902099447707
111.0,91.45299145299145,84.25196850393701,92.10601181393298
116.0,92.64069264069265,86.29032258064517,93.1281847179924
108.0,88.47926267281106,79.33884297520662,89.64446142370555
101.0,91.66666666666666,84.61538461538461,92.28971998506914
95.0,92.15686274509804,85.45454545454545,92.71129892430959
89.0,96.7032967032967,93.61702127659575,96.80252117974493
89.0,92.97297297297298,86.86868686868688,93.42136679229911
87.0,92.81767955801105,86.5979381443299,93.28599294823299
79.0,96.25,92.7710843373494,96.37955402519877
73.0,95.36423841059603,91.13924050632912,95.56263478294262
57.0,92.3076923076923,85.71428571428571,92.84816476369087
72.0,88.0,78.57142857142857,89.26775379878553
56.0,96.42857142857143,93.10344827586206,96.5477338741746
117.0,77.6255707762557,63.43283582089553,81.66750692843503
110.0,86.19246861924687,75.73529411764706,87.83469516858328
122.0,93.87755102040816,88.46153846153845,94.21578750847044
118.0,93.72384937238493,88.18897637795276,94.0795073644318
114.0,90.66666666666666,82.92682926829268,91.44244566821591
102.0,93.02325581395348,86.95652173913044,93.46328363496181
108.0,91.96428571428571,85.12396694214877,92.54400971276152
98.0,96.44670050761421,93.13725490196079,96.5616387726393
95.0,94.35897435897435,89.32038834951457,94.64921262376296
96.0,93.19371727748691,87.25490196078431,93.61447356110173
84.0,95.90643274853801,92.13483146067416,96.0604288656427
81.0,96.3855421686747,93.02325581395348,96.50563940490073
70.0,88.7218045112782,79.72972972972973,89.8498998829226
73.0,87.01298701298701,77.01149425287356,88.48579063159553
80.0,83.75,72.04301075268818,85.99556193305047
117.0,82.72727272727273,70.54263565891473,85.23338231982373
108.0,80.8695652173913,67.88321167883211,83.8976787583706
120.0,92.88702928870293,86.71875,93.34239707130729
119.0,90.61224489795919,82.83582089552239,91.39494030894167
121.0,91.56626506024097,84.44444444444444,92.2012482299726
119.0,90.9090909090909,83.33333333333334,91.64569644438232
119.0,93.33333333333333,87.5,93.73402045381911
106.0,91.9431279620853,85.08771929824562,92.52688646675095
98.0,90.81081081081082,83.16831683168317,91.5671896383921
95.0,96.2566844919786,92.78350515463917,96.38476459664635
91.0,97.2972972972973,94.73684210526315,97.36342963786497
89.0,97.75280898876404,95.6043956043956,97.79820490954671
81.0,95.59748427672956,91.56626506024097,95.77614650217636
73.0,88.1578947368421,78.82352941176471,89.39380386052522
80.0,84.61538461538461,73.33333333333333,86.64271935076165
114.0,36.12903225806451,22.04724409448819,60.92491422240561
113.0,78.22222222222223,64.23357664233576,82.06787440965215
117.0,91.52542372881356,84.375,92.16752716305824
124.0,90.19607843137256,82.14285714285714,91.04645903426392
127.0,89.14728682170544,80.41958041958041,90.18182432816579
123.0,89.07563025210085,80.3030303030303,90.1255515006264
119.0,89.59276018099548,81.14754098360656,90.55080585734035
120.0,63.2768361581921,46.28099173553719,73.075651494265
112.0,82.75862068965517,70.58823529411765,85.25918192878046
97.0,90.81081081081082,83.16831683168317,91.5671896383921
99.0,94.0,88.67924528301887,94.32764228928707
90.0,96.62921348314607,93.47826086956522,96.73314121537754
86.0,95.85798816568047,92.04545454545455,96.01574054750519
74.0,86.45161290322581,76.13636363636364,88.0472274985985
81.0,84.39306358381504,73.0,86.47305550565834
118.0,74.17840375586854,58.95522388059702,79.4227184337013
109.0,73.68421052631578,58.333333333333336,79.11177535147075
115.0,89.59276018099548,81.14754098360656,90.55080585734035
130.0,90.11857707509881,82.01438848920863,90.98222520621194
133.0,89.92248062015504,81.69014084507043,90.81910158514009
131.0,85.59322033898306,74.81481481481481,87.373458331022
121.0,80.78817733990148,67.76859504132231,83.8453707030782
123.0,0.0,0.0,49.87743144132653
115.0,60.0,42.857142857142854,71.36074100463128
99.0,93.12169312169311,87.12871287128714,93.55137927544551
103.0,95.23809523809523,90.9090909090909,95.44456063147652
95.0,93.04812834224599,87.0,93.487023098884
87.0,94.85714285714286,90.21739130434783,95.09971236109531
73.0,77.37226277372264,63.095238095238095,81.51669512047981
87.0,88.62275449101796,79.56989247311827,89.76598491764972
122.0,74.56140350877193,59.44055944055944,79.66238508850954
101.0,68.44919786096256,52.03252032520326,75.95739202722487
109.0,86.27450980392157,75.86206896551724,87.90308367617821
138.0,87.87878787878788,78.37837837837837,89.15722754316442
131.0,84.21052631578947,72.72727272727273,86.32469244288225
124.0,54.97076023391813,37.903225806451616,68.87481105200197
135.0,0.0,0.0,49.86547353316326
123.0,0.0,0.0,49.87743144132653
118.0,41.05960264900662,25.833333333333336,62.82792402034101
101.0,89.24731182795699,80.58252427184466,90.27129926685879
104.0,94.28571428571428,89.1891891891892,94.58261304617915
90.0,95.02762430939227,90.52631578947368,95.25417406562924
87.0,95.34883720930233,91.11111111111111,95.54757056733341
80.0,82.71604938271605,70.52631578947368,85.2352188019591
103.0,77.83783783783784,63.716814159292035,81.81749218263181
117.0,60.51282051282051,43.38235294117647,71.61435622995133
93.0,81.9672131147541,69.44444444444444,84.68928874784048
129.0,90.0,81.81818181818183,90.8851235047608
130.0,88.88888888888889,80.0,89.97203579418344
138.0,84.16988416988417,72.66666666666667,86.29238819981225
123.0,0.0,0.0,49.87743144132653
126.0,0.0,0.0,49.874441964285715
124.0,81.73913043478261,69.11764705882352,84.51689229663353
124.0,80.7017543859649,67.64705882352942,83.77960320778739
104.0,62.251655629139066,45.19230769230769,72.53930052771543
101.0,93.26923076923077,87.38738738738738,93.67971577879923
92.0,94.17989417989418,89.0,94.48901910675424
88.0,90.6832298136646,82.95454545454545,91.46230356374959
54.0,63.29113924050633,46.2962962962963,73.1192354644529
109.0,0.0,0.0,49.891382334183675
122.0,0.0,0.0,49.87842793367347
116.0,88.78923766816143,79.83870967741935,89.89439327951084
109.0,92.3076923076923,85.71428571428571,92.84016797996108
109.0,91.78743961352657,84.82142857142857,92.39374178117164
95.0,95.83333333333334,92.0,95.99201341745867
90.0,93.12169312169311,87.12871287128714,93.55137927544551
87.0,95.55555555555556,91.48936170212765,95.73669522519039
86.0,92.73743016759776,86.45833333333334,93.21619080177537
83.0,93.02325581395348,86.95652173913044,93.46628386541317
78.0,93.16770186335404,87.20930232558139,93.59367333799678
79.0,95.65217391304348,91.66666666666666,95.82634716594475
62.0,85.96491228070175,75.38461538461539,87.67634822934363
58.0,0.0,0.0,49.94220344387755
83.0,0.0,0.0,49.91729113520408
104.0,66.25,49.532710280373834,74.71248765420245
120.0,0.0,0.0,49.88042091836735
123.0,88.42975206611571,79.25925925925927,89.60166821637992
114.0,93.91304347826087,88.52459016393442,94.24831409610799
111.0,93.33333333333333,87.5,93.73502126979689
101.0,93.8388625592417,88.39285714285714,94.18344856064518
101.0,92.82296650717703,86.60714285714286,93.2885950911845
97.0,91.4572864321608,84.25925925925925,92.11265848058301
93.0,94.73684210526315,90.0,94.9900171704668
88.0,91.30434782608695,84.0,91.98402938592989
85.0,94.91525423728814,90.32258064516128,95.1523068521662
84.0,94.79768786127167,90.10989010989012,95.04596194319515
75.0,93.67088607594937,88.09523809523809,94.03763940608776
60.0,75.72815533980582,60.9375,80.44381831282287
87.0,0.0,0.0,49.913305165816325
105.0,69.46107784431138,53.21100917431193,76.55462466377514
121.0,0.0,0.0,49.87942442602041
126.0,90.83665338645417,83.21167883211679,91.5828679007374
118.0,91.80327868852459,84.84848484848484,92.4042679915163
117.0,92.9460580912863,86.82170542635659,93.3938744453611
111.0,92.37668161434978,85.83333333333333,92.8996914504823
104.0,92.5925925925926,86.20689655172413,93.08747255895177
105.0,93.39622641509435,87.61061946902655,93.79133126136192
94.0,94.41624365482234,89.42307692307693,94.7005566912771
98.0,95.04950495049505,90.56603773584906,95.27303484236542
95.0,92.78350515463917,86.53846153846155,93.25525480788428
83.0,92.65536723163842,86.31578947368422,93.14491913098112
81.0,95.23809523809523,90.9090909090909,95.44656078511076
75.0,87.4074074074074,77.63157894736842,88.79882916081631
89.0,0.0,0.0,49.91131218112245
100.0,65.40880503144653,48.598130841121495,74.24420148312558
119.0,65.93406593406593,49.18032786885246,74.52830744148984
126.0,88.6178861788618,79.56204379562044,89.7530593676007
124.0,90.9090909090909,83.33333333333334,91.64369469247518
125.0,93.65079365079364,88.05970149253731,94.01386928476401
124.0,90.5511811023622,82.73381294964028,91.34293571914208
108.0,93.15068493150685,87.17948717948718,93.57476575693615
115.0,95.76271186440678,91.869918699187,95.92497193373748
105.0,91.9431279620853,85.08771929824562,92.52688646675095
97.0,92.7536231884058,86.48648648648648,93.22826720490458
98.0,92.7536231884058,86.48648648648648,93.22826720490458
92.0,93.6842105263158,88.11881188118812,94.04742678432596
84.0,92.22222222222223,85.56701030927834,92.7695311462947
83.0,96.34146341463415,92.94117647058823,96.46459985275624
90.0,43.47826086956522,27.77777777777778,63.82408459784783
100.0,62.745098039215684,45.714285714285715,72.80028840454152
123.0,56.64739884393064,39.516129032258064,69.68325453348494
123.0,83.70044052863436,71.96969696969697,85.94790832790274
123.0,91.699604743083,84.67153284671532,92.3147915931539
130.0,93.02325581395348,86.95652173913044,93.46028100701128
129.0,90.0,81.81818181818183,90.88312155293117
119.0,90.9090909090909,83.33333333333334,91.64569644438232
116.0,93.69369369369369,88.13559322033898,94.05381674118082
110.0,81.86528497409327,69.2982456140351,84.6141905755466
113.0,85.97285067873304,75.39682539682539,87.66746283718788
102.0,91.58878504672897,84.48275862068965,92.22340734660825
99.0,95.09803921568627,90.65420560747664,95.31711857881369
93.0,93.33333333333333,87.5,93.73702206249376
86.0,94.85714285714286,90.21739130434783,95.09971236109531
92.0,88.13559322033898,78.78787878787878,89.3729804734236
100.0,60.526315789473685,43.39622641509434,71.638268802999
125.0,56.17977528089888,39.0625,69.45344606591391
125.0,90.3765690376569,82.44274809160305,91.19840528331851
125.0,91.63346613545816,84.55882352941177,92.25843735348757
130.0,92.96875,86.86131386861314,93.41267743094042
131.0,89.92248062015504,81.69014084507043,90.81910158514009
119.0,89.36170212765957,80.76923076923077,90.35965083427686
115.0,94.64285714285714,89.83050847457628,94.90327101380103
119.0,0.0,0.0,49.881417410714285
114.0,87.1111111111111,77.16535433070865,88.55372233488986
103.0,91.32420091324201,84.03361344537815,91.9978355588581
104.0,92.5233644859813,86.08695652173914,93.02750286298232
101.0,94.11764705882352,88.88888888888889,94.4324636137735
87.0,94.97206703910615,90.42553191489363,95.20378230768937
94.0,35.08771929824561,21.27659574468085,60.56452803423531
114.0,60.24096385542169,43.103448275862064,71.48589003985816
128.0,55.24861878453039,38.16793893129771,69.00317307255945
126.0,87.86610878661088,78.35820895522389,89.15014559921926
132.0,90.19607843137256,82.14285714285714,91.04645903426392
138.0,92.13483146067416,85.41666666666666,92.6873555697627
135.0,86.82170542635659,76.71232876712328,88.32220784792726
125.0,87.28813559322035,77.44360902255639,88.69184824742342
127.0,26.027397260273972,14.960629921259844,57.37265301912624
122.0,0.0,0.0,49.87842793367347
116.0,87.61061946902655,77.95275590551181,88.94842100645322
103.0,92.5925925925926,86.20689655172413,93.08747255895177
104.0,93.51851851851852,87.82608695652175,93.89906444680804
96.0,93.75,88.23529411764706,94.10566766338368
86.0,95.29411764705881,91.01123595505618,95.49763314870286
92.0,50.39370078740157,33.68421052631579,66.7792861821113
125.0,54.85714285714286,37.79527559055118,68.8188395188632
127.0,78.67298578199052,64.84375,82.37695854460702
134.0,90.76923076923077,83.09859154929578,91.52532358239091
134.0,89.2430278884462,80.57553956834532,90.26080429999242
135.0,88.88888888888889,80.0,89.97103475829005
130.0,87.3015873015873,77.46478873239437,88.70043655051388
118.0,64.36781609195403,47.45762711864407,73.66696200305707
129.0,0.0,0.0,49.8714524872449
122.0,82.88288288288288,70.76923076923077,85.34667911754407
123.0,86.91983122362869,76.86567164179104,88.40188101491226
106.0,92.72727272727272,86.4406779661017,93.20436262805624
106.0,92.95774647887323,86.8421052631579,93.40607569605966
91.0,92.63157894736842,86.27450980392157,93.12327949867057
85.0,89.03225806451613,80.23255813953489,90.0993153720805
125.0,0.0,0.0,49.87543845663265
128.0,0.0,0.0,49.87244897959184
138.0,0.0,0.0,49.86248405612245
121.0,0.0,0.0,49.87045599489796
124.0,0.0,0.0,49.79472257653062
124.0,0.0,0.0,49.849529655612244
120.0,0.0,0.0,49.79970503826531
132.0,0.0,0.0,49.788743622448976
134.0,0.0,0.0,49.825613839285715
137.0,0.0,0.0,49.71599968112245
119.0,0.0,0.0,49.859494579081634
111.0,0.0,0.0,49.88540338010204
112.0,0.0,0.0,49.888392857142854
81.0,0.0,0.0,49.91928411989796
75.0,0.0,0.0,49.923270089285715
161.0,0.0,0.0,49.783761160714285
242.0,0.6993006993006993,0.3508771929824561,49.892429129625256
341.0,46.18320610687023,30.024813895781637,64.73071680704575
380.0,0.0,0.0,49.55855389030612
379.0,0.0,0.0,49.59044164540816
404.0,86.08582574772431,75.57077625570776,87.67805539638633
389.0,49.25124792013311,32.671081677704194,66.03071154325764
395.0,1.2121212121212122,0.6097560975609756,49.81756415485348
386.0,66.58097686375322,49.90366088631985,74.69139812551262
338.0,79.15567282321899,65.50218340611353,82.5926988888776
299.0,81.18518518518518,68.3291770573566,84.03733911983697
251.0,84.26763110307414,72.8125,86.31915070680576
190.0,80.98765432098766,68.04979253112033,83.94791474112604
120.0,80.0,66.66666666666666,83.28340921798866
58.0,76.78571428571429,62.31884057971014,81.13348926637752
182.0,0.0,0.0,49.800701530612244
268.0,0.0,0.0,49.71699617346938
372.0,65.27331189710611,48.44868735083532,74.00822697239803
394.0,86.05263157894737,75.51963048498845,87.65349415280338
405.0,86.52291105121293,76.24703087885986,88.02322459598393
408.0,92.54108723135272,86.11764705882354,92.99959847420196
426.0,90.6801007556675,82.94930875576037,91.4003810520411
413.0,70.57444314185229,54.528985507246375,77.01286368094149
407.0,48.760330578512395,32.240437158469945,65.74821113908618
359.0,76.99876998769987,62.6,81.11248621222148
307.0,79.60893854748603,66.12529002320186,82.91632603623462
278.0,71.38728323699422,55.50561797752809,77.5545274289491
214.0,73.828125,58.51393188854489,79.1229310952117
151.0,74.82993197278913,59.78260869565217,79.81740189905847
70.0,74.45255474452554,59.30232558139535,79.61625007249319
190.0,0.0,0.0,49.74390146683674
281.0,0.0,0.0,49.68411192602041
385.0,63.06027820710973,46.04966139954853,72.78569678478188
410.0,44.5945945945946,28.695652173913043,64.02011447317665
415.0,72.17125382262996,56.45933014354066,78.04744640937547
427.0,60.67746686303387,43.551797040169134,71.50873822390686
428.0,69.83311938382542,53.64891518737672,76.58900552571785
420.0,60.52303860523038,43.392857142857146,71.37900322145961
414.0,0.0,0.0,49.33533960459184
368.0,75.30266343825666,60.38834951456311,79.98962246609535
314.0,78.01608579088472,63.95604395604395,81.81364390846198
285.0,71.34986225895317,55.46038543897216,77.52184686536825
224.0,72.33273056057867,56.657223796033996,78.17553842274887
172.0,73.49397590361446,58.0952380952381,78.9597139850866
76.0,74.21383647798741,59.0,79.45909571602449
209.0,0.0,0.0,49.73194355867347
316.0,0.0,0.0,49.66019610969388
421.0,63.2768361581921,46.28099173553719,72.88024602792234
424.0,71.22905027932961,55.31453362255966,77.45094081620762
449.0,76.50273224043715,61.94690265486725,80.80109282174179
437.0,86.94550063371355,76.90582959641256,88.34956962532887
436.0,86.3080684596577,75.91397849462366,87.84459135878645
438.0,75.65118912797281,60.83788706739527,80.2032619799879
424.0,0.0,0.0,49.35626594387755
383.0,73.77049180327869,58.44155844155844,78.99615476479158
331.0,75.94278283485045,61.21593291404612,80.42253625896356
286.0,71.12299465240642,55.18672199170125,77.37697149474864
229.0,81.07074569789675,68.16720257234726,83.98452995481505
179.0,80.77994428969359,67.7570093457944,83.80954742639003
91.0,71.03825136612022,55.08474576271186,77.48949028072933
218.0,0.0,0.0,49.70703125
348.0,0.0,0.0,49.60738201530612
442.0,65.4353562005277,48.627450980392155,74.05134766612942
457.0,61.94926568758344,44.87427466150871,72.1518177728495
449.0,71.50997150997152,55.654101995565405,77.62675054710668
447.0,54.14012738853503,37.117903930131,68.2709865209188
444.0,83.68298368298368,71.9438877755511,85.83142960550244
445.0,82.80542986425338,70.65637065637065,85.17560552493298
428.0,1.1644832605531297,0.5856515373352855,49.61615352119894
386.0,11.028315946348734,5.83596214511041,52.322636131491365
333.0,66.2020905923345,49.47916666666667,74.44794756736351
289.0,69.47368421052632,53.2258064516129,76.38049418589621
237.0,70.27914614121511,54.177215189873415,76.90746993031159
201.0,79.89821882951654,66.52542372881356,83.18374187300351
117.0,66.01941747572816,49.275362318840585,74.56783203353221
257.0,0.0,0.0,49.72397161989796
429.0,26.16487455197133,15.051546391752577,57.11462017110731
451.0,63.337713534822605,46.34615384615385,72.89371375095317
464.0,65.23489932885906,48.40637450199203,73.9438397253116
467.0,75.2,60.256410256410255,79.94180997047073
441.0,77.86790266512168,63.75711574952562,81.68694471264402
433.0,83.80187416331995,72.11981566820278,85.93857538318588
429.0,67.8237650200267,51.31313131313131,75.41518910915168
413.0,0.0,0.0,49.288504464285715
365.0,0.0,0.0,49.386160714285715
316.0,76.82291666666666,62.36786469344609,81.00550769605445
287.0,68.80856760374833,52.44897959183673,75.99111172344095
223.0,81.48148148148148,68.75,84.27993725859066
201.0,74.73684210526315,59.66386554621849,79.73599800874901
141.0,58.87445887445888,41.717791411042946,70.76410046324479
265.0,0.0,0.0,49.67315051020408
432.0,12.007504690431519,6.387225548902195,52.72595961554873
449.0,30.392156862745097,17.91907514450867,58.53424356031416
458.0,54.054054054054056,37.03703703703704,68.19542805318822
459.0,52.091767881241566,35.21897810218978,67.25436831004293
455.0,7.4074074074074066,3.8461538461538463,51.399699393418864
459.0,11.231884057971014,5.950095969289827,52.486464875660964
429.0,0.0,0.0,49.461894132653065
408.0,0.0,0.0,49.425023915816325
361.0,0.0,0.0,49.49278539540816
309.0,50.08347245409015,33.4075723830735,66.40494159072917
270.0,30.74074074074074,18.161925601750546,58.70765714938704
224.0,80.08048289738431,66.77852348993288,83.2902161840084
173.0,70.9090909090909,54.929577464788736,77.36890187888152
109.0,62.55924170616114,45.51724137931035,72.67979410813452
264.0,0.0,0.0,49.6402662627551
445.0,16.25441696113074,8.846153846153847,53.95030612714634
456.0,8.014571948998178,4.174573055028463,51.58383715159207
471.0,20.880913539967374,11.657559198542804,55.34486357117434
472.0,0.0,0.0,49.5296556122449
470.0,48.28660436137071,31.82751540041068,65.58189708166513
483.0,10.175438596491228,5.360443622920517,52.169722678909956
441.0,0.0,0.0,49.4011080994898
428.0,0.0,0.0,49.38516422193878
374.0,0.0,0.0,49.36722735969388
332.0,66.84350132625994,50.199203187250994,74.84922101514621
297.0,70.92198581560284,54.94505494505495,77.26722362282992
238.0,71.03109656301146,55.0761421319797,77.36092580687738
203.0,79.51807228915662,66.0,82.91501869588691
138.0,62.94820717131474,45.93023255813954,72.87229634973268
218.0,0.0,0.0,49.76582429846938
285.0,0.0,0.0,49.71599968112245
421.0,0.0,0.0,49.58047672193878
405.0,0.0,0.0,49.59044164540816
425.0,0.936768149882904,0.4705882352941176,49.813761052713026
417.0,56.761268781302164,39.62703962703963,69.55455088979066
428.0,29.757785467128027,17.479674796747968,58.33456688529752
426.0,0.0,0.0,49.50175382653062
410.0,57.994579945799465,40.839694656488554,70.10961154905209
355.0,69.81627296587926,53.62903225806451,76.58410138248848
302.0,79.53890489913545,66.02870813397129,82.87206949784736
262.0,79.7274275979557,66.28895184135978,83.02533772036753
208.0,85.45034642032333,74.59677419354838,87.23537575473263
172.0,71.16104868913857,55.23255813953488,77.53940360801548
142.0,55.44554455445545,38.35616438356164,69.088297674622
240.0,0.0,0.0,49.66816804846938
364.0,0.0,0.0,49.637276785714285
433.0,0.0,0.0,49.56851881377551
431.0,1.839080459770115,0.9280742459396751,50.038500967345186
436.0,33.587786259541986,20.18348623853211,59.74435452319514
437.0,83.62183754993342,71.85354691075516,85.80343303581958
437.0,63.22378716744914,46.224256292906176,72.87700588287603
433.0,0.0,0.0,49.505739795918366
421.0,0.0,0.0,49.44794323979592
364.0,66.08695652173913,49.35064935064935,74.44108106196678
315.0,77.12230215827338,62.76346604215457,81.22243992177457
277.0,70.67238912732475,54.64601769911505,77.11771733560772
218.0,73.43173431734317,58.01749271137027,78.86468008520072
185.0,70.51282051282051,54.45544554455446,77.13584405218774
145.0,56.540084388185655,39.411764705882355,69.60310640450876
249.0,0.0,0.0,49.66617506377551
373.0,0.0,0.0,49.62830835459184
446.0,0.0,0.0,49.55556441326531
461.0,0.0,0.0,49.54061702806122
463.0,0.0,0.0,49.46488360969388
453.0,8.617594254937163,4.50281425891182,51.74394979973825
465.0,30.29197080291971,17.8494623655914,58.543440383682054
445.0,0.0,0.0,49.48680644132653
424.0,0.0,0.0,49.361248405612244
370.0,50.125313283208015,33.44481605351171,66.32421689501263
320.0,75.30695770804911,60.393873085339166,80.0155738172187
279.0,70.06896551724138,53.92781316348195,76.74656753282467
223.0,70.87719298245614,54.891304347826086,77.27956580900329
190.0,71.59763313609467,55.76036866359447,77.78428981576488
149.0,60.0,42.857142857142854,71.32877302135401
267.0,0.0,0.0,49.65621014030612
384.0,0.0,0.0,49.61734693877551
455.0,0.0,0.0,49.546595982142854
473.0,18.14814814814815,9.979633401221996,54.54893653622853
474.0,0.0,0.0,49.463887117346935
469.0,20.195439739413683,11.231884057971014,55.12705668756395
472.0,65.31645569620254,48.49624060150376,73.9736702025909
447.0,31.11111111111111,18.421052631578945,58.77720230125215
428.0,0.9630818619582664,0.4838709677419355,49.62706294286286
375.0,44.47174447174447,28.593996840442337,63.84495321570072
328.0,65.86826347305389,49.107142857142854,74.26800600904076
290.0,64.94565217391305,48.08853118712273,73.78594010344382
235.0,68.67671691792296,52.295918367346935,75.96085066073016
200.0,72.68041237113401,57.08502024291497,78.43658426955382
156.0,62.22222222222222,45.16129032258064,72.47883249659336
281.0,0.0,0.0,49.63528380102041
437.0,0.0,0.0,49.564532844387756
459.0,0.0,0.0,49.53164859693878
478.0,6.31163708086785,3.2586558044806515,51.155843053755476
486.0,0.0,0.0,49.43997130102041
479.0,10.606060606060606,5.6000000000000005,52.32939299672969
478.0,62.290502793296085,45.233265720081135,72.3463788212441
453.0,29.668874172185433,17.418351477449455,58.17885454984649
428.0,3.453689167974882,1.7571884984025559,50.265617073879845
380.0,20.833333333333336,11.627906976744185,55.28307894240954
331.0,64.7887323943662,47.91666666666667,73.65773213092852
292.0,61.99460916442049,44.921875,72.17863261071957
239.0,67.62360446570973,51.08433734939759,75.33902240938777
204.0,77.53086419753087,63.306451612903224,81.56226037331619
159.0,61.15107913669065,44.04145077720207,71.91292159151175
310.0,0.0,0.0,49.60439253826531
471.0,0.0,0.0,49.53065210459184
464.0,0.0,0.0,49.51969068877551
483.0,0.0,0.0,49.51869419642857
483.0,0.0,0.0,49.42900988520408
479.0,51.34788189987163,34.542314335060446,66.8919751601667
477.0,69.91869918699187,53.75,76.65263532192796
446.0,31.695721077654515,18.832391713747647,58.98584998260271
423.0,9.863013698630137,5.187319884726225,51.9374971980472
366.0,50.40650406504065,33.69565217391305,66.4204756596061
322.0,66.82352941176471,50.17667844522968,74.80572878406758
281.0,65.67967698519516,48.897795591182366,74.19355052330087
240.0,73.14662273476112,57.66233766233766,78.66801873307858
196.0,73.23943661971832,57.77777777777777,78.77493447065618
153.0,62.77372262773723,45.744680851063826,72.77052369564571
336.0,0.0,0.0,49.58944515306122
485.0,12.522361359570661,6.679389312977099,52.85206975870032
470.0,7.5046904315197,3.898635477582846,51.457851114658716
481.0,0.0,0.0,49.52068718112245
486.0,4.9916805324459235,2.5597269624573378,50.710696199874626
485.0,49.93662864385298,33.27702702702703,66.24334754380624
473.0,0.0,0.0,49.46787308673469
441.0,22.658610271903324,12.776831345826235,55.87744782795993
422.0,19.499341238471672,10.802919708029197,54.79170375645362
367.0,47.57505773672055,31.212121212121215,65.15178804252248
314.0,54.19847328244275,37.17277486910995,68.22612083727299
269.0,39.47797716150082,24.59349593495935,61.926155619062925
241.0,69.03553299492386,52.71317829457365,76.17348660986588
189.0,74.65940054495913,59.56521739130435,79.68968117911508
143.0,67.12328767123287,50.51546391752577,75.16188148550118
344.0,0.0,0.0,49.55058195153062
487.0,0.0,0.0,49.51470822704081
473.0,0.0,0.0,49.51670121173469
492.0,0.0,0.0,49.50972576530612
493.0,0.0,0.0,49.49178890306122
490.0,46.476761619190405,30.2734375,64.77986862705164
488.0,0.0,0.0,49.45790816326531
458.0,16.939890710382514,9.253731343283581,54.020248758204424
429.0,30.412371134020617,17.933130699088146,58.427191023761985
366.0,47.61904761904761,31.25,65.17373826819555
333.0,59.13853317811408,41.98347107438016,70.64018712166185
285.0,60.18641810918774,43.047619047619044,71.22451022451021
248.0,67.90697674418604,51.40845070422535,75.4970471788837
197.0,72.03389830508475,56.29139072847682,78.01371120233784
155.0,66.66666666666666,50.0,74.89915127309037
540.0,43.06864064602961,27.4442538593482,63.299262246372756
533.0,53.96145610278372,36.950146627565985,68.04441871879861
531.0,50.96952908587258,34.20074349442379,66.74631509814805
535.0,33.33333333333333,20.0,59.572589826040065
528.0,0.0,0.0,49.473852040816325
519.0,26.68428005284016,15.396341463414634,57.14400198482764
497.0,29.77725674091442,17.4931129476584,58.14814291911282
477.0,24.724061810154527,14.105793450881613,56.37176856948044
443.0,43.04399524375743,27.424242424242422,63.233073307330734
369.0,53.066332916145186,36.11584327086882,67.68265144089435
321.0,71.80925666199158,56.01750547045952,77.80743061984514
268.0,67.3913043478261,50.81967213114754,75.19966372425388
241.0,71.84466019417476,56.060606060606055,77.85614280289381
181.0,73.03609341825901,57.52508361204013,78.63555196520733
134.0,50.481695568400774,33.76288659793815,66.62467439098626
52.0,47.05882352941176,30.76923076923077,65.34873021715126
70.0,78.125,64.1025641025641,82.02335243391781
68.0,82.08955223880598,69.62025316455697,84.7861845220642
77.0,87.58169934640523,77.90697674418605,88.93452970199385
83.0,92.7710843373494,86.51685393258427,93.2464506793403
91.0,91.62011173184358,84.5360824742268,92.25306938419689
85.0,91.32947976878613,84.04255319148936,92.0063056394
86.0,90.69767441860465,82.97872340425532,91.4733930007823
79.0,90.6832298136646,82.95454545454545,91.46230356374959
67.0,89.85507246376811,81.57894736842105,90.77550553159848
58.0,85.24590163934425,74.28571428571429,87.12490167242382
55.0,83.47826086956522,71.64179104477611,85.80194403818761
59.0,72.3404255319149,56.666666666666664,78.3074069642216
81.0,83.56164383561644,71.76470588235294,85.85840801450782
80.0,82.80254777070064,70.65217391304348,85.2991467637497
84.0,89.82035928143712,81.52173913043478,90.74390383599042
93.0,95.18716577540107,90.81632653061224,95.39917889810505
97.0,96.84210526315789,93.87755102040816,96.93278557329809
92.0,90.0523560209424,81.9047619047619,90.93341509093156
91.0,91.71270718232044,84.6938775510204,92.33196662371255
88.0,89.65517241379311,81.25,90.60703521098647
78.0,88.0503144654088,78.65168539325843,89.30688289141627
67.0,89.05109489051095,80.26315789473685,90.11661336820052
72.0,85.07462686567165,74.02597402597402,86.993034499968
63.0,72.89719626168224,57.35294117647059,78.64754983110981
86.0,80.50314465408806,67.36842105263158,83.65327981111783
87.0,86.22754491017965,75.78947368421053,87.87178458280461
92.0,88.65979381443299,79.62962962962963,89.79285434366288
101.0,92.3076923076923,85.71428571428571,92.8411684162483
103.0,92.89099526066352,86.72566371681415,93.34785522195995
101.0,89.85507246376811,81.57894736842105,90.76850848643883
97.0,91.09947643979058,83.65384615384616,91.80995328315598
96.0,89.00523560209425,80.18867924528303,90.07337777320747
96.0,84.49197860962568,73.14814814814815,86.54513022514101
85.0,85.0,73.91304347826086,86.93257346739738
90.0,85.71428571428571,75.0,87.47604981638193
66.0,78.26086956521739,64.28571428571429,82.11792247169558
93.0,82.14285714285714,69.6969696969697,84.81854891139024
89.0,88.37209302325581,79.16666666666666,89.56337325349301
101.0,87.8048780487805,78.26086956521739,89.10547770877568
108.0,91.1504424778761,83.73983739837398,91.84994785661715
110.0,91.62995594713657,84.5528455284553,92.25745008488589
106.0,90.09009009009009,81.9672131147541,90.9616399466254
104.0,86.63594470046083,76.42276422764228,88.18242959595045
100.0,86.53846153846155,76.27118644067797,88.10764129764601
100.0,86.53846153846155,76.27118644067797,88.10764129764601
95.0,90.0523560209424,81.9047619047619,90.93341509093156
93.0,88.52459016393442,79.41176470588235,89.68492217727494
66.0,82.64462809917356,70.4225352112676,85.19032039261062
95.0,81.81818181818183,69.23076923076923,84.58345103722718
96.0,86.66666666666667,76.47058823529412,88.21134106562901
109.0,85.84905660377359,75.20661157024794,87.57335669857112
110.0,85.83333333333333,75.18248175182481,87.55729044354366
111.0,88.52459016393442,79.41176470588235,89.6779203812227
103.0,85.58951965065502,74.80916030534351,87.37163155248804
108.0,90.49773755656109,82.64462809917356,91.301345921142
101.0,84.11214953271028,72.58064516129032,86.25638096023226
102.0,81.57894736842105,68.88888888888889,84.40251404890104
103.0,86.7579908675799,76.61290322580645,88.27749851691871
96.0,87.43718592964824,77.67857142857143,88.81433013521645
71.0,80.95238095238095,68.0,83.97605985037406
100.0,80.21390374331551,66.96428571428571,83.44521744647241
102.0,84.1025641025641,72.56637168141593,86.25224401134717
112.0,85.71428571428571,75.0,87.46605024563645
114.0,84.4621513944223,73.10344827586206,86.5127786615979
122.0,84.44444444444444,73.07692307692307,86.49651355396232
110.0,84.03361344537815,72.46376811594203,86.19394173030905
109.0,85.21739130434783,74.24242424242425,87.08726507859859
106.0,84.16289592760181,72.65625,86.29318300371384
109.0,84.97854077253218,73.88059701492537,86.90535232458431
106.0,86.87782805429865,76.8,88.3710463258786
98.0,86.27450980392157,75.86206896551724,87.90308367617821
70.0,74.07407407407408,58.82352941176471,79.37685268417705
103.0,85.12820512820512,74.10714285714286,87.02462526842929
107.0,89.75609756097562,81.41592920353983,90.6869998225989
114.0,80.97165991902834,68.02721088435374,83.96667677375287
120.0,81.3953488372093,68.62745098039215,84.26579355354612
126.0,83.98576512455516,72.39263803680981,86.15137115792307
122.0,83.21167883211679,71.25,85.57905696935799
121.0,83.87096774193549,72.22222222222221,86.07116862828637
112.0,83.73983739837398,72.02797202797203,85.97404432884632
120.0,81.203007518797,68.35443037974683,84.12728309751903
113.0,82.8125,70.66666666666667,85.2893948472139
110.0,86.20689655172413,75.75757575757575,87.8468364449673
103.0,73.33333333333333,57.89473684210527,78.89947378924262
110.0,78.4688995215311,64.56692913385827,82.23854900817958
117.0,86.08695652173914,75.57251908396947,87.75430874621023
117.0,82.03125,69.5364238410596,84.72227714790692
128.0,85.29411764705883,74.35897435897436,87.13953512195623
129.0,85.30465949820788,74.375,87.14654668677709
124.0,83.26848249027238,71.33333333333334,85.62372592489031
115.0,87.76371308016878,78.19548872180451,89.06878606085432
122.0,80.76923076923077,67.74193548387096,83.82103864125845
124.0,80.58608058608058,67.48466257668711,83.6894011561181
115.0,84.7328244274809,73.50993377483444,86.71501881990497
95.0,82.35294117647058,70.0,84.96106618748128
58.0,3.389830508474576,1.7241379310344827,50.80526776970259
68.0,79.03225806451613,65.33333333333333,82.64073253935005
71.0,82.85714285714286,70.73170731707317,85.3419101651809
79.0,88.1578947368421,78.82352941176471,89.39380386052522
84.0,88.62275449101796,79.56989247311827,89.76598491764972
90.0,93.25842696629213,87.36842105263159,93.67223280487767
87.0,92.48554913294798,86.02150537634408,92.99777760034068
85.0,90.69767441860465,82.97872340425532,91.4733930007823
81.0,90.2439024390244,82.22222222222221,91.09514368466107
65.0,94.11764705882352,88.88888888888889,94.43646232439336
60.0,91.52542372881356,84.375,92.17752434060891
70.0,82.17054263565892,69.73684210526315,84.84547749378633
61.0,53.01204819277109,36.0655737704918,67.9939066364123
82.0,84.13793103448276,72.61904761904762,86.28657658813302
84.0,86.07594936708861,75.55555555555556,87.75582519535581
82.0,89.82035928143712,81.52173913043478,90.74390383599042
94.0,93.4065934065934,87.62886597938144,93.80245479001414
97.0,96.84210526315789,93.87755102040816,96.93278557329809
96.0,92.70833333333334,86.40776699029125,93.18990781283286
92.0,90.0,81.81818181818183,90.89112504423413
90.0,88.63636363636364,79.59183673469387,89.77595749066523
81.0,86.95652173913044,76.92307692307693,88.44058288735572
65.0,90.76923076923077,83.09859154929578,91.53732378909409
88.0,79.47019867549669,65.93406593406593,82.93610472056477
63.0,60.86956521739131,43.75,71.83910624551328
89.0,80.76923076923077,67.74193548387096,83.841035389053
89.0,85.71428571428571,75.0,87.47604981638193
97.0,90.625,82.85714285714286,91.41060341164156
101.0,93.20388349514563,87.27272727272727,93.62238600058089
101.0,95.47738693467338,91.34615384615384,95.66409147949553
103.0,92.15686274509804,85.45454545454545,92.71129892430959
100.0,90.81632653061224,83.17757009345794,91.57081631232683
99.0,89.00523560209425,80.18867924528303,90.07337777320747
98.0,89.79591836734694,81.48148148148148,90.72077587889757
88.0,78.75,64.94845360824742,82.44030347085689
94.0,89.77272727272727,81.44329896907216,90.70368433692245
68.0,45.45454545454545,29.411764705882355,64.65803164714326
95.0,73.54838709677419,58.16326530612245,79.04073000137224
96.0,85.22727272727273,74.25742574257426,87.1027652854106
98.0,88.55721393034825,79.46428571428571,89.709182807629
100.0,89.62264150943396,81.19658119658119,90.57632618064719
108.0,94.44444444444444,89.47368421052632,94.7248598390172
108.0,91.4798206278027,84.29752066115702,92.12978840902241
106.0,88.78504672897196,79.83193277310924,89.89200520367089
98.0,87.8048780487805,78.26086956521739,89.10547770877568
106.0,84.01826484018264,72.44094488188976,86.18553114232657
95.0,87.87878787878788,78.37837837837837,89.1652318332827
97.0,89.69072164948454,81.30841121495327,90.63424114422122
64.0,56.17977528089888,39.0625,69.49236742537536
96.0,69.28104575163398,53.0,76.45311533627277
97.0,83.23699421965318,71.28712871287128,85.61462455123046
110.0,85.29411764705883,74.35897435897436,87.14954048460407
105.0,85.20179372197309,74.21875,87.07642837353488
113.0,91.77489177489177,84.8,92.38102656281207
107.0,90.66666666666666,82.92682926829268,91.44244566821591
108.0,89.40092165898618,80.83333333333333,90.39370294934004
105.0,84.7926267281106,73.6,86.767055347017
115.0,82.92682926829268,70.83333333333334,85.37472873480583
106.0,87.89237668161435,78.4,89.17304205439514
99.0,87.12871287128714,77.19298245614034,88.57053690767407
68.0,45.45454545454545,29.411764705882355,64.65803164714326
99.0,59.45945945945946,42.30769230769231,71.09400413677123
103.0,81.52173913043478,68.80733944954129,84.36973826631672
117.0,85.84070796460178,75.1937984496124,87.56494970504743
112.0,87.06896551724138,77.09923664122137,88.51966325321179
127.0,86.71875,76.55172413793103,88.24190621158013
122.0,82.64462809917356,70.4225352112676,85.16933134874427
118.0,85.58951965065502,74.80916030534351,87.37163155248804
120.0,81.54506437768241,68.84057971014492,84.37735940240579
120.0,79.2156862745098,65.5844155844156,82.7392871731364
108.0,86.20689655172413,75.75757575757575,87.8468364449673
103.0,83.4862385321101,71.65354330708661,85.79083274967986
69.0,0.0,0.0,49.93124202806122
96.0,41.86046511627907,26.47058823529412,63.16051695359594
103.0,26.446280991735538,15.238095238095239,57.53033151059467
119.0,84.82142857142857,73.64341085271317,86.7877604172713
119.0,80.0,66.66666666666666,83.2894106372784
136.0,83.08823529411765,71.0691823899371,85.48864908203086
126.0,83.84615384615385,72.18543046357617,86.0507714364738
124.0,82.70042194092827,70.50359712230215,85.21086242152889
130.0,85.07462686567165,74.02597402597402,86.97303655155919
127.0,81.13879003558719,68.26347305389223,84.07880216555424
113.0,80.6083650190114,67.51592356687898,83.70703308361924
108.0,81.48148148148148,68.75,84.3300691934421
71.0,40.0,25.0,62.446170102476174
108.0,73.91304347826086,58.620689655172406,79.2624482841201
114.0,77.720207253886,63.559322033898304,81.73674770184566
115.0,85.83333333333333,75.18248175182481,87.55729044354366
122.0,88.62745098039215,79.5774647887324,89.75976888838375
135.0,87.2340425531915,77.35849056603774,88.6432834026121
126.0,85.60606060606061,74.83443708609272,87.37926636279347
125.0,85.14056224899599,74.12587412587412,87.02598879051845
127.0,83.03249097472924,70.98765432098766,85.44688443062427
126.0,81.13879003558719,68.26347305389223,84.07880216555424
115.0,79.38931297709924,65.82278481012658,82.8574700532499
103.0,77.55102040816327,63.33333333333333,81.6117556225581
107.0,0.0,0.0,49.89337531887755
114.0,0.0,0.0,49.886399872448976
114.0,0.0,0.0,49.886399872448976
121.0,0.0,0.0,49.87942442602041
120.0,0.0,0.0,49.88042091836735
133.0,82.70042194092827,70.50359712230215,85.21086242152889
136.0,84.33734939759037,72.91666666666666,86.41938863480524
129.0,83.81742738589212,72.14285714285714,86.03248698381
127.0,84.25531914893617,72.79411764705883,86.36011571591513
126.0,77.81818181818181,63.69047619047619,81.78432215922979
105.0,9.00900900900901,4.716981132075472,52.25783480872774
99.0,0.0,0.0,49.8226243622449
24.0,86.95652173913044,76.92307692307693,88.45555712331372
33.0,88.88888888888889,80.0,89.99302065884982
37.0,94.28571428571428,89.1891891891892,94.5906060019695
41.0,88.0,78.57142857142857,89.27673995230782
67.0,67.96116504854369,51.470588235294116,75.70238691595583
70.0,73.94957983193278,58.666666666666664,79.30241495784462
83.0,89.03225806451613,80.23255813953489,90.0993153720805
81.0,85.35031847133759,74.44444444444444,87.19927225315479
78.0,87.34177215189874,77.52808988764045,88.74408765242381
89.0,86.95652173913044,76.92307692307693,88.44058288735572
93.0,86.85714285714286,76.76767676767676,88.360884292022
116.0,86.51162790697674,76.22950819672131,88.08580215858069
90.0,76.0233918128655,61.32075471698113,80.61946817687375
85.0,79.74683544303798,66.3157894736842,83.12596689376745
85.0,90.6832298136646,82.95454545454545,91.46230356374959
74.0,91.50326797385621,84.33734939759037,92.15570220049159
52.0,92.45283018867924,85.96491228070175,92.97447640886884
55.0,93.45794392523365,87.71929824561403,93.85266671846595
54.0,87.75510204081633,78.18181818181819,89.07894092622715
46.0,84.78260869565217,73.58490566037736,86.77849108536948
41.0,84.70588235294117,73.46938775510205,86.7217301759156
51.0,77.08333333333334,62.71186440677966,81.33399319383639
33.0,95.23809523809523,90.9090909090909,95.45155418904072
37.0,77.77777777777779,63.63636363636363,81.79823805958108
47.0,88.88888888888889,80.0,89.99002712621669
69.0,71.9298245614035,56.16438356164384,78.05027794817008
79.0,85.5072463768116,74.68354430379746,87.3218188426424
91.0,84.81012658227847,73.62637362637363,86.78923901937732
96.0,94.56521739130434,89.69072164948454,94.83537859311457
90.0,88.52459016393442,79.41176470588235,89.68492217727494
95.0,91.005291005291,83.49514563106796,91.73060336055295
121.0,79.6116504854369,66.12903225806451,83.02259494086601
110.0,85.14851485148515,74.13793103448276,87.03901942021604
125.0,95.54655870445345,91.47286821705426,95.72544685374268
110.0,83.5820895522388,71.7948717948718,85.86449650591629
99.0,82.35294117647058,70.0,84.96706521088245
88.0,93.10344827586206,87.09677419354838,93.53640985353636
85.0,92.6829268292683,86.36363636363636,93.16984213391399
53.0,90.9090909090909,83.33333333333334,91.6566918033223
64.0,90.1639344262295,82.08955223880598,91.03280508929585
61.0,92.03539823008849,85.24590163934425,92.61397308445547
51.0,87.37864077669903,77.58620689655173,88.78013741927185
49.0,86.5979381443299,76.36363636363637,88.16885292869655
51.0,89.52380952380953,81.03448275862068,90.50626968627837
38.0,85.71428571428571,75.0,87.49002911498425
48.0,91.48936170212765,84.31372549019608,92.1488839686434
73.0,76.8,62.33766233766234,81.13990521926206
86.0,71.42857142857143,55.55555555555556,77.73787832440028
89.0,87.20930232558139,77.31958762886599,88.63783816484516
103.0,88.04347826086956,78.64077669902912,89.29843007024517
99.0,94.73684210526315,90.0,94.9900171704668
100.0,96.4824120603015,93.20388349514563,96.59495292968144
114.0,93.51851851851852,87.82608695652175,93.89906444680804
125.0,85.20179372197309,74.21875,87.07642837353488
133.0,87.02928870292888,77.03703703703704,88.48756309432935
130.0,95.75289575289575,91.85185185185185,95.91493735404069
118.0,81.98198198198197,69.46564885496184,84.6928923120771
101.0,88.46153846153845,79.3103448275862,89.63121266616912
98.0,89.83957219251337,81.55339805825243,90.75773392491794
86.0,93.71428571428572,88.17204301075269,94.0750421465709
65.0,84.61538461538461,73.33333333333333,86.64671494982143
68.0,89.92248062015504,81.69014084507043,90.83210103030088
63.0,90.5982905982906,82.8125,91.39527699359576
57.0,88.28828828828829,79.03225806451613,89.50316196859976
53.0,87.37864077669903,77.58620689655173,88.78013741927185
55.0,84.90566037735849,73.77049180327869,86.86928771209594
43.0,88.88888888888889,80.0,89.99102512963701
52.0,88.0,78.57142857142857,89.27374588229931
84.0,76.59574468085107,62.06896551724138,81.00156308263011
100.0,82.48587570621469,70.1923076923077,85.06521757487269
98.0,93.61702127659575,88.0,93.98802108289411
105.0,90.72164948453609,83.01886792452831,91.49146558660532
108.0,92.61083743842364,86.23853211009175,93.10429061476793
110.0,94.93087557603687,90.35087719298247,95.16445463307781
134.0,88.8,79.85611510791367,89.90009390669826
132.0,87.39495798319328,77.61194029850746,88.77601328713519
140.0,85.36585365853658,74.46808510638297,87.19809360070401
130.0,93.75,88.23529411764706,94.10166495877559
127.0,79.49790794979079,65.97222222222221,82.9371903627235
111.0,86.99551569506725,76.98412698412699,88.4631092397821
103.0,91.37055837563452,84.11214953271028,92.0391039561487
90.0,91.20879120879121,83.83838383838383,91.90322162394109
82.0,84.61538461538461,73.33333333333333,86.64271935076165
70.0,91.04477611940298,83.56164383561644,91.7688494544739
69.0,86.88524590163934,76.81159420289855,88.38983636486128
57.0,88.88888888888889,80.0,89.98803064155761
59.0,85.18518518518519,74.19354838709677,87.08081568566888
56.0,82.10526315789474,69.64285714285714,84.80447502414812
66.0,80.0,66.66666666666666,83.31039297825653
75.0,79.69924812030075,66.25,83.09806625700776
90.0,78.94736842105263,65.21739130434783,82.57676972033579
110.0,84.1025641025641,72.56637168141593,86.25224401134717
107.0,91.54228855721394,84.40366972477065,92.18486337448499
115.0,89.95215311004785,81.73913043478261,90.84859960100218
112.0,91.9431279620853,85.08771929824562,92.52688646675095
115.0,93.85964912280701,88.42975206611571,94.200895326433
137.0,90.83969465648855,83.21678321678321,91.58441893723672
136.0,90.83665338645417,83.21167883211679,91.5828679007374
144.0,86.71875,76.55172413793103,88.24190621158013
134.0,91.8918918918919,85.0,92.47902391273948
128.0,82.05128205128204,69.56521739130434,84.74067578830393
117.0,88.13559322033898,78.78787878787878,89.36597965596208
103.0,92.53731343283582,86.11111111111111,93.04058041429006
92.0,91.97860962566845,85.14851485148515,92.55928437722989
81.0,83.33333333333334,71.42857142857143,85.68834330643116
74.0,89.20863309352518,80.51948051948052,90.24477438194165
71.0,84.5528455284553,73.23943661971832,86.60076531329064
58.0,90.09009009009009,81.9672131147541,90.97263420769823
63.0,84.48275862068965,73.13432835820896,86.5492097832699
61.0,79.20792079207921,65.57377049180327,82.7659422109567
84.0,74.07407407407408,58.82352941176471,79.37685268417705
82.0,79.16666666666666,65.51724137931035,82.72869192012665
95.0,80.24691358024691,67.0103092783505,83.47322552181579
110.0,90.19607843137256,82.14285714285714,91.05146211507524
112.0,89.81481481481481,81.5126050420168,90.73433722617423
117.0,91.96428571428571,85.12396694214877,92.54400971276152
124.0,91.70305676855895,84.67741935483872,92.31973661916209
127.0,92.9460580912863,86.82170542635659,93.3938744453611
142.0,90.84249084249085,83.22147651006712,91.58576422802165
142.0,89.31297709923665,80.6896551724138,90.31686058726565
144.0,84.94208494208493,73.8255033557047,86.87380308998833
134.0,91.18773946360153,83.80281690140845,91.87843464084746
133.0,78.41409691629956,64.4927536231884,82.19746192349947
122.0,92.05020920502092,85.27131782945736,92.61668396166672
111.0,90.82568807339449,83.19327731092437,91.57666940810311
97.0,96.44670050761421,93.13725490196079,96.5616387726393
87.0,89.1566265060241,80.43478260869566,90.19942794959152
83.0,86.66666666666667,76.47058823529412,88.21533841929738
73.0,79.03225806451613,65.33333333333333,82.64073253935005
56.0,91.07142857142857,83.60655737704919,91.79330362618046
62.0,86.72566371681415,76.5625,88.26628800347119
60.0,0.0,0.0,49.940210459183675
94.0,72.97297297297297,57.446808510638306,78.68350161775481
92.0,79.74683544303798,66.3157894736842,83.12596689376745
103.0,80.89887640449437,67.9245283018868,83.92833472415113
113.0,89.52380952380953,81.03448275862068,90.49527740023602
113.0,90.990990990991,83.47107438016529,91.71556714515005
118.0,90.9090909090909,83.33333333333334,91.64569644438232
122.0,93.16239316239316,87.2,93.58402141130885
137.0,92.96875,86.86131386861314,93.41267743094042
144.0,89.6057347670251,81.16883116883116,90.55544513427472
142.0,89.47368421052632,80.95238095238095,90.44822235984311
146.0,86.46616541353383,76.15894039735099,88.04351406515839
137.0,92.01520912547528,85.2112676056338,92.58465687743482
138.0,80.16877637130801,66.90140845070422,83.4037802422048
132.0,90.68825910931174,82.96296296296296,91.45851088384646
111.0,89.59276018099548,81.14754098360656,90.55080585734035
103.0,94.5273631840796,89.62264150943396,94.80033854589527
93.0,87.20930232558139,77.31958762886599,88.63783816484516
88.0,87.34177215189874,77.52808988764045,88.74408765242381
86.0,74.28571428571429,59.09090909090909,79.50954360458789
60.0,89.65517241379311,81.25,90.61302968637779
60.0,88.88888888888889,80.0,89.98703216024259
60.0,48.10126582278481,31.666666666666664,65.79246167035508
106.0,72.28915662650603,56.60377358490566,78.2559932654355
109.0,79.56989247311827,66.07142857142857,82.99779164789544
113.0,86.56716417910447,76.31578947368422,88.1309427114473
116.0,90.82568807339449,83.19327731092437,91.57666940810311
118.0,90.83333333333333,83.20610687022901,91.58108287566418
125.0,91.80327868852459,84.84848484848484,92.4042679915163
123.0,94.56066945606695,89.68253968253968,94.82828620065702
141.0,91.25475285171103,83.91608391608392,91.93506768922303
146.0,90.9090909090909,83.33333333333334,91.6406905646805
152.0,90.45936395759718,82.58064516129032,91.26334847578583
155.0,82.05128205128204,69.56521739130434,84.7336713354732
145.0,88.08664259927798,78.70967741935485,89.32187431122775
136.0,80.50847457627118,67.37588652482269,83.6420176618842
136.0,90.47619047619048,82.6086956521739,91.28037754923027
124.0,86.91983122362869,76.86567164179104,88.40188101491226
110.0,90.82125603864735,83.1858407079646,91.57395146296356
92.0,87.20930232558139,77.31958762886599,88.63783816484516
91.0,82.27848101265823,69.89247311827957,84.91829858145026
93.0,74.66666666666667,59.57446808510638,79.74932502419725
64.0,88.88888888888889,80.0,89.98703216024259
65.0,89.43089430894308,80.88235294117648,90.42820785463883
61.0,0.0,0.0,49.93921396683674
98.0,45.66929133858268,29.591836734693878,64.72712063268685
38.0,90.9090909090909,83.33333333333334,91.6596863511564
49.0,89.13043478260869,80.3921568627451,90.18610535866884
76.0,68.33333333333333,51.89873417721519,75.91146941233353
80.0,85.51724137931035,74.69879518072288,87.32844536144337
96.0,90.5027932960894,82.6530612244898,91.30956285099128
98.0,93.6842105263158,88.11881188118812,94.04742678432596
98.0,91.19170984455958,83.80952380952381,91.88779177219521
94.0,91.75257731958763,84.76190476190476,92.36498017259493
114.0,86.53846153846155,76.27118644067797,88.10764129764601
105.0,86.27450980392157,75.86206896551724,87.90308367617821
120.0,88.59649122807018,79.52755905511812,89.73781846914667
108.0,76.8361581920904,62.38532110091744,81.15174891958141
99.0,82.08092485549133,69.6078431372549,84.77298653220393
94.0,88.37209302325581,79.16666666666666,89.56337325349301
84.0,92.5925925925926,86.20689655172413,93.09147246699598
73.0,83.72093023255815,72.0,85.97905111527872
63.0,87.17948717948718,77.27272727272727,88.62140104284742
55.0,76.08695652173914,61.40350877192983,80.67981625150409
53.0,82.97872340425532,70.9090909090909,85.43858917475208
44.0,77.77777777777779,63.63636363636363,81.80222903840995
53.0,0.0,0.0,49.947185905612244
115.0,52.56410256410257,35.65217391304348,67.75228621851436
48.0,90.52631578947368,82.6923076923077,91.33717772264238
77.0,76.69172932330827,62.19512195121951,81.06663828234292
81.0,76.2589928057554,61.627906976744185,80.78103446915937
83.0,92.02453987730061,85.22727272727273,92.6006625706981
100.0,92.70833333333334,86.40776699029125,93.18990781283286
106.0,91.0,83.4862385321101,91.72514981412333
102.0,95.0,90.47619047619048,95.22811141189369
111.0,94.06392694063926,88.79310344827587,94.38357067646753
125.0,86.8421052631579,76.74418604651163,88.34213915221721
124.0,86.08695652173914,75.57251908396947,87.75430874621023
125.0,93.00411522633745,86.92307692307692,93.44455985458322
118.0,79.20792079207921,65.57377049180327,82.74496573136953
104.0,86.91099476439791,76.85185185185185,88.40097233959649
97.0,88.64864864864866,79.6116504854369,89.78486464863532
87.0,90.9090909090909,83.33333333333334,91.65169690558406
72.0,84.375,72.97297297297297,86.46653516770431
70.0,85.9375,75.34246575342466,87.65327633155162
63.0,79.62962962962963,66.15384615384615,83.05498144167285
53.0,80.43478260869566,67.27272727272727,83.61841353763809
47.0,79.48717948717949,65.95744680851064,82.96276967008441
53.0,65.82278481012658,49.056603773584904,74.50138264451927
125.0,52.071005917159766,35.199999999999996,67.51921327694885
74.0,79.6875,66.23376623376623,83.09094795478835
83.0,78.91156462585033,65.1685393258427,82.55334265067027
89.0,86.22754491017965,75.78947368421053,87.87178458280461
100.0,90.25641025641026,82.2429906542056,91.1025287083518
111.0,91.34615384615384,84.070796460177,92.0174273429257
109.0,92.38095238095238,85.84070796460178,92.9043792224215
108.0,94.88372093023256,90.2654867256637,95.12175961877305
128.0,90.2439024390244,82.22222222222221,91.08714227060378
129.0,88.60759493670885,79.54545454545455,89.74576555836167
137.0,86.25954198473282,75.83892617449665,87.88350839016665
130.0,94.44444444444444,89.47368421052632,94.72285804708947
125.0,83.2579185520362,71.31782945736434,85.62197678442851
108.0,88.23529411764706,78.94736842105263,89.44972541964663
100.0,88.65979381443299,79.62962962962963,89.79285434366288
88.0,90.69767441860465,82.97872340425532,91.4733930007823
78.0,84.50704225352112,73.17073170731707,86.56341677551981
72.0,87.02290076335878,77.02702702702703,88.49655387744735
70.0,73.87387387387388,58.57142857142858,79.25679237487356
57.0,74.72527472527473,59.64912280701754,79.80162653852531
58.0,69.66292134831461,53.44827586206896,76.69721600462107
56.0,0.0,0.0,49.94419642857143
138.0,53.68421052631579,36.69064748201439,68.25754319237876
91.0,79.22077922077922,65.59139784946237,82.76377235583962
87.0,80.2547770700637,67.02127659574468,83.47970819989376
108.0,87.43718592964824,77.67857142857143,88.81433013521645
105.0,88.3495145631068,79.13043478260869,89.54125812206206
117.0,88.68778280542986,79.67479674796748,89.8124373132385
120.0,91.62995594713657,84.5528455284553,92.25745008488589
116.0,93.96551724137932,88.6178861788618,94.29496182432612
133.0,91.6030534351145,84.50704225352112,92.23154573919463
133.0,92.0,85.18518518518519,92.57261696286086
142.0,85.50185873605948,74.67532467532467,87.29870985968546
130.0,92.3694779116466,85.82089552238806,92.89147091294889
130.0,79.46428571428571,65.92592592592592,82.91704286393527
114.0,86.3849765258216,76.03305785123968,87.98757756390752
106.0,89.10891089108911,80.35714285714286,90.15660920359838
89.0,92.73743016759776,86.45833333333334,93.21619080177537
82.0,86.45161290322581,76.13636363636364,88.0472274985985
78.0,83.68794326241135,71.95121951219512,85.95266345045277
70.0,71.55963302752293,55.714285714285715,77.82622756504321
61.0,70.2127659574468,54.09836065573771,77.02126017949321
62.0,59.09090909090909,41.935483870967744,70.93184961245296
57.0,0.0,0.0,49.94319993622449
144.0,57.84313725490197,40.689655172413794,70.25902835640463
98.0,78.82352941176471,65.0485436893204,82.48835015394596
102.0,82.22222222222221,69.81132075471697,84.8737255244584
115.0,87.03703703703704,77.04918032786885,88.49663600874894
113.0,89.0909090909091,80.32786885245902,90.1399718079141
121.0,89.74358974358975,81.3953488372093,90.67370845027966
123.0,93.67088607594937,88.09523809523809,94.03263852230197
132.0,91.26984126984127,83.94160583941606,91.94882972700313
140.0,91.5129151291513,84.35374149659864,92.15389464344837
137.0,91.40625,84.17266187050359,92.06435686465511
147.0,86.12099644128114,75.625,87.77354285286185
135.0,91.95402298850574,85.1063829787234,92.53221498304877
132.0,81.38528138528139,68.61313868613139,84.26363974760224
122.0,89.47368421052632,80.95238095238095,90.45222594369858
110.0,88.88888888888889,80.0,89.97703857519367
90.0,92.81767955801105,86.5979381443299,93.28599294823299
86.0,86.25,75.82417582417582,87.89013489155187
82.0,84.35374149659864,72.94117647058823,86.4476405560029
71.0,73.21428571428571,57.74647887323944,78.84332021850862
70.0,68.51851851851852,52.112676056338024,76.02243228613187
61.0,68.81720430107528,52.459016393442624,76.20059147687448
60.0,0.0,0.0,49.940210459183675
148.0,64.54545454545455,47.651006711409394,73.74766681244553
144.0,72.80701754385966,57.24137931034483,78.55880476107544
139.0,76.99115044247787,62.589928057553955,81.24305642431293
122.0,85.47008547008546,74.6268656716418,87.27948443738651
120.0,85.82995951417004,75.177304964539,87.55370141376541
123.0,89.95983935742971,81.75182481751825,90.85094436785148
127.0,94.35483870967742,89.31297709923665,94.64250505014769
140.0,91.38576779026218,84.13793103448276,92.04599033044312
143.0,90.64748201438849,82.89473684210526,91.42139439507861
142.0,90.29850746268657,82.31292517006803,91.13049115360859
147.0,85.51236749116607,74.69135802469135,87.3047240627902
141.0,90.70631970260223,82.99319727891157,91.47162561032725
137.0,82.5,70.2127659574468,85.06444755926937
129.0,87.39495798319328,77.61194029850746,88.77601328713519
117.0,86.87782805429865,76.8,88.3710463258786
94.0,92.5531914893617,86.13861386138613,93.05533180641429
85.0,87.65432098765432,78.02197802197803,88.99103092297385
84.0,84.56375838926175,73.25581395348837,86.60495883953428
102.0,51.09489051094891,34.31372549019608,67.09005115378555
68.0,63.366336633663366,46.3768115942029,73.15151205108997
64.0,56.17977528089888,39.0625,69.49236742537536
67.0,0.0,0.0,49.9332350127551
150.0,66.66666666666666,50.0,74.92515119458693
138.0,75.33632286995515,60.431654676258994,80.1609283522635
139.0,78.96995708154506,65.24822695035462,82.57519565711165
130.0,86.99186991869918,76.97841726618705,88.4572527322367
117.0,87.09677419354838,77.14285714285715,88.53947203232175
122.0,89.32806324110672,80.71428571428572,90.3301768343316
129.0,91.76470588235294,84.78260869565217,92.37032909862015
135.0,93.48659003831418,87.76978417266187,93.86791042652352
150.0,90.27777777777779,82.27848101265823,91.1112662426517
147.0,88.72727272727273,79.73856209150327,89.83831448963224
155.0,85.2233676975945,74.25149700598801,87.08279317653353
142.0,91.17647058823529,83.78378378378379,91.86791682596046
139.0,81.81818181818183,69.23076923076923,84.57145227119467
136.0,88.88888888888889,80.0,89.97203579418344
121.0,87.71929824561403,78.125,89.03454249540698
106.0,90.0990099009901,81.98198198198197,90.97102493328907
93.0,86.04651162790698,75.51020408163265,87.73115090114126
87.0,87.89808917197452,78.4090909090909,89.18558602771887
109.0,52.702702702702695,35.77981651376147,67.82009953278477
75.0,68.96551724137932,52.63157894736842,76.27988712806429
72.0,66.05504587155964,49.31506849315068,74.6206375573053
70.0,0.0,0.0,49.930245535714285
151.0,68.12227074235808,51.65562913907284,75.7549573696482
148.0,76.5432098765432,62.0,80.9430944631911
148.0,81.56862745098039,68.87417218543047,84.39015367539618
132.0,84.04669260700389,72.48322147651007,86.20066642252442
123.0,83.5820895522388,71.7948717948718,85.85349214543845
125.0,88.212927756654,78.91156462585033,89.42481946833867
135.0,91.72932330827066,84.72222222222221,92.339134845478
146.0,91.42857142857143,84.21052631578947,92.08128617579754
150.0,90.03436426116839,81.875,90.90852607653113
150.0,89.04109589041096,80.24691358024691,90.09148620306355
160.0,86.3013698630137,75.90361445783132,87.91184718895562
145.0,89.05109489051095,80.26315789473685,90.10161131241418
146.0,83.33333333333334,71.42857142857143,85.67234526971701
145.0,91.04477611940298,83.56164383561644,91.75684780984483
130.0,83.68200836820083,71.94244604316546,85.93228221161388
109.0,90.9090909090909,83.33333333333334,91.64769739688371
97.0,84.91620111731844,73.7864077669903,86.86625777571071
111.0,74.86033519553072,59.82142857142857,79.86581217232148
116.0,31.88405797101449,18.96551724137931,59.38904725170613
81.0,68.29268292682927,51.85185185185185,75.88703016656102
75.0,68.42105263157895,52.0,75.96409837046492
73.0,0.0,0.0,49.92725605867347
144.0,21.11801242236025,11.805555555555555,55.77618035757402
162.0,9.30232558139535,4.878048780487805,52.28354679496404
179.0,7.446808510638298,3.867403314917127,51.76028779630924
167.0,0.0,0.0,49.83358577806122
164.0,0.0,0.0,49.83657525510204
179.0,37.27272727272727,22.905027932960895,61.31488556316938
181.0,4.18848167539267,2.13903743315508,50.887146078452695
179.0,14.354066985645932,7.731958762886598,53.687553911456654
169.0,2.312138728323699,1.1695906432748537,50.41638140207749
166.0,0.0,0.0,49.83458227040816
159.0,2.4539877300613497,1.2422360248447204,50.46266941354644
155.0,20.11173184357542,11.180124223602485,55.447512568358526
152.0,10.0,5.263157894736842,52.48806116711009
147.0,0.0,0.0,49.853515625
142.0,0.0,0.0,49.85849808673469
133.0,0.0,0.0,49.867466517857146
118.0,0.0,0.0,49.88241390306122
118.0,0.0,0.0,49.88241390306122
99.0,0.0,0.0,49.901347257653065
77.0,0.0,0.0,49.923270089285715
67.0,0.0,0.0,49.9332350127551
80.0,0.0,0.0,49.9202806122449
15.0,75.67567567567568,60.86956521739131,80.42581167452238
11.0,46.808510638297875,30.555555555555557,65.25286000642325
15.0,83.33333333333334,71.42857142857143,85.708304972275
15.0,53.06122448979592,36.11111111111111,68.03263029191501
17.0,80.95238095238095,68.0,83.99202535935724
16.0,58.82352941176471,41.66666666666667,70.8124007362958
20.0,69.38775510204081,53.125,76.54754754879482
16.0,59.25925925925925,42.10526315789473,71.03070175438597
21.0,95.23809523809523,90.9090909090909,95.45255167513722
18.0,57.6271186440678,40.476190476190474,70.21317448608663
24.0,72.1311475409836,56.41025641025641,78.1881804043546
19.0,59.01639344262295,41.86046511627907,70.9053113092859
24.0,79.3103448275862,65.71428571428571,82.84517946512244
19.0,60.317460317460316,43.18181818181818,71.56598734519065
27.0,94.33962264150944,89.28571428571429,94.63986617557833
23.0,63.013698630136986,46.0,72.97308236795405
17.0,90.9090909090909,83.33333333333334,91.6636762956613
14.0,78.26086956521739,64.28571428571429,82.13787378726482
21.0,84.21052631578947,72.72727272727273,86.35765550239233
16.0,48.0,31.57894736842105,65.7635586854066
22.0,87.17948717948718,77.27272727272727,88.63137948596192
18.0,50.79365079365079,34.04255319148936,66.99037547931724
28.0,81.48148148148148,68.75,84.36503070542729
18.0,49.275362318840585,32.69230769230769,66.31126479334178
29.0,79.36507936507937,65.78947368421053,82.88177598389706
18.0,52.94117647058824,36.0,67.96810080146736
28.0,70.76923076923077,54.761904761904766,77.36201034358672
18.0,53.125,36.17021276595745,68.0552014805684
29.0,70.58823529411765,54.54545454545454,77.25278788845546
19.0,50.0,33.33333333333333,66.63078006831745
29.0,72.46376811594203,56.81818181818182,78.39014811632507
21.0,56.33802816901409,39.21568627450981,69.57693955642709
29.0,0.0,0.0,49.97110172193878
20.0,0.0,0.0,49.98007015306122
24.0,91.30434782608695,84.0,91.9960123616788
41.0,92.10526315789474,85.36585365853658,92.67694370168806
47.0,94.3820224719101,89.36170212765957,94.67586442801377
47.0,95.65217391304348,91.66666666666666,95.82934386552834
43.0,97.67441860465115,95.45454545454545,97.72527807294634
42.0,90.10989010989012,82.0,90.99102423456667
39.0,89.41176470588236,80.85106382978722,90.4165566865239
37.0,75.0,60.0,79.98005822996849
18.0,73.17073170731707,57.692307692307686,78.83518915246752
29.0,88.46153846153845,79.3103448275862,89.6491907177829
42.0,89.74358974358975,81.3953488372093,90.68969691516435
51.0,90.52631578947368,82.6923076923077,91.33717772264238
48.0,98.96907216494846,97.95918367346938,98.97859439019783
45.0,93.61702127659575,88.0,93.99401579829251
51.0,94.23076923076923,89.0909090909091,94.53946974684303
44.0,82.35294117647058,70.0,84.98204811106235
34.0,79.51807228915662,66.0,82.98304848134336
26.0,92.5925925925926,86.20689655172413,93.0994603194903
39.0,79.41176470588235,65.85365853658537,82.91287086433647
46.0,90.47619047619048,82.6086956521739,91.29636984531389
53.0,89.79591836734694,81.48148148148148,90.73076707122824
52.0,96.15384615384616,92.5925925925926,96.29230635095854
48.0,96.96969696969697,94.11764705882352,97.05583118980117
54.0,91.22807017543859,83.87096774193549,91.9255086096159
47.0,78.63247863247864,64.7887323943662,82.36943102862135
45.0,80.76923076923077,67.74193548387096,83.85102119867143
28.0,88.13559322033898,78.78787878787878,89.38696033112782
37.0,84.84848484848484,73.68421052631578,86.83213477580047
44.0,92.6829268292683,86.36363636363636,93.17583469623838
51.0,92.78350515463917,86.53846153846155,93.26224906130554
54.0,95.32710280373831,91.07142857142857,95.53072675454221
53.0,94.54545454545455,89.65517241379311,94.82160105008545
52.0,87.39495798319328,77.61194029850746,88.79100725722596
55.0,76.81159420289855,62.35294117647059,81.1445491150593
50.0,81.66666666666667,69.01408450704226,84.48509799194552
34.0,87.67123287671232,78.04878048780488,89.01541608946721
36.0,87.87878787878788,78.37837837837837,89.18121264024309
48.0,93.33333333333333,87.5,93.74401603702078
54.0,93.20388349514563,87.27272727272727,93.62938151060558
55.0,93.45794392523365,87.71929824561403,93.85266671846595
53.0,93.69369369369369,88.13559322033898,94.0608139272232
57.0,87.02290076335878,77.02702702702703,88.49655387744735
52.0,72.72727272727273,57.14285714285714,78.53252505215636
52.0,79.36507936507937,65.78947368421053,82.86880219740989
31.0,77.92207792207793,63.829787234042556,81.8979431124945
38.0,90.14084507042254,82.05128205128204,91.01866112774695
50.0,91.30434782608695,84.0,91.99202138269438
54.0,93.45794392523365,87.71929824561403,93.85266671846595
55.0,95.41284403669725,91.22807017543859,95.60904745704337
58.0,92.43697478991596,85.9375,92.95977172741965
59.0,82.26950354609929,69.87951807228916,84.91481789723241
56.0,73.68421052631578,58.333333333333336,79.12676243681831
54.0,79.38931297709924,65.82278481012658,82.8844591994133
33.0,77.10843373493977,62.745098039215684,81.35360358246682
39.0,93.5064935064935,87.8048780487805,93.89745298529971
49.0,92.3076923076923,85.71428571428571,92.85016156700043
56.0,90.9090909090909,83.33333333333334,91.6566918033223
57.0,92.98245614035088,86.88524590163934,93.43464258252567
60.0,94.3089430894309,89.23076923076924,94.6084010964892
63.0,81.81818181818183,69.23076923076923,84.58744775269429
61.0,77.21518987341773,62.88659793814433,81.40738157906917
56.0,77.14285714285715,62.7906976744186,81.36342672715783
35.0,72.16494845360825,56.451612903225815,78.1988823775019
45.0,86.74698795180723,76.59574468085107,88.28690305442632
51.0,90.32258064516128,82.35294117647058,91.16749464376646
55.0,91.8918918918919,85.0,92.49102244389027
56.0,92.03539823008849,85.24590163934425,92.61397308445547
61.0,94.48818897637796,89.55223880597015,94.76913560539548
64.0,79.01234567901234,65.3061224489796,82.61913721427267
61.0,75.9493670886076,61.224489795918366,80.5743328539014
59.0,75.0,60.0,79.96209022526386
46.0,73.94957983193278,58.666666666666664,79.30241495784462
27.0,87.5,77.77777777777779,88.88290743140708
38.0,93.15068493150685,87.17948717948718,93.58475774952979
45.0,94.11764705882352,88.88888888888889,94.43945800755277
47.0,97.87234042553192,95.83333333333334,97.91467185318172
46.0,96.7741935483871,93.75,96.87200783946062
46.0,90.72164948453609,83.01886792452831,91.50045765970292
45.0,80.0,66.66666666666666,83.31139126040586
45.0,76.10619469026548,61.42857142857143,80.68735734375134
41.0,77.89473684210526,63.793103448275865,81.87560994229146
29.0,86.79245283018868,76.66666666666667,88.32635468798809
41.0,90.9090909090909,83.33333333333334,91.6596863511564
44.0,96.47058823529412,93.18181818181817,96.58791716909798
49.0,93.75,88.23529411764706,94.11166273774477
49.0,92.15686274509804,85.45454545454545,92.71929331415856
49.0,91.2621359223301,83.92857142857143,91.95530887453228
46.0,78.26086956521739,64.28571428571429,82.11792247169558
43.0,71.30434782608695,55.4054054054054,77.66979156278049
32.0,72.72727272727273,57.14285714285714,78.55049054797799
33.0,88.52459016393442,79.41176470588235,89.69890315096308
44.0,92.6829268292683,86.36363636363636,93.17583469623838
48.0,94.5054945054945,89.58333333333334,94.78667993138252
51.0,92.3076923076923,85.71428571428571,92.84916328484793
49.0,92.3076923076923,85.71428571428571,92.84916328484793
53.0,91.37931034482759,84.12698412698413,92.05351660312458
47.0,74.01574803149606,58.75,79.34208492090407
55.0,80.59701492537313,67.5,83.72406328558317
36.0,78.65168539325843,64.81481481481481,82.3884608367367
30.0,84.7457627118644,73.52941176470588,86.75573298051648
43.0,93.82716049382715,88.37209302325581,94.18106027364475
46.0,95.55555555555556,91.48936170212765,95.74069146283651
54.0,96.29629629629629,92.85714285714286,96.42458132403068
57.0,96.42857142857143,93.10344827586206,96.5477338741746
56.0,89.60000000000001,81.15942028985508,90.56674127022681
52.0,74.82014388489209,59.77011494252874,79.8501440565329
51.0,75.55555555555556,60.71428571428571,80.32422515140719
38.0,75.24752475247524,60.317460317460316,80.13379896881432
34.0,85.71428571428571,75.0,87.49102674031386
46.0,90.47619047619048,82.6086956521739,91.29636984531389
49.0,94.73684210526315,90.0,94.9950130657677
51.0,95.14563106796116,90.74074074074075,95.36538303819411
55.0,94.73684210526315,90.0,94.99401460436535
62.0,87.4074074074074,77.63157894736842,88.79882916081631
57.0,74.66666666666667,59.57446808510638,79.74932502419725
55.0,79.13669064748201,65.47619047619048,82.70916524866965
47.0,77.96610169491525,63.888888888888886,81.91851186914023
35.0,84.84848484848484,73.68421052631578,86.83213477580047
46.0,93.02325581395348,86.95652173913044,93.47227714529522
52.0,92.92929292929293,86.79245283018868,93.38924456789705
53.0,95.23809523809523,90.9090909090909,95.44955802287328
57.0,94.91525423728814,90.32258064516128,95.15530468810339
61.0,86.76470588235294,76.62337662337663,88.29373033335762
55.0,72.84768211920529,57.291666666666664,78.6049323138006
60.0,77.55102040816327,63.33333333333333,81.63374502018529
48.0,79.33884297520662,65.75342465753424,82.85177616534548
37.0,86.95652173913044,76.92307692307693,88.4525646650243
47.0,91.95402298850574,85.1063829787234,92.54621047771339
50.0,92.92929292929293,86.79245283018868,93.38924456789705
53.0,93.33333333333333,87.5,93.74301773495321
60.0,95.08196721311475,90.625,95.30651412666109
64.0,85.3146853146853,74.39024390243902,87.17417014038443
61.0,75.15923566878982,60.204081632653065,80.06313186327667
60.0,76.82119205298014,62.365591397849464,81.1478781044477
49.0,75.38461538461539,60.49382716049383,80.21499465431877
37.0,85.29411764705883,74.35897435897436,87.16951649330456
48.0,92.13483146067416,85.41666666666666,92.70135218244074
53.0,91.42857142857143,84.21052631578947,92.09628613906294
53.0,92.5925925925926,86.20689655172413,93.09546838518656
62.0,97.5609756097561,95.23809523809523,97.61605456293779
63.0,83.56164383561644,71.76470588235294,85.85840801450782
61.0,74.21383647798741,59.0,79.45909571602449
59.0,76.0,61.29032258064516,80.60924676688835
53.0,73.23943661971832,57.77777777777777,78.85098289575187
24.0,0.0,0.0,49.97608418367347
42.0,41.509433962264154,26.190476190476193,63.06434005875848
44.0,92.6829268292683,86.36363636363636,93.17583469623838
49.0,0.0,0.0,49.951171875
55.0,94.64285714285714,89.83050847457628,94.90926896106764
63.0,93.65079365079364,88.05970149253731,94.02186942256611
60.0,46.15384615384615,30.0,64.95813230192591
64.0,79.72027972027972,66.27906976744185,83.11060373984336
67.0,0.0,0.0,49.9332350127551
35.0,91.66666666666666,84.61538461538461,92.30170941875467
43.0,90.9090909090909,83.33333333333334,91.65868836764002
40.0,94.87179487179486,90.2439024390244,95.1179623086843
35.0,83.5820895522388,71.7948717948718,85.88646836134272
40.0,89.47368421052632,80.95238095238095,90.4682131318484
48.0,92.63157894736842,86.27450980392157,93.13027333330204
41.0,92.5,86.04651162790698,93.01727244771165
42.0,84.61538461538461,73.33333333333333,86.6547008887914
30.0,92.85714285714286,86.66666666666667,93.32934529744101
25.0,83.72093023255815,72.0,85.99302205032097
14.0,0.0,0.0,49.986049107142854
44.0,95.34883720930233,91.11111111111111,95.55156632647407
50.0,91.42857142857143,84.21052631578947,92.09628613906294
48.0,95.04950495049505,90.56603773584906,95.2780316352402
42.0,96.3855421686747,93.02325581395348,96.50863604484175
46.0,96.7032967032967,93.61702127659575,96.80551853744413
58.0,94.73684210526315,90.0,94.99401460436535
64.0,95.08196721311475,90.625,95.30651412666109
54.0,94.33962264150944,89.28571428571429,94.63687222485052
45.0,93.33333333333333,87.5,93.74401603702078
31.0,96.7741935483871,93.75,96.87300582299684
25.0,71.7948717948718,56.00000000000001,77.98903552489934
46.0,95.55555555555556,91.48936170212765,95.74069146283651
56.0,93.80530973451327,88.33333333333333,94.15968384440943
59.0,98.33333333333333,96.72131147540983,98.35866040677928
46.0,96.84210526315789,93.87755102040816,96.93578328997667
47.0,98.9247311827957,97.87234042553192,98.93517280602349
65.0,96.82539682539682,93.84615384615384,96.91908610196548
62.0,98.38709677419355,96.82539682539682,98.4107030021427
64.0,87.59124087591242,77.92207792207793,88.94407830974995
50.0,91.58878504672897,84.48275862068965,92.23240211242754
44.0,90.47619047619048,82.6086956521739,91.29636984531389
36.0,94.11764705882352,88.88888888888889,94.44045593136212
50.0,94.84536082474226,90.19607843137256,95.09305218197393
57.0,94.82758620689656,90.1639344262295,95.07598169806118
62.0,94.39999999999999,89.39393939393939,94.68998603872998
48.0,93.06930693069307,87.03703703703704,93.51153653204362
48.0,97.91666666666666,95.91836734693877,97.95718882019085
59.0,90.5982905982906,82.8125,91.39527699359576
63.0,93.33333333333333,87.5,93.74102029413524
67.0,90.27777777777779,82.27848101265823,91.12527151748435
52.0,90.2654867256637,82.25806451612904,91.11805968948596
45.0,94.3820224719101,89.36170212765957,94.67586442801377
37.0,92.95774647887323,86.8421052631579,93.41606689079758
54.0,73.6,58.22784810126582,79.08100962813141
61.0,94.11764705882352,88.88888888888889,94.43746120422098
61.0,97.6,95.3125,97.65325688416641
52.0,89.90825688073394,81.66666666666667,90.82236120254554
47.0,95.83333333333334,92.0,95.99601037303012
53.0,95.32710280373831,91.07142857142857,95.53072675454221
66.0,90.14084507042254,82.05128205128204,91.01167231555164
70.0,91.2751677852349,83.9506172839506,91.96233666145324
54.0,87.39495798319328,77.61194029850746,88.79100725722596
51.0,88.65979381443299,79.62962962962963,89.8038439971897
40.0,89.47368421052632,80.95238095238095,90.4682131318484
52.0,76.52173913043478,61.97183098591549,80.95898658527403
59.0,93.22033898305084,87.3015873015873,93.64281296405555
62.0,96.0,92.3076923076923,96.14885772699644
55.0,86.66666666666667,76.47058823529412,88.2193336994841
49.0,98.96907216494846,97.95918367346938,98.97859439019783
54.0,94.44444444444444,89.47368421052632,94.73085706785666
67.0,91.42857142857143,84.21052631578947,92.0932899778181
70.0,90.06622516556291,81.92771084337349,90.94888775185359
62.0,90.9090909090909,83.33333333333334,91.65469444222737
50.0,87.5,77.77777777777779,88.87692096293046
41.0,87.8048780487805,78.26086956521739,89.12046270442761
54.0,66.14173228346458,49.411764705882355,74.66299728492348
62.0,92.80000000000001,86.56716417910447,93.27460327954385
67.0,93.43065693430657,87.67123287671232,93.8266365532987
57.0,88.52459016393442,79.41176470588235,89.69191642979366
50.0,96.0,92.3076923076923,96.14985636769869
54.0,93.45794392523365,87.71929824561403,93.85266671846595
69.0,92.95774647887323,86.8421052631579,93.4110745832852
71.0,92.71523178807946,86.41975308641975,93.19889981387605
62.0,91.47286821705426,84.28571428571429,92.13188282276616
52.0,86.27450980392157,75.86206896551724,87.91707134544113
42.0,86.74698795180723,76.59574468085107,88.28690305442632
56.0,64.0,47.05882352941176,73.48453383268098
68.0,89.39393939393939,80.82191780821918,90.39699158763015
66.0,71.91011235955057,56.14035087719298,78.02028718827721
62.0,86.61417322834646,76.38888888888889,88.177485485126
44.0,92.47311827956989,86.0,92.9930185706022
56.0,88.88888888888889,80.0,89.98803064155761
70.0,96.45390070921985,93.15068493150685,96.5703532424757
72.0,89.74358974358975,81.3953488372093,90.68170826684639
63.0,90.76923076923077,83.09859154929578,91.53732378909409
51.0,87.12871287128714,77.19298245614034,88.58352545770394
42.0,84.33734939759037,72.91666666666666,86.44536989024286
45.0,94.5054945054945,89.58333333333334,94.78667993138252
48.0,95.04950495049505,90.56603773584906,95.2780316352402
45.0,95.65217391304348,91.66666666666666,95.82934386552834
40.0,92.6829268292683,86.36363636363636,93.17583469623838
41.0,94.11764705882352,88.88888888888889,94.43945800755277
50.0,91.83673469387756,84.90566037735849,92.44485109390754
52.0,86.27450980392157,75.86206896551724,87.91707134544113
46.0,94.84536082474226,90.19607843137256,95.09305218197393
37.0,86.95652173913044,76.92307692307693,88.4525646650243
30.0,88.88888888888889,80.0,89.99401818471846
22.0,0.0,0.0,49.97807716836735
50.0,94.84536082474226,90.19607843137256,95.09305218197393
55.0,92.98245614035088,86.88524590163934,93.43464258252567
50.0,95.04950495049505,90.56603773584906,95.2780316352402
44.0,95.55555555555556,91.48936170212765,95.74069146283651
48.0,93.75,88.23529411764706,94.11166273774477
60.0,95.0,90.47619047619048,95.23210948418954
65.0,95.38461538461539,91.17647058823529,95.5822489429982
54.0,89.65517241379311,81.25,90.61302968637779
48.0,95.74468085106383,91.83673469387756,95.91437779955292
40.0,88.88888888888889,80.0,89.99202297383535
30.0,0.0,0.0,49.97010522959184
64.0,84.95575221238938,73.84615384615385,86.9061203319502
56.0,93.22033898305084,87.3015873015873,93.64281296405555
58.0,97.43589743589743,95.0,97.49700712304714
48.0,94.0,88.67924528301887,94.33363808167381
48.0,95.91836734693877,92.15686274509804,96.07444166599193
65.0,98.46153846153847,96.96969696969697,98.48285295483572
69.0,95.58823529411765,91.54929577464789,95.76866117781904
65.0,87.02290076335878,77.02702702702703,88.49655387744735
55.0,89.90825688073394,81.66666666666667,90.82236120254554
46.0,90.47619047619048,82.6086956521739,91.29636984531389
37.0,72.41379310344827,56.75675675675676,78.36242782509356
63.0,88.52459016393442,79.41176470588235,89.69191642979366
56.0,93.10344827586206,87.09677419354838,93.54040656926132
60.0,95.08196721311475,90.625,95.30651412666109
50.0,94.33962264150944,89.28571428571429,94.63687222485052
49.0,96.96969696969697,94.11764705882352,97.05583118980117
66.0,97.67441860465115,95.45454545454545,97.72427949198448
65.0,94.81481481481482,90.14084507042254,95.06343818016657
68.0,90.0,81.81818181818183,90.89512247774574
55.0,88.69565217391305,79.6875,89.83078241895261
47.0,92.13483146067416,85.41666666666666,92.70135218244074
39.0,91.66666666666666,84.61538461538461,92.30170941875467
63.0,88.70967741935483,79.71014492753623,89.84110626197645
65.0,65.11627906976744,48.275862068965516,74.07807468971022
61.0,95.16129032258065,90.76923076923077,95.37862939183847
51.0,91.74311926605505,84.7457627118644,92.36390397892227
50.0,96.0,92.3076923076923,96.14985636769869
64.0,92.6829268292683,86.36363636363636,93.17283955095962
68.0,94.96402877697841,90.41095890410958,95.19849481824916
70.0,89.1891891891892,80.48780487804879,90.22793756175437
56.0,90.43478260869566,82.53968253968253,91.25886848235423
48.0,89.8876404494382,81.63265306122449,90.80735094420727
42.0,88.31168831168831,79.06976744186046,89.5259092085454
61.0,86.88524590163934,76.81159420289855,88.38983636486128
57.0,90.9090909090909,83.33333333333334,91.6556932224018
64.0,94.48818897637796,89.55223880597015,94.76913560539548
52.0,88.07339449541286,78.68852459016394,89.33129549010272
49.0,95.91836734693877,92.15686274509804,96.07444166599193
61.0,95.7983193277311,91.93548387096774,95.96275380722912
68.0,94.28571428571428,89.1891891891892,94.5866121559596
71.0,89.93288590604027,81.70731707317073,90.83869116545442
57.0,89.25619834710744,80.59701492537313,90.28553910547816
51.0,89.79591836734694,81.48148148148148,90.73076707122824
44.0,75.26881720430107,60.3448275862069,80.14947847071258
65.0,86.61417322834646,76.38888888888889,88.177485485126
60.0,91.93548387096774,85.07462686567165,92.52733717632631
65.0,93.23308270676691,87.32394366197182,93.65299230430675
53.0,90.2654867256637,82.25806451612904,91.11805968948596
52.0,94.33962264150944,89.28571428571429,94.63687222485052
58.0,92.3076923076923,85.71428571428571,92.84816476369087
69.0,93.7062937062937,88.1578947368421,94.0699669457425
71.0,88.0,78.57142857142857,89.26775379878553
64.0,88.54961832061069,79.45205479452055,89.71106271391297
54.0,86.27450980392157,75.86206896551724,87.91707134544113
44.0,86.07594936708861,75.55555555555556,87.76680892930744
63.0,89.60000000000001,81.15942028985508,90.56674127022681
62.0,88.05970149253731,78.66666666666666,89.31737068592827
61.0,62.70270270270271,45.66929133858268,72.76580812589376
52.0,84.03361344537815,72.46376811594203,86.2129318176167
49.0,94.0,88.67924528301887,94.33363808167381
57.0,89.28571428571429,80.64516129032258,90.31061080914805
70.0,95.17241379310344,90.78947368421053,95.38775179011651
73.0,88.88888888888889,80.0,89.98303664085576
62.0,89.0625,80.28169014084507,90.12687831130923
54.0,86.0,75.43859649122807,87.70533538681843
43.0,87.17948717948718,77.27272727272727,88.62639195593604
62.0,89.25619834710744,80.59701492537313,90.28553910547816
55.0,86.53846153846155,76.27118644067797,88.1216298044885
57.0,0.0,0.0,49.94319993622449
48.0,75.32467532467533,60.416666666666664,80.18938902958635
50.0,0.0,0.0,49.950175382653065
60.0,0.0,0.0,49.940210459183675
74.0,10.256410256410255,5.405405405405405,52.632942677190464
59.0,0.0,0.0,49.94120695153062
51.0,0.0,0.0,49.664182079081634
43.0,0.0,0.0,49.67016103316326
36.0,0.0,0.0,49.73891900510204
54.0,86.79245283018868,76.66666666666667,88.31936963893877
61.0,28.169014084507044,16.39344262295082,58.14589007119315
58.0,81.1881188118812,68.33333333333333,84.14771782852964
68.0,90.76923076923077,83.09859154929578,91.53732378909409
70.0,86.56716417910447,76.31578947368422,88.13993711682535
90.0,87.71929824561403,78.125,89.04154233448433
104.0,86.01036269430051,75.45454545454545,87.70032285403695
96.0,89.3854748603352,80.8080808080808,90.38507681413303
82.0,88.48484848484848,79.34782608695652,89.65495210301562
67.0,93.02325581395348,86.95652173913044,93.46928170123574
47.0,93.61702127659575,88.0,93.99401579829251
64.0,87.39495798319328,77.61194029850746,88.79100725722596
71.0,84.12698412698413,72.6027397260274,86.2814189422787
76.0,87.67123287671232,78.04878048780488,89.00643047378749
75.0,90.27777777777779,82.27848101265823,91.12527151748435
83.0,91.46341463414635,84.26966292134831,92.12085968366371
106.0,91.62561576354679,84.54545454545455,92.25575544595971
113.0,91.66666666666666,84.61538461538461,92.28971998506914
104.0,93.13725490196079,87.1559633027523,93.56400429469397
82.0,91.01796407185628,83.51648351648352,91.74327169836151
71.0,92.42424242424242,85.91549295774648,92.94776942609462
56.0,90.74074074074075,83.05084745762711,91.51544906446101
69.0,86.4,76.05633802816901,88.01121039311965
77.0,92.40506329113924,85.88235294117646,92.92920113976973
83.0,92.40506329113924,85.88235294117646,92.92920113976973
85.0,92.21556886227546,85.55555555555556,92.76480346691329
95.0,91.11111111111111,83.6734693877551,91.82076471743326
109.0,91.78743961352657,84.82142857142857,92.39374178117164
120.0,88.31168831168831,79.06976744186046,89.50792362187683
121.0,94.21487603305785,89.0625,94.51726733850026
95.0,92.5531914893617,86.13861386138613,93.05533180641429
76.0,90.9090909090909,83.33333333333334,91.65269628387817
73.0,88.88888888888889,80.0,89.98503471945088
89.0,94.04761904761905,88.76404494382022,94.37204183434697
85.0,95.23809523809523,90.9090909090909,95.44656078511076
90.0,90.36144578313254,82.41758241758241,91.19282346363642
89.0,94.11764705882352,88.88888888888889,94.43446360765108
100.0,92.85714285714286,86.66666666666667,93.319357092942
120.0,95.35864978902954,91.12903225806451,95.55352997159063
120.0,89.7119341563786,81.34328358208955,90.64667524621484
114.0,94.64285714285714,89.83050847457628,94.90327101380103
90.0,92.3913043478261,85.85858585858585,92.91531836300358
73.0,90.66666666666666,82.92682926829268,91.44944480896872
72.0,86.82170542635659,76.71232876712328,88.33920508587609
88.0,94.25287356321839,89.13043478260869,94.55523615602667
94.0,94.56521739130434,89.69072164948454,94.83537859311457
93.0,93.25842696629213,87.36842105263159,93.67223280487767
106.0,93.20388349514563,87.27272727272727,93.62238600058089
110.0,93.69369369369369,88.13559322033898,94.05381674118082
131.0,92.0754716981132,85.3146853146853,92.63636531287467
128.0,90.9090909090909,83.33333333333334,91.64269351659475
109.0,90.32258064516128,82.35294117647058,91.1555032972093
86.0,89.53488372093024,81.05263157894737,90.50835135904593
71.0,92.19858156028369,85.52631578947368,92.75218226064452
67.0,80.3030303030303,67.08860759493672,83.51836760051286
86.0,96.0,92.3076923076923,96.14685901019048
87.0,94.91525423728814,90.32258064516128,95.1523068521662
110.0,93.77990430622009,88.28828828828829,94.13116439255663
106.0,95.28301886792453,90.990990990991,95.4855104730292
112.0,93.96551724137932,88.6178861788618,94.29496182432612
120.0,94.73684210526315,90.0,94.98701532192013
126.0,92.36641221374046,85.81560283687944,92.8878233942663
117.0,89.83050847457628,81.53846153846153,90.74526432225653
98.0,89.55223880597015,81.08108108108108,90.51957659852081
89.0,90.05847953216374,81.91489361702128,90.94048040199554
88.0,85.71428571428571,75.0,87.47704911489413
99.0,93.26424870466322,87.37864077669903,93.67634270995634
102.0,91.62561576354679,84.54545454545455,92.25575544595971
114.0,93.3920704845815,87.60330578512396,93.78667386320309
139.0,92.57950530035336,86.18421052631578,93.07112414616319
134.0,94.58483754512635,89.72602739726028,94.84802718649105
144.0,93.87755102040816,88.46153846153845,94.21278290038033
137.0,87.88927335640139,78.39506172839506,89.16256513061644
122.0,87.34693877551021,77.53623188405797,88.73715866307394
108.0,86.25592417061611,75.83333333333333,87.8877158829989
106.0,85.85365853658537,75.21367521367522,87.57788855716502
97.0,86.81318681318682,76.69902912621359,88.32556103295529
96.0,95.23809523809523,90.9090909090909,95.44556090796557
95.0,94.73684210526315,90.0,94.9900171704668
97.0,91.4572864321608,84.25925925925925,92.11265848058301
111.0,90.17857142857143,82.11382113821138,91.03494351967983
123.0,88.44621513944223,79.28571428571428,89.61389479391077
149.0,94.19795221843003,89.03225806451613,94.49914194244633
140.0,91.52542372881356,84.375,92.16252048320376
114.0,90.43478260869566,82.53968253968253,91.24787290428766
104.0,92.38095238095238,85.84070796460178,92.9043792224215
88.0,92.13483146067416,85.41666666666666,92.69435960394459
75.0,80.82191780821918,67.81609195402298,83.88011134405262
82.0,80.0,66.66666666666666,83.3044016121952
82.0,85.33333333333334,74.4186046511628,87.18735149544091
83.0,90.0,81.81818181818183,90.8931241200122
82.0,90.56603773584906,82.75862068965517,91.36434148006629
79.0,92.3076923076923,85.71428571428571,92.84516776533383
107.0,90.45226130653266,82.56880733944955,91.26543629361169
112.0,91.74311926605505,84.7457627118644,92.35490867440812
106.0,91.70731707317074,84.68468468468468,92.325370176694
94.0,92.97297297297298,86.86868686868688,93.42136679229911
87.0,86.79245283018868,76.66666666666667,88.3123781773671
60.0,89.47368421052632,80.95238095238095,90.46422040137752
79.0,92.61744966442953,86.25,93.11402348973198
82.0,95.0,90.47619047619048,95.23011120615912
91.0,94.3820224719101,89.36170212765957,94.67086943003596
94.0,91.11111111111111,83.6734693877551,91.82076471743326
91.0,93.6842105263158,88.11881188118812,94.04742678432596
121.0,91.30434782608695,84.0,91.98002835972918
124.0,91.9831223628692,85.15625,92.55915042592926
108.0,86.66666666666667,76.47058823529412,88.20734163686438
89.0,94.5054945054945,89.58333333333334,94.78168463432488
77.0,94.5945945945946,89.74358974358975,94.86381179591574
63.0,89.65517241379311,81.25,90.61302968637779
80.0,90.78947368421053,83.13253012048193,91.55229495626347
98.0,90.21739130434783,82.17821782178217,91.0711423287339
91.0,96.045197740113,92.3913043478261,96.18866489076837
98.0,93.54838709677419,87.87878787878788,93.9274152614407
100.0,92.70833333333334,86.40776699029125,93.18990781283286
127.0,87.06896551724138,77.09923664122137,88.51966325321179
128.0,88.9795918367347,80.14705882352942,90.04656554334838
121.0,93.7759336099585,88.28125,94.12564387621597
98.0,91.83673469387756,84.90566037735849,92.43685766142613
84.0,90.36144578313254,82.41758241758241,91.19282346363642
75.0,86.76470588235294,76.62337662337663,88.29373033335762
87.0,95.34883720930233,91.11111111111111,95.54757056733341
86.0,94.85714285714286,90.21739130434783,95.09971236109531
91.0,97.77777777777777,95.65217391304348,97.82209398415311
100.0,93.6842105263158,88.11881188118812,94.04742678432596
124.0,91.45299145299145,84.25196850393701,92.10601181393298
130.0,95.65217391304348,91.66666666666666,95.82234542003796
128.0,91.2,83.82352941176471,91.88979195209706
117.0,91.30434782608695,84.0,91.98002835972918
95.0,93.04812834224599,87.0,93.487023098884
85.0,91.56626506024097,84.44444444444444,92.20825016633401
93.0,75.16778523489933,60.215053763440864,80.07061546911069
95.0,95.6043956043956,91.57894736842105,95.78148789890837
96.0,94.17989417989418,89.0,94.48901910675424
110.0,90.73170731707317,83.03571428571429,91.4988886305875
114.0,90.99526066350711,83.47826086956522,91.7201607862203
132.0,94.02390438247012,88.7218045112782,94.34591963547848
130.0,91.63346613545816,84.55882352941177,92.25843735348757
133.0,88.46153846153845,79.3103448275862,89.62520896919551
112.0,87.27272727272727,77.41935483870968,88.68172214778934
111.0,86.69950738916256,76.52173913043478,88.23391700172914
102.0,81.76795580110497,69.1588785046729,84.54650643528323
89.0,76.71232876712328,62.22222222222222,81.07719251574001
87.0,95.45454545454545,91.30434782608695,95.64418860600841
89.0,95.45454545454545,91.30434782608695,95.64418860600841
102.0,95.56650246305419,91.50943396226415,95.74573117869991
112.0,94.88372093023256,90.2654867256637,95.12175961877305
130.0,92.80000000000001,86.56716417910447,93.2656036636633
128.0,91.63346613545816,84.55882352941177,92.25843735348757
127.0,92.24489795918367,85.60606060606061,92.78405421290387
127.0,86.88524590163934,76.81159420289855,88.37384183881696
109.0,88.67924528301887,79.66101694915254,89.80654777013156
107.0,86.73469387755102,76.57657657657657,88.26233552232235
107.0,79.3296089385475,65.74074074074075,82.83344790754231
90.0,92.47311827956989,86.0,92.9860251547215
94.0,90.15544041450777,82.0754716981132,91.01876960896398
119.0,91.1504424778761,83.73983739837398,91.84994785661715
127.0,92.3076923076923,85.71428571428571,92.83716523208292
143.0,93.66197183098592,88.0794701986755,94.02175056603639
140.0,92.3076923076923,85.71428571428571,92.83616383616383
142.0,90.03436426116839,81.875,90.90852607653113
121.0,88.79668049792531,79.8507462686567,89.89841034298041
116.0,88.68778280542986,79.67479674796748,89.8124373132385
123.0,82.0754716981132,69.6,84.76206751981472
107.0,73.5632183908046,58.18181818181818,79.04501190061535
89.0,97.20670391061452,94.56521739130434,97.27761757983832
96.0,94.79166666666666,90.0990099009901,95.0395219216441
105.0,96.07843137254902,92.45283018867924,96.21842755490115
108.0,92.23744292237443,85.59322033898306,92.77963563129882
137.0,92.01520912547528,85.2112676056338,92.58465687743482
139.0,93.81818181818183,88.35616438356165,94.16109815677373
137.0,91.5129151291513,84.35374149659864,92.15389464344837
123.0,92.24489795918367,85.60606060606061,92.78405421290387
107.0,90.14084507042254,82.05128205128204,91.0046745719669
105.0,86.4321608040201,76.10619469026548,88.02614585780992
99.0,79.51807228915662,66.0,82.96607463580123
153.0,84.21052631578947,72.72727272727273,86.32169005491153
150.0,25.581395348837212,14.666666666666666,57.205726362802565
141.0,0.0,0.0,49.76482780612245
140.0,68.65671641791045,52.27272727272727,76.03149158027207
144.0,0.0,0.0,49.76781728316326
140.0,85.24590163934425,74.28571428571429,87.10690890831488
136.0,84.94983277591973,73.83720930232558,86.8736487079871
130.0,89.87854251012146,81.61764705882352,90.78385598721661
123.0,53.45622119815668,36.477987421383645,68.13823150948667
110.0,43.97163120567376,28.18181818181818,64.01213752844025
96.0,0.0,0.0,49.90433673469388
42.0,88.31168831168831,79.06976744186046,89.5259092085454
68.0,95.52238805970148,91.42857142857143,95.7082991242474
90.0,95.55555555555556,91.48936170212765,95.73669522519039
105.0,91.22807017543859,83.87096774193549,91.91551262955538
118.0,95.31914893617022,91.05691056910568,95.51746934655348
114.0,98.68995633187772,97.41379310344827,98.70390032696733
107.0,96.36363636363636,92.98245614035088,96.48323925451736
112.0,96.0,92.3076923076923,96.14485837722236
98.0,94.35897435897435,89.32038834951457,94.64921262376296
73.0,92.85714285714286,86.66666666666667,93.32335548415851
58.0,94.64285714285714,89.83050847457628,94.90926896106764
36.0,94.11764705882352,88.88888888888889,94.44045593136212
13.0,84.61538461538461,73.33333333333333,86.66267982324993
48.0,92.3076923076923,85.71428571428571,92.85016156700043
73.0,97.93103448275862,95.94594594594594,97.9699792597707
94.0,95.83333333333334,92.0,95.99201341745867
114.0,94.11764705882352,88.88888888888889,94.43046234153616
122.0,93.7007874015748,88.14814814814815,94.05809229330416
128.0,91.47286821705426,84.28571428571429,92.12088263328823
119.0,94.11764705882352,88.88888888888889,94.43046234153616
122.0,94.86166007905138,90.22556390977444,95.09979649859825
113.0,94.01709401709401,88.70967741935483,94.34085716531597
82.0,90.6832298136646,82.95454545454545,91.46230356374959
58.0,94.82758620689656,90.1639344262295,95.07598169806118
39.0,87.67123287671232,78.04878048780488,89.01541608946721
20.0,90.47619047619048,82.6086956521739,91.30036034677201
50.0,92.78350515463917,86.53846153846155,93.26224906130554
79.0,98.11320754716981,96.29629629629629,98.1451540166459
102.0,92.3076923076923,85.71428571428571,92.8411684162483
117.0,93.44262295081968,87.6923076923077,93.83017366158272
125.0,94.53125,89.62962962962962,94.80083019789343
129.0,90.97744360902256,83.44827586206897,91.7001643020264
125.0,95.1219512195122,90.69767441860465,95.33685135261322
126.0,94.57364341085271,89.70588235294117,94.83895628015861
115.0,93.27731092436974,87.4015748031496,93.68480817456991
90.0,89.41176470588236,80.85106382978722,90.40756784303733
64.0,94.39999999999999,89.39393939393939,94.68998603872998
41.0,92.10526315789474,85.36585365853658,92.67694370168806
24.0,91.66666666666666,84.61538461538461,92.30370458986322
65.0,93.44262295081968,87.6923076923077,93.83817284094624
102.0,95.04950495049505,90.56603773584906,95.27303484236542
120.0,97.11934156378601,94.39999999999999,97.1930081105917
122.0,92.96875,86.86131386861314,93.41267743094042
122.0,92.0,85.18518518518519,92.57261696286086
126.0,90.5511811023622,82.73381294964028,91.34293571914208
108.0,91.8918918918919,85.0,92.48202660063107
112.0,90.43478260869566,82.53968253968253,91.24787290428766
85.0,91.12426035502959,83.69565217391305,91.83285572826674
79.0,84.72222222222221,73.49397590361446,86.72503843569429
51.0,93.87755102040816,88.46153846153845,94.22478479031442
39.0,91.66666666666666,84.61538461538461,92.30170941875467
53.0,0.0,0.0,49.947185905612244
83.0,96.29629629629629,92.85714285714286,96.4225831655669
110.0,95.32710280373831,91.07142857142857,95.52572906384266
131.0,95.71984435797665,91.7910447761194,95.88453403571319
132.0,92.1875,85.5072463768116,92.73364636152498
130.0,91.97080291970804,85.13513513513513,92.54558954558955
132.0,89.25619834710744,80.59701492537313,90.27254277466228
124.0,95.54655870445345,91.47286821705426,95.72544685374268
108.0,92.03539823008849,85.24590163934425,92.604976702401
82.0,85.53459119496856,74.72527472527473,87.33968693555984
73.0,82.96296296296296,70.88607594936708,85.42009304252073
52.0,87.2340425531915,77.35849056603774,88.66727759577444
41.0,85.33333333333334,74.4186046511628,87.198333914605
32.0,0.0,0.0,49.96811224489796
93.0,93.33333333333333,87.5,93.73802203944742
119.0,95.7983193277311,91.93548387096774,95.95775432012691
130.0,92.19330855018588,85.51724137931035,92.73764250696517
138.0,88.33922261484098,79.11392405063292,89.52399565101824
130.0,89.96282527881041,81.75675675675676,90.85140804574428
125.0,85.58951965065502,74.80916030534351,87.37163155248804
121.0,92.80000000000001,86.56716417910447,93.2656036636633
105.0,87.96296296296296,78.51239669421489,89.2302403989834
85.0,81.48148148148148,68.75,84.34506585511873
75.0,80.59701492537313,67.5,83.72406328558317
44.0,91.56626506024097,84.44444444444444,92.21524148904578
46.0,72.52747252747253,56.896551724137936,78.42334715816214
21.0,0.0,0.0,49.979073660714285
103.0,94.6341463414634,89.81481481481481,94.89642475999032
125.0,96.0,92.3076923076923,96.14385734131619
125.0,90.84249084249085,83.22147651006712,91.58576422802165
124.0,83.66533864541833,71.91780821917808,85.91796224703387
134.0,91.72932330827066,84.72222222222221,92.339134845478
124.0,61.95652173913043,44.881889763779526,72.37111108632321
116.0,86.22222222222223,75.78125,87.85967390273368
93.0,79.7872340425532,66.3716814159292,83.14791731322198
83.0,79.01234567901234,65.3061224489796,82.61913721427267
67.0,80.62015503875969,67.53246753246754,83.74129561285415
39.0,85.33333333333334,74.4186046511628,87.198333914605
44.0,3.9215686274509802,2.0,50.95117090184355
16.0,0.0,0.0,49.984056122448976
113.0,92.85714285714286,86.66666666666667,93.31735634020345
125.0,94.20849420849422,89.05109489051095,94.51056362777834
117.0,87.31343283582089,77.48344370860927,88.70776192701884
123.0,86.69201520912547,76.51006711409396,88.22007690329762
133.0,90.69767441860465,82.97872340425532,91.46538998874945
128.0,54.14364640883977,37.121212121212125,68.47781634647994
111.0,82.94930875576037,70.86614173228347,85.39613439686889
89.0,78.91891891891892,65.17857142857143,82.55036588912554
78.0,78.70967741935485,64.8936170212766,82.41388423646889
67.0,82.70676691729322,70.51282051282051,85.23346578203824
37.0,81.48148148148148,68.75,84.36004277765589
42.0,7.547169811320755,3.9215686274509802,51.911954242373795
14.0,0.0,0.0,49.986049107142854
53.0,76.74418604651163,62.264150943396224,81.11213250857266
72.0,95.1048951048951,90.66666666666666,95.32634842074452
91.0,95.6043956043956,91.57894736842105,95.78148789890837
111.0,97.2972972972973,94.73684210526315,97.36242920154905
116.0,97.83549783549783,95.76271186440678,97.87636222427538
110.0,96.36363636363636,92.98245614035088,96.48323925451736
112.0,95.45454545454545,91.30434782608695,95.64218809290807
114.0,95.19650655021834,90.83333333333333,95.4056813869415
107.0,96.15384615384616,92.5925925925926,96.28830843784115
74.0,97.95918367346938,96.0,97.99700622704775
60.0,92.98245614035088,86.88524590163934,93.43464258252567
38.0,88.88888888888889,80.0,89.99202297383535
45.0,44.827586206896555,28.888888888888886,64.41254842546631
50.0,88.88888888888889,80.0,89.99002712621669
76.0,96.64429530201343,93.5064935064935,96.74825713165966
98.0,93.87755102040816,88.46153846153845,94.21878935695723
115.0,96.1038961038961,92.5,96.24101168480975
123.0,96.7741935483871,93.75,96.86700894997603
126.0,91.42857142857143,84.21052631578947,92.08429000353232
118.0,96.20253164556962,92.6829268292683,96.33247456081288
121.0,95.16129032258065,90.76923076923077,95.37262928848689
115.0,94.87179487179486,90.2439024390244,95.10996679925853
92.0,89.82035928143712,81.52173913043478,90.74390383599042
62.0,91.52542372881356,84.375,92.17752434060891
39.0,90.41095890410958,82.5,91.24301996290609
56.0,50.66666666666667,33.92857142857143,66.92740153062242
56.0,89.10891089108911,80.35714285714286,90.16760017326034
82.0,97.5,95.1219512195122,97.55698343441975
105.0,93.77990430622009,88.28828828828829,94.13116439255663
119.0,97.0954356846473,94.35483870967742,97.1704276051034
123.0,96.44268774703558,93.12977099236642,96.55589520569693
131.0,92.06349206349206,85.29411764705883,92.62708279476392
124.0,97.14285714285714,94.44444444444444,97.21523019313538
123.0,95.23809523809523,90.9090909090909,95.4425588795095
115.0,95.27896995708154,90.98360655737704,95.48081756012266
92.0,91.12426035502959,83.69565217391305,91.83285572826674
80.0,82.01438848920863,69.51219512195121,84.73115691970183
45.0,83.54430379746836,71.73913043478261,85.85660229135975
57.0,64.28571428571429,47.368421052631575,73.65429966069533
74.0,90.64748201438849,82.89473684210526,91.43439773480355
102.0,94.58128078817734,89.7196261682243,94.84883065599715
120.0,97.5,95.1219512195122,97.55498268141154
126.0,94.25287356321839,89.13043478260869,94.55023327446818
132.0,92.36363636363636,85.8108108108108,92.88442596525674
138.0,95.0354609929078,90.54054054054053,95.25628202040015
115.0,95.76271186440678,91.869918699187,95.92497193373748
116.0,93.87755102040816,88.46153846153845,94.21578750847044
100.0,91.91919191919192,85.04672897196261,92.50739163981979
87.0,87.89808917197452,78.4090909090909,89.18558602771887
80.0,78.78787878787878,65.0,82.47206926821482
64.0,71.28712871287128,55.38461538461539,77.66338866558252
63.0,0.0,0.0,49.937220982142854
82.0,96.8944099378882,93.97590361445783,96.98296158805849
108.0,94.39252336448598,89.38053097345133,94.6782834597661
132.0,96.49805447470817,93.23308270676691,96.60755070365916
140.0,89.8876404494382,81.63265306122449,90.78935673678133
135.0,91.30434782608695,84.0,91.97602397602398
133.0,92.1875,85.5072463768116,92.73364636152498
121.0,94.77911646586345,90.07633587786259,95.02518300145877
117.0,95.08196721311475,90.625,95.30051438274072
95.0,87.09677419354838,77.14285714285715,88.54747408495287
85.0,81.04575163398692,68.13186813186813,84.0370000355234
58.0,88.67924528301887,79.66101694915254,89.81853935490503
49.0,80.0,66.66666666666666,83.31638147660644
54.0,0.0,0.0,49.94618941326531
96.0,93.98907103825137,88.65979381443299,94.31891667164052
118.0,95.4356846473029,91.26984126984127,95.62393403856818
132.0,95.01915708812261,90.51094890510949,95.24248795850856
144.0,87.54448398576513,77.84810126582279,88.88908769362703
136.0,89.81132075471699,81.5068493150685,90.726455402485
128.0,93.22709163346613,87.31343283582089,93.63973645426755
121.0,92.66409266409266,86.33093525179856,93.14648888209234
107.0,91.37931034482759,84.12698412698413,92.04352002434688
91.0,85.87570621468926,75.24752475247524,87.59881227643722
82.0,82.1917808219178,69.76744186046511,84.85778111061407
71.0,73.21428571428571,57.74647887323944,78.84332021850862
66.0,73.50427350427351,58.108108108108105,79.02313629529236
40.0,0.0,0.0,49.96014030612245
104.0,95.56650246305419,91.50943396226415,95.74573117869991
124.0,95.58232931726907,91.53846153846153,95.75824329495144
128.0,95.01915708812261,90.51094890510949,95.24248795850856
141.0,89.53068592057761,81.04575163398692,90.49390594565965
135.0,93.63295880149812,88.02816901408451,93.99710182937349
132.0,90.76305220883533,83.08823529411765,91.52114659058998
118.0,93.97590361445783,88.63636363636364,94.30319949732043
106.0,91.24423963133641,83.89830508474576,91.93018175738177
90.0,85.54913294797689,74.74747474747475,87.34878826990918
77.0,78.83211678832117,65.06024096385542,82.50119106969356
63.0,73.07692307692307,57.57575757575758,78.75995585517306
52.0,67.3469387755102,50.76923076923077,75.35270664361464
23.0,0.0,0.0,49.97708067602041
111.0,93.80530973451327,88.33333333333333,94.15268623926502
128.0,95.38461538461539,91.17647058823529,95.57624776115192
141.0,89.45454545454545,80.92105263157895,90.43155702323958
136.0,90.39145907473309,82.46753246753246,91.20679266786082
132.0,93.84615384615384,88.40579710144928,94.18691581208238
136.0,86.61417322834646,76.38888888888889,88.16048926528094
115.0,92.3076923076923,85.71428571428571,92.83816638796463
102.0,87.92270531400966,78.44827586206897,89.1991803589071
87.0,82.92682926829268,70.83333333333334,85.38872701631144
75.0,76.69172932330827,62.19512195121951,81.06663828234292
58.0,73.87387387387388,58.57142857142858,79.25679237487356
48.0,78.43137254901961,64.51612903225806,82.23612419380575
21.0,0.0,0.0,49.979073660714285
135.0,0.0,0.0,49.86547353316326
137.0,85.24590163934425,74.28571428571429,87.10690890831488
148.0,92.25589225589226,85.625,92.78951792601771
149.0,89.6057347670251,81.16883116883116,90.55544513427472
149.0,87.85714285714286,78.343949044586,89.13801052413103
146.0,90.57971014492753,82.78145695364239,91.36475496979835
138.0,87.8048780487805,78.26086956521739,89.10047552719607
130.0,89.16666666666667,80.45112781954887,90.19959974032827
115.0,91.22807017543859,83.87096774193549,91.91551262955538
103.0,81.52173913043478,68.80733944954129,84.36973826631672
84.0,82.1917808219178,69.76744186046511,84.85778111061407
72.0,81.88976377952756,69.33333333333334,84.64372356555742
64.0,66.66666666666666,50.0,74.967094110843
43.0,93.82716049382715,88.37209302325581,94.18106027364475
52.0,92.15686274509804,85.45454545454545,92.71929331415856
65.0,96.12403100775194,92.53731343283582,96.26366809048503
95.0,96.21621621621622,92.70833333333334,96.34717882551028
110.0,96.74418604651163,93.69369369369369,96.83985691235252
113.0,96.0352422907489,92.37288135593221,96.17745272182732
115.0,96.94323144104804,94.0677966101695,97.02690739327011
110.0,95.8904109589041,92.10526315789474,96.04364434082551
109.0,96.83257918552036,93.85964912280701,96.92283420809107
99.0,93.46733668341709,87.73584905660378,93.85494607253845
68.0,96.29629629629629,92.85714285714286,96.42358250398402
42.0,84.0909090909091,72.54901960784314,86.26054861602393
41.0,93.82716049382715,88.37209302325581,94.18106027364475
55.0,93.33333333333333,87.5,93.74301773495321
66.0,95.38461538461539,91.17647058823529,95.5822489429982
96.0,96.84210526315789,93.87755102040816,96.93278557329809
114.0,97.2972972972973,94.73684210526315,97.36242920154905
125.0,94.6058091286307,89.76377952755905,94.86890586381548
119.0,97.45762711864407,95.0413223140496,97.51466846810528
115.0,96.52173913043478,93.27731092436974,96.63066584868243
112.0,95.06726457399103,90.5982905982906,95.28816067761544
99.0,95.47738693467338,91.34615384615384,95.66409147949553
63.0,96.875,93.93939393939394,96.96570606895068
34.0,85.33333333333334,74.4186046511628,87.198333914605
43.0,96.47058823529412,93.18181818181817,96.58791716909798
54.0,96.22641509433963,92.72727272727272,96.35964633869871
66.0,93.75,88.23529411764706,94.109665575864
97.0,96.90721649484536,94.0,96.99400982388882
111.0,97.27272727272728,94.69026548672566,97.33914101195218
122.0,94.11764705882352,88.88888888888889,94.43046234153616
120.0,95.83333333333334,92.0,95.99001218513415
117.0,94.51476793248945,89.60000000000001,94.78701661872803
121.0,95.51020408163265,91.40625,95.69213796470166
104.0,97.11538461538461,94.39252336448598,97.19027066876322
67.0,95.58823529411765,91.54929577464789,95.76866117781904
39.0,89.74358974358975,81.3953488372093,90.68969691516435
45.0,94.5054945054945,89.58333333333334,94.78667993138252
57.0,94.54545454545455,89.65517241379311,94.82160105008545
65.0,96.875,93.93939393939394,96.96570606895068
100.0,96.4824120603015,93.20388349514563,96.59495292968144
112.0,95.02262443438913,90.51724137931035,95.24763628750623
121.0,94.51476793248945,89.60000000000001,94.78701661872803
121.0,92.7038626609442,86.4,93.1830230885995
116.0,93.96551724137932,88.6178861788618,94.29496182432612
118.0,94.11764705882352,88.88888888888889,94.43046234153616
109.0,93.89671361502347,88.49557522123894,94.23480734062986
72.0,90.0,81.81818181818183,90.89512247774574
41.0,89.41176470588236,80.85106382978722,90.4165566865239
49.0,92.63157894736842,86.27450980392157,93.13027333330204
58.0,93.80530973451327,88.33333333333333,94.15968384440943
66.0,94.57364341085271,89.70588235294117,94.84595723952556
103.0,96.03960396039604,92.38095238095238,96.1824888105365
116.0,94.22222222222221,89.07563025210085,94.52483330060603
121.0,95.7983193277311,91.93548387096774,95.95775432012691
119.0,93.56223175965665,87.90322580645162,93.93663297632784
118.0,93.27731092436974,87.4015748031496,93.68480817456991
123.0,92.6829268292683,86.36363636363636,93.16384047417566
112.0,93.69369369369369,88.13559322033898,94.05381674118082
78.0,80.23255813953489,66.99029126213593,83.46121823569406
44.0,84.0909090909091,72.54901960784314,86.26054861602393
57.0,95.4954954954955,91.37931034482759,95.68466744223005
61.0,92.6829268292683,86.36363636363636,93.17283955095962
65.0,96.12403100775194,92.53731343283582,96.26366809048503
101.0,94.35897435897435,89.32038834951457,94.64921262376296
120.0,95.35864978902954,91.12903225806451,95.55352997159063
112.0,93.10344827586206,87.09677419354838,93.53240882722078
106.0,84.87394957983193,73.72262773722628,86.82536778773446
119.0,90.19607843137256,82.14285714285714,91.04645903426392
129.0,91.30434782608695,84.0,91.97602397602398
120.0,92.4901185770751,86.02941176470588,92.99572827592853
100.0,93.20388349514563,87.27272727272727,93.62238600058089
71.0,83.21167883211679,71.25,85.60205461002813
45.0,90.10989010989012,82.0,90.99102423456667
55.0,94.64285714285714,89.83050847457628,94.90926896106764
58.0,94.91525423728814,90.32258064516128,95.15530468810339
79.0,91.46341463414635,84.26966292134831,92.12085968366371
100.0,97.53694581280789,95.1923076923077,97.59116153431407
100.0,91.07981220657277,83.62068965517241,91.79137480022943
83.0,84.5360824742268,73.21428571428571,86.57719915130981
102.0,87.38738738738738,77.60000000000001,88.77204417021107
106.0,86.20689655172413,75.75757575757575,87.8468364449673
100.0,88.68778280542986,79.67479674796748,89.8124373132385
93.0,84.6938775510204,73.45132743362832,86.69571941321885
58.0,75.67567567567568,60.86956521739131,80.39886880183212
48.0,90.52631578947368,82.6923076923077,91.33717772264238
54.0,96.29629629629629,92.85714285714286,96.42458132403068
62.0,96.72131147540983,93.65079365079364,96.82140616354556
84.0,95.23809523809523,90.9090909090909,95.44656078511076
96.0,95.04950495049505,90.56603773584906,95.27303484236542
101.0,90.04739336492891,81.89655172413794,90.9273098270457
84.0,88.77005347593582,79.8076923076923,89.88288514132944
110.0,94.73684210526315,90.0,94.98801629783495
115.0,93.72384937238493,88.18897637795276,94.0795073644318
111.0,93.56223175965665,87.90322580645162,93.93663297632784
86.0,82.75862068965517,70.58823529411765,85.25918192878046
61.0,79.43262411347519,65.88235294117646,82.91224590394816
44.0,91.35802469135803,84.0909090909091,92.03847395150572
53.0,92.3076923076923,85.71428571428571,92.84916328484793
63.0,96.0,92.3076923076923,96.14885772699644
93.0,97.82608695652173,95.74468085106383,97.86834729371864
107.0,98.11320754716981,96.29629629629629,98.14415389986567
111.0,96.8609865470852,93.91304347826087,96.94953124620082
113.0,96.42857142857143,93.10344827586206,96.54373500315432
109.0,96.3302752293578,92.92035398230088,96.45218833504212
112.0,95.8904109589041,92.10526315789474,96.04364434082551
97.0,93.26424870466322,87.37864077669903,93.67634270995634
69.0,95.58823529411765,91.54929577464789,95.76866117781904
40.0,83.54430379746836,71.73913043478261,85.85660229135975
42.0,17.391304347826086,9.523809523809524,54.724035033769546
53.0,90.19607843137256,82.14285714285714,91.06145450400388
67.0,94.57364341085271,89.70588235294117,94.84595723952556
96.0,97.35449735449735,94.84536082474226,97.4176887982828
110.0,96.29629629629629,92.85714285714286,96.42058293200648
121.0,94.91525423728814,90.32258064516128,95.14930566294497
118.0,95.31914893617022,91.05691056910568,95.51746934655348
117.0,96.52173913043478,93.27731092436974,96.63066584868243
112.0,98.23008849557522,96.52173913043478,98.25687475846617
101.0,95.04950495049505,90.56603773584906,95.27303484236542
69.0,94.8905109489051,90.27777777777779,95.1319043944665
37.0,91.42857142857143,84.21052631578947,92.09928038827124
45.0,88.88888888888889,80.0,89.99102512963701
56.0,91.74311926605505,84.7457627118644,92.36390397892227
66.0,93.02325581395348,86.95652173913044,93.46928170123574
96.0,96.90721649484536,94.0,96.99400982388882
111.0,97.24770642201835,94.64285714285714,97.315436959685
120.0,94.01709401709401,88.70967741935483,94.34085716531597
118.0,95.31914893617022,91.05691056910568,95.51746934655348
116.0,96.58119658119658,93.38842975206612,96.68622494334824
116.0,96.55172413793103,93.33333333333333,96.65867689357623
100.0,97.51243781094527,95.14563106796116,97.56782332183154
69.0,96.35036496350365,92.95774647887323,96.47388421528974
42.0,89.74358974358975,81.3953488372093,90.68969691516435
45.0,75.0,60.0,79.98205348062773
58.0,94.54545454545455,89.65517241379311,94.82160105008545
68.0,93.93939393939394,88.57142857142857,94.27773248422169
99.0,95.47738693467338,91.34615384615384,95.66409147949553
110.0,98.1651376146789,96.3963963963964,98.1942037105911
120.0,95.76271186440678,91.869918699187,95.92497193373748
120.0,94.91525423728814,90.32258064516128,95.14930566294497
114.0,94.4206008583691,89.43089430894308,94.7024642918502
118.0,95.86776859504133,92.06349206349206,96.0217580173633
105.0,98.09523809523809,96.26168224299066,98.12684695298135
74.0,94.36619718309859,89.33333333333333,94.65868406873017
39.0,85.0,73.91304347826086,86.94455572261732
45.0,84.33734939759037,72.91666666666666,86.44536989024286
59.0,95.57522123893806,91.52542372881356,95.75772403471123
67.0,96.18320610687023,92.64705882352942,96.3185406862843
101.0,96.03960396039604,92.38095238095238,96.1824888105365
110.0,96.80365296803653,93.80530973451327,96.89566465355581
121.0,94.56066945606695,89.68253968253968,94.82828620065702
123.0,94.21487603305785,89.0625,94.51726733850026
114.0,93.56223175965665,87.90322580645162,93.93663297632784
119.0,96.29629629629629,92.85714285714286,96.4195820360546
107.0,95.81395348837209,91.96428571428571,95.97315597798642
77.0,91.0344827586207,83.54430379746836,91.7591804359523
41.0,85.36585365853658,74.46808510638297,87.22207629803106
56.0,92.72727272727272,86.4406779661017,93.21235893317554
58.0,94.11764705882352,88.88888888888889,94.43746120422098
63.0,96.06299212598425,92.42424242424242,96.2071326857319
97.0,97.38219895287958,94.89795918367348,97.44398787808157
116.0,95.23809523809523,90.9090909090909,95.44355995540433
116.0,94.46808510638299,89.51612903225806,94.74508139418757
115.0,93.11740890688259,87.12121212121212,93.5436267753341
122.0,92.3076923076923,85.71428571428571,92.83716523208292
129.0,94.42379182156134,89.43661971830986,94.70332454476303
108.0,92.7038626609442,86.4,93.1830230885995
90.0,94.6236559139785,89.79591836734694,94.8879767527519
58.0,85.21739130434783,74.24242424242425,87.1042551918128
50.0,46.15384615384615,30.0,64.96511233827077
53.0,93.33333333333333,87.5,93.74301773495321
60.0,95.0,90.47619047619048,95.23210948418954
73.0,88.46153846153845,79.3103448275862,89.63721085153634
100.0,95.14563106796116,90.74074074074075,95.36038594607228
106.0,93.21266968325791,87.28813559322035,93.62908966468278
104.0,90.9090909090909,83.33333333333334,91.6466970205288
106.0,89.47368421052632,80.95238095238095,90.45222594369858
113.0,90.08264462809917,81.95488721804512,90.95347572598583
106.0,91.1504424778761,83.73983739837398,91.84994785661715
88.0,87.2340425531915,77.35849056603774,88.65529031835244
65.0,91.47286821705426,84.28571428571429,92.13188282276616
49.0,0.0,0.0,49.951171875
53.0,92.15686274509804,85.45454545454545,92.71929331415856
59.0,97.47899159663865,95.08196721311475,97.5379906698879
84.0,92.85714285714286,86.66666666666667,93.32135680732432
99.0,97.02970297029702,94.23076923076923,97.10939396080576
111.0,93.85964912280701,88.42975206611571,94.200895326433
107.0,94.5945945945946,89.74358974358975,94.85981188763239
113.0,92.76595744680851,86.5079365079365,93.23699100348391
119.0,96.2655601659751,92.80000000000001,96.39101078705554
113.0,93.5064935064935,87.8048780487805,93.88745939668392
84.0,95.95375722543352,92.22222222222223,96.10412410693887
59.0,94.01709401709401,88.70967741935483,94.34785560878159
46.0,0.0,0.0,49.95416135204081
53.0,91.0891089108911,83.63636363636363,91.80920515749959
63.0,91.66666666666666,84.61538461538461,92.2977164492697
88.0,92.89617486338798,86.73469387755102,93.35437055579254
99.0,93.59605911330048,87.96296296296296,93.96850250741946
108.0,91.70305676855895,84.67741935483872,92.31973661916209
107.0,91.62995594713657,84.5528455284553,92.25745008488589
113.0,92.57641921397381,86.1788617886179,93.07245466103554
112.0,97.32142857142857,94.78260869565217,97.3853123770669
100.0,94.89795918367348,90.29126213592234,95.13564764045084
67.0,94.20289855072464,89.04109589041096,94.51256566586561
44.0,0.0,0.0,49.95615433673469
67.0,82.85714285714286,70.73170731707317,85.3419101651809
86.0,85.20710059171599,74.22680412371135,87.08845395392018
84.0,89.26553672316385,80.61224489795919,90.28715923760964
54.0,58.95953757225434,41.80327868852459,70.8308164016189
30.0,40.65040650406504,25.510204081632654,62.68232183703175
79.0,86.25,75.82417582417582,87.89013489155187
95.0,94.6236559139785,89.79591836734694,94.8879767527519
93.0,90.0523560209424,81.9047619047619,90.93341509093156
94.0,83.63636363636363,71.875,85.90156037856401
39.0,47.5609756097561,31.2,65.51423499611066
87.0,82.22222222222221,69.81132075471697,84.8737255244584
97.0,95.33678756476684,91.0891089108911,95.53556955008655
89.0,90.81632653061224,83.17757009345794,91.57081631232683
102.0,84.34782608695653,72.93233082706767,86.4302222038052
108.0,85.95744680851064,75.3731343283582,87.65361659004031
92.0,91.11111111111111,83.6734693877551,91.82076471743326
98.0,94.73684210526315,90.0,94.9900171704668
94.0,89.10891089108911,80.35714285714286,90.15660920359838
101.0,80.49792531120332,67.36111111111111,83.63362969840985
105.0,86.4406779661017,76.11940298507463,88.0277487825481
96.0,80.41237113402062,67.24137931034483,83.58276398947717
105.0,90.73170731707317,83.03571428571429,91.4988886305875
114.0,94.78260869565217,90.08264462809917,95.02933837253123
103.0,82.64462809917356,70.4225352112676,85.16933134874427
113.0,87.90322580645162,78.41726618705036,89.17867323972926
98.0,86.15384615384616,75.67567567567568,87.81088742659453
106.0,90.47619047619048,82.6086956521739,91.28438017368386
113.0,93.61702127659575,88.0,93.98501977389846
102.0,81.45161290322581,68.70748299319727,84.30781039325366
109.0,85.48387096774194,74.64788732394366,87.28799399151048
103.0,93.13725490196079,87.1559633027523,93.56400429469397
109.0,93.51851851851852,87.82608695652175,93.89906444680804
111.0,93.44978165938865,87.70491803278688,93.8374796878668
107.0,81.74603174603175,69.12751677852349,84.51782545135109
114.0,86.74698795180723,76.59574468085107,88.26491715947162
102.0,92.61083743842364,86.23853211009175,93.10429061476793
111.0,91.66666666666666,84.61538461538461,92.28971998506914
117.0,92.43697478991596,85.9375,92.95077372867814
104.0,80.1556420233463,66.88311688311688,83.39063279300532
124.0,90.97744360902256,83.44827586206897,91.7001643020264
171.0,72.92418772563177,57.38636363636363,78.61829414968456
106.0,59.86842105263158,42.72300469483568,71.23970939543621
134.0,93.43065693430657,87.67123287671232,93.81763370178327
147.0,90.03215434083602,81.87134502923976,90.90469481856105
183.0,80.2784222737819,67.05426356589147,83.44213688263974
155.0,72.22222222222221,56.52173913043478,78.19098836326071
100.0,68.67924528301886,52.29885057471264,76.0665661478934
132.0,95.81749049429658,91.97080291970804,95.974412448865
106.0,83.53413654618474,71.72413793103448,85.82112792062189
164.0,87.74928774928775,78.1725888324873,89.04331332792252
151.0,74.30830039525692,59.11949685534591,79.4948548531352
99.0,64.02877697841727,47.08994708994709,73.44514724273942
129.0,95.41984732824427,91.24087591240875,95.6084501837323
104.0,90.9090909090909,83.33333333333334,91.6466970205288
168.0,86.53295128939828,76.26262626262627,88.084336619569
158.0,73.84615384615385,58.536585365853654,79.20040130912491
101.0,72.50996015936255,56.875,78.36861710092842
124.0,94.61538461538461,89.78102189781022,94.87652577319136
107.0,81.56862745098039,68.87417218543047,84.39015367539618
164.0,87.70949720670392,78.1094527363184,89.01074308180802
135.0,79.67479674796748,66.21621621621621,83.05818598661763
104.0,68.98954703832753,52.659574468085104,76.2409240832947
128.0,95.48872180451127,91.36690647482014,95.67146498589656
137.0,85.60885608856088,74.83870967741936,87.380401582617
173.0,86.24338624338624,75.81395348837209,87.85499026067176
152.0,75.47169811320755,60.60606060606061,80.23812895308222
108.0,77.27272727272727,62.96296296296296,81.42157015025171
135.0,95.62043795620438,91.6083916083916,95.79220659448454
110.0,80.75471698113208,67.72151898734177,83.80982977668032
167.0,83.15789473684211,71.17117117117117,85.52160861729416
149.0,75.86206896551724,61.111111111111114,80.49265242637449
106.0,69.6245733788396,53.403141361256544,76.61270220597076
130.0,95.16728624535315,90.78014184397163,95.37708339001651
139.0,86.33093525179856,75.9493670886076,87.93672605668993
171.0,86.09625668449198,75.5868544600939,87.74144282536835
158.0,78.51851851851852,64.63414634146342,82.25915425721064
113.0,93.5064935064935,87.8048780487805,93.88745939668392
133.0,92.7536231884058,86.48648648648648,93.22326242482892
143.0,90.16949152542372,82.09876543209876,91.0204076346194
177.0,84.6938775510204,73.45132743362832,86.66567571441463
207.0,0.0,0.0,49.598413584183675
198.0,0.0,0.0,49.48680644132653
222.0,83.00395256916995,70.94594594594594,85.38691445317951
203.0,75.1740139211137,60.223048327137555,80.00455411518233
178.0,51.5527950310559,34.72803347280335,67.20830635770605
94.0,77.64705882352942,63.46153846153846,81.69285264725296
94.0,86.90476190476191,76.84210526315789,88.39909785841166
91.0,91.95402298850574,85.1063829787234,92.539218317851
126.0,90.45643153526972,82.57575757575758,91.26490956663525
120.0,89.51612903225806,81.02189781021897,90.48498266122652
151.0,88.50174216027874,79.375,89.65453230833782
145.0,86.14232209737828,75.6578947368421,87.79199245341735
139.0,86.79245283018868,76.66666666666667,88.29837598130281
142.0,86.76470588235294,76.62337662337663,88.27573002330284
130.0,95.13108614232209,90.71428571428571,95.34415558466989
113.0,96.0,92.3076923076923,96.14485837722236
89.0,97.17514124293785,94.5054945054945,97.24775623657635
38.0,88.0,78.57142857142857,89.27673995230782
93.0,81.92771084337349,69.38775510204081,84.6639422113541
94.0,87.05882352941177,77.08333333333334,88.51971145529787
98.0,91.66666666666666,84.61538461538461,92.29172041821778
127.0,88.12260536398468,78.76712328767124,89.35259941775145
147.0,91.74917491749174,84.7560975609756,92.35306726680793
162.0,90.46153846153845,82.58426966292134,91.26115280103832
161.0,88.68501529051987,79.67032967032966,89.79818776095084
149.0,87.74193548387098,78.16091954022988,89.04249014581438
154.0,90.38461538461539,82.45614035087719,91.19809116074889
138.0,92.78350515463917,86.53846153846155,93.24824797512194
120.0,96.69421487603306,93.60000000000001,96.79200942887394
91.0,96.17486338797814,92.63157894736842,96.3088017720391
67.0,71.02803738317756,55.072463768115945,77.50531720856235
98.0,87.77777777777777,78.21782178217822,89.08695348845023
102.0,87.09677419354838,77.14285714285715,88.54747408495287
99.0,90.9090909090909,83.33333333333334,91.64869757350691
141.0,84.80565371024736,73.61963190184049,86.76686405704139
152.0,90.73482428115017,83.04093567251462,91.49148754285682
170.0,90.43478260869566,82.53968253968253,91.23685446456338
173.0,88.76712328767124,79.80295566502463,89.86048930929881
154.0,88.21752265861026,78.91891891891892,89.42048284542787
160.0,89.79591836734694,81.48148148148148,90.70575613396772
149.0,89.52380952380953,81.03448275862068,90.48426446315165
129.0,94.98069498069498,90.44117647058823,95.20760200070278
98.0,94.84536082474226,90.19607843137256,95.0880559875096
72.0,81.30081300813008,68.4931506849315,84.2236331567737
99.0,82.79569892473118,70.64220183486239,85.28916415222629
113.0,87.37864077669903,77.58620689655173,88.76714809148953
96.0,83.6734693877551,71.9298245614035,85.93297232781319
144.0,84.58781362007169,73.29192546583852,86.6030125551255
158.0,91.35802469135803,84.0909090909091,92.01747021667866
174.0,88.64265927977839,79.60199004975125,89.76000814067856
183.0,88.11881188118812,78.76106194690266,89.33252905337451
163.0,85.55555555555556,74.75728155339806,87.32666364663626
162.0,85.94594594594595,75.35545023696683,87.62574279247426
165.0,86.47058823529412,76.16580310880829,88.03692821893871
138.0,91.6083916083916,84.51612903225806,92.23408609670652
108.0,95.32710280373831,91.07142857142857,95.52572906384266
76.0,77.16535433070865,62.82051282051282,81.38132988363402
99.0,85.1063829787234,74.07407407407408,87.00909069401564
114.0,84.50704225352112,73.17073170731707,86.55242251619897
102.0,81.3397129186603,68.54838709677419,84.23526439943818
149.0,81.5068493150685,68.78612716763006,84.33912507371654
160.0,90.20771513353115,82.16216216216216,91.04809691348153
174.0,88.76712328767124,79.80295566502463,89.86048930929881
187.0,87.41092636579573,77.63713080168776,88.76555691948687
169.0,84.12698412698413,72.6027397260274,86.24139025608007
166.0,83.98950131233596,72.39819004524887,86.13811453638003
170.0,85.55555555555556,74.75728155339806,87.32666364663626
146.0,88.59060402684564,79.51807228915662,89.72506603827186
118.0,94.4206008583691,89.43089430894308,94.7024642918502
78.0,87.67123287671232,78.04878048780488,89.00643047378749
102.0,86.01036269430051,75.45454545454545,87.70032285403695
116.0,92.03539823008849,85.24590163934425,92.604976702401
73.0,61.53846153846154,44.44444444444444,72.14739581947659
119.0,73.38129496402878,57.95454545454546,78.90338208542266
162.0,90.02849002849003,81.86528497409327,90.89765508251226
182.0,85.17520215633422,74.17840375586854,87.03422167080885
190.0,84.54545454545455,73.22834645669292,86.5461596256259
177.0,84.47837150127226,73.12775330396477,86.50288884954287
167.0,84.21052631578947,72.72727272727273,86.30365555749432
172.0,83.90501319261213,72.27272727272728,86.07538436931443
149.0,90.7936507936508,83.13953488372093,91.5407865692364
125.0,93.97590361445783,88.63636363636364,94.30319949732043
81.0,91.82389937106919,84.88372093023256,92.42888719006288
104.0,83.0,70.94017094017094,85.43614859267745
116.0,87.06896551724138,77.09923664122137,88.51966325321179
68.0,58.16326530612245,41.007194244604314,70.42179181892419
120.0,71.57894736842105,55.73770491803278,77.78797216185619
164.0,90.17341040462428,82.10526315789474,91.01864517350955
184.0,86.10354223433242,75.5980861244019,87.74806141559372
158.0,76.11940298507463,61.44578313253012,80.6269357059608
178.0,84.0,72.41379310344827,86.142906790086
172.0,82.35294117647058,70.0,84.92801151815709
177.0,83.0,70.94017094017094,85.40209906736602
147.0,87.7742946708464,78.2122905027933,89.0671733111936
127.0,93.22709163346613,87.31343283582089,93.63973645426755
83.0,88.60759493670885,79.54545454545455,89.75476535199923
103.0,90.64039408866995,82.88288288288288,91.42247330790579
119.0,94.51476793248945,89.60000000000001,94.78701661872803
102.0,71.61572052401746,55.78231292517006,77.82627843328012
105.0,67.62589928057554,51.08695652173913,75.4536256192019
167.0,87.64044943820225,78.0,88.95601759296281
187.0,83.51063829787235,71.68949771689498,85.7827724094981
165.0,77.66990291262135,63.49206349206349,81.65406117661395
178.0,82.96296296296296,70.88607594936708,85.37404901291742
170.0,81.29675810473816,68.4873949579832,84.16871697392293
182.0,79.06976744186046,65.38461538461539,82.60231849101186
161.0,91.44542772861357,84.23913043478261,92.09057739227785
133.0,92.72030651340997,86.42857142857143,93.19530659132099
90.0,85.71428571428571,75.0,87.47604981638193
91.0,86.54970760233918,76.28865979381443,88.12137672138527
99.0,84.57142857142857,73.26732673267327,86.6067183342022
93.0,91.62011173184358,84.5360824742268,92.25306938419689
133.0,86.85258964143426,76.76056338028168,88.34732585096535
131.0,88.23529411764706,78.94736842105263,89.44172001043043
153.0,88.10289389067523,78.73563218390804,89.33084492946077
152.0,90.32258064516128,82.35294117647058,91.14649217269448
143.0,92.76315789473685,86.50306748466258,93.22954913155883
143.0,89.74358974358975,81.3953488372093,90.66569744202779
145.0,90.13157894736842,82.03592814371258,90.98798745361852
125.0,95.68627450980392,91.72932330827066,95.85367352131877
100.0,93.26424870466322,87.37864077669903,93.67634270995634
67.0,77.96610169491525,63.888888888888886,81.91851186914023
92.0,83.72093023255815,72.0,85.97205811911223
101.0,84.7457627118644,73.52941176470588,86.73776031240423
96.0,91.28205128205128,83.9622641509434,91.9641616040919
140.0,83.08823529411765,71.0691823899371,85.48864908203086
150.0,90.13157894736842,82.03592814371258,90.98798745361852
165.0,87.61329305135952,77.95698924731182,88.93752002790526
171.0,87.93103448275862,78.46153846153847,89.18878854188613
150.0,90.1840490797546,82.12290502793296,91.02947106320791
155.0,89.0909090909091,80.32786885245902,90.12795529412612
152.0,89.65517241379311,81.25,90.59202176563468
123.0,96.47058823529412,93.18181818181817,96.5819186208074
93.0,93.47826086956522,87.75510204081633,93.86557258159802
72.0,68.90756302521008,52.56410256410257,76.2451509130476
95.0,88.39779005524862,79.20792079207921,89.58300063877356
103.0,84.78260869565217,73.58490566037736,86.7645076028343
100.0,87.87878787878788,78.37837837837837,89.1652318332827
143.0,82.48175182481752,70.1863354037267,85.04522810575446
157.0,89.30817610062893,80.68181818181817,90.30693219519816
172.0,87.13450292397661,77.2020725388601,88.55706001660657
178.0,89.65517241379311,81.25,90.58600545923571
155.0,87.79069767441861,78.23834196891191,89.0771919739612
159.0,87.5,77.77777777777779,88.84490824037424
160.0,88.50574712643679,79.38144329896907,89.65073924174393
132.0,94.16058394160584,88.96551724137932,94.46677364656533
96.0,92.85714285714286,86.66666666666667,93.319357092942
75.0,79.38931297709924,65.82278481012658,82.8844591994133
97.0,87.56756756756758,77.88461538461539,88.91935130943516
110.0,81.77339901477832,69.16666666666667,84.54640202556578
99.0,82.85714285714286,70.73170731707317,85.32991762467685
147.0,82.10526315789474,69.64285714285714,84.77048868049987
159.0,89.36170212765957,80.76923076923077,90.34963567284822
179.0,87.29281767955801,77.45098039215686,88.67950675011897
183.0,88.0,78.57142857142857,89.23771428571429
163.0,85.18518518518519,74.19354838709677,87.0407909885099
163.0,85.33333333333334,74.4186046511628,87.15431991995119
165.0,86.25336927223721,75.82938388625593,87.86370825790723
136.0,92.73356401384083,86.45161290322581,93.20482407680774
104.0,91.70731707317074,84.68468468468468,92.325370176694
79.0,80.57553956834532,67.46987951807229,83.70800440388851
98.0,87.09677419354838,77.14285714285715,88.54747408495287
114.0,84.21052631578947,72.72727272727273,86.33069434159515
102.0,80.18018018018019,66.9172932330827,83.41472304355835
149.0,81.91126279863481,69.36416184971098,84.62914021844668
162.0,89.67551622418878,81.28342245989305,90.6067280218864
181.0,86.72086720867209,76.55502392344498,88.2285276367065
187.0,86.97788697788698,76.95652173913044,88.42525980954402
170.0,83.75634517766497,72.0524017467249,85.96221495026552
166.0,84.15584415584415,72.6457399103139,86.26188703037589
172.0,84.6938775510204,73.45132743362832,86.66567571441463
142.0,90.84745762711864,83.22981366459628,91.58792949326293
118.0,92.7038626609442,86.4,93.1830230885995
83.0,89.03225806451613,80.23255813953489,90.0993153720805
106.0,87.43718592964824,77.67857142857143,88.81433013521645
113.0,84.50704225352112,73.17073170731707,86.55242251619897
101.0,77.67857142857143,63.503649635036496,81.70191365937973
151.0,85.43689320388349,74.57627118644068,87.24317515840299
162.0,88.1159420289855,78.75647668393782,89.33725801252704
182.0,85.09485094850947,74.05660377358491,86.97332277885347
186.0,86.93586698337292,76.89075630252101,88.39037045018236
173.0,83.6272040302267,71.86147186147186,85.86574892813645
168.0,84.4559585492228,73.09417040358744,86.48710079773878
172.0,82.9896907216495,70.92511013215858,85.39657486014107
146.0,90.32258064516128,82.35294117647058,91.14649217269448
125.0,94.39999999999999,89.39393939393939,94.68298591815312
91.0,91.12426035502959,83.69565217391305,91.83285572826674
106.0,87.56218905472637,77.87610619469027,88.91309702004119
115.0,84.01826484018264,72.44094488188976,86.18553114232657
103.0,77.25321888412017,62.93706293706294,81.4156224720055
153.0,84.2443729903537,72.77777777777777,86.33993294923458
163.0,88.56304985337243,79.47368421052632,89.69786159551802
184.0,86.10354223433242,75.5980861244019,87.74806141559372
190.0,87.05882352941177,77.08333333333334,88.48665676488434
174.0,83.54430379746836,71.73913043478261,85.80457951424599
177.0,85.01228501228502,73.93162393162393,86.90481562559238
176.0,82.6923076923077,70.49180327868852,85.1739073988835
148.0,90.28213166144201,82.28571428571428,91.11187697016767
130.0,94.61538461538461,89.78102189781022,94.87652577319136
88.0,91.22807017543859,83.87096774193549,91.92051321345647
108.0,92.15686274509804,85.45454545454545,92.71129892430959
119.0,84.95575221238938,73.84615384615385,86.88913123617597
103.0,76.47058823529412,61.904761904761905,80.89647599081562
152.0,84.71337579617835,73.48066298342542,86.69237273624242
167.0,84.97109826589595,73.86934673366834,86.88270350935151
185.0,83.06010928961749,71.02803738317756,85.45204843731084
191.0,88.51674641148325,79.39914163090128,89.65156217389516
175.0,82.26600985221675,69.8744769874477,84.86525145139147
179.0,84.46601941747572,73.10924369747899,86.49062440863709
177.0,81.73076923076923,69.10569105691057,84.47685464736101
155.0,90.36144578313254,82.41758241758241,91.1768078401429
133.0,92.88389513108615,86.7132867132867,93.33766309611431
91.0,88.23529411764706,78.94736842105263,89.45372452908283
94.0,74.50980392156863,59.375,79.64859259961293
110.0,76.38190954773869,61.78861788617886,80.84740275546469
96.0,83.87096774193549,72.22222222222221,86.08116979608855
139.0,76.19047619047619,61.53846153846154,80.70932661587614
154.0,84.14239482200647,72.62569832402235,86.26389420057569
180.0,82.64462809917356,70.4225352112676,85.14830034860745
180.0,85.86666666666667,75.23364485981308,87.56383832513797
173.0,79.8941798941799,66.51982378854625,83.18394987528262
171.0,80.72916666666666,67.68558951965066,83.7688258267772
171.0,86.58227848101265,76.33928571428571,88.11664815661291
143.0,89.10891089108911,80.35714285714286,90.14559846640041
122.0,85.71428571428571,75.0,87.46605024563645
90.0,65.38461538461539,48.57142857142857,74.23184894905593
39.0,91.8918918918919,85.0,92.49401699174345
60.0,94.73684210526315,90.0,94.99401460436535
52.0,97.19626168224299,94.54545454545455,97.26973469432171
62.0,93.44262295081968,87.6923076923077,93.83817284094624
62.0,94.3089430894309,89.23076923076924,94.6084010964892
67.0,93.93939393939394,88.57142857142857,94.27773248422169
79.0,91.13924050632912,83.72093023255815,91.84649417583519
81.0,92.3076923076923,85.71428571428571,92.84516776533383
55.0,78.84615384615384,65.07936507936508,82.5177417797344
25.0,89.36170212765957,80.76923076923077,90.37963083671387
32.0,65.45454545454545,48.64864864864865,74.30538417519557
43.0,94.11764705882352,88.88888888888889,94.43945800755277
62.0,95.7983193277311,91.93548387096774,95.96275380722912
61.0,93.44262295081968,87.6923076923077,93.83817284094624
63.0,94.48818897637796,89.55223880597015,94.76913560539548
72.0,95.1048951048951,90.66666666666666,95.32634842074452
80.0,93.58974358974359,87.95180722891565,93.96592417210907
87.0,93.33333333333333,87.5,93.73802203944742
72.0,92.20779220779221,85.54216867469879,92.75910948454029
72.0,91.30434782608695,84.0,91.98802705884701
42.0,83.78378378378379,72.09302325581395,86.03454632727879
44.0,66.66666666666666,50.0,74.97607273887382
46.0,94.6236559139785,89.79591836734694,94.89297234891723
65.0,97.67441860465115,95.45454545454545,97.72427949198448
74.0,90.78014184397163,83.11688311688312,91.54547061335855
70.0,91.30434782608695,84.0,91.98802705884701
85.0,90.6832298136646,82.95454545454545,91.46230356374959
83.0,95.85798816568047,92.04545454545455,96.01574054750519
92.0,93.12169312169311,87.12871287128714,93.55137927544551
84.0,92.04545454545455,85.26315789473684,92.61760549692426
85.0,94.04761904761905,88.76404494382022,94.37204183434697
47.0,93.75,88.23529411764706,94.11166273774477
59.0,75.47169811320755,60.60606060606061,80.2771008311937
50.0,90.38461538461539,82.45614035087719,91.21809590904589
67.0,91.72932330827066,84.72222222222221,92.35013635305465
75.0,88.88888888888889,80.0,89.98403575989784
75.0,94.5945945945946,89.74358974358975,94.86381179591574
88.0,96.55172413793103,93.33333333333333,96.66067768639037
90.0,90.21739130434783,82.17821782178217,91.0711423287339
99.0,92.53731343283582,86.11111111111111,93.04058041429006
94.0,93.12169312169311,87.12871287128714,93.55137927544551
87.0,94.73684210526315,90.0,94.99101706757162
62.0,86.72566371681415,76.5625,88.26628800347119
87.0,72.6027397260274,56.98924731182796,78.454721814444
74.0,89.85507246376811,81.57894736842105,90.77550553159848
73.0,90.19607843137256,82.14285714285714,91.05646060288126
80.0,93.67088607594937,88.09523809523809,94.03763940608776
79.0,98.08917197452229,96.25,98.12200592826204
87.0,94.31818181818183,89.24731182795699,94.61367447944673
96.0,89.8989898989899,81.65137614678899,90.80572281294768
109.0,91.74311926605505,84.7457627118644,92.35490867440812
88.0,91.39784946236558,84.15841584158416,92.06323698788997
84.0,93.97590361445783,88.63636363636364,94.30820137984097
58.0,86.72566371681415,76.5625,88.26628800347119
83.0,73.75886524822694,58.42696629213483,79.17657467906558
73.0,90.78014184397163,83.11688311688312,91.54547061335855
76.0,91.25,83.9080459770115,91.94005176921748
82.0,92.5,86.04651162790698,93.01128024411595
84.0,96.34146341463415,92.94117647058823,96.46459985275624
89.0,95.08196721311475,90.625,95.30351599153506
100.0,90.9090909090909,83.33333333333334,91.64769739688371
109.0,93.21266968325791,87.28813559322035,93.62908966468278
93.0,92.3076923076923,85.71428571428571,92.84216861284304
86.0,92.48554913294798,86.02150537634408,92.99777760034068
77.0,85.71428571428571,75.0,87.48004629260116
92.0,78.04878048780488,64.0,81.96408045977012
87.0,87.71929824561403,78.125,89.04154233448433
78.0,92.12121212121212,85.39325842696628,92.68365516158694
87.0,92.3076923076923,85.71428571428571,92.84416828729975
83.0,96.47058823529412,93.18181818181817,96.58492034974249
102.0,93.59605911330048,87.96296296296296,93.96850250741946
105.0,93.27354260089686,87.39495798319328,93.68250056053736
114.0,93.5064935064935,87.8048780487805,93.88745939668392
95.0,93.46733668341709,87.73584905660378,93.85494607253845
88.0,91.71270718232044,84.6938775510204,92.33196662371255
78.0,81.11888111888112,68.23529411764706,84.09071062879838
101.0,77.01149425287356,62.616822429906534,81.26849822527078
89.0,92.73743016759776,86.45833333333334,93.21619080177537
88.0,94.44444444444444,89.47368421052632,94.72686027219935
88.0,91.95402298850574,85.1063829787234,92.539218317851
95.0,92.63157894736842,86.27450980392157,93.12327949867057
106.0,92.95774647887323,86.8421052631579,93.40607569605966
110.0,93.85964912280701,88.42975206611571,94.200895326433
117.0,94.01709401709401,88.70967741935483,94.34085716531597
98.0,92.6829268292683,86.36363636363636,93.16684244251586
98.0,93.0,86.91588785046729,93.44396712671919
96.0,85.39325842696628,74.50980392156863,87.2289538569919
109.0,79.59183673469387,66.10169491525424,83.01092570426371
49.0,91.0891089108911,83.63636363636363,91.80920515749959
60.0,93.44262295081968,87.6923076923077,93.83817284094624
65.0,92.80000000000001,86.56716417910447,93.27460327954385
73.0,89.70588235294117,81.33333333333333,90.65269879277662
71.0,94.28571428571428,89.1891891891892,94.5866121559596
79.0,97.40259740259741,94.9367088607595,97.46436249409105
88.0,92.73743016759776,86.45833333333334,93.21619080177537
89.0,87.71929824561403,78.125,89.04154233448433
76.0,84.67153284671532,73.41772151898735,86.68791020280744
48.0,69.33333333333334,53.06122448979592,76.5076810385171
93.0,46.774193548387096,30.526315789473685,65.19735136593154
55.0,89.28571428571429,80.64516129032258,90.31061080914805
66.0,93.02325581395348,86.95652173913044,93.46928170123574
71.0,90.22556390977444,82.1917808219178,91.08292050114966
76.0,93.7062937062937,88.1578947368421,94.0699669457425
86.0,94.04761904761905,88.76404494382022,94.37204183434697
84.0,96.42857142857143,93.10344827586206,96.54573551631212
95.0,93.75,88.23529411764706,94.10566766338368
89.0,88.26815642458101,79.0,89.47904066111742
79.0,89.1891891891892,80.48780487804879,90.22793756175437
75.0,75.2,60.256410256410255,80.09728490238773
103.0,55.172413793103445,38.095238095238095,68.98279536802754
67.0,90.9090909090909,83.33333333333334,91.65469444222737
71.0,92.3076923076923,85.71428571428571,92.84616700401973
78.0,91.78082191780823,84.81012658227847,92.3930893942345
84.0,90.0,81.81818181818183,90.8931241200122
90.0,95.50561797752809,91.39784946236558,95.69093926473174
87.0,92.89617486338798,86.73469387755102,93.35437055579254
99.0,92.07920792079209,85.3211009174312,92.64457697469905
94.0,91.48936170212765,84.31372549019608,92.14089149335119
93.0,92.57142857142857,86.17021276595744,93.07213103613772
71.0,87.87878787878788,78.37837837837837,89.17322686028541
110.0,65.11627906976744,48.275862068965516,74.07807468971022
72.0,90.9090909090909,83.33333333333334,91.65369546273938
71.0,89.5104895104895,81.0126582278481,90.49136263882826
81.0,89.74358974358975,81.3953488372093,90.68170826684639
87.0,92.7710843373494,86.51685393258427,93.2464506793403
93.0,94.56521739130434,89.69072164948454,94.83537859311457
96.0,90.45226130653266,82.56880733944955,91.26543629361169
100.0,93.20388349514563,87.27272727272727,93.62238600058089
98.0,91.28205128205128,83.9622641509434,91.9641616040919
89.0,89.3854748603352,80.8080808080808,90.38507681413303
100.0,78.78787878787878,65.0,82.4650775278881
107.0,66.26506024096386,49.549549549549546,74.71890996760811
83.0,95.23809523809523,90.9090909090909,95.44656078511076
81.0,91.35802469135803,84.0909090909091,92.03148304731076
84.0,92.02453987730061,85.22727272727273,92.6006625706981
89.0,95.34883720930233,91.11111111111111,95.54757056733341
95.0,93.87755102040816,88.46153846153845,94.21878935695723
100.0,91.34615384615384,84.070796460177,92.0174273429257
109.0,91.74311926605505,84.7457627118644,92.35490867440812
99.0,92.38578680203045,85.84905660377359,92.90955375861036
95.0,90.60773480662984,82.82828282828282,91.39717331416936
91.0,83.33333333333334,71.42857142857143,85.68834330643116
113.0,68.15642458100558,51.69491525423729,75.79058842628056
85.0,94.25287356321839,89.13043478260869,94.55523615602667
84.0,92.39766081871345,85.86956521739131,92.92180777986358
86.0,93.97590361445783,88.63636363636364,94.30820137984097
99.0,93.04812834224599,87.0,93.487023098884
99.0,94.58128078817734,89.7196261682243,94.84883065599715
105.0,93.02325581395348,86.95652173913044,93.46328363496181
112.0,93.27354260089686,87.39495798319328,93.68250056053736
96.0,92.38578680203045,85.84905660377359,92.90955375861036
96.0,94.56521739130434,89.69072164948454,94.83537859311457
82.0,88.59060402684564,79.51807228915662,89.74207346247893
105.0,80.6282722513089,67.54385964912281,83.73500293979325
97.0,92.85714285714286,86.66666666666667,93.319357092942
88.0,91.80327868852459,84.84848484848484,92.4092699735517
89.0,94.25287356321839,89.13043478260869,94.55523615602667
98.0,92.85714285714286,86.66666666666667,93.319357092942
104.0,90.09009009009009,81.9672131147541,90.9616399466254
108.0,93.80530973451327,88.33333333333333,94.15268623926502
114.0,92.51101321585902,86.0655737704918,93.0158109910157
104.0,93.20388349514563,87.27272727272727,93.62238600058089
98.0,93.6842105263158,88.11881188118812,94.04742678432596
83.0,86.45161290322581,76.13636363636364,88.0472274985985
120.0,78.04878048780488,64.0,81.9550862344299
96.0,92.07920792079209,85.3211009174312,92.64457697469905
91.0,92.5531914893617,86.13861386138613,93.05533180641429
93.0,94.56521739130434,89.69072164948454,94.83537859311457
105.0,92.82296650717703,86.60714285714286,93.2885950911845
105.0,91.4798206278027,84.29752066115702,92.12978840902241
109.0,94.69026548672566,89.91596638655463,94.94599973045601
114.0,95.6140350877193,91.59663865546219,95.78833270979912
106.0,91.86602870813397,84.95575221238938,92.46090326274421
99.0,95.33678756476684,91.0891089108911,95.53556955008655
88.0,83.43558282208589,71.57894736842105,85.76253187851084
197.0,64.60481099656357,47.71573604060914,73.75503666372936
143.0,0.0,0.0,49.68411192602041
155.0,47.55244755244755,31.19266055045872,65.44665357689776
161.0,89.6969696969697,81.31868131868131,90.62535968868423
167.0,86.35097493036211,75.98039215686273,87.9412166497914
170.0,76.51006711409396,61.95652173913043,80.90834756206651
160.0,0.0,0.0,49.8405612244898
158.0,0.0,0.0,49.842554209183675
157.0,67.22689075630252,50.63291139240506,75.23860516921434
125.0,17.51824817518248,9.6,54.687369428275254
120.0,15.384615384615385,8.333333333333332,54.05703065821472
92.0,0.0,0.0,49.83159279336735
48.0,0.0,0.0,49.952168367346935
40.0,0.0,0.0,49.96014030612245
38.0,94.5945945945946,89.74358974358975,94.86780612007473
32.0,83.63636363636363,71.875,85.92852745598469
45.0,0.0,0.0,49.955157844387756
36.0,0.0,0.0,49.96113679846938
54.0,0.0,0.0,49.94618941326531
51.0,96.15384615384616,92.5925925925926,96.29230635095854
38.0,87.17948717948718,77.27272727272727,88.62639195593604
31.0,83.33333333333334,71.42857142857143,85.70431582335631
42.0,0.0,0.0,49.9382174744898
62.0,0.0,0.0,49.9382174744898
55.0,88.13559322033898,78.78787878787878,89.3799740280468
48.0,91.30434782608695,84.0,91.99202138269438
31.0,86.66666666666667,76.47058823529412,88.22731804586242
46.0,70.58823529411765,54.54545454545454,77.23782082201518
66.0,80.0,66.66666666666666,83.30140485312899
56.0,87.3015873015873,77.46478873239437,88.716432992721
48.0,92.78350515463917,86.53846153846155,93.26224906130554
30.0,89.65517241379311,81.25,90.61901794616152
37.0,42.77456647398844,27.205882352941174,63.5042156334801
64.0,44.599303135888505,28.699551569506728,64.19113114873804
58.0,82.26950354609929,69.87951807228916,84.91481789723241
50.0,91.74311926605505,84.7457627118644,92.36390397892227
32.0,89.23076923076924,80.55555555555556,90.27079829744994
41.0,53.42465753424658,36.44859813084112,68.15648487629875
66.0,46.263345195729535,30.09259259259259,64.89563077375632
58.0,83.45323741007195,71.60493827160494,85.77952328800326
51.0,89.28571428571429,80.64516129032258,90.31061080914805
32.0,90.625,82.85714285714286,91.42258901686185
43.0,47.77777777777778,31.386861313868614,65.5996800335924
66.0,39.40298507462687,24.53531598513011,62.06510361220185
60.0,70.58823529411765,54.54545454545454,77.22284300423019
50.0,86.72566371681415,76.5625,88.26628800347119
33.0,87.87878787878788,78.37837837837837,89.18121264024309
45.0,30.303030303030305,17.857142857142858,58.722112351353736
65.0,35.714285714285715,21.73913043478261,60.636083546700235
67.0,70.65217391304348,54.621848739495796,77.2570439842038
53.0,84.12698412698413,72.6027397260274,86.2814189422787
33.0,92.7536231884058,86.48648648648648,93.23825760189034
54.0,36.986301369863014,22.689075630252102,61.25281116055666
60.0,71.69811320754717,55.88235294117647,77.91125904268922
66.0,68.65671641791045,52.27272727272727,76.09447255317991
50.0,0.0,0.0,49.92426658163265
58.0,0.0,0.0,49.923270089285715
56.0,30.76923076923077,18.181818181818183,59.037085631854794
61.0,40.0,25.0,62.446170102476174
69.0,70.27027027027027,54.166666666666664,77.0394421833852
52.0,82.0,69.49152542372882,84.72781118099775
46.0,0.0,0.0,49.95416135204081
56.0,65.38461538461539,48.57142857142857,74.23184894905593
70.0,71.95121951219512,56.19047619047619,78.04934548394851
66.0,68.18181818181817,51.724137931034484,75.82017871796583
64.0,65.3061224489796,48.484848484848484,74.19155446904409
45.0,0.0,0.0,49.945192920918366
55.0,61.63522012578616,44.54545454545455,72.21188182017674
69.0,64.0,47.05882352941176,73.48453383268098
66.0,69.62962962962963,53.40909090909091,76.66365096233537
65.0,85.0,73.91304347826086,86.93856662691097
45.0,0.0,0.0,49.92725605867347
56.0,40.72727272727273,25.570776255707763,62.622778391221786
70.0,68.29268292682927,51.85185185185185,75.86106343440795
65.0,71.42857142857143,55.55555555555556,77.73388400071826
65.0,33.057851239669425,19.801980198019802,59.820242032975926
49.0,0.0,0.0,49.951171875
55.0,58.139534883720934,40.98360655737705,70.41998426260905
73.0,71.57894736842105,55.73770491803278,77.81496884761701
66.0,73.75886524822694,58.42696629213483,79.17657467906558
65.0,74.78260869565217,59.72222222222222,79.83218804646309
44.0,0.0,0.0,49.937220982142854
56.0,55.27638190954774,38.19444444444444,69.00843708226093
71.0,71.35678391959799,55.46875,77.67749444915677
72.0,77.70700636942675,63.541666666666664,81.73591364860819
65.0,72.72727272727273,57.14285714285714,78.53851546203737
45.0,0.0,0.0,49.951171875
57.0,42.74809160305343,27.184466019417474,63.44259214777737
74.0,71.35135135135135,55.46218487394958,77.6782087810179
68.0,69.73684210526315,53.535353535353536,76.72178964998628
65.0,0.0,0.0,49.89736128826531
58.0,0.0,0.0,49.93921396683674
49.0,5.405405405405405,2.7777777777777777,51.28425093620517
55.0,16.0,8.695652173913043,54.22223801582982
63.0,0.0,0.0,49.9152981505102
46.0,0.0,0.0,49.92426658163265
29.0,0.0,0.0,49.945192920918366
71.0,95.77464788732394,91.8918918918919,95.93995887801267
117.0,96.55172413793103,93.33333333333333,96.65867689357623
123.0,89.14728682170544,80.41958041958041,90.18182432816579
116.0,95.53571428571429,91.45299145299145,95.71650950747797
83.0,89.30817610062893,80.68181818181817,90.3239447160962
31.0,58.333333333333336,41.17647058823529,70.5682998848437
77.0,94.19354838709677,89.02439024390245,94.50321362383734
126.0,93.33333333333333,87.5,93.73301935793195
130.0,86.11111111111111,75.60975609756098,87.76491960556143
124.0,95.47325102880659,91.33858267716536,95.65830452276167
94.0,95.13513513513514,90.72164948453609,95.35184055443861
41.0,84.50704225352112,73.17073170731707,86.5743978801412
87.0,95.40229885057471,91.20879120879121,95.59641045677019
132.0,95.34883720930233,91.11111111111111,95.54356826208664
131.0,91.69675090252709,84.66666666666667,92.31035585126575
136.0,95.9409594095941,92.19858156028369,96.08830089083999
111.0,94.4954128440367,89.56521739130436,94.77062619011028
44.0,88.60759493670885,79.54545454545455,89.76375258135694
97.0,91.39784946236558,84.15841584158416,92.06323698788997
137.0,95.97069597069597,92.25352112676056,96.1157704544783
135.0,95.16728624535315,90.78014184397163,95.37708339001651
141.0,96.08540925266904,92.46575342465754,96.22188572493843
117.0,93.75,88.23529411764706,94.10366691063396
52.0,83.87096774193549,72.22222222222221,86.09615209880484
98.0,93.26424870466322,87.37864077669903,93.67634270995634
140.0,95.8041958041958,91.94630872483222,95.961163715121
141.0,92.46575342465754,85.98726114649682,92.97164859846774
148.0,96.90721649484536,94.0,96.99100629559308
121.0,94.56066945606695,89.68253968253968,94.82828620065702
57.0,80.3921568627451,67.21311475409836,83.58661123164177
101.0,91.4572864321608,84.25925925925925,92.11265848058301
148.0,95.94594594594594,92.20779220779221,96.09190425835108
146.0,90.49180327868852,82.63473053892216,91.2883872927234
150.0,97.65886287625418,95.42483660130719,97.7054224981351
122.0,96.29629629629629,92.85714285714286,96.4195820360546
59.0,81.55339805825243,68.85245901639344,84.40728029209588
114.0,87.73584905660378,78.15126050420169,89.04967334057397
153.0,95.08196721311475,90.625,95.29750929423757
147.0,89.38906752411575,80.81395348837209,90.37400114612862
152.0,96.68874172185431,93.58974358974359,96.78487779127396
131.0,93.97590361445783,88.63636363636364,94.30319949732043
65.0,61.76470588235294,44.680851063829785,72.28856451942835
110.0,87.92270531400966,78.44827586206897,89.1991803589071
152.0,94.73684210526315,90.0,94.9840102334506
157.0,91.92546583850931,85.0574712643678,92.50275018403487
156.0,82.91316526610645,70.81339712918661,85.3457327054744
136.0,93.84615384615384,88.40579710144928,94.18691581208238
71.0,80.0,66.66666666666666,83.3083961749724
81.0,93.75,88.23529411764706,94.10766721810178
131.0,94.82071713147411,90.15151515151516,95.06277237888202
128.0,96.44268774703558,93.12977099236642,96.55589520569693
119.0,95.72649572649573,91.80327868852459,95.89165212789923
97.0,94.89795918367348,90.29126213592234,95.13564764045084
229.0,12.295081967213115,6.550218340611353,53.061796038589804
80.0,94.47852760736197,89.53488372093024,94.75845964525125
134.0,94.53125,89.62962962962962,94.80083019789343
129.0,97.31800766283524,94.77611940298507,97.38106655477633
131.0,96.12403100775194,92.53731343283582,96.25866710561314
109.0,94.11764705882352,88.88888888888889,94.4314631375264
235.0,17.120622568093385,9.361702127659575,54.46850508943093
82.0,94.11764705882352,88.88888888888889,94.43446360765108
139.0,93.63295880149812,88.02816901408451,93.99710182937349
129.0,96.94656488549617,94.07407407407408,97.02904486936136
138.0,97.8102189781022,95.71428571428572,97.8511478929128
115.0,94.4206008583691,89.43089430894308,94.7024642918502
235.0,0.0,0.0,49.76582429846938
89.0,92.81767955801105,86.5979381443299,93.28599294823299
142.0,95.40636042402826,91.21621621621621,95.59511875937407
137.0,96.05734767025089,92.41379310344827,96.19590578396905
149.0,95.56313993174061,91.50326797385621,95.73864334019375
130.0,92.0,85.18518518518519,92.57261696286086
238.0,0.0,0.0,49.76283482142857
91.0,86.4321608040201,76.10619469026548,88.02614585780992
148.0,95.27027027027027,90.96774193548387,95.46988076088674
146.0,95.91836734693877,92.15686274509804,96.06643976667313
151.0,96.0,92.3076923076923,96.1418538289341
128.0,92.4901185770751,86.02941176470588,92.99572827592853
197.0,2.7777777777777777,1.4084507042253522,50.49494944674525
101.0,80.18018018018019,66.9172932330827,83.41472304355835
152.0,95.04950495049505,90.56603773584906,95.26802846178445
151.0,97.06840390879479,94.30379746835443,97.14290359155423
156.0,95.79288025889967,91.92546583850931,95.94974019518014
184.0,80.0,66.66666666666666,83.2713977463438
224.0,0.0,0.0,49.77080676020408
107.0,78.78787878787878,65.0,82.45108315863033
152.0,94.73684210526315,90.0,94.9840102334506
157.0,97.45222929936305,95.03105590062113,97.50753162861854
160.0,97.5,95.1219512195122,97.55297880847661
198.0,79.0273556231003,65.32663316582915,82.59438000456664
232.0,6.756756756756757,3.4965034965034967,51.47316503613597
106.0,78.78787878787878,65.0,82.45108315863033
153.0,94.77124183006535,90.06211180124224,95.01506581447453
159.0,97.17868338557993,94.51219512195121,97.24710133938868
163.0,96.29629629629629,92.85714285714286,96.4165762266522
198.0,79.39393939393939,65.82914572864321,82.84663400929114
232.0,0.0,0.0,49.720982142857146
113.0,0.0,0.0,49.6452487244898
171.0,46.08567208271787,29.942418426103647,64.60635515467517
198.0,46.57534246575342,30.357142857142854,64.74947702780327
236.0,52.131546894031665,35.25535420098847,67.23437819332479
223.0,0.0,0.0,49.461894132653065
239.0,0.0,0.0,49.6402662627551
74.0,78.68852459016394,64.86486486486487,82.40649882247394
98.0,76.25,61.61616161616161,80.77016800752209
92.0,90.47619047619048,82.6086956521739,91.2883797622147
79.0,78.46153846153847,64.55696202531645,82.25055083809464
67.0,45.97701149425287,29.850746268656714,64.87851931823457
41.0,45.28301886792453,29.268292682926827,64.60524115048982
41.0,0.0,0.0,49.95914381377551
75.0,0.0,0.0,49.92526307397959
98.0,0.0,0.0,49.90234375
97.0,85.20710059171599,74.22680412371135,87.08845395392018
77.0,86.95652173913044,76.92307692307693,88.44358012487952
82.0,51.78571428571429,34.93975903614458,67.41603781268613
60.0,0.0,0.0,49.940210459183675
58.0,0.0,0.0,49.94220344387755
78.0,0.0,0.0,49.92227359693878
97.0,0.0,0.0,49.903340242346935
97.0,0.0,0.0,49.903340242346935
80.0,16.091954022988507,8.75,54.30224590882816
84.0,6.896551724137931,3.571428571428571,51.70499357935828
80.0,0.0,0.0,49.9202806122449
65.0,0.0,0.0,49.935227997448976
74.0,0.0,0.0,49.92625956632653
84.0,0.0,0.0,49.916294642857146
101.0,0.0,0.0,49.89935427295919
93.0,0.0,0.0,49.90732621173469
80.0,0.0,0.0,49.9202806122449
75.0,0.0,0.0,49.92526307397959
68.0,0.0,0.0,49.93223852040816
78.0,0.0,0.0,49.92227359693878
81.0,0.0,0.0,49.91928411989796
99.0,0.0,0.0,49.901347257653065
95.0,0.0,0.0,49.90533322704081
84.0,0.0,0.0,49.916294642857146
72.0,0.0,0.0,49.92825255102041
84.0,0.0,0.0,49.916294642857146
66.0,0.0,0.0,49.93423150510204
82.0,0.0,0.0,49.918287627551024
86.0,0.0,0.0,49.91430165816326
95.0,0.0,0.0,49.90533322704081
84.0,0.0,0.0,49.916294642857146
79.0,0.0,0.0,49.92127710459184
74.0,0.0,0.0,49.92625956632653
76.0,0.0,0.0,49.92426658163265
78.0,0.0,0.0,49.92227359693878
67.0,0.0,0.0,49.9332350127551
64.0,0.0,0.0,49.93622448979592
86.0,0.0,0.0,49.91430165816326
77.0,0.0,0.0,49.923270089285715
86.0,0.0,0.0,49.91430165816326
79.0,0.0,0.0,49.92127710459184
82.0,0.0,0.0,49.918287627551024
49.0,0.0,0.0,49.951171875
78.0,0.0,0.0,49.92227359693878
83.0,0.0,0.0,49.91729113520408
81.0,0.0,0.0,49.91928411989796
84.0,0.0,0.0,49.916294642857146
76.0,0.0,0.0,49.92426658163265
93.0,0.0,0.0,49.90732621173469
99.0,59.57446808510638,42.42424242424242,71.15527356381867
75.0,36.95652173913043,22.666666666666664,61.27551718867335
66.0,0.0,0.0,49.93423150510204
54.0,0.0,0.0,49.94618941326531
52.0,0.0,0.0,49.94818239795919
80.0,0.0,0.0,49.9202806122449
101.0,0.0,0.0,49.89935427295919
100.0,0.0,0.0,49.90035076530612
78.0,0.0,0.0,49.92227359693878
79.0,0.0,0.0,49.92127710459184
65.0,0.0,0.0,49.935227997448976
52.0,0.0,0.0,49.94818239795919
77.0,0.0,0.0,49.923270089285715
100.0,0.0,0.0,49.90035076530612
101.0,0.0,0.0,49.89935427295919
86.0,0.0,0.0,49.91430165816326
81.0,0.0,0.0,49.91928411989796
78.0,0.0,0.0,49.92227359693878
55.0,0.0,0.0,49.945192920918366
75.0,0.0,0.0,49.92526307397959
90.0,0.0,0.0,49.91031568877551
109.0,0.0,0.0,49.891382334183675
91.0,0.0,0.0,49.90931919642857
81.0,0.0,0.0,49.91928411989796
81.0,0.0,0.0,49.91928411989796
88.0,0.0,0.0,49.91230867346938
78.0,0.0,0.0,49.92227359693878
84.0,0.0,0.0,49.916294642857146
110.0,0.0,0.0,49.89038584183674
98.0,0.0,0.0,49.90234375
83.0,0.0,0.0,49.91729113520408
90.0,0.0,0.0,49.91031568877551
91.0,0.0,0.0,49.90931919642857
75.0,0.0,0.0,49.92526307397959
86.0,0.0,0.0,49.91430165816326
108.0,0.0,0.0,49.89237882653062
102.0,0.0,0.0,49.898357780612244
81.0,0.0,0.0,49.91928411989796
93.0,0.0,0.0,49.90732621173469
96.0,0.0,0.0,49.90433673469388
77.0,0.0,0.0,49.923270089285715
88.0,0.0,0.0,49.91230867346938
109.0,0.0,0.0,49.891382334183675
99.0,0.0,0.0,49.901347257653065
82.0,0.0,0.0,49.918287627551024
93.0,0.0,0.0,49.90732621173469
94.0,0.0,0.0,49.906329719387756
81.0,0.0,0.0,49.91928411989796
89.0,0.0,0.0,49.91131218112245
109.0,0.0,0.0,49.891382334183675
104.0,0.0,0.0,49.896364795918366
88.0,0.0,0.0,49.91230867346938
101.0,0.0,0.0,49.89935427295919
98.0,0.0,0.0,49.90234375
79.0,0.0,0.0,49.92127710459184
93.0,0.0,0.0,49.90732621173469
110.0,0.0,0.0,49.89038584183674
100.0,0.0,0.0,49.90035076530612
86.0,0.0,0.0,49.91430165816326
91.0,0.0,0.0,49.90931919642857
82.0,0.0,0.0,49.918287627551024
24.0,0.0,0.0,49.9641262755102
30.0,0.0,0.0,49.95914381377551
33.0,0.0,0.0,49.967115752551024
37.0,67.85714285714286,51.35135135135135,75.6577320187584
42.0,81.0126582278481,68.08510638297872,84.02759626743065
47.0,90.9090909090909,83.33333333333334,91.65868836764002
74.0,92.95774647887323,86.8421052631579,93.4110745832852
82.0,93.82716049382715,88.37209302325581,94.17606647170776
93.0,91.71270718232044,84.6938775510204,92.33196662371255
98.0,89.55223880597015,81.08108108108108,90.51957659852081
78.0,88.73239436619718,79.74683544303798,89.85745379998167
54.0,86.27450980392157,75.86206896551724,87.91707134544113
44.0,94.11764705882352,88.88888888888889,94.43945800755277
44.0,94.25287356321839,89.13043478260869,94.5602308549525
30.0,0.0,0.0,49.97010522959184
26.0,0.0,0.0,49.962133290816325
39.0,0.0,0.0,49.94618941326531
33.0,0.0,0.0,49.967115752551024
38.0,84.84848484848484,73.68421052631578,86.83213477580047
48.0,76.92307692307693,62.5,81.22905905346923
73.0,0.0,0.0,49.92725605867347
79.0,94.11764705882352,88.88888888888889,94.43546312558766
95.0,88.88888888888889,80.0,89.98103792415169
108.0,91.4572864321608,84.25925925925925,92.11265848058301
107.0,91.17647058823529,83.78378378378379,91.8739217223733
79.0,81.48148148148148,68.75,84.35006035394346
56.0,89.32038834951457,80.7017543859649,90.33990571881529
53.0,93.57798165137615,87.93103448275862,93.9585346977384
49.0,92.0,85.18518518518519,92.58461333865284
41.0,69.33333333333334,53.06122448979592,76.5076810385171
27.0,0.0,0.0,49.962133290816325
40.0,0.0,0.0,49.96014030612245
36.0,64.15094339622641,47.22222222222222,73.59217133958457
47.0,0.0,0.0,49.95316485969388
52.0,54.794520547945204,37.735849056603776,68.83502716806582
77.0,78.74015748031496,64.93506493506493,82.44060033650267
83.0,89.65517241379311,81.25,90.60703521098647
101.0,90.42553191489363,82.52427184466019,91.24416862281521
117.0,0.0,0.0,49.88341039540816
106.0,0.0,0.0,49.89437181122449
67.0,84.29752066115702,72.85714285714285,86.40961881011756
61.0,85.71428571428571,75.0,87.48304239401496
61.0,82.96296296296296,70.88607594936708,85.42009304252073
50.0,81.9672131147541,69.44444444444444,84.7002775228646
39.0,70.2127659574468,54.09836065573771,77.02126017949321
31.0,0.0,0.0,49.95416135204081
41.0,0.0,0.0,49.95914381377551
39.0,68.85245901639344,52.5,76.23105871797429
43.0,71.64179104477611,55.81395348837209,77.88803432912783
56.0,84.5360824742268,73.21428571428571,86.59218324808731
78.0,75.2,60.256410256410255,80.09728490238773
89.0,88.04347826086956,78.64077669902912,89.29843007024517
109.0,10.434782608695652,5.5045871559633035,52.649642591336246
123.0,0.0,0.0,49.87743144132653
110.0,0.0,0.0,49.89038584183674
73.0,71.7948717948718,56.00000000000001,77.96708820361431
66.0,83.47826086956522,71.64179104477611,85.80194403818761
62.0,80.0,66.66666666666666,83.3063990529774
50.0,81.9672131147541,69.44444444444444,84.7002775228646
40.0,69.47368421052632,53.2258064516129,76.58398592927453
40.0,0.0,0.0,49.945192920918366
45.0,0.0,0.0,49.955157844387756
41.0,74.6268656716418,59.523809523809526,79.7449559473248
48.0,66.66666666666666,50.0,74.97607273887382
58.0,0.0,0.0,49.94220344387755
80.0,0.0,0.0,49.9202806122449
88.0,84.61538461538461,73.33333333333333,86.63872199711238
113.0,0.0,0.0,49.88739636479592
130.0,0.0,0.0,49.87045599489796
121.0,0.0,0.0,49.87942442602041
77.0,16.666666666666664,9.090909090909092,54.47569034844045
63.0,0.0,0.0,49.937220982142854
66.0,82.8125,70.66666666666667,85.31138732052483
55.0,81.48148148148148,68.75,84.35006035394346
41.0,73.58490566037736,58.2089552238806,79.0765541223019
46.0,0.0,0.0,49.93622448979592
50.0,0.0,0.0,49.950175382653065
52.0,65.82278481012658,49.056603773584904,74.50138264451927
51.0,0.0,0.0,49.94917889030612
58.0,0.0,0.0,49.94220344387755
82.0,0.0,0.0,49.918287627551024
91.0,80.95238095238095,68.0,83.9600726677447
113.0,0.0,0.0,49.88739636479592
128.0,0.0,0.0,49.87244897959184
121.0,0.0,0.0,49.87942442602041
86.0,0.0,0.0,49.91430165816326
72.0,0.0,0.0,49.92825255102041
68.0,87.14285714285714,77.21518987341773,88.58963624170737
58.0,82.85714285714286,70.73170731707317,85.3419101651809
47.0,75.0,60.0,79.97207483943032
49.0,0.0,0.0,49.92924904336735
48.0,0.0,0.0,49.952168367346935
54.0,0.0,0.0,49.94618941326531
51.0,0.0,0.0,49.94917889030612
63.0,0.0,0.0,49.937220982142854
82.0,0.0,0.0,49.918287627551024
92.0,90.58823529411765,82.79569892473118,91.38188107976315
118.0,0.0,0.0,49.88241390306122
131.0,0.0,0.0,49.869459502551024
122.0,0.0,0.0,49.87842793367347
87.0,0.0,0.0,49.913305165816325
72.0,0.0,0.0,49.92825255102041
72.0,80.55555555555556,67.44186046511628,83.69299615697652
57.0,81.15942028985508,68.29268292682927,84.1204037140132
47.0,79.27927927927928,65.67164179104478,82.81288145564368
50.0,0.0,0.0,49.92725605867347
54.0,0.0,0.0,49.94618941326531
58.0,61.904761904761905,44.827586206896555,72.3818888163097
53.0,0.0,0.0,49.947185905612244
61.0,0.0,0.0,49.93921396683674
84.0,0.0,0.0,49.916294642857146
94.0,88.09523809523809,78.72340425531915,89.34174284459702
117.0,51.57232704402516,34.74576271186441,67.29608869611371
128.0,0.0,0.0,49.87244897959184
131.0,0.0,0.0,49.869459502551024
91.0,0.0,0.0,49.90931919642857
81.0,0.0,0.0,49.91928411989796
74.0,70.58823529411765,54.54545454545454,77.23782082201518
61.0,81.37931034482759,68.6046511627907,84.2753886138993
51.0,73.68421052631578,58.333333333333336,79.1367468517706
45.0,0.0,0.0,49.94618941326531
48.0,0.0,0.0,49.952168367346935
45.0,0.0,0.0,49.955157844387756
38.0,0.0,0.0,49.962133290816325
44.0,85.0,73.91304347826086,86.94455572261732
67.0,79.27927927927928,65.67164179104478,82.81288145564368
77.0,94.9367088607595,90.36144578313254,95.17273901898888
90.0,59.375,42.22222222222222,71.05925423608618
101.0,0.0,0.0,49.89935427295919
96.0,80.74534161490683,67.70833333333334,83.82323533422469
75.0,0.0,0.0,49.92526307397959
69.0,0.0,0.0,49.93124202806122
53.0,0.0,0.0,49.947185905612244
47.0,0.0,0.0,49.95316485969388
44.0,0.0,0.0,49.95615433673469
47.0,0.0,0.0,49.940210459183675
51.0,0.0,0.0,49.94917889030612
49.0,0.0,0.0,49.951171875
40.0,0.0,0.0,49.96014030612245
49.0,79.51807228915662,66.0,82.98304848134336
76.0,0.0,0.0,49.92426658163265
87.0,90.47619047619048,82.6086956521739,91.2883797622147
98.0,0.0,0.0,49.90234375
111.0,0.0,0.0,49.8893893494898
109.0,0.0,0.0,49.891382334183675
81.0,0.0,0.0,49.91928411989796
66.0,0.0,0.0,49.93423150510204
61.0,78.0,63.934426229508205,81.94527323003823
50.0,87.64044943820225,78.0,88.98903005764205
46.0,0.0,0.0,49.95416135204081
52.0,0.0,0.0,49.94618941326531
50.0,0.0,0.0,49.950175382653065
48.0,42.62295081967213,27.083333333333332,63.50678039590933
47.0,0.0,0.0,49.95316485969388
51.0,76.19047619047619,61.53846153846154,80.74928820381916
79.0,4.938271604938271,2.5316455696202533,51.18908981554318
87.0,84.78260869565217,73.58490566037736,86.7645076028343
106.0,0.0,0.0,49.89437181122449
113.0,0.0,0.0,49.88739636479592
106.0,0.0,0.0,49.89437181122449
78.0,0.0,0.0,49.92227359693878
72.0,26.506024096385545,15.277777777777779,57.578089526783835
64.0,76.92307692307693,62.5,81.22606510292005
52.0,37.5,23.076923076923077,61.49859230953243
42.0,0.0,0.0,49.95814732142857
49.0,0.0,0.0,49.94917889030612
49.0,0.0,0.0,49.951171875
49.0,46.875,30.612244897959183,65.27223157758549
44.0,0.0,0.0,49.95615433673469
52.0,81.81818181818183,69.23076923076923,84.59942929029486
79.0,61.40350877192983,44.303797468354425,72.10802246525557
91.0,83.33333333333334,71.42857142857143,85.68234703654699
114.0,0.0,0.0,49.886399872448976
115.0,0.0,0.0,49.88540338010204
112.0,0.0,0.0,49.888392857142854
78.0,0.0,0.0,49.92227359693878
69.0,0.0,0.0,49.93124202806122
73.0,68.46846846846847,52.054794520547944,75.9924935943918
53.0,84.8,73.61111111111111,86.78660218085732
43.0,0.0,0.0,49.957150829081634
52.0,0.0,0.0,49.94818239795919
49.0,0.0,0.0,49.951171875
50.0,71.7948717948718,56.00000000000001,77.97806492781368
47.0,43.333333333333336,27.659574468085108,63.79589771387829
52.0,0.0,0.0,49.94818239795919
80.0,0.0,0.0,49.9202806122449
90.0,84.65608465608466,73.39449541284404,86.66830327972129
114.0,0.0,0.0,49.886399872448976
124.0,0.0,0.0,49.87643494897959
116.0,0.0,0.0,49.8844068877551
87.0,0.0,0.0,49.913305165816325
71.0,0.0,0.0,49.92924904336735
76.0,50.98039215686274,34.21052631578947,67.0554127092407
58.0,85.27131782945736,74.32432432432432,87.14320803115918
45.0,0.0,0.0,49.955157844387756
54.0,0.0,0.0,49.94618941326531
51.0,0.0,0.0,49.94917889030612
54.0,59.74025974025974,42.592592592592595,71.26539086691022
53.0,0.0,0.0,49.947185905612244
53.0,0.0,0.0,49.947185905612244
81.0,2.4390243902439024,1.2345679012345678,50.537562974035325
94.0,75.32467532467533,60.416666666666664,80.15143461305543
114.0,0.0,0.0,49.886399872448976
124.0,0.0,0.0,49.87643494897959
119.0,0.0,0.0,49.881417410714285
97.0,0.0,0.0,49.903340242346935
75.0,0.0,0.0,49.92526307397959
80.0,81.42857142857143,68.67469879518072,84.31141113066565
58.0,84.84848484848484,73.68421052631578,86.82215314823371
46.0,41.7910447761194,26.41509433962264,63.16867312172712
53.0,0.0,0.0,49.947185905612244
53.0,0.0,0.0,49.947185905612244
55.0,0.0,0.0,49.945192920918366
52.0,0.0,0.0,49.94818239795919
59.0,0.0,0.0,49.94120695153062
82.0,0.0,0.0,49.918287627551024
95.0,78.87323943661971,65.11627906976744,82.51322218281155
117.0,0.0,0.0,49.88341039540816
129.0,0.0,0.0,49.8714524872449
128.0,0.0,0.0,49.847536670918366
96.0,0.0,0.0,49.90433673469388
75.0,0.0,0.0,49.92526307397959
79.0,35.41666666666667,21.518987341772153,60.69769020590472
59.0,82.6923076923077,70.49180327868852,85.22794939232135
47.0,0.0,0.0,49.95316485969388
56.0,0.0,0.0,49.94419642857143
54.0,28.57142857142857,16.666666666666664,58.288483133002444
55.0,35.82089552238806,21.818181818181817,60.86623148799212
52.0,0.0,0.0,49.94818239795919
59.0,0.0,0.0,49.94120695153062
81.0,0.0,0.0,49.91928411989796
94.0,81.48148148148148,68.75,84.33507027631369
116.0,0.0,0.0,49.8844068877551
133.0,0.0,0.0,49.867466517857146
128.0,0.0,0.0,49.86248405612245
102.0,0.0,0.0,49.8714524872449
76.0,0.0,0.0,49.92426658163265
81.0,60.3448275862069,43.20987654320987,71.55906762682322
61.0,85.29411764705883,74.35897435897436,87.15953426835745
62.0,71.7557251908397,55.952380952380956,77.93928569053746
51.0,93.20388349514563,87.27272727272727,93.62938151060558
53.0,90.38461538461539,82.45614035087719,91.21809590904589
51.0,18.39080459770115,10.126582278481013,54.99252890036313
53.0,0.0,0.0,49.947185905612244
60.0,23.52941176470588,13.333333333333334,56.614840801573386
71.0,80.32786885245902,67.12328767123287,83.53770464117034
86.0,82.4742268041237,70.17543859649122,85.0537844531482
101.0,79.82456140350878,66.42335766423358,83.1657568994024
116.0,0.0,0.0,49.8844068877551
110.0,0.0,0.0,49.842554209183675
99.0,0.0,0.0,49.89437181122449
83.0,0.0,0.0,49.89536830357143
79.0,0.0,0.0,49.859494579081634
60.0,0.0,0.0,49.90931919642857
60.0,0.0,0.0,49.940210459183675
46.0,83.54430379746836,71.73913043478261,85.85660229135975
69.0,93.61702127659575,88.0,93.99101975653562
93.0,96.13259668508287,92.5531914893617,96.26960818254146
104.0,97.5609756097561,95.23809523809523,97.61405520751315
104.0,97.02970297029702,94.23076923076923,97.10939396080576
86.0,97.70114942528735,95.50561797752809,97.74881625553851
58.0,95.72649572649573,91.80327868852459,95.89665131553124
29.0,69.56521739130434,53.333333333333336,76.65271132376395
18.0,0.0,0.0,49.9820631377551
7.0,0.0,0.0,49.98804209183674
87.0,67.66917293233082,51.13636363636363,75.52529418378394
81.0,96.3855421686747,93.02325581395348,96.50563940490073
108.0,95.81395348837209,91.96428571428571,95.97315597798642
116.0,96.0352422907489,92.37288135593221,96.17745272182732
109.0,96.26168224299066,92.7927927927928,96.38840805936846
92.0,94.97206703910615,90.42553191489363,95.20378230768937
65.0,88.33333333333333,79.1044776119403,89.53827316145565
29.0,65.11627906976744,48.275862068965516,74.1229794775273
19.0,0.0,0.0,49.98106664540816
8.0,0.0,0.0,49.98505261479592
92.0,72.6027397260274,56.98924731182796,78.454721814444
108.0,89.44723618090453,80.9090909090909,90.43358193107629
121.0,93.72384937238493,88.18897637795276,94.0795073644318
121.0,96.20253164556962,92.6829268292683,96.33247456081288
108.0,97.22222222222221,94.5945945945946,97.29130580521606
98.0,93.26424870466322,87.37864077669903,93.67634270995634
74.0,86.13138686131386,75.64102564102564,87.80155717671929
33.0,70.58823529411765,54.54545454545454,77.2577745234151
18.0,0.0,0.0,49.9820631377551
8.0,0.0,0.0,49.99202806122449
97.0,71.42857142857143,55.55555555555556,77.73388400071826
112.0,87.56218905472637,77.87610619469027,88.91309702004119
123.0,95.86776859504133,92.06349206349206,96.0217580173633
124.0,93.44262295081968,87.6923076923077,93.83017366158272
119.0,94.9579831932773,90.4,95.18801510097278
104.0,94.05940594059405,88.78504672897196,94.38054277304411
75.0,87.21804511278195,77.33333333333333,88.6497066922064
30.0,74.50980392156863,59.375,79.67454069222642
19.0,0.0,0.0,49.98106664540816
8.0,0.0,0.0,49.99202806122449
100.0,56.11510791366906,39.0,69.4391666832878
124.0,84.40366972477065,73.01587301587301,86.47399353213585
127.0,96.41434262948208,93.07692307692308,96.5294714275835
125.0,93.87755102040816,88.46153846153845,94.21578750847044
119.0,95.83333333333334,92.0,95.99001218513415
102.0,94.05940594059405,88.78504672897196,94.38054277304411
79.0,91.78082191780823,84.81012658227847,92.3930893942345
35.0,83.33333333333334,71.42857142857143,85.70431582335631
20.0,0.0,0.0,49.98007015306122
9.0,0.0,0.0,49.99103156887755
99.0,76.25,61.61616161616161,80.77016800752209
122.0,87.1111111111111,77.16535433070865,88.55372233488986
129.0,95.3125,91.04477611940298,95.51040100571979
126.0,94.82071713147411,90.15151515151516,95.06277237888202
126.0,96.3855421686747,93.02325581395348,96.50263797569978
106.0,93.77990430622009,88.28828828828829,94.13116439255663
82.0,86.11111111111111,75.60975609756098,87.784923545049
38.0,66.66666666666666,50.0,74.98105947325398
20.0,0.0,0.0,49.98007015306122
14.0,0.0,0.0,49.986049107142854
98.0,44.44444444444444,28.57142857142857,64.21592087421233
126.0,65.60846560846561,48.818897637795274,74.3445966817703
129.0,94.90196078431372,90.29850746268657,95.13626801563058
130.0,92.96875,86.86131386861314,93.41267743094042
125.0,95.65217391304348,91.66666666666666,95.82234542003796
113.0,93.15068493150685,87.17948717948718,93.57476575693615
88.0,89.30817610062893,80.68181818181817,90.3239447160962
37.0,80.64516129032258,67.56756756756756,83.77181991466851
19.0,53.84615384615385,36.84210526315789,68.40909305494796
14.0,0.0,0.0,49.986049107142854
107.0,66.25,49.532710280373834,74.71248765420245
127.0,82.25108225108225,69.85294117647058,84.88553690080892
131.0,95.91078066914498,92.14285714285714,96.06043890171809
129.0,93.48659003831418,87.76978417266187,93.86791042652352
124.0,94.11764705882352,88.88888888888889,94.42946122564949
113.0,93.80530973451327,88.33333333333333,94.15268623926502
89.0,93.02325581395348,86.95652173913044,93.46628386541317
41.0,86.11111111111111,75.60975609756098,87.79490696492367
22.0,70.58823529411765,54.54545454545454,77.262759965495
13.0,0.0,0.0,49.9870455994898
76.0,68.96551724137932,52.63157894736842,76.27988712806429
75.0,96.15384615384616,92.5925925925926,96.29030839186325
97.0,94.47236180904522,89.52380952380953,94.7509227723676
100.0,95.65217391304348,91.66666666666666,95.82434717202175
101.0,97.0873786407767,94.33962264150944,97.16382042691336
87.0,96.045197740113,92.3913043478261,96.18866489076837
63.0,92.56198347107438,86.15384615384616,93.0679446252072
31.0,60.86956521739131,43.75,71.85705813165345
23.0,0.0,0.0,49.97708067602041
9.0,0.0,0.0,49.99103156887755
89.0,79.72972972972973,66.29213483146067,83.11613745184583
90.0,92.47311827956989,86.0,92.9860251547215
104.0,94.88372093023256,90.2654867256637,95.12175961877305
108.0,95.53571428571429,91.45299145299145,95.71650950747797
105.0,98.09523809523809,96.26168224299066,98.12684695298135
95.0,95.13513513513514,90.72164948453609,95.35184055443861
63.0,89.65517241379311,81.25,90.61302968637779
33.0,62.5,45.45454545454545,72.70933050124056
22.0,0.0,0.0,49.97807716836735
8.0,0.0,0.0,49.98804209183674
90.0,86.25,75.82417582417582,87.89013489155187
100.0,92.61083743842364,86.23853211009175,93.10429061476793
114.0,94.78260869565217,90.08264462809917,95.02933837253123
115.0,95.31914893617022,91.05691056910568,95.51746934655348
108.0,97.24770642201835,94.64285714285714,97.315436959685
100.0,96.0,92.3076923076923,96.14585893339887
72.0,85.27131782945736,74.32432432432432,87.14320803115918
33.0,76.36363636363637,61.76470588235294,80.86939311663257
22.0,0.0,0.0,49.97807716836735
9.0,0.0,0.0,49.99103156887755
105.0,75.5813953488372,60.747663551401864,80.33192480916665
119.0,89.74358974358975,81.3953488372093,90.67370845027966
118.0,95.39748953974896,91.2,95.58901362310735
118.0,97.07112970711297,94.3089430894309,97.14747993464754
111.0,97.34513274336283,94.82758620689656,97.40780101300766
102.0,98.0392156862745,96.15384615384616,98.0729291476955
76.0,82.96296296296296,70.88607594936708,85.42009304252073
36.0,78.68852459016394,64.86486486486487,82.41947183265576
20.0,0.0,0.0,49.98007015306122
10.0,0.0,0.0,49.99003507653062
112.0,69.76744186046511,53.57142857142857,76.73383464647732
125.0,90.75630252100841,83.07692307692308,91.5164914178256
121.0,96.3265306122449,92.91338582677166,96.44770334128945
120.0,95.90163934426229,92.1259842519685,96.05300391207666
119.0,96.23430962343096,92.74193548387096,96.36197870855621
109.0,96.22641509433963,92.72727272727272,96.35564818613906
82.0,87.07482993197279,77.10843373493977,88.53525933234856
36.0,82.53968253968253,70.27027027027027,85.12416803643124
21.0,0.0,0.0,49.979073660714285
10.0,0.0,0.0,49.99003507653062
110.0,70.93023255813954,54.95495495495496,77.42759221358443
125.0,93.44262295081968,87.6923076923077,93.83017366158272
119.0,95.90163934426229,92.1259842519685,96.05300391207666
121.0,95.58232931726907,91.53846153846153,95.75824329495144
119.0,96.69421487603306,93.60000000000001,96.79200942887394
110.0,95.85253456221197,92.03539823008849,96.00871205640868
81.0,90.78947368421053,83.13253012048193,91.55229495626347
36.0,80.64516129032258,67.56756756756756,83.77181991466851
23.0,0.0,0.0,49.97708067602041
13.0,0.0,0.0,49.9870455994898
109.0,49.6551724137931,33.02752293577982,66.44096529716793
129.0,89.51612903225806,81.02189781021897,90.48498266122652
124.0,97.6,95.3125,97.65025647300915
121.0,94.77911646586345,90.07633587786259,95.02518300145877
120.0,95.1219512195122,90.69767441860465,95.33685135261322
110.0,93.63636363636364,88.03418803418803,94.00311442729512
84.0,86.25,75.82417582417582,87.89013489155187
39.0,81.81818181818183,69.23076923076923,84.60342026913644
26.0,0.0,0.0,49.97409119897959
16.0,0.0,0.0,49.984056122448976
121.0,47.79874213836478,31.40495867768595,65.61970778832242
129.0,91.40625,84.17266187050359,92.06435686465511
126.0,95.34883720930233,91.11111111111111,95.54356826208664
124.0,93.2806324110672,87.4074074074074,93.68672340085502
124.0,96.03174603174604,92.36641221374046,96.17321709478352
115.0,96.06986899563319,92.43697478991596,96.20949925929706
92.0,88.23529411764706,78.94736842105263,89.45372452908283
42.0,89.74358974358975,81.3953488372093,90.68969691516435
24.0,0.0,0.0,49.97608418367347
15.0,0.0,0.0,49.98505261479592
107.0,87.62886597938144,77.98165137614679,88.96686928872022
115.0,91.28630705394191,83.96946564885496,91.96376050788531
113.0,84.08163265306122,72.53521126760563,86.22866249079162
120.0,83.65019011406845,71.89542483660131,85.90476910347621
126.0,87.02290076335878,77.02702702702703,88.47955562129985
103.0,93.02325581395348,86.95652173913044,93.46328363496181
63.0,84.68468468468468,73.4375,86.7017937471324
29.0,91.22807017543859,83.87096774193549,91.93049882610234
18.0,0.0,0.0,49.9820631377551
16.0,0.0,0.0,49.984056122448976
50.0,90.0,81.81818181818183,90.8991170406263
76.0,67.3469387755102,50.76923076923077,75.32075587553535
76.0,78.94736842105263,65.21739130434783,82.56877628928694
80.0,88.88888888888889,80.0,89.98103792415169
82.0,95.75757575757575,91.86046511627907,95.92324611184534
82.0,95.70552147239265,91.76470588235294,95.87536663433787
81.0,95.59748427672956,91.56626506024097,95.77614650217636
70.0,94.36619718309859,89.33333333333333,94.65868406873017
59.0,96.49122807017544,93.22033898305084,96.60617914815637
37.0,95.77464788732394,91.8918918918919,95.94295444181768
19.0,94.73684210526315,90.0,94.9980063000917
61.0,64.19753086419753,47.27272727272727,73.57850712052291
81.0,66.34615384615384,49.64028776978417,74.75029336500465
83.0,73.33333333333333,57.89473684210527,78.89147908194407
88.0,84.81675392670157,73.63636363636363,86.78923681369035
88.0,98.30508474576271,96.66666666666667,98.33033866384501
90.0,97.20670391061452,94.56521739130434,97.27761757983832
82.0,96.8944099378882,93.97590361445783,96.98296158805849
73.0,95.17241379310344,90.78947368421053,95.38775179011651
65.0,92.6829268292683,86.36363636363636,93.17283955095962
40.0,94.73684210526315,90.0,94.99601116872756
26.0,87.5,77.77777777777779,88.88290743140708
68.0,56.97674418604651,39.83739837398374,69.84488667078304
86.0,57.81990521327014,40.666666666666664,70.24453756360371
92.0,65.77777777777779,49.00662251655629,74.42646801848733
93.0,82.2429906542056,69.84126984126983,84.88270168313292
100.0,96.44670050761421,93.13725490196079,96.5616387726393
96.0,96.80851063829788,93.81443298969072,96.9012266775348
83.0,96.3855421686747,93.02325581395348,96.50563940490073
78.0,96.1038961038961,92.5,96.24401221508123
74.0,92.85714285714286,86.66666666666667,93.32335548415851
58.0,89.52380952380953,81.03448275862068,90.50626968627837
35.0,92.53731343283582,86.11111111111111,93.05057001362715
77.0,48.31460674157304,31.851851851851855,65.83416999669767
91.0,57.64192139737992,40.49079754601227,70.14861170455673
95.0,62.12765957446808,45.06172839506173,72.44204716062688
93.0,78.0701754385965,64.02877697841727,81.96447533809157
105.0,93.77990430622009,88.28828828828829,94.13116439255663
100.0,95.95959595959596,92.23300970873787,96.10851779340769
83.0,96.96969696969697,94.11764705882352,97.05383311101508
84.0,93.49112426035504,87.77777777777777,93.87791018756944
77.0,96.05263157894737,92.40506329113924,96.19654398016037
73.0,85.27131782945736,74.32432432432432,87.14320803115918
68.0,67.96116504854369,51.470588235294116,75.70238691595583
82.0,45.45454545454545,29.411764705882355,64.6101427646214
99.0,54.54545454545454,37.5,68.63524557447063
99.0,58.87096774193549,41.714285714285715,70.75535254518549
99.0,74.79674796747967,59.74025974025974,79.80823385543457
111.0,94.06392694063926,88.79310344827587,94.38357067646753
105.0,85.96491228070175,75.38461538461539,87.6603575345538
93.0,89.14285714285714,80.41237113402062,90.18722273416269
89.0,84.07643312101911,72.52747252747253,86.23879114300188
89.0,92.57142857142857,86.17021276595744,93.07213103613772
83.0,86.66666666666667,76.47058823529412,88.21533841929738
95.0,61.31386861313869,44.21052631578947,72.052404818245
84.0,44.18604651162791,28.35820895522388,64.08336870833514
104.0,47.286821705426355,30.96446700507614,65.34654558474898
103.0,56.22489959839358,39.10614525139665,69.4443032168451
107.0,73.60594795539033,58.235294117647065,79.04675623069885
121.0,88.88888888888889,80.0,89.97103475829005
108.0,92.3076923076923,85.71428571428571,92.8411684162483
93.0,91.32947976878613,84.04255319148936,92.0063056394
99.0,0.0,0.0,49.901347257653065
96.0,90.15544041450777,82.0754716981132,91.01876960896398
105.0,80.89887640449437,67.9245283018868,83.92833472415113
104.0,60.40268456375839,43.269230769230774,71.5757695606741
89.0,39.490445859872615,24.6031746031746,62.20686200494755
104.0,50.75757575757576,34.01015228426396,66.87535892566387
105.0,50.40650406504065,33.69565217391305,66.72610361419441
110.0,73.80073800738008,58.47953216374269,79.16887383808191
120.0,86.66666666666667,76.47058823529412,88.19933654757975
116.0,89.81481481481481,81.5126050420168,90.73433722617423
96.0,88.50574712643679,79.38144329896907,89.67076117123148
102.0,0.0,0.0,49.898357780612244
108.0,44.285714285714285,28.440366972477065,64.14240903215538
116.0,79.59183673469387,66.10169491525424,83.01092570426371
113.0,58.82352941176471,41.66666666666667,70.75651922347919
86.0,59.88023952095808,42.73504273504273,71.30068978311407
110.0,48.13559322033898,31.69642857142857,65.69553491239826
111.0,50.98039215686274,34.21052631578947,66.98054004320933
114.0,75.0,60.0,79.92809778700966
127.0,84.39716312056737,73.00613496932516,86.4591175875453
114.0,91.07981220657277,83.62068965517241,91.79137480022943
98.0,65.3061224489796,48.484848484848484,74.19155446904409
108.0,0.0,0.0,49.89237882653062
118.0,3.3333333333333335,1.694915254237288,50.73185990718402
122.0,39.473684210526315,24.59016393442623,62.20334982506818
120.0,40.52287581699346,25.40983606557377,62.614181169689864
53.0,89.79591836734694,81.48148148148148,90.73076707122824
78.0,66.66666666666666,50.0,74.93414488126122
81.0,75.64766839378238,60.83333333333333,80.36976328762748
82.0,81.91489361702128,69.36936936936937,84.65075187165448
83.0,95.75757575757575,91.86046511627907,95.92324611184534
83.0,95.75757575757575,91.86046511627907,95.92324611184534
82.0,95.54140127388536,91.46341463414635,95.72472142856796
70.0,76.30057803468208,61.6822429906542,80.8002114973227
62.0,94.01709401709401,88.70967741935483,94.34785560878159
39.0,96.0,92.3076923076923,96.15085453039183
22.0,31.11111111111111,18.421052631578945,59.179630742826085
66.0,54.94505494505495,37.878787878787875,68.89851738658342
85.0,59.45945945945946,42.30769230769231,71.06404371920237
87.0,65.11627906976744,48.275862068965516,74.06308969811586
89.0,78.64077669902912,64.8,82.35608344146122
89.0,98.30508474576271,96.66666666666667,98.33033866384501
92.0,94.91525423728814,90.32258064516128,95.1523068521662
81.0,96.85534591194968,93.90243902439023,96.94622939263185
76.0,94.66666666666667,89.87341772151899,94.92872562555344
68.0,91.33858267716536,84.05797101449275,92.01801140612503
56.0,86.0,75.43859649122807,87.70533538681843
33.0,0.0,0.0,49.957150829081634
78.0,26.666666666666668,15.384615384615385,57.58264982485415
95.0,44.54148471615721,28.651685393258425,64.19915940485865
96.0,58.97435897435898,41.81818181818181,70.81329591038813
95.0,76.44444444444444,61.87050359712231,80.88234702714969
99.0,95.33678756476684,91.0891089108911,95.53556955008655
98.0,95.23809523809523,90.9090909090909,95.44556090796557
83.0,96.34146341463415,92.94117647058823,96.46459985275624
83.0,81.9672131147541,69.44444444444444,84.68928874784048
80.0,91.8918918918919,85.0,92.48802586413348
76.0,82.17054263565892,69.73684210526315,84.84547749378633
101.0,0.0,0.0,49.86547353316326
83.0,15.476190476190476,8.38709677419355,54.052009802881315
101.0,42.79835390946502,27.225130890052355,63.4739093122355
99.0,50.63291139240506,33.89830508474576,66.8324233540897
102.0,74.07407407407408,58.82352941176471,79.34887287982318
106.0,93.59605911330048,87.96296296296296,93.96850250741946
103.0,93.93939393939394,88.57142857142857,94.27373417270188
88.0,94.67455621301775,89.8876404494382,94.93483747160508
101.0,0.0,0.0,49.87743144132653
89.0,88.0503144654088,78.65168539325843,89.30688289141627
113.0,66.27218934911244,49.557522123893804,74.72189753441299
125.0,0.0,0.0,49.84654017857143
87.0,0.0,0.0,49.839564732142854
102.0,29.87551867219917,17.560975609756095,58.61195968361758
104.0,30.973451327433626,18.32460732984293,59.00674234783565
111.0,68.9922480620155,52.662721893491124,76.25149990495828
112.0,87.32394366197182,77.5,88.7230447457221
110.0,90.82125603864735,83.1858407079646,91.57395146296356
98.0,63.07053941908713,46.06060606060606,72.94148067501361
104.0,0.0,0.0,49.79272959183674
100.0,0.0,0.0,49.90035076530612
118.0,30.215827338129497,17.796610169491526,58.80160485545656
129.0,0.0,0.0,49.842554209183675
90.0,2.2988505747126435,1.1627906976744187,50.411984897208875
107.0,12.280701754385964,6.5420560747663545,53.07167394464365
112.0,24.786324786324787,14.146341463414632,56.89768665489316
120.0,66.66666666666666,50.0,74.91015453420118
120.0,58.03571428571429,40.88050314465409,70.34645979008363
117.0,62.35294117647059,45.2991452991453,72.58572970322068
95.0,16.0,8.695652173913043,54.201300828792974
111.0,0.0,0.0,49.76582429846938
107.0,0.0,0.0,49.77578922193878
122.0,0.0,0.0,49.87842793367347
128.0,0.0,0.0,49.837571747448976
97.0,0.0,0.0,49.81963488520408
108.0,14.225941422594143,7.657657657657657,53.6244786623582
120.0,0.0,0.0,49.78176817602041
120.0,60.37735849056604,43.24324324324324,71.51682283529138
123.0,22.340425531914892,12.574850299401197,56.14187635097665
117.0,8.064516129032258,4.201680672268908,51.987228887289504
99.0,0.0,0.0,49.83458227040816
115.0,0.0,0.0,49.76084183673469
116.0,0.0,0.0,49.788743622448976
123.0,0.0,0.0,49.87743144132653
128.0,0.0,0.0,49.83358577806122
98.0,0.0,0.0,49.825613839285715
108.0,0.0,0.0,49.77080676020408
119.0,0.0,0.0,49.783761160714285
121.0,50.20242914979757,33.513513513513516,66.63403655880809
133.0,0.0,0.0,49.815648915816325
116.0,0.0,0.0,49.857501594387756
102.0,0.0,0.0,49.810666454081634
117.0,0.0,0.0,49.75386639030612
126.0,0.0,0.0,49.744897959183675
125.0,0.0,0.0,49.87543845663265
130.0,0.0,0.0,49.83458227040816
108.0,0.0,0.0,49.89237882653062
108.0,0.0,0.0,49.78974011479592
123.0,0.0,0.0,49.87743144132653
137.0,0.0,0.0,49.86348054846938
153.0,0.0,0.0,49.847536670918366
147.0,0.0,0.0,49.755859375
128.0,0.0,0.0,49.761838329081634
138.0,0.0,0.0,49.70902423469388
148.0,0.0,0.0,49.67713647959184
141.0,0.0,0.0,49.8226243622449
153.0,0.0,0.0,49.84654017857143
34.0,61.224489795918366,44.11764705882353,72.03988451304446
39.0,55.55555555555556,38.46153846153847,69.20684626272633
38.0,0.0,0.0,49.962133290816325
26.0,0.0,0.0,49.97409119897959
29.0,0.0,0.0,49.97110172193878
35.0,92.7536231884058,86.48648648648648,93.23825760189034
45.0,90.69767441860465,82.97872340425532,91.48138356223097
40.0,90.66666666666666,82.92682926829268,91.45643445784704
35.0,37.2093023255814,22.857142857142858,61.401661844772995
31.0,55.81395348837209,38.70967741935484,69.3359008259361
39.0,87.32394366197182,77.5,88.74102602452886
48.0,66.66666666666666,50.0,74.97607273887382
45.0,65.67164179104478,48.888888888888886,74.4215150669272
40.0,0.0,0.0,49.96014030612245
39.0,34.04255319148936,20.51282051282051,60.22551406760465
39.0,96.1038961038961,92.5,96.24700831687908
51.0,91.83673469387756,84.90566037735849,92.44485109390754
51.0,75.60975609756098,60.78431372549019,80.37221469503146
43.0,75.36231884057972,60.46511627906976,80.21560898699252
42.0,78.26086956521739,64.28571428571429,82.12790171004691
40.0,43.13725490196079,27.500000000000004,63.72109538522874
47.0,40.67796610169492,25.53191489361702,62.73107187149554
48.0,56.71641791044776,39.58333333333333,69.76275744163327
42.0,55.172413793103445,38.095238095238095,69.02170198222831
44.0,0.0,0.0,49.95615433673469
45.0,95.45454545454545,91.30434782608695,95.64818460439066
54.0,88.88888888888889,80.0,89.98803064155761
51.0,89.10891089108911,80.35714285714286,90.16760017326034
43.0,86.07594936708861,75.55555555555556,87.76680892930744
45.0,26.923076923076923,15.555555555555555,57.73990578511299
45.0,91.76470588235294,84.78260869565217,92.3843234754165
57.0,81.35593220338984,68.57142857142857,84.26377046190325
52.0,88.17204301075269,78.84615384615384,89.41210654310285
46.0,19.607843137254903,10.869565217391305,55.393922350777736
43.0,4.545454545454546,2.3255813953488373,51.12093718496888
46.0,66.15384615384615,49.42528735632184,74.66876040766046
57.0,71.01449275362319,55.0561797752809,77.48819123023027
52.0,0.0,0.0,49.94818239795919
46.0,64.76190476190476,47.88732394366197,73.90676675424892
45.0,0.0,0.0,49.913305165816325
33.0,82.14285714285714,69.6969696969697,84.8385153551345
39.0,0.0,0.0,49.96113679846938
39.0,0.0,0.0,49.96113679846938
28.0,0.0,0.0,49.972098214285715
31.0,0.0,0.0,49.96811224489796
34.0,89.23076923076924,80.55555555555556,90.27079829744994
42.0,95.1219512195122,90.69767441860465,95.34484813935397
38.0,0.0,0.0,49.962133290816325
38.0,0.0,0.0,49.962133290816325
38.0,0.0,0.0,49.962133290816325
37.0,91.42857142857143,84.21052631578947,92.09928038827124
45.0,88.09523809523809,78.72340425531915,89.35172985058983
47.0,79.48717948717949,65.95744680851064,82.96276967008441
40.0,0.0,0.0,49.96014030612245
43.0,0.0,0.0,49.957150829081634
39.0,96.1038961038961,92.5,96.24700831687908
48.0,87.05882352941177,77.08333333333334,88.53069716188995
48.0,0.0,0.0,49.952168367346935
41.0,13.636363636363635,7.317073170731707,53.62066761201365
43.0,0.0,0.0,49.957150829081634
40.0,85.71428571428571,75.0,87.49002911498425
47.0,86.74698795180723,76.59574468085107,88.28690305442632
47.0,0.0,0.0,49.95316485969388
44.0,0.0,0.0,49.95615433673469
43.0,0.0,0.0,49.957150829081634
38.0,96.1038961038961,92.5,96.24700831687908
46.0,91.48936170212765,84.31372549019608,92.1488839686434
49.0,0.0,0.0,49.950175382653065
45.0,36.36363636363637,22.22222222222222,61.07622692660368
39.0,0.0,0.0,49.96113679846938
41.0,84.50704225352112,73.17073170731707,86.5743978801412
49.0,85.0574712643678,74.0,86.98703603980933
50.0,0.0,0.0,49.950175382653065
45.0,0.0,0.0,49.955157844387756
42.0,0.0,0.0,49.93622448979592
44.0,0.0,0.0,49.950175382653065
55.0,0.0,0.0,49.945192920918366
48.0,0.0,0.0,49.952168367346935
47.0,4.166666666666666,2.127659574468085,51.017990225699414
43.0,0.0,0.0,49.957150829081634
45.0,0.0,0.0,49.859494579081634
50.0,28.57142857142857,16.666666666666664,58.193746510329426
60.0,0.0,0.0,49.83458227040816
47.0,0.0,0.0,49.87045599489796
35.0,0.0,0.0,49.94220344387755
