gt_area_px,dice,fg_iou,miou
9.0,43.90243902439025,28.125,64.03957656427532
12.0,56.25,39.130434782608695,69.55126399564585
17.0,65.3061224489796,48.484848484848484,74.22547846889952
17.0,57.77777777777777,40.625,70.29356173873174
19.0,73.07692307692307,57.57575757575758,78.77392261027646
26.0,67.9245283018868,51.42857142857142,75.69733926506525
23.0,75.0,60.0,79.98604326587578
28.0,66.66666666666666,50.0,74.98205670082538
23.0,67.74193548387096,51.21951219512195,75.58981790595496
23.0,64.15094339622641,47.22222222222222,73.59217133958457
30.0,73.84615384615385,58.536585365853654,79.25134420629578
26.0,64.40677966101694,47.5,73.7290657335965
26.0,74.50980392156863,59.375,79.67454069222642
30.0,66.66666666666666,50.0,74.98105947325398
29.0,73.01587301587301,57.49999999999999,78.7330518613044
31.0,76.47058823529412,61.904761904761905,80.93642880881167
10.0,38.46153846153847,23.809523809523807,61.87286779321225
15.0,40.0,25.0,62.46112672687041
17.0,44.44444444444444,28.57142857142857,64.24584187742082
28.0,64.1025641025641,47.16981132075472,73.55698996577506
19.0,42.69662921348314,27.142857142857142,63.52058821016294
35.0,68.13186813186813,51.66666666666667,75.80441719014857
35.0,55.172413793103445,38.095238095238095,68.99576837754886
31.0,61.1764705882353,44.06779661016949,72.00099700897307
33.0,51.66666666666667,34.831460674157306,67.35789805070912
33.0,58.58585858585859,41.42857142857143,70.67340590093696
36.0,47.82608695652174,31.428571428571427,65.64249104703406
33.0,56.86274509803921,39.726027397260275,69.81914267942659
35.0,51.66666666666667,34.831460674157306,67.35789805070912
34.0,59.77011494252874,42.62295081967213,71.27658009577824
37.0,51.908396946564885,35.051546391752574,67.4629516091825
34.0,52.25225225225225,35.36585365853659,67.6300821925004
27.0,36.22047244094488,22.115384615384613,60.97693941155449
38.0,33.98692810457516,20.47244094488189,60.13552256615979
14.0,0.0,0.0,49.986049107142854
20.0,0.0,0.0,49.98007015306122
16.0,0.0,0.0,49.984056122448976
18.0,82.05128205128204,69.56521739130434,84.77563102420082
24.0,85.18518518518519,74.19354838709677,87.08879859886811
21.0,80.76923076923077,67.74193548387096,83.86099864613247
19.0,79.16666666666666,65.51724137931035,82.7486519913678
24.0,87.27272727272727,77.41935483870968,88.7026986348597
22.0,85.71428571428571,75.0,87.4930216329379
18.0,77.27272727272727,62.96296296296296,81.47151318067804
26.0,85.18518518518519,74.19354838709677,87.08879859886811
24.0,86.79245283018868,76.66666666666667,88.32635468798809
22.0,88.0,78.57142857142857,89.27973270897066
28.0,91.52542372881356,84.375,92.18251485572992
26.0,89.28571428571429,80.64516129032258,90.31659871060364
23.0,88.46153846153845,79.3103448275862,89.6491907177829
28.0,88.13559322033898,78.78787878787878,89.38696033112782
26.0,89.28571428571429,80.64516129032258,90.31659871060364
24.0,82.75862068965517,70.58823529411765,85.28414795492291
31.0,87.87878787878788,78.37837837837837,89.18121264024309
26.0,82.75862068965517,70.58823529411765,85.28414795492291
24.0,83.63636363636363,71.875,85.92852745598469
30.0,87.5,77.77777777777779,88.88091249900295
27.0,86.66666666666667,76.47058823529412,88.22731804586242
35.0,77.33333333333333,63.04347826086957,81.50478896392433
42.0,82.5,70.2127659574468,85.09242290453558
34.0,85.71428571428571,75.0,87.49002911498425
31.0,72.72727272727273,57.14285714285714,78.55348312558394
38.0,86.11111111111111,75.60975609756098,87.79490696492367
29.0,91.80327868852459,84.84848484848484,92.41925718056372
30.0,76.19047619047619,61.53846153846154,80.7542762310269
38.0,87.32394366197182,77.5,88.74102602452886
30.0,90.0,81.81818181818183,90.90310873596682
33.0,78.26086956521739,64.28571428571429,82.12790171004691
39.0,87.67123287671232,78.04878048780488,89.01541608946721
31.0,87.09677419354838,77.14285714285715,88.56345234059646
39.0,85.0,73.91304347826086,86.94455572261732
41.0,84.21052631578947,72.72727272727273,86.35167082438939
32.0,89.55223880597015,81.08108108108108,90.5335609210295
40.0,80.0,66.66666666666666,83.31737928100405
41.0,83.54430379746836,71.73913043478261,85.85660229135975
29.0,90.32258064516128,82.35294117647058,91.17048829582085
40.0,80.95238095238095,68.0,83.98404531131587
43.0,85.36585365853658,74.46808510638297,87.22207629803106
31.0,83.5820895522388,71.7948717948718,85.88646836134272
41.0,79.51807228915662,66.0,82.98304848134336
42.0,85.0,73.91304347826086,86.94455572261732
31.0,86.15384615384616,75.67567567567568,87.82886439921616
39.0,80.89887640449437,67.9245283018868,83.94531161803553
47.0,84.21052631578947,72.72727272727273,86.34867705296139
36.0,77.10843373493977,62.745098039215684,81.35360358246682
122.0,0.0,0.0,49.842554209183675
114.0,68.46153846153847,52.046783625730995,75.94153424503352
143.0,89.55223880597015,81.08108108108108,90.51257186545664
177.0,87.34939759036145,77.54010695187165,88.72807949980104
172.0,67.6923076923077,51.162790697674424,75.4555061313486
179.0,62.15538847117794,45.09090909090909,72.39461142230262
174.0,82.09876543209876,69.63350785340315,84.75880376384164
177.0,72.54237288135593,56.91489361702128,78.37655843446683
150.0,69.49152542372882,53.246753246753244,76.55151172937734
147.0,66.37554585152839,49.673202614379086,74.75975499980431
169.0,54.700854700854705,37.64705882352941,68.71776632108781
98.0,92.0,85.18518518518519,92.57661942750993
129.0,93.63295880149812,88.02816901408451,93.99710182937349
161.0,91.8429003021148,84.91620111731844,92.4311135124414
187.0,91.98966408268734,85.16746411483254,92.55273081736667
198.0,86.04118993135012,75.50200803212851,87.68998937254982
198.0,91.04859335038363,83.56807511737088,91.74903615862944
183.0,88.08864265927978,78.71287128712872,89.31345025859525
163.0,82.17522658610272,69.74358974358974,84.81284203406506
143.0,78.54251012145748,64.66666666666666,82.28041694123284
121.0,76.05633802816901,61.36363636363637,80.63091489805733
139.0,60.28708133971292,43.15068493150685,71.49252962277855
94.0,91.0891089108911,83.63636363636363,91.80021200746383
130.0,94.07407407407408,88.81118881118881,94.38961007024305
164.0,91.86046511627907,84.94623655913979,92.4451283559424
191.0,91.72932330827066,84.72222222222221,92.32810649046421
202.0,91.84149184149184,84.91379310344827,92.42188184554753
202.0,91.34615384615384,84.070796460177,91.99938814726531
196.0,89.33002481389578,80.71748878923766,90.31574095434361
172.0,84.04255319148936,72.47706422018348,86.17855370231854
152.0,79.24528301886792,65.625,82.75757798925525
129.0,79.29515418502203,65.69343065693431,82.7997960296611
149.0,65.50218340611353,48.701298701298704,74.27180860894758
113.0,87.78280542986425,78.2258064516129,89.08594581850997
139.0,94.69964664310953,89.93288590604027,94.95145554244502
164.0,92.48554913294798,86.02150537634408,92.98476100551049
197.0,92.64705882352942,86.3013698630137,93.12067712947832
206.0,90.8675799086758,83.26359832635984,91.59178075471202
208.0,92.55813953488372,86.14718614718615,93.04157834681877
205.0,89.04428904428904,80.25210084033614,90.0790363159368
179.0,85.42199488491049,74.55357142857143,87.21979597243926
164.0,77.62237762237763,63.42857142857142,81.65036880626614
161.0,71.69811320754717,55.88235294117647,77.86629777407659
197.0,60.83916083916085,43.71859296482412,71.74749548818178
140.0,84.33734939759037,72.91666666666666,86.41938863480524
142.0,94.48275862068965,89.54248366013073,94.75525430033855
165.0,91.47727272727273,84.29319371727748,92.11660585593955
195.0,88.36104513064133,79.14893617021276,89.525458283146
206.0,90.99307159353349,83.47457627118644,91.69827174871072
210.0,90.13452914798206,82.0408163265306,90.9763861522598
208.0,90.0,81.81818181818183,90.86507154056875
191.0,88.60759493670885,79.54545454545455,89.72772817270926
196.0,71.47335423197492,55.60975609756098,77.71399074903218
203.0,66.03174603174602,49.28909952606635,74.53770362147701
202.0,64.23841059602648,47.3170731707317,73.55070695617997
156.0,80.14981273408239,66.875,83.3845730392059
152.0,91.63879598662207,84.5679012345679,92.2589701020858
174.0,90.19607843137256,82.14285714285714,91.03643906827952
201.0,76.07361963190185,61.386138613861384,80.57604590224976
222.0,91.62995594713657,84.5528455284553,92.23839842865289
221.0,89.3709327548807,80.7843137254902,90.34312744509451
226.0,90.56603773584906,82.75862068965517,91.33427431600452
219.0,89.44954128440367,80.91286307053942,90.41041404862479
216.0,72.0,56.25,78.02709790209789
208.0,66.4576802507837,49.76525821596244,74.77577869855442
203.0,54.91329479768786,37.84860557768924,68.76855510010039
160.0,80.0,66.66666666666666,83.27740492170021
158.0,92.25806451612904,85.62874251497006,92.79038708703753
174.0,91.66666666666666,84.61538461538461,92.27769890624063
206.0,68.79432624113475,52.43243243243243,76.0401528333984
228.0,89.58333333333334,81.13207547169812,90.51599870540532
223.0,85.54216867469879,74.73684210526315,87.29636773317517
230.0,89.3970893970894,80.82706766917293,90.36249402353384
221.0,90.18691588785047,82.12765957446808,91.0218155023772
214.0,76.96476964769647,62.55506607929515,81.19259080037028
207.0,64.06685236768801,47.13114754098361,73.43673095872217
203.0,47.02702702702703,30.742049469964666,65.17537299507936
159.0,83.62369337979094,71.8562874251497,85.881196293684
152.0,92.15686274509804,85.45454545454545,92.70328951552096
176.0,92.3076923076923,85.71428571428571,92.82914733642617
199.0,68.23104693140795,51.78082191780822,75.71436518700341
218.0,89.74358974358975,81.3953488372093,90.64964175639435
222.0,84.75247524752476,73.53951890034365,86.6927008856628
225.0,89.30041152263375,80.66914498141264,90.28252981571283
218.0,90.02217294900223,81.85483870967742,90.88239504170963
215.0,69.94219653179191,53.77777777777778,76.78500316318716
213.0,51.048951048951054,34.27230046948357,66.99643804185912
212.0,20.363636363636363,11.336032388663968,55.449662521204445
170.0,0.0,0.0,49.82860331632653
190.0,69.90291262135922,53.73134328358209,76.77279795001186
208.0,83.63636363636363,71.875,85.87451889433171
225.0,87.5,77.77777777777779,88.83688264814
230.0,89.54545454545455,81.06995884773663,90.4889600957505
229.0,89.73214285714286,81.37651821862349,90.64223609780599
227.0,92.55813953488372,86.14718614718615,93.04157834681877
230.0,65.21739130434783,48.38709677419355,74.06569158671321
227.0,68.36158192090396,51.931330472103,75.8537883006804
218.0,61.146496815286625,44.03669724770643,71.89654351203212
198.0,60.35087719298245,43.21608040201005,71.49524323554286
170.0,76.42857142857142,61.849710982658955,80.85894644581228
178.0,87.92569659442725,78.45303867403315,89.18754583899523
180.0,93.4065934065934,87.62886597938144,93.79043586934517
204.0,91.4691943127962,84.27947598253274,92.10372574710335
218.0,91.72259507829978,84.71074380165288,92.31835042837243
217.0,92.23744292237443,85.59322033898306,92.76259248029315
211.0,92.9245283018868,86.78414096916299,93.36205787928728
218.0,75.90027700831024,61.16071428571429,80.4934249499676
221.0,69.18604651162791,52.888888888888886,76.3385651468437
209.0,66.66666666666666,50.0,74.89414819253047
198.0,58.657243816254415,41.5,70.63321721597828
167.0,81.2720848056537,68.45238095238095,84.17325505740139
181.0,87.27272727272727,77.41935483870968,88.66770428216265
183.0,93.51351351351352,87.81725888324873,93.88463088153797
206.0,87.527352297593,77.82101167315176,88.85347846343676
222.0,89.62655601659752,81.203007518797,90.55146372737288
219.0,90.47619047619048,82.6086956521739,91.2603187669079
218.0,91.42857142857143,84.21052631578947,92.06623818191011
220.0,80.4177545691906,67.24890829694323,83.549487133958
226.0,69.51566951566952,53.275109170305676,76.53067002048269
214.0,67.6737160120846,51.141552511415526,75.46391304062308
199.0,63.48122866894198,46.5,73.14317732563944
164.0,79.71014492753623,66.26506024096386,83.07660394303615
184.0,89.14956011730204,80.42328042328042,90.1746579631195
194.0,90.67357512953367,82.93838862559242,91.43319503278181
206.0,83.61344537815127,71.84115523465704,85.84254172081613
222.0,88.43813387423936,79.27272727272727,89.57931571611061
225.0,90.48625792811839,82.62548262548263,91.26770708672954
222.0,91.93899782135077,85.08064516129032,92.50329666250245
224.0,74.93261455525607,59.91379310344828,79.86396532083499
224.0,67.05539358600583,50.43859649122807,75.10643593762978
217.0,62.5,45.45454545454545,72.60145139356659
201.0,62.37288135593221,45.320197044334975,72.54928468940652
166.0,78.54545454545455,64.67065868263472,82.27640947233917
184.0,88.30409356725146,79.05759162303664,89.48881580152333
200.0,91.2718204488778,83.94495412844036,91.93747216353408
215.0,73.75886524822694,58.42696629213483,79.0653883654078
228.0,87.35177865612648,77.54385964912281,88.70787217267471
225.0,88.6128364389234,79.5539033457249,89.72190984107029
224.0,91.06382978723404,83.59375,91.75484305572235
226.0,73.07692307692307,57.57575757575758,78.68996299546028
225.0,66.08187134502924,49.34497816593886,74.55663505903958
216.0,68.27794561933534,51.8348623853211,75.81256332617232
203.0,65.57377049180327,48.78048780487805,74.2854032602152
164.0,62.758620689655174,45.7286432160804,72.7565048964499
182.0,76.16707616707616,61.50793650793651,80.65700897686465
202.0,80.17057569296375,66.90391459074732,83.35893497001557
219.0,66.98872785829307,50.363196125908,74.97646677893222
232.0,77.32864674868189,63.03724928366762,81.38951102184822
225.0,90.29535864978902,82.3076923076923,91.10781116725634
228.0,93.89473684210526,88.4920634920635,94.21700446038324
229.0,77.08333333333334,62.71186440677966,81.26798145580847
226.0,71.50837988826815,55.65217391304348,77.7241847826087
219.0,66.07142857142857,49.333333333333336,74.5528146742568
203.0,67.74193548387096,51.21951219512195,75.5098978962069
165.0,66.04361370716511,49.30232558139535,74.54231517735636
185.0,89.5774647887324,81.12244897959184,90.52423706552017
205.0,82.12765957446808,69.67509025270758,84.7535165566401
221.0,66.15146831530139,49.42263279445728,74.49214983063803
230.0,80.78994614003591,67.7710843373494,83.77843720581109
225.0,88.7063655030801,79.70479704797047,89.79735448875705
229.0,92.18106995884774,85.49618320610686,92.710055087999
228.0,82.15158924205379,69.70954356846472,84.78178346236388
226.0,69.68838526912181,53.47826086956522,76.6322437346847
218.0,64.4776119402985,47.57709251101321,73.66970787570314
203.0,56.493506493506494,39.366515837104075,69.54949601474082
164.0,82.14285714285714,69.6969696969697,84.79854577415553
184.0,91.42857142857143,84.21052631578947,92.07527275482373
205.0,94.91525423728814,90.32258064516128,95.1402819192193
225.0,67.17557251908397,50.57471264367817,75.07216695519644
231.0,76.38190954773869,61.78861788617886,80.75316215042506
227.0,89.82035928143712,81.52173913043478,90.70981953618895
230.0,90.68825910931174,82.96296296296296,91.43543727904715
230.0,84.76190476190476,73.55371900826447,86.71285694402982
229.0,70.91412742382272,54.93562231759657,77.3629118621231
221.0,67.45562130177515,50.89285714285714,75.33656480250204
206.0,66.66666666666666,50.0,74.89514888857822
169.0,0.0,0.0,49.608378507653065
191.0,0.0,0.0,49.593431122448976
212.0,0.0,0.0,49.48780293367347
230.0,1.8927444794952681,0.9554140127388535,49.85781464041368
234.0,0.0,0.0,49.34829400510204
230.0,20.51282051282051,11.428571428571429,55.15744394516548
229.0,0.0,0.0,49.44395727040816
232.0,0.0,0.0,49.73194355867347
225.0,3.8379530916844353,1.956521739130435,50.52876219513781
221.0,0.0,0.0,49.64126275510204
194.0,0.847457627118644,0.425531914893617,49.97958210094456
9.0,0.0,0.0,49.99103156887755
22.0,0.0,0.0,49.97807716836735
23.0,0.0,0.0,49.97608418367347
30.0,0.0,0.0,49.97010522959184
21.0,17.857142857142858,9.803921568627452,54.85611756811314
29.0,60.46511627906976,43.333333333333336,71.64972190658455
16.0,0.0,0.0,49.97010522959184
33.0,0.0,0.0,49.952168367346935
20.0,72.72727272727273,57.14285714285714,78.56245799491953
31.0,27.450980392156865,15.909090909090908,57.91767009326658
25.0,77.27272727272727,62.96296296296296,81.47151318067804
29.0,3.3333333333333335,1.694915254237288,50.78965991909672
21.0,85.0,73.91304347826086,86.95054075864836
21.0,0.0,0.0,49.97508769132653
24.0,83.01886792452831,70.96774193548387,85.4748986026265
26.0,29.268292682926827,17.142857142857142,58.54252683732453
35.0,14.084507042253522,7.575757575757576,53.66628248759573
34.0,0.0,0.0,49.86248405612245
37.0,15.0,8.108108108108109,54.020171288423136
38.0,19.047619047619047,10.526315789473683,55.22927445377375
35.0,84.50704225352112,73.17073170731707,86.5743978801412
32.0,77.19298245614034,62.857142857142854,81.4156113456269
35.0,60.0,42.857142857142854,71.40863562186901
39.0,17.61006289308176,9.655172413793103,54.697009276152166
37.0,85.71428571428571,75.0,87.48903137028098
37.0,44.680851063829785,28.767123287671232,64.33172234565995
32.0,80.55555555555556,67.44186046511628,83.70697127190246
36.0,32.608695652173914,19.480519480519483,59.678458739482245
34.0,80.55555555555556,67.44186046511628,83.70697127190246
37.0,0.0,0.0,49.96312978316326
24.0,67.6056338028169,51.06382978723404,75.50898460170443
34.0,71.69811320754717,55.88235294117647,77.92622342315717
38.0,31.16883116883117,18.461538461538463,59.17794250243815
37.0,0.0,0.0,49.82760682397959
77.0,50.98039215686274,34.21052631578947,67.03046809636334
108.0,86.45833333333334,76.14678899082568,88.04744276563024
134.0,87.55020080321285,77.85714285714286,88.89761291298232
146.0,89.21933085501858,80.53691275167785,90.23948881950203
136.0,89.84375,81.56028368794325,90.75417352532038
98.0,91.54228855721394,84.40366972477065,92.18486337448499
71.0,86.56716417910447,76.31578947368422,88.13993711682535
51.0,64.51612903225806,47.61904761904761,73.76564316487725
47.0,62.77372262773723,45.744680851063826,72.82147572563365
38.0,16.94915254237288,9.25925925925926,54.580796638459425
74.0,85.27131782945736,74.32432432432432,87.14320803115918
108.0,92.15686274509804,85.45454545454545,92.71129892430959
135.0,92.80575539568345,86.57718120805369,93.26860938637145
152.0,90.84967320261438,83.23353293413174,91.58878717174441
143.0,91.98606271777004,85.16129032258064,92.55766538349478
110.0,90.7488986784141,83.06451612903226,91.5112886798178
75.0,91.66666666666666,84.61538461538461,92.2957186497398
50.0,78.0952380952381,64.0625,82.00831193278148
48.0,75.0,60.0,79.97207483943032
37.0,60.37735849056604,43.24324324324324,71.57974223425722
78.0,87.07482993197279,77.10843373493977,88.53525933234856
112.0,94.64285714285714,89.83050847457628,94.90327101380103
140.0,92.41379310344827,85.8974358974359,92.92673641320776
153.0,90.9090909090909,83.33333333333334,91.63868681216192
143.0,92.73356401384083,86.45161290322581,93.20482407680774
115.0,90.67796610169492,82.94573643410853,91.4508985352152
75.0,93.42105263157895,87.65432098765432,93.81718144981957
50.0,65.60000000000001,48.80952380952381,74.36187769213599
48.0,69.42148760330579,53.16455696202531,76.54537737597416
70.0,68.4931506849315,52.083333333333336,75.99578229528255
91.0,65.38461538461539,48.57142857142857,74.21386947051512
109.0,93.45794392523365,87.71929824561403,93.8456703705105
139.0,91.87279151943463,84.9673202614379,92.46068127126965
154.0,92.55663430420712,86.14457831325302,93.04930432661432
141.0,92.20338983050847,85.53459119496856,92.74431398277605
119.0,90.68825910931174,82.96296296296296,91.45851088384646
90.0,93.6842105263158,88.11881188118812,94.04742678432596
69.0,73.75,58.415841584158414,79.1660188426409
59.0,67.12328767123287,50.51546391752577,75.20985356987066
88.0,75.40983606557377,60.526315789473685,80.21825398909492
94.0,75.26881720430107,60.3448275862069,80.12651110679842
115.0,94.82758620689656,90.1639344262295,95.06998303223352
143.0,92.78350515463917,86.53846153846155,93.24824797512194
157.0,91.0828025477707,83.62573099415205,91.78488396488727
144.0,93.24324324324324,87.34177215189874,93.65090126440614
118.0,91.80327868852459,84.84848484848484,92.4042679915163
93.0,81.48148148148148,68.75,84.33507027631369
70.0,69.56521739130434,53.333333333333336,76.61079182630907
57.0,60.122699386503065,42.98245614035088,71.4263927518839
80.0,72.18934911242604,56.481481481481474,78.19384859268128
148.0,69.7872340425532,53.59477124183007,76.72651885044353
119.0,94.56066945606695,89.68253968253968,94.82828620065702
144.0,91.2751677852349,83.9506172839506,91.94932942534861
156.0,92.11356466876973,85.38011695906432,92.66507347053756
146.0,92.61744966442953,86.25,93.10301670730246
120.0,91.12903225806451,83.7037037037037,91.8298795369686
94.0,79.82062780269058,66.4179104477612,83.16403338787525
78.0,71.35678391959799,55.46875,77.67749444915677
81.0,62.944162436548226,45.925925925925924,72.89012902434303
109.0,73.26732673267327,57.8125,78.85235993573112
107.0,77.19298245614034,62.857142857142854,81.37666278777922
130.0,93.5361216730038,87.85714285714286,93.91158942949045
152.0,93.89067524115757,88.48484848484848,94.22343563558834
156.0,91.875,84.97109826589595,92.45956420420664
145.0,92.0,85.18518518518519,92.56861081874072
114.0,90.83333333333333,83.20610687022901,91.58108287566418
117.0,75.7201646090535,60.9271523178808,80.40467511269809
95.0,70.87378640776699,54.88721804511278,77.38373236846382
94.0,73.79679144385027,58.47457627118644,79.18839277167201
122.0,71.42857142857143,55.55555555555556,77.7139004223003
142.0,69.19831223628692,52.903225806451616,76.37874988569877
122.0,93.54838709677419,87.87878787878788,93.92341311638155
149.0,91.61290322580645,84.52380952380952,92.23592242989054
157.0,91.02167182662538,83.52272727272727,91.73238044661369
147.0,91.9093851132686,85.02994011976048,92.48998704832809
121.0,90.47619047619048,82.6086956521739,91.28037754923027
127.0,74.04580152671755,58.78787878787879,79.32604666445198
98.0,68.16143497757847,51.70068027210885,75.77948185262129
98.0,72.25130890052355,56.557377049180324,78.22580170238966
128.0,71.61572052401746,55.78231292517006,77.82627843328012
96.0,84.94623655913979,73.83177570093457,86.88794206529053
117.0,91.06382978723404,83.59375,91.77590394006272
145.0,90.78498293515358,83.125,91.53552320004796
154.0,91.44736842105263,84.24242424242424,92.09523134698505
139.0,91.63636363636364,84.56375838926175,92.25890217165384
106.0,92.95774647887323,86.8421052631579,93.40607569605966
74.0,88.75,79.7752808988764,89.86967817022456
56.0,81.66666666666667,69.01408450704226,84.48509799194552
50.0,78.04878048780488,64.0,81.97306894350463
73.0,2.5316455696202533,1.282051282051282,50.56429420106551
85.0,86.07594936708861,75.55555555555556,87.75582519535581
116.0,89.95633187772926,81.74603174603175,90.85004940406054
145.0,89.49152542372882,80.98159509202453,90.45982480202697
152.0,90.78947368421053,83.13253012048193,91.53828632408046
144.0,91.0958904109589,83.64779874213836,91.7979217118561
114.0,93.10344827586206,87.09677419354838,93.53240882722078
77.0,91.02564102564102,83.52941176470588,91.75073522074233
56.0,84.40366972477065,73.01587301587301,86.49098059331453
47.0,79.27927927927928,65.67164179104478,82.81288145564368
59.0,62.99212598425197,45.97701149425287,72.94163324034488
92.0,81.52173913043478,68.80733944954129,84.36973826631672
120.0,90.2127659574468,82.17054263565892,91.06230347281247
147.0,88.96321070234113,80.12048192771084,90.0272693194696
154.0,90.32258064516128,82.35294117647058,91.14649217269448
143.0,92.46575342465754,85.98726114649682,92.97164859846774
116.0,92.05020920502092,85.27131782945736,92.61668396166672
85.0,87.00564971751412,77.0,88.47704545000899
60.0,69.93006993006993,53.76344086021505,76.83882851772672
54.0,80.67226890756302,67.6056338028169,83.77987563106053
63.0,63.38028169014085,46.391752577319586,73.14401217264376
140.0,47.239263803680984,30.923694779116467,65.29018727658192
116.0,90.9090909090909,83.33333333333334,91.64569644438232
145.0,89.47368421052632,80.95238095238095,90.44421605572684
156.0,90.9090909090909,83.33333333333334,91.63768463552597
144.0,91.21621621621621,83.85093167701864,91.89948714104123
120.0,90.53497942386831,82.70676691729322,91.33041377862425
104.0,88.67924528301887,79.66101694915254,89.80654777013156
85.0,69.23076923076923,52.94117647058824,76.41471450991348
61.0,69.6774193548387,53.46534653465347,76.68578766818864
71.0,67.81609195402298,51.30434782608696,75.59630464712572
174.0,66.66666666666666,50.0,74.9081543007747
119.0,92.11618257261411,85.38461538461539,92.67333236023939
150.0,90.78947368421053,83.13253012048193,91.53828632408046
158.0,90.15873015873017,82.08092485549133,91.009483493421
148.0,91.21621621621621,83.85093167701864,91.89948714104123
123.0,91.42857142857143,84.21052631578947,92.08429000353232
112.0,76.0,61.29032258064516,80.58525833311325
86.0,65.3061224489796,48.484848484848484,74.17457622199002
61.0,78.32167832167832,64.36781609195403,82.15298226784454
71.0,65.88235294117646,49.122807017543856,74.50354237549179
183.0,55.19125683060109,38.113207547169814,68.89284940513758
120.0,89.25619834710744,80.59701492537313,90.27254277466228
150.0,89.47368421052632,80.95238095238095,90.44421605572684
157.0,90.03215434083602,81.87134502923976,90.90469481856105
145.0,89.79591836734694,81.48148148148148,90.71076711752917
129.0,91.699604743083,84.67153284671532,92.3147915931539
120.0,75.78125,61.0062893081761,80.44124245955541
96.0,64.64646464646465,47.76119402985074,73.81075346447837
86.0,77.84431137724552,63.725490196078425,81.82582705609234
87.0,0.0,0.0,49.89038584183674
164.0,62.53687315634219,45.493562231759654,72.61995866730783
134.0,89.85507246376811,81.57894736842105,90.76150277395718
153.0,91.42857142857143,84.21052631578947,92.07828042684261
159.0,91.77215189873418,84.7953216374269,92.37167692872525
148.0,91.52542372881356,84.375,92.16252048320376
128.0,92.0,85.18518518518519,92.57261696286086
140.0,67.61565836298932,51.075268817204304,75.44678159016802
83.0,80.61224489795919,67.52136752136752,83.72275733794388
90.0,78.07486631016043,64.03508771929825,81.97662814601921
93.0,51.813471502590666,34.96503496503497,67.38975125341481
168.0,54.39093484419264,37.35408560311284,68.51629999005482
129.0,87.12121212121212,77.18120805369128,88.55664545630171
151.0,90.03215434083602,81.87134502923976,90.90469481856105
160.0,91.58878504672897,84.48275862068965,92.21439496126729
148.0,90.96989966555184,83.43558282208589,91.69081299377675
133.0,91.53846153846153,84.39716312056737,92.17660661172505
128.0,72.79693486590038,57.22891566265061,78.54357266529426
86.0,71.42857142857143,55.55555555555556,77.72189624662383
97.0,79.14438502673798,65.48672566371681,82.70444222988644
115.0,6.578947368421052,3.4013605442176873,51.55916425688092
251.0,36.53395784543326,22.349570200573066,60.633001813601204
236.0,39.35828877005348,24.500665778961384,61.68324215496317
234.0,34.772978959025465,21.0455764075067,59.93401193873405
239.0,12.928759894459102,6.911142454160791,52.79724337981245
236.0,7.59493670886076,3.9473684210526314,51.17297424103905
228.0,0.0,0.0,49.115114795918366
231.0,2.357563850687623,1.1928429423459244,49.60567113228452
231.0,5.115511551155116,2.6248941574936495,50.16577243521307
214.0,3.8910505836575875,1.984126984126984,50.00713646438983
200.0,2.4539877300613497,1.2422360248447204,49.670236902463024
29.0,0.0,0.0,49.955157844387756
28.0,0.0,0.0,49.972098214285715
17.0,0.0,0.0,49.97708067602041
24.0,0.0,0.0,49.96611926020408
27.0,0.0,0.0,49.97309470663265
19.0,0.0,0.0,49.94818239795919
26.0,19.230769230769234,10.638297872340425,55.27729208659575
31.0,46.3768115942029,30.18867924528302,65.05745764497006
22.0,5.555555555555555,2.857142857142857,51.39469001352409
25.0,41.02564102564102,25.806451612903224,62.85737253691413
32.0,72.22222222222221,56.52173913043478,78.24092938575578
23.0,78.43137254901961,64.51612903225806,82.24709872938367
28.0,53.01204819277109,36.0655737704918,67.9939066364123
32.0,74.28571428571429,59.09090909090909,79.5275083839391
22.0,63.33333333333333,46.34146341463415,73.14880057108485
28.0,68.57142857142857,52.17391304347826,76.06502319904014
32.0,73.23943661971832,57.77777777777777,78.86994571840036
25.0,73.68421052631578,58.333333333333336,79.15171302296216
25.0,57.89473684210527,40.74074074074074,70.33846862773768
30.0,74.28571428571429,59.09090909090909,79.5275083839391
24.0,70.17543859649122,54.054054054054056,77.01007990205693
27.0,65.75342465753424,48.97959183673469,74.46487168802759
30.0,72.46376811594203,56.81818181818182,78.39014811632507
23.0,68.96551724137932,52.63157894736842,76.29784545900999
52.0,0.0,0.0,49.92526307397959
53.0,0.0,0.0,49.947185905612244
49.0,0.0,0.0,49.951171875
51.0,0.0,0.0,49.937220982142854
52.0,0.0,0.0,49.94818239795919
46.0,0.0,0.0,49.95416135204081
49.0,14.285714285714285,7.6923076923076925,53.786358346761766
45.0,0.0,0.0,49.955157844387756
34.0,5.714285714285714,2.941176470588235,51.437703332454056
47.0,79.12087912087912,65.45454545454545,82.70832577872865
42.0,61.53846153846154,44.44444444444444,72.1923131458145
37.0,64.7887323943662,47.91666666666667,73.93340959995747
39.0,78.57142857142857,64.70588235294117,82.33499250965768
43.0,63.52941176470588,46.55172413793103,73.24495417449106
43.0,64.1025641025641,47.16981132075472,73.55698996577506
43.0,81.72043010752688,69.0909090909091,84.52850133631178
44.0,70.58823529411765,54.54545454545454,77.24281103818399
37.0,68.88888888888889,52.54237288135594,76.24326740587888
41.0,78.72340425531915,64.91228070175438,82.43619579673769
43.0,71.84466019417476,56.060606060606055,78.00138342680076
36.0,69.04761904761905,52.72727272727272,76.33771257956154
45.0,83.87096774193549,72.22222222222221,86.09615209880484
46.0,71.84466019417476,56.060606060606055,78.00138342680076
34.0,70.0,53.84615384615385,76.8991477534191
51.0,0.0,0.0,49.6711575255102
58.0,0.0,0.0,49.68510841836735
40.0,9.615384615384617,5.05050505050505,52.244157650748434
98.0,81.56424581005587,68.86792452830188,84.40103010440004
158.0,68.8,52.4390243902439,76.14165234285603
208.0,57.234726688102896,40.090090090090094,69.91227606307368
233.0,77.53086419753087,63.306451612903224,81.56226037331619
229.0,78.60696517412936,64.75409836065575,82.29108012918628
209.0,69.67418546365914,53.46153846153846,76.60985870455863
195.0,3.322259136212625,1.6891891891891893,50.55458642254301
175.0,84.69945355191257,73.45971563981043,86.67388133003095
206.0,88.01955990220048,78.60262008733623,89.2523061233545
314.0,85.97560975609755,75.40106951871658,87.60833930499504
338.0,84.73053892215569,73.50649350649351,86.65102800512578
344.0,84.76052249637155,73.55163727959699,86.67057447333228
352.0,86.74698795180723,76.59574468085107,88.20967477788544
331.0,77.17041800643086,62.82722513089005,81.27143057249404
328.0,73.36683417085426,57.936507936507944,78.80911711055634
304.0,76.83823529411765,62.38805970149254,81.06794663582441
226.0,84.26150121065376,72.80334728033473,86.33667624006337
304.0,75.47892720306514,60.61538461538461,80.17963852510361
408.0,74.82014388489209,59.77011494252874,79.70976297651319
437.0,73.75886524822694,58.42696629213483,79.02817182304473
395.0,64.77462437395658,47.901234567901234,73.73954129659516
312.0,67.08333333333333,50.470219435736674,75.07715710365261
245.0,68.38046272493573,51.953125,75.85366818910737
178.0,76.01246105919003,61.30653266331658,80.57634940194238
107.0,85.56701030927834,74.77477477477478,87.35943937069844
166.0,80.92485549132948,67.96116504854369,83.91463001008206
214.0,85.3211009174312,74.4,87.13598719743949
235.0,87.79443254817987,78.2442748091603,89.06510432539423
234.0,89.41684665226782,80.859375,90.38065710115272
218.0,81.43459915611815,68.68327402135232,84.25360708049989
212.0,40.6015037593985,25.471698113207548,62.49929850265627
186.0,6.7357512953367875,3.485254691689008,51.383797132340526
212.0,83.08351177730194,71.06227106227107,85.45210708089344
356.0,89.39597315436242,80.8252427184466,90.33337251786142
378.0,89.0038809831824,80.1864801864802,90.00795353038892
418.0,88.17204301075269,78.84615384615384,89.32369330230073
408.0,87.71929824561403,78.125,88.96415776903625
426.0,88.00988875154512,78.58719646799118,89.1962477723336
423.0,83.83838383838383,72.17391304347827,85.95855591183623
413.0,67.08074534161491,50.467289719626166,75.02147512402445
378.0,70.2054794520548,54.089709762532976,76.87075390269892
502.0,71.9496855345912,56.188605108055015,77.87081087232777
492.0,89.1025641025641,80.34682080924856,90.07091638344218
459.0,92.35880398671097,85.80246913580247,92.83190037710159
407.0,91.75,84.75750577367207,92.31249980004448
342.0,89.98459167950693,81.79271708683473,90.83120739274781
246.0,92.37113402061856,85.82375478927203,92.87484184050405
180.0,89.61748633879782,81.1881188118812,90.55606852375232
116.0,82.0,69.49152542372882,84.70983026486476
169.0,83.83561643835617,72.16981132075472,86.0259327878987
216.0,86.48648648648648,76.19047619047619,88.03019646859704
238.0,89.80392156862746,81.49466192170819,90.69527578236489
235.0,90.4,82.48175182481752,91.19282786436071
221.0,79.76424361493125,66.33986928104575,83.06687899047185
215.0,55.309734513274336,38.226299694189606,68.91135567714815
206.0,8.983451536643026,4.702970297029703,51.967690264450816
395.0,81.36054421768706,68.57798165137615,84.15165297457435
398.0,89.38679245283019,80.81023454157783,90.31475038121725
417.0,89.86486486486487,81.59509202453987,90.70714281400566
469.0,89.07563025210085,80.3030303030303,90.04699674019501
498.0,91.09518935516888,83.64661654135338,91.73583767889289
452.0,87.9492600422833,78.49056603773586,89.13073317963963
500.0,87.16417910447761,77.24867724867724,88.49465910365022
541.0,77.37704918032787,63.101604278074866,81.34306258622944
519.0,75.26377491207504,60.338345864661655,79.95755925265978
539.0,84.42105263157896,73.04189435336977,86.37227816613742
507.0,91.3946587537092,84.15300546448088,91.98900222936399
457.0,91.29967776584319,83.99209486166008,91.9146420319436
415.0,90.02375296912113,81.8574514038877,90.84438327167696
359.0,90.3954802259887,82.4742268041237,91.16891699641359
249.0,91.37254901960785,84.11552346570397,92.01371151560433
186.0,90.23746701846966,82.21153846153845,91.06877293039926
124.0,81.69014084507043,69.04761904761905,84.48487882046149
171.0,80.51948051948052,67.3913043478261,83.6206836606886
220.0,87.2210953346856,77.33812949640287,88.60601556984231
238.0,89.19449901768172,80.49645390070921,90.19317079307419
238.0,88.6319845857418,79.58477508650519,89.73332375436058
223.0,78.14814814814814,64.13373860182371,81.94878664305135
219.0,58.8477366255144,41.690962099125365,70.64561296250015
408.0,71.5542521994135,55.70776255707762,77.65961707922774
412.0,82.9329962073325,70.84233261339092,85.28575465527514
411.0,89.32261768082664,80.70539419087137,90.25929922048842
460.0,89.66244725738397,81.26195028680688,90.53248466080008
501.0,88.32188420019627,79.08611599297012,89.42340228317613
543.0,90.2867715078631,82.29342327150084,91.04105232163032
518.0,86.46034816247582,76.14991482112437,87.93419447545389
519.0,87.95518207282913,78.5,89.12023438285888
555.0,83.44895936570862,71.5986394557823,85.63149739847702
569.0,78.3419689119171,64.39522998296422,81.9877672064305
547.0,89.47885939036382,80.96085409252669,90.37282663597392
523.0,92.2930542340628,85.68904593639576,92.76301927537625
479.0,92.27642276422763,85.66037735849056,92.7537637566758
439.0,93.33333333333333,87.5,93.69071900809838
377.0,90.06622516556291,81.92771084337349,90.88860861215147
254.0,90.22556390977444,82.1917808219178,91.0438237656529
185.0,89.60000000000001,81.15942028985508,90.5407163839293
147.0,71.86147186147186,56.08108108108109,77.97566121608403
172.0,80.42328042328042,67.2566371681416,83.55435408702938
218.0,84.64566929133859,73.37883959044369,86.6113589077296
240.0,88.13559322033898,78.78787878787878,89.33086622906814
240.0,88.30188679245283,79.05405405405406,89.46495502350294
225.0,79.11275415896488,65.4434250764526,82.60862659290787
218.0,62.096774193548384,45.02923976608187,72.32670256666015
220.0,50.87108013937283,34.112149532710276,66.77424386489601
421.0,91.46757679180887,84.27672955974843,92.06302424063686
425.0,89.01098901098901,80.19801980198021,89.9985497936987
457.0,89.07741251325557,80.30592734225621,90.04945856621613
501.0,91.29129129129129,83.97790055248619,91.90146033255846
553.0,91.43932267168391,84.22876949740035,92.02281702883703
527.0,86.59217877094973,76.35467980295566,88.03250274270009
549.0,86.42857142857143,76.10062893081762,87.89737234192816
573.0,87.0201096892139,77.02265372168284,88.36846971798428
569.0,83.61138370951913,71.8381112984823,85.75121645326125
553.0,87.02594810379242,77.03180212014135,88.38522152649608
535.0,91.08527131782945,83.62989323843416,91.7224024595583
493.0,91.75991861648016,84.77443609022556,92.30577008131188
454.0,91.11361079865017,83.67768595041323,91.75947949044641
407.0,87.54813863928112,77.85388127853882,88.82961947944197
260.0,91.80952380952381,84.85915492957746,92.38652149202413
189.0,90.43927648578811,82.54716981132076,91.23658564564559
197.0,57.615894039735096,40.46511627906977,70.10478557470029
177.0,79.80535279805353,66.39676113360325,83.11540048202197
219.0,84.58498023715416,73.28767123287672,86.5657762913513
241.0,88.7189292543021,79.72508591065292,89.80347680123388
244.0,89.56356736242884,81.09965635738831,90.49476209939901
230.0,80.44280442804428,67.28395061728395,83.53588619378549
224.0,67.46506986027944,50.903614457831324,75.28883004572131
225.0,46.15384615384615,30.0,64.69928267428617
431.0,86.49885583524028,76.20967741935483,87.98636005591622
449.0,88.29787234042553,79.04761904761905,89.41328119841413
515.0,89.56356736242884,81.09965635738831,90.43917310063203
552.0,87.40225890529973,77.62345679012346,88.66577385235242
580.0,89.9497487437186,81.7351598173516,90.74670720777529
582.0,86.62741799831791,76.40949554896143,88.04466239561198
587.0,87.17105263157895,77.25947521865889,88.47262525385267
588.0,86.36363636363636,76.0,87.83690071079073
583.0,88.0503144654088,78.65168539325843,89.19200217817331
569.0,91.80327868852459,84.84848484848484,92.33364812564362
538.0,92.3783287419651,85.83617747440273,92.83454234378846
500.0,91.57792836398838,84.46428571428571,92.14462298912684
462.0,91.12814895947426,83.70221327967808,91.76971596459789
410.0,88.13982521847691,78.79464285714286,89.30198393384008
269.0,90.61371841155234,82.83828382838284,91.36706379701566
197.0,90.12658227848101,82.02764976958525,90.97482332473022
215.0,61.39240506329114,44.29223744292237,72.02431117738082
177.0,81.74807197943444,69.1304347826087,84.49424152309955
220.0,86.22754491017965,75.78947368421053,87.8256815979099
252.0,89.7196261682243,81.35593220338984,90.62289561146743
244.0,89.26553672316385,80.61224489795919,90.24905282403716
245.0,79.01234567901234,65.3061224489796,82.533946874714
229.0,61.75869120654397,44.67455621301775,72.15037155978224
435.0,79.22077922077922,65.59139784946237,82.63528505695231
451.0,86.79245283018868,76.66666666666667,88.21381942352114
475.0,87.59124087591242,77.92207792207793,88.84145539322805
529.0,88.69895536562204,79.69283276450511,89.72671974784028
557.0,89.28255093002657,80.64,90.19820099855049
596.0,91.00084104289319,83.48765432098766,91.63604031653291
598.0,86.09492089925062,75.58479532163743,87.6242508999093
591.0,86.65028665028665,76.44508670520231,88.0583843903275
612.0,87.74509803921569,78.16593886462883,88.93187855618878
609.0,88.88888888888889,80.0,89.87011679420056
574.0,92.63913824057451,86.2876254180602,93.06125129139015
543.0,91.901728844404,85.01683501683502,92.41882800951473
512.0,90.58380414312617,82.78829604130809,91.29353427681663
457.0,93.47826086956522,87.75510204081633,93.8172446641182
414.0,88.61386138613861,79.55555555555556,89.68544167436134
272.0,90.29982363315696,82.31511254019293,91.10246812907083
207.0,91.4004914004914,84.16289592760181,92.04644096240062
220.0,56.811594202898554,39.67611336032389,69.68928875812033
180.0,79.80535279805353,66.39676113360325,83.11540048202197
219.0,80.83491461100569,67.83439490445859,83.81612265688074
245.0,89.73384030418251,81.37931034482759,90.63559029456036
251.0,88.39779005524862,79.20792079207921,89.5408796526881
247.0,76.32027257240205,61.70798898071625,80.71486092213263
232.0,68.38235294117648,51.955307262569825,75.80561922440354
435.0,83.17073170731707,71.18997912317327,85.45653265379092
457.0,89.59660297239915,81.15384615384616,90.47843853296682
480.0,88.97876643073812,80.14571948998179,89.96328117011555
555.0,88.4304932735426,79.2604501607717,89.50040200206932
564.0,87.03703703703704,77.04918032786885,88.36953267183833
598.0,89.57154405820533,81.11273792093704,90.42638629149104
610.0,85.5084067253803,74.68531468531468,87.16035203666645
608.0,86.36363636363636,76.0,87.82468513853905
629.0,86.2370723945903,75.8041958041958,87.72782220398774
605.0,88.10949529512403,78.74617737003058,89.23313983179042
583.0,92.00710479573712,85.19736842105263,92.50806437082275
550.0,91.62916291629163,84.5514950166113,92.18212397557768
508.0,90.35916824196597,82.41379310344827,91.10427672798878
468.0,92.83422459893048,86.62674650698602,93.24602574032507
427.0,88.7816646562123,79.82646420824295,89.81987360749443
277.0,91.34948096885813,84.07643312101911,91.98812840535649
208.0,89.97555012224939,81.77777777777779,90.84788232783913
661.0,16.38888888888889,8.925869894099849,53.86234033843409
683.0,0.0,0.0,49.31939572704081
222.0,0.0,0.0,49.77877869897959
240.0,71.42857142857143,55.55555555555556,77.66585835975876
237.0,81.88235294117648,69.32270916334662,84.58435766155011
219.0,69.26605504587155,52.98245614035088,76.35729503669218
210.0,36.883116883116884,22.611464968152866,61.06324171469214
452.0,70.4895104895105,54.42764578833693,77.00250168593195
423.0,63.026521060842434,46.01366742596811,72.7697104088659
382.0,86.99186991869918,76.97841726618705,88.39292942338537
406.0,83.46055979643766,71.61572052401746,85.67746385693732
443.0,81.24223602484471,68.41004184100419,84.05356351915
470.0,77.47747747747748,63.23529411764706,81.4422084623323
517.0,70.77294685990339,54.76635514018692,77.14060996189026
550.0,72.33626588465299,56.661562021439515,78.04667869372983
613.0,55.92105263157895,38.81278538812785,69.003756528923
592.0,55.5956678700361,38.5,68.88059365301832
587.0,69.52695269526953,53.288364249578414,76.36640434701143
555.0,86.2,75.7469244288225,87.73475480663157
529.0,89.0927624872579,80.33088235294117,90.0578797055926
516.0,83.94241417497231,72.32824427480917,86.01853103753912
494.0,76.98019801980197,62.57545271629779,81.10122279853795
440.0,69.97084548104957,53.81165919282511,76.6995655784696
377.0,58.866544789762344,41.70984455958549,70.62998975954882
317.0,49.645390070921984,33.0188679245283,66.29673599337997
170.0,89.36170212765957,80.76923076923077,90.34963567284822
219.0,89.0995260663507,80.34188034188034,90.12492912828993
235.0,84.3956043956044,73.00380228136882,86.43087841341168
234.0,87.77292576419214,78.21011673151752,89.04903035175175
221.0,71.89542483660131,56.12244897959183,77.9322528635537
210.0,0.0,0.0,49.68311543367347
206.0,1.9656019656019657,0.9925558312655087,50.098645770213004
429.0,67.15542521994135,50.55187637969095,75.051700497892
402.0,89.68944099378882,81.30630630630631,90.56984491266334
442.0,87.816091954023,78.27868852459017,89.03290573556495
460.0,85.27131782945736,74.32432432432432,87.02860388857859
497.0,88.43683083511777,79.27063339731286,89.52680234059925
530.0,79.36507936507937,65.78947368421053,82.68580080867551
520.0,81.54589371980676,68.84176182707994,84.22893654725786
609.0,72.77992277992279,57.207890743550834,78.3208071561486
611.0,67.78242677824268,51.26582278481012,75.32399700582077
576.0,81.90091001011123,69.34931506849315,84.49483394219499
551.0,90.29779058597502,82.31173380035027,91.05426950750623
518.0,91.65829145728644,84.60111317254174,92.21708916873266
493.0,90.87003222341569,83.26771653543307,91.5484362831126
492.0,85.29076396807298,74.35387673956262,87.04742549881227
430.0,74.8936170212766,59.863945578231295,79.75466071987378
352.0,63.61904761904762,46.64804469273743,73.13305672018143
304.0,52.300242130750604,35.40983606557377,67.50818558891055
176.0,90.80779944289694,83.16326530612244,91.548641230831
220.0,91.96428571428571,85.12396694214877,92.5259618581066
241.0,89.7119341563786,81.34328358208955,90.62159975573512
242.0,91.39344262295081,84.15094339622642,92.03343218096708
225.0,74.27385892116183,59.07590759075908,79.4139463549331
212.0,0.0,0.0,49.68411192602041
436.0,57.943925233644855,40.78947368421053,70.1246828313031
438.0,70.55555555555556,54.506437768240346,77.04088764739087
430.0,87.74795799299883,78.17047817047818,88.9798173984921
478.0,89.07563025210085,80.3030303030303,90.04699674019501
494.0,90.23638232271325,82.20973782771536,91.00936657153707
554.0,91.64319248826291,84.57538994800693,92.1981361267969
567.0,82.13333333333334,69.68325791855203,84.6394726250442
595.0,84.00342172797262,72.4188790560472,86.02125395893836
636.0,81.26064735945485,68.4361549497848,83.99674505371692
621.0,78.83895131086143,65.06955177743431,82.30766303573756
592.0,90.25270758122743,82.23684210526315,91.00971664809015
559.0,91.66666666666666,84.61538461538461,92.21508107354694
521.0,91.61793372319687,84.53237410071942,92.17967837937431
497.0,91.64926931106471,84.58574181117534,92.21244788047558
483.0,86.87782805429865,76.8,88.28351542416453
432.0,75.2420470262794,60.310421286031044,79.97586630188054
210.0,91.0,83.4862385321101,91.70711494553659
348.0,47.368421052631575,31.03448275862069,65.27756733600924
183.0,90.5149051490515,82.67326732673267,91.30163996223254
219.0,90.7488986784141,83.06451612903226,91.49023284938706
241.0,89.6694214876033,81.27340823970037,90.5866630862026
239.0,92.0892494929006,85.33834586466166,92.6301331117138
225.0,73.52380952380952,58.13253012048193,78.9272177841671
222.0,7.492795389048991,3.8922155688622757,51.62615084405676
446.0,62.202380952380956,45.14038876889849,72.31602663373377
448.0,77.32997481108312,63.039014373716626,81.33903434802056
450.0,86.38392857142857,76.03143418467585,87.89320007050578
527.0,85.4581673306773,74.60869565217392,87.15760530895025
541.0,90.53420805998125,82.7054794520548,91.25111575484434
580.0,89.46428571428572,80.93699515347335,90.34972555861891
601.0,83.56164383561644,71.76470588235294,85.68914733821398
643.0,85.62197092084006,74.85875706214689,87.25010930495252
654.0,83.49673202614379,71.66900420757362,85.63113957484289
630.0,82.81389136242208,70.66869300911854,85.140224479253
604.0,91.65217391304348,84.59069020866774,92.19866641996963
574.0,91.95402298850574,85.1063829787234,92.46156107209089
532.0,90.36482694106641,82.42320819112628,91.10796776851507
499.0,91.75050301810866,84.75836431226766,92.2967203701322
488.0,88.74172185430463,79.76190476190477,89.77848924758958
430.0,78.37837837837837,64.44444444444444,82.06185658857751
361.0,67.14542190305207,50.54054054054053,75.08723000141111
336.0,45.51724137931035,29.464285714285715,64.49550727593791
183.0,90.7103825136612,83.0,91.46600679864028
224.0,90.702947845805,82.98755186721992,91.45275624415903
246.0,90.14084507042254,82.05128205128204,90.97659394043923
249.0,90.9090909090909,83.33333333333334,91.62162252340626
227.0,74.95219885277247,59.9388379204893,79.83836653927627
223.0,25.066666666666666,14.329268292682926,56.884357260706395
443.0,82.42730720606826,70.10752688172043,84.91434518609591
450.0,89.21348314606742,80.52738336713996,90.16726547974909
462.0,87.88853161843515,78.39388145315488,89.0834093999689
510.0,86.98284561049445,76.96428571428572,88.35248158465316
517.0,91.17361784675073,83.77896613190731,91.79794482107376
582.0,90.0709219858156,81.93548387096774,90.85499328444094
598.0,85.02495840266224,73.9507959479016,86.79418383924829
635.0,86.58823529411764,76.34854771784232,88.00197819553249
655.0,84.21052631578947,72.72727272727273,86.1672854694846
636.0,82.91814946619218,70.82066869300911,85.2172142499445
602.0,91.86351706036746,84.9514563106796,92.38207445249394
578.0,91.10132158590308,83.65695792880258,91.7267854143902
539.0,90.63948100092678,82.88135593220339,91.33904172322127
520.0,90.36027263875364,82.41563055062167,91.10824173169964
502.0,88.02588996763754,78.61271676300578,89.194840940577
445.0,79.16666666666666,65.51724137931035,82.59821003838792
368.0,66.66666666666666,50.0,74.8119548691686
503.0,41.32492113564668,26.043737574552683,62.65020328622728
208.0,88.23529411764706,78.94736842105263,89.4256803702191
230.0,90.44585987261146,82.55813953488372,91.2340364427816
249.0,89.47368421052632,80.95238095238095,90.42414363403253
253.0,90.11857707509881,82.01438848920863,90.95714219046802
254.0,74.23423423423424,59.02578796561605,79.36980813129712
233.0,33.734939759036145,20.28985507246377,59.870509302886575
463.0,83.7708830548926,72.07392197125256,85.9004833137748
474.0,84.2809364548495,72.83236994219652,86.27461302041752
518.0,84.94516450648057,73.83015597920277,86.76331919563154
568.0,85.87155963302753,75.2411575562701,87.46567413501926
578.0,90.62226117440841,82.8525641025641,91.31854730028022
607.0,90.52287581699346,82.68656716417911,91.22639994176873
630.0,86.07796340493238,75.5586592178771,87.60304271460994
652.0,87.38601823708207,77.59784075573549,88.63158504188662
656.0,84.14442700156985,72.62872628726286,86.11089819600855
635.0,86.28428927680798,75.87719298245614,87.77245677275938
619.0,92.82136894824707,86.6043613707165,93.2155220799572
583.0,91.36442141623489,84.10174880763115,91.9501633840158
535.0,90.27522935779817,82.2742474916388,91.0304495649966
513.0,90.64039408866995,82.88288288288288,91.34589875900521
499.0,88.09523809523809,78.72340425531915,89.251191568878
450.0,79.17737789203085,65.53191489361701,82.60352863474466
370.0,66.90017513134852,50.26315789473684,74.94252223035332
537.0,39.701492537313435,24.767225325884542,61.97995980440062
210.0,88.17733990147784,78.8546255506608,89.37930989515759
232.0,90.75630252100841,83.07692307692308,91.494426310279
257.0,88.93360160965796,80.07246376811594,89.98118233946784
262.0,91.37254901960785,84.11552346570397,92.01371151560433
257.0,73.98230088495575,58.70786516853933,79.20683550019419
240.0,32.863849765258216,19.662921348314608,59.54606571147818
473.0,85.94104308390023,75.3479125248509,87.54945077012671
539.0,82.52032520325203,70.24221453287197,84.94831241009683
535.0,86.10038610038609,75.59322033898304,87.65182834765359
583.0,86.37577916295636,76.01880877742947,87.85545296894053
593.0,89.87993138936535,81.61993769470405,90.69114181118027
609.0,90.43760129659644,82.54437869822485,91.15328088847315
632.0,87.00475435816165,76.99859747545582,88.33406610226737
652.0,88.01213960546282,78.59078590785907,89.13610591465218
660.0,86.47014361300076,76.16511318242344,87.90212759355023
642.0,88.25910931174089,78.98550724637681,89.34667556713472
625.0,92.99258037922506,86.90292758089369,93.36579903192069
592.0,92.22972972972973,85.57993730407524,92.69728277655908
546.0,89.36170212765957,80.76923076923077,90.26382298648365
519.0,90.99526066350711,83.47826086956522,91.6435493014922
500.0,89.57446808510639,81.11753371868978,90.46028429477852
457.0,82.17821782178217,69.74789915966386,84.72949889369117
372.0,68.27586206896552,51.832460732984295,75.73214937085406
503.0,37.2168284789644,22.86282306163022,61.0438843140196
213.0,86.88946015424165,76.81818181818181,88.35809804809145
234.0,90.04329004329004,81.88976377952756,90.89885243091011
257.0,90.11857707509881,82.01438848920863,90.95714219046802
261.0,92.10526315789474,85.36585365853658,92.64086878917296
262.0,75.42662116040955,60.54794520547945,80.12984288599465
242.0,62.56781193490054,45.526315789473685,72.55617031399169
512.0,85.11087645195353,74.08088235294117,86.8987981169805
532.0,86.82926829268293,76.72413793103449,88.22633873688721
530.0,86.04206500956023,75.50335570469798,87.60487336375148
595.0,88.3005977796755,79.0519877675841,89.38805312783643
605.0,90.28475711892797,82.29007633587786,91.02818984914448
618.0,90.02394253790902,81.8577648766328,90.80290485224852
638.0,87.17156105100463,77.26027397260275,88.46283875200322
663.0,88.52941176470588,79.41952506596306,89.55242199156869
666.0,85.7566765578635,75.06493506493507,87.33891134068561
654.0,87.0180959874115,77.01949860724234,88.34349575184075
625.0,92.9392446633826,86.80981595092024,93.31823190208782
598.0,92.3076923076923,85.71428571428571,92.76546443683256
548.0,90.37433155080214,82.4390243902439,91.11079247054525
516.0,90.82217973231359,83.18739054290718,91.49711773780236
502.0,89.83050847457628,81.53846153846153,90.67275223570448
467.0,82.03883495145631,69.54732510288066,84.62518147274535
378.0,67.56302521008404,51.01522842639594,75.31451766492383
676.0,63.330950679056464,46.33891213389121,72.65370193990722
708.0,54.109589041095894,37.08920187793427,67.73578036836636
730.0,42.313787638668785,26.834170854271356,62.68775805131168
763.0,40.79065588499551,25.62076749435666,62.150710880854675
761.0,22.4622030237581,12.652068126520682,55.609066496556395
753.0,56.073338426279605,38.95966029723992,68.90262522581484
721.0,60.02928257686676,42.88702928870293,70.89494734941114
676.0,58.374792703150916,41.21779859484778,70.10512601547141
668.0,75.45126353790613,60.57971014492753,80.01653218971124
651.0,69.39942802669209,53.13868613138686,76.2471315503959
660.0,71.92307692307692,56.15615615615616,77.78491716084584
667.0,71.99248120300751,56.24082232011748,77.82117231122456
713.0,71.60493827160494,55.769230769230774,77.56112733960836
723.0,67.73333333333333,51.20967741935484,75.24034428252611
746.0,72.88537549407114,57.33830845771144,78.32418792090037
735.0,76.10497237569061,61.42697881828316,80.36487479956979
691.0,85.99397590361446,75.42932628797885,87.52718204329393
673.0,90.00812347684808,81.83161004431314,90.79186805871294
657.0,86.01798855273917,75.46628407460545,87.56093659923626
628.0,71.45328719723183,55.585464333781964,77.4611605172718
595.0,73.3275412684622,57.8875171467764,78.63524066528032
557.0,67.98810703666997,51.5015015015015,75.42666831541673
520.0,52.03426124197003,35.166425470332854,67.13461160965825
448.0,58.14606741573034,40.99009900990099,70.19686463032822
27.0,0.0,0.0,49.97309470663265
30.0,0.0,0.0,49.97010522959184
20.0,0.0,0.0,49.98007015306122
21.0,56.25,39.130434782608695,69.5373055925883
33.0,75.0,60.0,79.98005822996849
24.0,69.56521739130434,53.333333333333336,76.64573031318126
23.0,57.14285714285714,40.0,69.97906782026236
29.0,68.75,52.38095238095239,76.17053760133076
27.0,76.47058823529412,61.904761904761905,80.93642880881167
46.0,66.66666666666666,50.0,74.9660962865462
35.0,77.64705882352942,63.46153846153846,81.71182341580004
26.0,71.23287671232876,55.319148936170215,77.63863727965041
40.0,57.971014492753625,40.816326530612244,70.37925346388656
34.0,77.5,63.26530612244898,81.61470511028223
28.0,76.47058823529412,61.904761904761905,80.93642880881167
44.0,63.04347826086957,46.03174603174603,72.98197268285209
37.0,72.3404255319149,56.666666666666664,78.3074069642216
28.0,71.64179104477611,55.81395348837209,77.88803432912783
47.0,51.162790697674424,34.375,67.12467966615479
40.0,64.93506493506493,48.07692307692308,74.01154283295219
23.0,71.42857142857143,55.55555555555556,77.76182754251181
46.0,37.80487804878049,23.308270676691727,61.55243028300635
39.0,71.26436781609196,55.35714285714286,77.6536437189294
26.0,68.75,52.38095238095239,76.17053760133076
65.0,68.92655367231639,52.58620689655172,76.23822965799351
68.0,71.83098591549296,56.043956043956044,77.98207777260147
73.0,0.0,0.0,49.847536670918366
65.0,68.57142857142857,52.17391304347826,76.03208382639232
57.0,64.51612903225806,47.61904761904761,73.76564316487725
73.0,0.0,0.0,49.8714524872449
64.0,60.57692307692307,43.44827586206896,71.64232283315567
55.0,70.96774193548387,55.00000000000001,77.46409478975505
71.0,0.0,0.0,49.87743144132653
65.0,70.71823204419888,54.700854700854705,77.29754580508892
59.0,71.64179104477611,55.81395348837209,77.86907377578515
73.0,68.05555555555556,51.578947368421055,75.74359022818882
63.0,70.85714285714285,54.86725663716814,77.38274433406876
62.0,69.06474820143885,52.74725274725275,76.33073617254115
70.0,62.06896551724138,45.0,72.45612285600319
63.0,69.66292134831461,53.44827586206896,76.67026077095946
62.0,69.38775510204081,53.125,76.51761221945137
70.0,70.76923076923077,54.761904761904766,77.34305092473855
60.0,68.6046511627907,52.21238938053098,76.05232075527337
65.0,72.3404255319149,56.666666666666664,78.29443059019118
64.0,73.38129496402878,57.95454545454546,78.94036499659941
59.0,58.03108808290155,40.87591240875913,70.35715013893663
64.0,72.22222222222221,56.52173913043478,78.22096851981
64.0,72.99270072992701,57.47126436781609,78.69872518953387
65.0,61.165048543689316,44.05594405594406,71.94815242028541
71.0,0.0,0.0,49.92127710459184
70.0,0.0,0.0,49.79472257653062
50.0,65.77181208053692,49.0,74.44912921180202
52.0,79.6116504854369,66.12903225806451,83.0435726763545
49.0,71.91011235955057,56.14035087719298,78.04524723183196
32.0,83.33333333333334,71.42857142857143,85.70232065226682
54.0,79.03225806451613,65.33333333333333,82.64073253935005
54.0,81.73913043478261,69.11764705882352,84.53787756998707
45.0,76.92307692307693,62.5,81.22905905346923
36.0,70.32967032967034,54.23728813559322,77.09172160449094
50.0,81.35593220338984,68.57142857142857,84.26377046190325
56.0,77.87610619469027,63.76811594202898,81.85912379723328
47.0,78.72340425531915,64.91228070175438,82.43619579673769
35.0,84.21052631578947,72.72727272727273,86.35167082438939
51.0,82.35294117647058,70.0,84.97905320485965
57.0,81.35593220338984,68.57142857142857,84.26377046190325
47.0,82.4742268041237,70.17543859649122,85.07076541281398
35.0,80.48780487804879,67.3469387755102,83.65751501725474
51.0,79.33884297520662,65.75342465753424,82.85177616534548
61.0,85.03937007874016,73.97260273972603,86.96734761701994
47.0,81.63265306122449,68.96551724137932,84.46480744787969
35.0,84.33734939759037,72.91666666666666,86.44536989024286
53.0,77.77777777777779,63.63636363636363,81.7902527579947
61.0,83.72093023255815,72.0,85.97905111527872
50.0,82.6923076923077,70.49180327868852,85.22794939232135
35.0,81.3953488372093,68.62745098039215,84.29777048331547
58.0,84.375,72.97297297297297,86.46653516770431
63.0,85.27131782945736,74.32432432432432,87.14320803115918
50.0,84.11214953271028,72.58064516129032,86.27336700425529
39.0,83.51648351648352,71.69811320754717,85.83409788982408
65.0,86.95652173913044,76.92307692307693,88.44358012487952
61.0,85.9375,75.34246575342466,87.65327633155162
51.0,84.11214953271028,72.58064516129032,86.27336700425529
38.0,80.43478260869566,67.27272727272727,83.61841353763809
96.0,83.52941176470588,71.71717171717171,85.83064453536463
101.0,78.94736842105263,65.21739130434783,82.56877628928694
95.0,61.75115207373272,44.666666666666664,72.25051387974216
79.0,46.31578947368421,30.136986301369863,64.91582901179049
64.0,87.76978417266187,78.2051282051282,89.08560311284046
66.0,83.21167883211679,71.25,85.60205461002813
51.0,83.92857142857143,72.3076923076923,86.13589247433929
74.0,74.01574803149606,58.75,79.34208492090407
58.0,79.69924812030075,66.25,83.09806625700776
64.0,82.70676691729322,70.51282051282051,85.23346578203824
50.0,80.37383177570094,67.1875,83.5728057118066
43.0,87.2340425531915,77.35849056603774,88.66727759577444
64.0,82.26950354609929,69.87951807228916,84.91481789723241
65.0,83.21167883211679,71.25,85.60205461002813
51.0,81.66666666666667,69.01408450704226,84.48509799194552
42.0,76.19047619047619,61.53846153846154,80.7442985847725
68.0,81.63265306122449,68.96551724137932,84.45582111570123
65.0,84.67153284671532,73.41772151898735,86.68791020280744
51.0,82.92682926829268,70.83333333333334,85.39571903574398
53.0,83.76068376068376,72.05882352941177,86.01045990243605
70.0,84.61538461538461,73.33333333333333,86.64271935076165
68.0,86.7132867132867,76.5432098765432,88.25264815972669
53.0,79.38931297709924,65.82278481012658,82.8844591994133
64.0,76.38888888888889,61.79775280898876,80.86495848585749
72.0,84.472049689441,73.11827956989248,86.53419366855763
68.0,84.56375838926175,73.25581395348837,86.60495883953428
55.0,76.05633802816901,61.36363636363637,80.6479009398885
74.0,80.48780487804879,67.3469387755102,83.64153963321509
75.0,84.84848484848484,73.68421052631578,86.81715815103558
70.0,85.33333333333334,74.4186046511628,87.18735149544091
62.0,78.62068965517241,64.77272727272727,82.35543724118418
76.0,83.9080459770115,72.27722772277228,86.1106714228096
96.0,0.0,0.0,49.77977519132653
104.0,0.0,0.0,49.89337531887755
95.0,34.375,20.754716981132077,60.12591167356345
88.0,31.87066974595843,18.956043956043956,59.183651929924906
78.0,83.11688311688312,71.11111111111111,85.52961366538953
69.0,76.42276422764228,61.8421052631579,80.8921272590401
68.0,82.66666666666667,70.45454545454545,85.20133187242178
52.0,67.62589928057554,51.08695652173913,75.49859406210238
31.0,80.59701492537313,67.5,83.7370386248978
90.0,85.86387434554975,75.22935779816514,87.58772956383284
83.0,77.33333333333333,63.04347826086957,81.48781918151424
81.0,76.50273224043715,61.94690265486725,80.93054229458328
52.0,60.75949367088608,43.63636363636363,71.75634013289614
32.0,69.87951807228916,53.70370370370371,76.8269251363953
98.0,79.64601769911505,66.17647058823529,83.04231427826491
94.0,78.72340425531915,64.91228070175438,82.4162217847521
89.0,68.20276497695853,51.74825174825175,75.80526634756006
65.0,47.66355140186916,31.28834355828221,65.53245108088674
64.0,58.119658119658126,40.963855421686745,70.43306647674821
106.0,77.99227799227799,63.92405063291139,81.90511068839778
98.0,71.49321266968326,55.633802816901415,77.754023391803
93.0,66.66666666666666,50.0,74.92215258094134
82.0,57.383966244725734,40.23668639053255,70.01756088505633
64.0,50.0,33.33333333333333,66.59486770376279
114.0,73.86759581881533,58.5635359116022,79.20687280900661
103.0,60.29411764705882,43.15789473684211,71.47115002742213
94.0,63.63636363636363,46.666666666666664,73.24550722901988
85.0,55.33596837944664,38.25136612021858,69.01292211331649
66.0,43.42105263157895,27.73109243697479,63.77979147704791
116.0,68.58974358974359,52.19512195121951,75.99969602923575
103.0,57.14285714285714,40.0,69.87723080608457
95.0,60.629921259842526,43.50282485875706,71.65161003811323
84.0,54.263565891472865,37.234042553191486,68.49927090737849
64.0,40.0,25.0,62.40427568602425
117.0,65.2439024390244,48.41628959276018,74.09430189957767
103.0,54.3046357615894,37.27272727272727,68.49862258953168
95.0,59.77011494252874,42.62295081967213,71.20668080725711
86.0,52.04460966542751,35.175879396984925,67.45921259994138
63.0,36.666666666666664,22.448979591836736,61.110814906103236
120.0,62.7906976744186,45.76271186440678,72.75352977577614
103.0,51.298701298701296,34.49781659388647,67.09919873349632
96.0,56.317689530685925,39.19597989949749,69.47722664582443
75.0,54.400000000000006,37.362637362637365,68.56756439058667
65.0,38.97435897435898,24.203821656050955,61.983238364026114
117.0,83.01886792452831,70.96774193548387,85.44793421642424
97.0,83.04093567251462,71.0,85.47106077237801
84.0,79.45205479452055,65.9090909090909,82.92461608785085
50.0,43.53741496598639,27.82608695652174,63.83028183180267
27.0,77.19298245614034,62.857142857142854,81.4156113456269
119.0,82.75862068965517,70.58823529411765,85.2541815448224
98.0,90.21739130434783,82.17821782178217,91.0711423287339
84.0,82.71604938271605,70.52631578947368,85.2352188019591
53.0,38.80597014925373,24.074074074074073,61.91437313612553
29.0,71.1864406779661,55.26315789473685,77.6146314845033
117.0,82.11382113821138,69.6551724137931,84.78365210804483
101.0,87.30964467005076,77.47747747747748,88.71378365788428
86.0,79.3103448275862,65.71428571428571,82.82121973262932
54.0,39.6551724137931,24.731182795698924,62.22595445390372
29.0,71.1864406779661,55.26315789473685,77.6146314845033
118.0,80.63241106719367,67.54966887417218,83.7259068499151
101.0,84.5771144278607,73.27586206896551,86.60698735198491
86.0,68.62745098039215,52.23880597014925,76.05553837804153
54.0,38.55421686746988,23.88059701492537,61.78768918732225
31.0,64.51612903225806,47.61904761904761,73.7875922360331
117.0,77.27272727272727,62.96296296296296,81.42157015025171
101.0,82.0754716981132,69.6,84.76206751981472
89.0,59.82905982905983,42.68292682926829,71.24766227305429
55.0,37.64705882352941,23.18840579710145,61.435608899189084
45.0,53.333333333333336,36.36363636363637,68.14692704217387
120.0,76.57992565055763,62.048192771084345,80.96118823144715
101.0,78.70370370370371,64.8854961832061,82.39683165950946
87.0,55.33596837944664,38.25136612021858,69.01292211331649
54.0,35.95505617977528,21.91780821917808,60.78834075178502
45.0,51.94805194805194,35.08771929824561,67.50697473007025
121.0,73.38129496402878,57.95454545454546,78.90338208542266
102.0,72.03389830508475,56.29139072847682,78.07981526601718
88.0,52.23880597014925,35.35353535353536,67.54903846270149
56.0,36.496350364963504,22.321428571428573,60.98715166352221
43.0,49.31506849315068,32.72727272727273,66.326752915333
121.0,71.0801393728223,55.13513513513514,77.48469022603304
101.0,66.4,49.700598802395206,74.76645535113072
90.0,49.64028776978417,33.014354066985646,66.36747599371795
55.0,37.453183520599254,23.04147465437788,61.354157109337926
44.0,45.33333333333333,29.310344827586203,64.61430238049898
116.0,40.0,25.0,62.398288859638626
97.0,68.91891891891892,52.57731958762887,76.24277450703138
83.0,32.773109243697476,19.597989949748744,59.63943217694071
41.0,17.94871794871795,9.859154929577464,54.80199084543544
21.0,42.10526315789473,26.666666666666668,63.31140700579386
70.0,0.0,0.0,49.930245535714285
53.0,0.0,0.0,49.947185905612244
53.0,0.0,0.0,49.947185905612244
67.0,0.0,0.0,49.9332350127551
38.0,0.0,0.0,49.962133290816325
85.0,0.0,0.0,49.9152981505102
66.0,32.098765432098766,19.11764705882353,59.50400224679311
55.0,77.19298245614034,62.857142857142854,81.40263988783896
76.0,72.99270072992701,57.47126436781609,78.69872518953387
65.0,0.0,0.0,49.92426658163265
77.0,0.0,0.0,49.923270089285715
64.0,74.60317460317461,59.49367088607595,79.71491779058131
60.0,83.60655737704919,71.83098591549296,85.8955428330582
71.0,72.0,56.25,78.08310223055743
71.0,65.60000000000001,48.80952380952381,74.36187769213599
79.0,69.85645933014354,53.67647058823529,76.77536480732046
73.0,69.3069306930693,53.03030303030303,76.45328267708821
59.0,85.27131782945736,74.32432432432432,87.14320803115918
63.0,80.0,66.66666666666666,83.30240385254952
82.0,73.40425531914893,57.98319327731093,78.94170341016445
76.0,49.056603773584904,32.5,66.19616151545364
78.0,77.38693467336684,63.114754098360656,81.51246597311095
60.0,83.5820895522388,71.7948717948718,85.8754885710193
71.0,79.72972972972973,66.29213483146067,83.11613745184583
79.0,73.98843930635837,58.71559633027523,79.31289873985025
81.0,74.64114832535886,59.541984732824424,79.7180960432057
71.0,70.40816326530613,54.330708661417326,77.10747818565906
55.0,79.3103448275862,65.71428571428571,82.83320509532359
79.0,81.0126582278481,68.08510638297872,84.01262024129778
89.0,70.0,53.84615384615385,76.86919868788844
84.0,66.39676113360325,49.696969696969695,74.76564059568011
86.0,80.18867924528303,66.92913385826772,83.4226432302658
63.0,79.72972972972973,66.29213483146067,83.11613745184583
77.0,85.20710059171599,74.22680412371135,87.08845395392018
79.0,71.09004739336493,55.14705882352941,77.51265238336208
83.0,62.42774566473989,45.378151260504204,72.62423384421004
84.0,74.17840375586854,58.95522388059702,79.4227184337013
61.0,85.27131782945736,74.32432432432432,87.14320803115918
75.0,80.4733727810651,67.32673267326733,83.63043746300072
80.0,70.58823529411765,54.54545454545454,77.2128518136821
131.0,0.0,0.0,49.869459502551024
131.0,0.0,0.0,49.8664700255102
132.0,64.64646464646465,47.76119402985074,73.81075346447837
133.0,17.687074829931973,9.701492537313433,54.730139446895656
136.0,0.0,0.0,49.864477040816325
131.0,77.77777777777779,63.63636363636363,81.76627006815687
131.0,86.38132295719845,76.02739726027397,87.97874407106379
129.0,85.0909090909091,74.0506329113924,86.98436477867509
131.0,85.61872909698997,74.85380116959064,87.38394182520453
137.0,84.32835820895522,72.90322580645162,86.40966575663052
130.0,77.05627705627705,62.676056338028175,81.28512022883001
129.0,75.9825327510917,61.267605633802816,80.57890054294904
118.0,83.45864661654136,71.61290322580646,85.76250873863978
124.0,82.99319727891157,70.93023255813954,85.41517022081268
137.0,88.97058823529412,80.13245033112582,90.03625812930281
129.0,70.04608294930875,53.90070921985816,76.88548435044804
128.0,87.4074074074074,77.63157894736842,88.78182886798682
131.0,87.64044943820225,78.0,88.96703889410496
129.0,83.16831683168317,71.1864406779661,85.542271288034
134.0,85.71428571428571,75.0,87.45603868595636
130.0,42.60355029585799,27.06766917293233,63.43710542810956
129.0,84.49612403100775,73.15436241610739,86.53723473632581
122.0,87.96992481203007,78.52348993288591,89.22978268193866
124.0,80.8080808080808,67.79661016949152,83.84136885332497
134.0,85.71428571428571,75.0,87.45704038204087
127.0,70.58823529411765,54.54545454545454,77.20785442351173
128.0,87.35632183908046,77.55102040816327,88.74255107340367
111.0,85.49019607843137,74.65753424657534,87.29181663693937
126.0,81.87919463087249,69.31818181818183,84.60514916617325
137.0,87.91946308724832,78.44311377245509,89.18558925709377
130.0,75.0,60.0,79.94010302280078
128.0,87.8048780487805,78.26086956521739,89.09546974764366
118.0,81.40350877192982,68.63905325443787,84.26659015099041
125.0,80.0,66.66666666666666,83.2713977463438
137.0,80.23952095808383,67.0,83.43405539346949
117.0,63.387978142076506,46.400000000000006,73.13315774771539
125.0,88.28125,79.02097902097903,89.48052726292144
114.0,76.45051194539249,61.87845303867403,80.87031472643193
121.0,80.13468013468014,66.85393258426966,83.36803347554574
137.0,85.52631578947368,74.71264367816092,87.31236228187309
127.0,75.4863813229572,60.62499999999999,80.24959938297489
130.0,29.015544041450774,16.969696969696972,58.348252808051804
132.0,27.436823104693143,15.899581589958158,57.34753758895456
130.0,52.916666666666664,35.977337110481585,67.7628898184029
130.0,41.951219512195124,26.543209876543212,62.91494020312265
12.0,40.0,25.0,62.48206099262508
13.0,34.285714285714285,20.689655172413794,60.321905521227826
13.0,0.0,0.0,49.98505261479592
7.0,0.0,0.0,49.99302455357143
13.0,48.888888888888886,32.35294117647059,66.15354623858913
13.0,45.83333333333333,29.72972972972973,64.83895038265615
14.0,45.45454545454545,29.411764705882355,64.68196176927894
7.0,0.0,0.0,49.99302455357143
13.0,46.808510638297875,30.555555555555557,65.25286000642325
16.0,53.84615384615385,36.84210526315789,68.3971301404502
15.0,52.0,35.13513513513514,67.54364555333397
8.0,0.0,0.0,49.99202806122449
13.0,44.0,28.205128205128204,64.07465619864703
16.0,56.60377358490566,39.473684210526315,69.71391592755538
15.0,52.0,35.13513513513514,67.54364555333397
10.0,36.36363636363637,22.22222222222222,61.090182269173695
14.0,43.333333333333336,27.659574468085108,63.79589771387829
16.0,55.172413793103445,38.095238095238095,69.02170198222831
15.0,46.42857142857143,30.23255813953488,65.08637655197545
11.0,38.095238095238095,23.52941176470588,61.738792949806296
12.0,37.93103448275862,23.404255319148938,61.66624606882394
17.0,55.73770491803278,38.63636363636363,69.29126740601251
17.0,56.14035087719298,39.02439024390244,69.4872748667678
12.0,33.9622641509434,20.454545454545457,60.192389238126474
15.0,48.275862068965516,31.818181818181817,65.87918779517999
17.0,54.83870967741935,37.77777777777778,68.86097764663924
18.0,56.666666666666664,39.53488372093023,69.74152427837616
15.0,42.30769230769231,26.82926829268293,63.384732820716025
17.0,50.0,33.33333333333333,66.63676295661304
20.0,62.5,45.45454545454545,72.70334737437378
18.0,57.6271186440678,40.476190476190474,70.21317448608663
15.0,45.28301886792453,29.268292682926827,64.60524115048982
16.0,0.0,0.0,49.984056122448976
13.0,41.66666666666667,26.31578947368421,63.14394245365062
13.0,33.33333333333333,20.0,59.984054851311484
27.0,0.0,0.0,49.97309470663265
15.0,51.85185185185185,35.0,67.47408396794386
13.0,50.0,33.33333333333333,66.6427451293092
13.0,42.30769230769231,26.82926829268293,63.384732820716025
11.0,27.27272727272727,15.789473684210526,57.87879201122013
13.0,48.97959183673469,32.432432432432435,66.19129794813551
14.0,53.84615384615385,36.84210526315789,68.3971301404502
13.0,41.509433962264154,26.190476190476193,63.06434005875848
14.0,40.909090909090914,25.71428571428571,62.83122940806278
14.0,45.90163934426229,29.78723404255319,64.86072359597456
14.0,51.85185185185185,35.0,67.47408396794386
14.0,47.27272727272727,30.952380952380953,65.44728470899155
13.0,32.25806451612903,19.230769230769234,59.57352359397569
16.0,50.0,33.33333333333333,66.6347687400319
15.0,48.38709677419355,31.914893617021278,65.92554951778678
14.0,44.827586206896555,28.888888888888886,64.41254842546631
13.0,30.985915492957744,18.333333333333332,59.117827834811784
14.0,47.45762711864407,31.11111111111111,65.52465567118094
17.0,53.96825396825397,36.95652173913043,68.44935279723524
17.0,49.23076923076923,32.6530612244898,66.29363587540279
15.0,37.5,23.076923076923077,61.488622021705496
14.0,44.44444444444444,28.57142857142857,64.25082731948486
17.0,50.74626865671642,34.0,66.96710460734863
17.0,45.07042253521127,29.09090909090909,64.50657894736842
14.0,36.11111111111111,22.033898305084744,60.97109862526131
19.0,53.73134328358209,36.734693877551024,68.33644459019702
19.0,52.77777777777778,35.84905660377358,67.89063472770971
17.0,47.88732394366197,31.48148148148148,65.70385802776799
14.0,36.84210526315789,22.58064516129032,61.24247759838768
29.0,0.0,0.0,49.97110172193878
31.0,0.0,0.0,49.9691087372449
31.0,0.0,0.0,49.9691087372449
28.0,0.0,0.0,49.972098214285715
52.0,78.89908256880734,65.15151515151516,82.55281859345051
61.0,70.37037037037037,54.285714285714285,77.11094521976487
63.0,64.81481481481481,47.94520547945205,73.9347095983846
66.0,72.72727272727273,57.14285714285714,78.53851546203737
73.0,76.2589928057554,61.627906976744185,80.78103446915937
67.0,73.94957983193278,58.666666666666664,79.30241495784462
57.0,74.0,58.730158730158735,79.33915144469803
41.0,67.5,50.943396226415096,75.44577536300315
23.0,0.0,0.0,49.965122767857146
52.0,86.0,75.43859649122807,87.70533538681843
63.0,79.3103448275862,65.71428571428571,82.83320509532359
69.0,75.80645161290323,61.038961038961034,80.4895577203024
71.0,77.16535433070865,62.82051282051282,81.38132988363402
75.0,81.15942028985508,68.29268292682927,84.1204037140132
69.0,79.67479674796748,66.21621621621621,83.08317144722675
59.0,74.74747474747475,59.67741935483871,79.813778984745
42.0,72.0,56.25,78.10406239406569
26.0,59.70149253731343,42.5531914893617,71.24967972266953
51.0,87.75510204081633,78.18181818181819,89.07894092622715
63.0,81.66666666666667,69.01408450704226,84.48509799194552
70.0,79.06976744186046,65.38461538461539,82.66537502397851
73.0,78.78787878787878,65.0,82.47206926821482
78.0,80.57553956834532,67.46987951807229,83.70800440388851
72.0,84.61538461538461,73.33333333333333,86.64671494982143
61.0,76.92307692307693,62.5,81.22606510292005
43.0,75.32467532467533,60.416666666666664,80.18938902958635
28.0,60.526315789473685,43.39622641509434,71.66820472749613
52.0,90.0,81.81818181818183,90.8991170406263
63.0,82.92682926829268,70.83333333333334,85.39571903574398
70.0,83.82352941176471,72.15189873417721,86.05400160276768
77.0,82.26950354609929,69.87951807228916,84.91481789723241
79.0,83.68794326241135,71.95121951219512,85.95266345045277
72.0,84.375,72.97297297297297,86.46653516770431
62.0,77.35849056603774,63.07692307692307,81.51452616397266
45.0,77.10843373493977,62.745098039215684,81.35360358246682
28.0,65.57377049180327,48.78048780487805,74.36930921865243
51.0,92.15686274509804,85.45454545454545,92.71929331415856
65.0,86.4,76.05633802816901,88.01121039311965
71.0,83.82352941176471,72.15189873417721,86.05400160276768
76.0,84.50704225352112,73.17073170731707,86.56341677551981
79.0,85.3146853146853,74.39024390243902,87.17417014038443
74.0,83.96946564885496,72.36842105263158,86.1632612236283
62.0,79.62962962962963,66.15384615384615,83.05498144167285
46.0,79.06976744186046,65.38461538461539,82.67435866753804
28.0,68.75,52.38095238095239,76.17053760133076
52.0,93.20388349514563,87.27272727272727,93.62938151060558
66.0,89.76377952755905,81.42857142857143,90.70131658082336
74.0,86.76470588235294,76.62337662337663,88.29373033335762
78.0,86.11111111111111,75.60975609756098,87.784923545049
80.0,87.41721854304636,77.64705882352942,88.80457112000657
76.0,84.67153284671532,73.41772151898735,86.68791020280744
60.0,85.45454545454545,74.60317460317461,87.28562847535896
47.0,76.74418604651163,62.264150943396224,81.11213250857266
29.0,65.625,48.837209302325576,74.39667264039616
54.0,93.33333333333333,87.5,93.74301773495321
67.0,88.18897637795276,78.87323943661971,89.42165563211672
75.0,87.76978417266187,78.2051282051282,89.08560311284046
79.0,85.51724137931035,74.69879518072288,87.32844536144337
80.0,86.66666666666667,76.47058823529412,88.21533841929738
78.0,85.1063829787234,74.07407407407408,87.01608564426826
58.0,87.03703703703704,77.04918032786885,88.51062619098464
45.0,79.51807228915662,66.0,82.98304848134336
31.0,71.64179104477611,55.81395348837209,77.88803432912783
54.0,90.74074074074075,83.05084745762711,91.51544906446101
67.0,90.76923076923077,83.09859154929578,91.53732378909409
74.0,90.0,81.81818181818183,90.89512247774574
80.0,88.74172185430463,79.76190476190477,89.86398936033733
82.0,87.01298701298701,77.01149425287356,88.48579063159553
76.0,84.89208633093526,73.75,86.85404902528084
60.0,86.48648648648648,76.19047619047619,88.0802763971851
46.0,79.06976744186046,65.38461538461539,82.67435866753804
32.0,65.78947368421053,49.01960784313725,74.48388220515221
64.0,79.3103448275862,65.71428571428571,82.83320509532359
67.0,78.68852459016394,64.86486486486487,82.40649882247394
73.0,79.13669064748201,65.47619047619048,82.70916524866965
74.0,80.55555555555556,67.44186046511628,83.69299615697652
77.0,81.98757763975155,69.47368421052632,84.70790576521128
69.0,81.29032258064515,68.47826086956522,84.2101958269962
59.0,74.80916030534351,59.756097560975604,79.84513238812441
47.0,80.8080808080808,67.79661016949152,83.87935662455747
68.0,46.666666666666664,30.434782608695656,65.15358018526032
54.0,84.31372549019608,72.88135593220339,86.42472041319242
64.0,80.67226890756302,67.6056338028169,83.77987563106053
72.0,78.78787878787878,65.0,82.47206926821482
75.0,80.57553956834532,67.46987951807229,83.70800440388851
78.0,84.93150684931507,73.80952380952381,86.88281195065726
72.0,84.13793103448276,72.61904761904762,86.28657658813302
62.0,81.81818181818183,69.23076923076923,84.59543687845536
48.0,75.0,60.0,79.97806274056198
35.0,59.61538461538461,42.465753424657535,71.19099816013014
54.0,88.46153846153845,79.3103448275862,89.64320353288346
64.0,84.03361344537815,72.46376811594203,86.2129318176167
72.0,81.203007518797,68.35443037974683,84.15227604139571
78.0,81.42857142857143,68.67469879518072,84.31141113066565
79.0,83.91608391608392,72.28915662650603,86.12163154974435
73.0,86.76470588235294,76.62337662337663,88.29373033335762
61.0,81.48148148148148,68.75,84.35505266097503
49.0,80.43478260869566,67.27272727272727,83.61841353763809
37.0,79.48717948717949,65.95744680851064,82.96276967008441
55.0,87.61904761904762,77.96610169491525,88.97008455980553
65.0,86.66666666666667,76.47058823529412,88.2193336994841
72.0,84.21052631578947,72.72727272727273,86.34268664296597
76.0,82.85714285714286,70.73170731707317,85.3419101651809
80.0,84.35374149659864,72.94117647058823,86.4476405560029
73.0,85.92592592592592,75.32467532467533,87.64338239676441
63.0,83.1858407079646,71.21212121212122,85.58710949991446
53.0,82.0,69.49152542372882,84.72781118099775
36.0,76.31578947368422,61.702127659574465,80.8331165946585
56.0,86.79245283018868,76.66666666666667,88.31936963893877
65.0,88.70967741935483,79.71014492753623,89.84110626197645
73.0,87.4074074074074,77.63157894736842,88.79882916081631
79.0,85.71428571428571,75.0,87.47904735298226
82.0,85.33333333333334,74.4186046511628,87.18735149544091
74.0,85.29411764705883,74.35897435897436,87.15953426835745
62.0,84.95575221238938,73.84615384615385,86.9061203319502
53.0,84.0,72.41379310344827,86.1909393171129
37.0,79.48717948717949,65.95744680851064,82.96276967008441
55.0,91.42857142857143,84.21052631578947,92.09628613906294
65.0,89.60000000000001,81.15942028985508,90.56674127022681
75.0,87.76978417266187,78.2051282051282,89.08560311284046
78.0,85.51724137931035,74.69879518072288,87.32844536144337
82.0,84.76821192052981,73.5632183908046,86.75866060025544
78.0,85.1063829787234,74.07407407407408,87.01608564426826
62.0,87.93103448275862,78.46153846153847,89.21680414348742
55.0,81.1881188118812,68.33333333333333,84.14771782852964
36.0,77.33333333333333,63.04347826086957,81.50478896392433
56.0,90.56603773584906,82.75862068965517,91.36933587945893
66.0,90.47619047619048,82.6086956521739,91.29237631827554
75.0,86.95652173913044,76.92307692307693,88.44358012487952
78.0,86.3013698630137,75.90361445783132,87.931852326994
82.0,85.71428571428571,75.0,87.47804829375374
77.0,86.52482269503547,76.25,88.10604359972064
60.0,85.21739130434783,74.24242424242425,87.1042551918128
52.0,83.6734693877551,71.9298245614035,85.94895536437583
36.0,72.72727272727273,57.14285714285714,78.55049054797799
56.0,89.7196261682243,81.35593220338984,90.66699418978939
67.0,89.92248062015504,81.69014084507043,90.83210103030088
74.0,90.0,81.81818181818183,90.89512247774574
79.0,90.19607843137256,82.14285714285714,91.05646060288126
83.0,87.17948717948718,77.27272727272727,88.61640674325275
77.0,87.32394366197182,77.5,88.73204094664166
63.0,85.9504132231405,75.36231884057972,87.66420147599172
54.0,84.31372549019608,72.88135593220339,86.42472041319242
38.0,76.5432098765432,62.0,80.98105494067205
126.0,3.1088082901554404,1.5789473684210527,50.603118473240485
133.0,7.5829383886255926,3.9408866995073892,51.77609635565387
140.0,13.48314606741573,7.228915662650602,53.384185491917826
136.0,9.691629955947137,5.092592592592593,52.341970571189144
136.0,6.349206349206349,3.278688524590164,51.462944023108314
136.0,12.154696132596685,6.470588235294119,53.076817091832254
126.0,11.39240506329114,6.0402684563758395,52.88060027160291
120.0,8.30860534124629,4.3343653250774,51.85918058925614
123.0,14.869888475836431,8.032128514056225,53.787776514783914
41.0,53.125,36.17021276595745,68.02527630041321
58.0,83.07692307692308,71.05263157894737,85.50436933881329
70.0,82.51748251748252,70.23809523809523,85.0941059824772
57.0,68.33333333333333,51.89873417721519,75.91146941233353
56.0,82.56880733944955,70.3125,85.13729964991722
46.0,71.15384615384616,55.223880597014926,77.58202346729823
30.0,51.42857142857142,34.61538461538461,67.25684383613755
20.0,47.61904761904761,31.25,65.59210591894102
45.0,74.46808510638297,59.32203389830508,79.63708443883164
79.0,78.26086956521739,64.28571428571429,82.10793606449425
79.0,81.21212121212122,68.36734693877551,84.15274090238383
70.0,77.77777777777779,63.63636363636363,81.78625843430312
62.0,84.375,72.97297297297297,86.46653516770431
54.0,86.48648648648648,76.19047619047619,88.0802763971851
37.0,76.5432098765432,62.0,80.98105494067205
22.0,58.46153846153847,41.30434782608695,70.62525842766756
48.0,73.7864077669903,58.46153846153847,79.20384354566013
83.0,80.4733727810651,67.32673267326733,83.63043746300072
84.0,86.03351955307262,75.49019607843137,87.72014744139935
75.0,79.01234567901234,65.3061224489796,82.61913721427267
61.0,83.96946564885496,72.36842105263158,86.1632612236283
55.0,84.03361344537815,72.46376811594203,86.2129318176167
41.0,74.72527472527473,59.64912280701754,79.80162653852531
30.0,73.97260273972603,58.69565217391305,79.32888253873024
50.0,77.08333333333334,62.71186440677966,81.33399319383639
96.0,80.0,66.66666666666666,83.29740805790622
85.0,84.15300546448088,72.64150943396226,86.2918120235142
77.0,83.44370860927152,71.5909090909091,85.77051091805248
70.0,84.35374149659864,72.94117647058823,86.4476405560029
58.0,77.86259541984732,63.74999999999999,81.846072319202
44.0,61.15702479338842,44.047619047619044,71.97693982158171
27.0,56.09756097560976,38.983050847457626,69.45563524766756
60.0,74.54545454545455,59.42028985507246,79.68222032396586
100.0,79.36507936507937,65.78947368421053,82.85581546329047
93.0,87.5,77.77777777777779,88.86493296778373
81.0,83.9506172839506,72.3404255319149,86.14426880491331
83.0,80.98159509202453,68.04123711340206,83.9896866069904
58.0,83.07692307692308,71.05263157894737,85.50436933881329
46.0,76.19047619047619,61.53846153846154,80.7442985847725
32.0,58.42696629213483,41.269841269841265,70.59803130291664
62.0,74.76635514018692,59.70149253731343,79.82381950944178
100.0,76.40449438202246,61.81818181818181,80.86718143355807
105.0,85.27918781725889,74.33628318584071,87.13919485491827
84.0,80.0,66.66666666666666,83.30340277223507
86.0,77.77777777777779,63.63636363636363,81.78226299472284
61.0,80.3030303030303,67.08860759493672,83.51836760051286
49.0,62.5,45.45454545454545,72.67940293311284
29.0,56.52173913043478,39.39393939393939,69.65708933804646
72.0,75.55555555555556,60.71428571428571,80.32422515140719
102.0,80.61224489795919,67.52136752136752,83.72275733794388
107.0,84.7926267281106,73.6,86.767055347017
82.0,87.71929824561403,78.125,89.04154233448433
88.0,81.31868131868131,68.51851851851852,84.22532847805293
61.0,81.15942028985508,68.29268292682927,84.1204037140132
50.0,69.29133858267717,53.01204819277109,76.46712678528684
35.0,65.95744680851064,49.2063492063492,74.5712671348328
71.0,77.86259541984732,63.74999999999999,81.846072319202
106.0,80.0,66.66666666666666,83.2934099861599
111.0,85.20179372197309,74.21875,87.07642837353488
89.0,86.36363636363636,76.0,87.97604790419162
88.0,82.22222222222221,69.81132075471697,84.8737255244584
81.0,81.52866242038218,68.81720430107528,84.37966696535246
50.0,74.3801652892562,59.210526315789465,79.57434416565441
34.0,79.48717948717949,65.95744680851064,82.96276967008441
156.0,41.62436548223351,26.282051282051285,63.02633530493309
137.0,71.81818181818181,56.02836879432624,77.95230444427173
89.0,81.14285714285714,68.26923076923077,84.10168453939035
81.0,85.90604026845638,75.29411764705883,87.62610575839531
92.0,68.4931506849315,52.083333333333336,75.99578229528255
145.0,71.36563876651982,55.47945205479452,77.67484929319225
174.0,46.49122807017544,30.28571428571429,65.02115652637369
174.0,32.800000000000004,19.617224880382775,59.64106481876923
153.0,40.625,25.49019607843137,62.63140954568796
115.0,80.19323671497585,66.93548387096774,83.4268180539036
93.0,85.86387434554975,75.22935779816514,87.58772956383284
83.0,87.11656441717791,77.17391304347827,88.56600052932319
89.0,74.68354430379746,59.59595959595959,79.75807317946712
75.0,77.77777777777779,63.63636363636363,81.78625843430312
50.0,77.35849056603774,63.07692307692307,81.51452616397266
179.0,43.103448275862064,27.472527472527474,63.60459554011803
152.0,52.17391304347826,35.294117647058826,67.54829979555767
127.0,80.18018018018019,66.9172932330827,83.41472304355835
107.0,88.37209302325581,79.16666666666666,89.55837376782945
92.0,88.26815642458101,79.0,89.47904066111742
90.0,76.25,61.61616161616161,80.77016800752209
94.0,73.54838709677419,58.16326530612245,79.04073000137224
55.0,84.03361344537815,72.46376811594203,86.2129318176167
43.0,84.33734939759037,72.91666666666666,86.44536989024286
150.0,52.21674876847291,35.333333333333336,67.56990470110196
131.0,81.38528138528139,68.61313868613139,84.26363974760224
124.0,84.97854077253218,73.88059701492537,86.90535232458431
97.0,88.64864864864866,79.6116504854369,89.78486464863532
103.0,79.7752808988764,66.35514018691589,83.14164553503063
100.0,70.44025157232704,54.36893203883495,77.13757854934565
54.0,83.47826086956522,71.64179104477611,85.80194403818761
174.0,36.44859813084112,22.285714285714285,61.00722876461353
150.0,59.154929577464785,42.0,70.9131961766408
134.0,80.16877637130801,66.90140845070422,83.4037802422048
126.0,88.42975206611571,79.25925925925927,89.60166821637992
103.0,89.23076923076924,80.55555555555556,90.25681509135961
103.0,79.34782608695652,65.76576576576578,82.8449610019576
107.0,77.59562841530054,63.39285714285714,81.65551449099749
91.0,74.39024390243902,59.22330097087378,79.56974686376674
176.0,40.54054054054054,25.423728813559322,62.58020934304665
151.0,59.53488372093023,42.384105960264904,71.10524742457689
135.0,81.66666666666667,69.01408450704226,84.4631107866095
129.0,86.0655737704918,75.53956834532374,87.73583238420149
116.0,84.8780487804878,73.72881355932203,86.83346186161513
112.0,80.6282722513089,67.54385964912281,83.73500293979325
116.0,61.07784431137725,43.96551724137931,71.91792071545274
74.0,82.1917808219178,69.76744186046511,84.85778111061407
180.0,37.10407239819005,22.77777777777778,61.25026317830746
149.0,63.348416289592755,46.35761589403973,73.09797930374361
139.0,83.79446640316206,72.10884353741497,86.01347908845983
126.0,88.6178861788618,79.56204379562044,89.7530593676007
124.0,85.46255506607929,74.61538461538461,87.27474436544107
110.0,83.0,70.94017094017094,85.43614859267745
109.0,78.3068783068783,64.34782608695652,82.13299651320003
81.0,78.98089171974523,65.26315789473685,82.59865401621146
60.0,77.06422018348624,62.68656716417911,81.31835040300949
138.0,62.745098039215684,45.714285714285715,72.78131271665754
138.0,80.0,66.66666666666666,83.28541001064961
129.0,87.55020080321285,77.85714285714286,88.89761291298232
124.0,83.78378378378379,72.09302325581395,86.01057128886977
111.0,82.58706467661692,70.33898305084746,85.13455650456252
109.0,68.96551724137932,52.63157894736842,76.26191446370736
99.0,78.65168539325843,64.81481481481481,82.36948779698152
147.0,47.179487179487175,30.87248322147651,65.33350871626389
153.0,1.5151515151515151,0.7633587786259541,50.12258105152847
168.0,10.187667560321715,5.367231638418079,52.34966442658189
175.0,5.607476635514018,2.8846153846153846,51.140316343413
172.0,34.959349593495936,21.182266009852217,60.271707969988995
169.0,35.079726651480634,21.2707182320442,60.35092230091601
173.0,5.154639175257731,2.6455026455026456,50.955969039930295
174.0,27.570093457943923,15.989159891598916,57.68530365232619
169.0,25.339366515837103,14.507772020725387,56.924676114113694
27.0,72.72727272727273,57.14285714285714,78.55647522586673
30.0,72.46376811594203,56.81818181818182,78.39014811632507
51.0,73.07692307692307,57.57575757575758,78.75995585517306
64.0,71.875,56.09756097560976,78.01287384507599
69.0,74.60317460317461,59.49367088607595,79.71491779058131
78.0,80.82191780821918,67.81609195402298,83.88011134405262
66.0,75.71428571428571,60.91954022988506,80.42585354969304
57.0,79.6875,66.23376623376623,83.09094795478835
35.0,58.69565217391305,41.53846153846154,70.7313436727782
33.0,74.6268656716418,59.523809523809526,79.7449559473248
40.0,80.0,66.66666666666666,83.31538359260736
63.0,76.33587786259542,61.72839506172839,80.83327545449664
76.0,74.82993197278913,59.78260869565217,79.85439367166241
79.0,77.41935483870968,63.1578947368421,81.5440283804731
81.0,82.92682926829268,70.83333333333334,85.38872701631144
69.0,77.9874213836478,63.91752577319587,81.92384250506782
57.0,70.83333333333334,54.83870967741935,77.37745957686428
42.0,62.96296296296296,45.94594594594595,72.93308625126264
33.0,76.05633802816901,61.36363636363637,80.66486869129993
41.0,77.89473684210526,63.793103448275865,81.87560994229146
70.0,72.46376811594203,56.81818181818182,78.3711864283823
82.0,79.74683544303798,66.3157894736842,83.12596689376745
88.0,83.8323353293413,72.16494845360825,86.05553134571204
82.0,80.23255813953489,66.99029126213593,83.46121823569406
74.0,74.57627118644068,59.45945945945946,79.68482851240783
63.0,63.44086021505376,46.45669291338583,73.16050520522136
47.0,57.971014492753625,40.816326530612244,70.35032059736292
34.0,63.04347826086957,46.03174603174603,72.98197268285209
46.0,80.37383177570094,67.1875,83.5728057118066
74.0,69.86301369863014,53.68421052631579,76.79821498884368
92.0,77.90697674418605,63.8095238095238,81.86684456456354
93.0,79.76878612716763,66.34615384615384,83.13815166313321
86.0,81.76795580110497,69.1588785046729,84.54650643528323
80.0,75.0,60.0,79.95409822978826
68.0,59.80392156862745,42.65734265734265,71.24685949588674
49.0,61.53846153846154,44.44444444444444,72.1773478704073
36.0,64.44444444444444,47.540983606557376,73.73858560749429
48.0,73.33333333333333,57.89473684210527,78.91545267861268
81.0,67.79661016949152,51.28205128205128,75.58415757493896
98.0,76.59574468085107,62.06896551724138,80.99057408865423
104.0,78.75647668393782,64.95726495726495,82.43771431495983
88.0,77.94871794871796,63.86554621848739,81.88985893758701
83.0,72.53886010362694,56.91056910569105,78.40239667514626
75.0,55.111111111111114,38.036809815950924,68.91763466413143
59.0,52.38095238095239,35.483870967741936,67.66214612777107
35.0,64.44444444444444,47.540983606557376,73.73858560749429
59.0,73.77049180327869,58.44155844155844,79.18886284169243
84.0,63.687150837988824,46.72131147540984,73.29581007039312
100.0,71.73913043478261,55.932203389830505,77.91421584378773
105.0,78.53403141361257,64.65517241379311,82.28666885993741
92.0,77.4869109947644,63.24786324786324,81.58101916534713
87.0,73.36683417085426,57.936507936507944,78.91536292380553
76.0,56.33802816901409,39.21568627450981,69.51505839785031
57.0,0.0,0.0,49.91928411989796
38.0,57.42574257425742,40.27777777777778,70.09601493830361
64.0,67.14285714285714,50.53763440860215,75.22293557889462
95.0,60.66350710900474,43.53741496598639,71.68589298746319
101.0,67.64705882352942,51.11111111111111,75.48969649394739
107.0,75.36231884057972,60.46511627906976,80.18165790399654
101.0,79.8076923076923,66.4,83.15807797496657
98.0,72.81105990783409,57.2463768115942,78.56430264417465
76.0,54.93562231759657,37.8698224852071,68.83014591693305
61.0,18.064516129032256,9.929078014184398,54.837949158202605
45.0,60.952380952380956,43.83561643835616,71.87692596008426
62.0,72.72727272727273,57.14285714285714,78.53552049610141
90.0,56.75675675675676,39.62264150943396,69.71553722549302
102.0,65.09433962264151,48.25174825174825,74.05203214770741
108.0,73.93364928909952,58.64661654135338,79.268415859802
105.0,74.04255319148936,58.78378378378378,79.3310002789629
102.0,64.8,47.928994082840234,73.87666392434257
81.0,17.391304347826086,9.523809523809524,54.59144341974598
82.0,0.0,0.0,49.874441964285715
35.0,70.76923076923077,54.761904761904766,77.36201034358672
37.0,56.19834710743802,39.08045977011494,69.48737997879127
63.0,72.05882352941177,56.32183908045977,78.12301581569021
82.0,80.50314465408806,67.36842105263158,83.65327981111783
71.0,81.15942028985508,68.29268292682927,84.1204037140132
81.0,80.0,66.66666666666666,83.30240385254952
75.0,75.81699346405229,61.05263157894737,80.48940290388367
58.0,78.19548872180451,64.19753086419753,82.0698371741784
42.0,62.5,45.45454545454545,72.69137754121601
35.0,72.46376811594203,56.81818181818182,78.39014811632507
42.0,73.07692307692307,57.57575757575758,78.75995585517306
73.0,71.89542483660131,56.12244897959183,78.01832829857867
86.0,81.70731707317073,69.0721649484536,84.50614773196494
92.0,83.42857142857143,71.56862745098039,85.75537334267878
82.0,81.437125748503,68.68686868686868,84.31250115911249
77.0,75.7396449704142,60.952380952380956,80.43528211092867
60.0,68.83116883116884,52.475247524752476,76.18974155261226
45.0,58.82352941176471,41.66666666666667,70.78447112476151
37.0,77.92207792207793,63.829787234042556,81.8979431124945
57.0,63.1578947368421,46.15384615384615,73.02805404592615
78.0,65.9090909090909,49.152542372881356,74.51641245305147
94.0,77.52808988764045,63.30275229357798,81.61146156399617
98.0,82.79569892473118,70.64220183486239,85.28916415222629
87.0,82.41758241758241,70.09345794392523,85.01479348165304
87.0,74.46808510638297,59.32203389830508,79.61311849387772
70.0,63.91752577319587,46.96969696969697,73.41500772178826
47.0,55.072463768115945,38.0,68.93817064900874
37.0,71.73913043478261,55.932203389830505,77.94017584285216
62.0,62.66666666666667,45.63106796116505,72.75967808878336
81.0,63.366336633663366,46.3768115942029,73.11457118662891
100.0,77.31958762886599,63.02521008403361,81.46869374284114
103.0,84.0,72.41379310344827,86.17495532358393
89.0,81.91489361702128,69.36936936936937,84.65075187165448
89.0,73.68421052631578,58.333333333333336,79.11677244242206
74.0,57.798165137614674,40.64516129032258,70.23078809632167
52.0,44.21052631578947,28.37837837837838,64.0834725098897
36.0,68.08510638297872,51.61290322580645,75.7765377647858
62.0,58.47953216374269,41.32231404958678,70.59033549504835
90.0,61.92468619246861,44.84848484848485,72.33342768630781
101.0,69.95515695067265,53.79310344827586,76.82968278725421
107.0,84.46601941747572,73.10924369747899,86.52267870753084
97.0,76.78571428571429,62.31884057971014,81.10751372167779
89.0,73.68421052631578,58.333333333333336,79.11677244242206
76.0,54.23728813559322,37.2093023255814,68.49689254210104
53.0,40.758293838862556,25.595238095238095,62.67295066551544
44.0,63.46153846153846,46.478873239436616,73.20154498977993
65.0,64.90066225165563,48.03921568627451,73.96674212206878
94.0,63.47826086956522,46.496815286624205,73.16458032758251
104.0,64.7887323943662,47.91666666666667,73.88349349059679
106.0,82.75862068965517,70.58823529411765,85.25918192878046
98.0,78.50467289719626,64.61538461538461,82.26177679224074
90.0,69.90291262135922,53.73134328358209,76.80380033411102
82.0,50.37593984962406,33.66834170854271,66.70245798831913
53.0,35.0,21.21212121212121,60.476426175155765
45.0,62.264150943396224,45.20547945205479,72.56285379977648
67.0,58.47953216374269,41.32231404958678,70.59033549504835
97.0,60.72874493927125,43.604651162790695,71.70552112639446
104.0,65.27196652719665,48.4472049689441,74.14076484624297
108.0,82.0754716981132,69.6,84.76206751981472
102.0,78.60262008733623,64.74820143884892,82.32518485471176
92.0,54.752851711026615,37.696335078534034,68.72941454549407
84.0,45.83333333333333,29.72972972972973,64.7092073114823
59.0,24.88479262672811,14.210526315789473,56.94274745469028
51.0,58.119658119658126,40.963855421686745,70.43306647674821
67.0,56.80473372781065,39.66942148760331,69.76189714661047
94.0,60.97560975609756,43.859649122807014,71.83401809047479
103.0,62.20472440944882,45.14285714285714,72.47561445082255
109.0,78.50467289719626,64.61538461538461,82.26177679224074
104.0,65.7243816254417,48.94736842105264,74.37684496367609
92.0,51.40845070422535,34.59715639810427,67.16086189463923
86.0,40.569395017793596,25.44642857142857,62.55661080200552
62.0,29.86425339366516,17.5531914893617,58.62203778045853
47.0,38.983050847457626,24.210526315789473,62.03348280577223
67.0,45.77114427860697,29.677419354838708,64.72999234249018
92.0,60.68376068376068,43.558282208588956,71.6873338994247
104.0,65.70397111913357,48.924731182795696,74.3675268173138
104.0,62.5,45.45454545454545,72.61945816831414
101.0,51.50214592274678,34.68208092485549,67.22830201562434
95.0,22.797927461139896,12.865497076023392,56.284206048878225
82.0,44.73684210526316,28.8135593220339,64.28109387548079
60.0,11.76470588235294,6.25,52.97549635211099
14.0,44.89795918367347,28.947368421052634,64.44677301746341
22.0,71.69811320754717,55.88235294117647,77.92622342315717
24.0,73.91304347826086,58.620689655172406,79.29838286662208
31.0,78.87323943661971,65.11627906976744,82.5431838038476
36.0,80.0,66.66666666666666,83.31737928100405
27.0,82.14285714285714,69.6969696969697,84.8385153551345
35.0,53.57142857142857,36.58536585365854,68.24083432474734
34.0,79.48717948717949,65.95744680851064,82.96276967008441
27.0,77.96610169491525,63.888888888888886,81.93148410308899
35.0,56.88073394495413,39.743589743589745,69.82493077766783
39.0,83.54430379746836,71.73913043478261,85.85660229135975
27.0,80.0,66.66666666666666,83.32136970277024
41.0,72.91666666666666,57.377049180327866,78.66259770398297
39.0,79.16666666666666,65.51724137931035,82.73867573772252
28.0,78.78787878787878,65.0,82.48604187437687
41.0,74.46808510638297,59.32203389830508,79.63708443883164
40.0,73.07692307692307,57.57575757575758,78.75995585517306
28.0,80.64516129032258,67.56756756756756,83.77181991466851
41.0,73.68421052631578,58.333333333333336,79.14173696841573
39.0,80.0,66.66666666666666,83.31638147660644
28.0,80.0,66.66666666666666,83.32037221668328
43.0,70.58823529411765,54.54545454545454,77.24281103818399
43.0,80.89887640449437,67.9245283018868,83.94531161803553
27.0,84.375,72.97297297297297,86.47651619794634
38.0,50.40650406504065,33.69565217391305,66.78700247542994
37.0,66.66666666666666,50.0,74.967094110843
30.0,73.41772151898735,57.99999999999999,78.97906155901649
43.0,48.0,31.57894736842105,65.711691474398
39.0,65.38461538461539,48.57142857142857,74.24981623617498
30.0,72.72727272727273,57.14285714285714,78.55049054797799
40.0,55.55555555555556,38.46153846153847,69.17492670668715
39.0,68.0,51.515151515151516,75.72566638020749
30.0,72.0,56.25,78.10406239406569
43.0,59.199999999999996,42.04545454545455,70.97186865967157
39.0,66.66666666666666,50.0,74.9660962865462
29.0,83.07692307692308,71.05263157894737,85.51534847207951
40.0,64.81481481481481,47.94520547945205,73.9347095983846
40.0,67.32673267326733,50.74626865671642,75.34022778294718
29.0,78.26086956521739,64.28571428571429,82.12790171004691
41.0,58.82352941176471,41.66666666666667,70.78447112476151
41.0,61.81818181818181,44.73684210526316,72.32653999483571
29.0,81.81818181818183,69.23076923076923,84.60342026913644
41.0,59.32203389830508,42.168674698795186,71.0364723287558
41.0,67.32673267326733,50.74626865671642,75.34022778294718
28.0,83.07692307692308,71.05263157894737,85.51534847207951
43.0,62.06896551724138,45.0,72.45612285600319
41.0,64.76190476190476,47.88732394366197,73.90676675424892
28.0,85.71428571428571,75.0,87.49102674031386
47.0,39.6551724137931,24.731182795698924,62.29580494439703
38.0,43.75,28.000000000000004,63.92821249102656
30.0,69.6969696969697,53.48837209302325,76.72424705981093
17.0,50.0,33.33333333333333,66.6347687400319
22.0,61.111111111111114,44.0,71.97208597519639
29.0,69.23076923076923,52.94117647058824,76.44665954279776
32.0,64.19753086419753,47.27272727272727,73.60745037614429
28.0,60.526315789473685,43.39622641509434,71.66820472749613
23.0,55.172413793103445,38.095238095238095,69.02170198222831
30.0,60.273972602739725,43.13725490196079,71.53971649671952
32.0,67.53246753246754,50.98039215686274,75.46527085410435
21.0,32.25806451612903,19.230769230769234,59.57352359397569
22.0,60.60606060606061,43.47826086956522,71.71321130247541
23.0,67.74193548387096,51.21951219512195,75.58981790595496
28.0,74.6268656716418,59.523809523809526,79.7449559473248
29.0,81.9672131147541,69.44444444444444,84.71125534219989
30.0,73.84615384615385,58.536585365853654,79.25134420629578
26.0,68.96551724137932,52.63157894736842,76.29784545900999
28.0,66.66666666666666,50.0,74.98006220591753
32.0,63.49206349206349,46.51162790697674,73.23288549029354
19.0,32.098765432098766,19.11764705882353,59.50400224679311
25.0,64.7887323943662,47.91666666666667,73.93340959995747
29.0,66.66666666666666,50.0,74.97607273887382
28.0,76.71232876712328,62.22222222222222,81.0941612826035
28.0,76.47058823529412,61.904761904761905,80.93642880881167
27.0,64.1025641025641,47.16981132075472,73.55698996577506
27.0,63.29113924050633,46.2962962962963,73.1192354644529
33.0,71.7948717948718,56.00000000000001,77.97806492781368
33.0,57.534246575342465,40.38461538461539,70.16140349531837
33.0,13.333333333333334,7.142857142857142,53.467776841242
27.0,61.72839506172839,44.642857142857146,72.29052190954745
27.0,73.52941176470588,58.139534883720934,79.05182163818756
30.0,77.33333333333333,63.04347826086957,81.50478896392433
36.0,69.04761904761905,52.72727272727272,76.33771257956154
28.0,59.523809523809526,42.3728813559322,71.15254304880617
31.0,60.215053763440864,43.07692307692308,71.50157073523908
34.0,55.55555555555556,38.46153846153847,69.18290898269362
42.0,40.310077519379846,25.24271844660194,62.54458953237375
36.0,16.666666666666664,9.090909090909092,54.40590668053687
28.0,51.48514851485149,34.66666666666667,67.28447989365239
30.0,66.66666666666666,50.0,74.97407776669989
35.0,77.10843373493977,62.745098039215684,81.35360358246682
35.0,81.0126582278481,68.08510638297872,84.02759626743065
31.0,65.88235294117646,49.122807017543856,74.53248909543541
29.0,61.36363636363637,44.26229508196721,72.09724855994709
34.0,50.467289719626166,33.75,66.82215747073721
41.0,39.455782312925166,24.576271186440678,62.19939648619499
35.0,8.938547486033519,4.678362573099415,52.176727132507295
27.0,54.94505494505495,37.878787878787875,68.89851738658342
31.0,76.31578947368422,61.702127659574465,80.8331165946585
33.0,62.0,44.927536231884055,72.42587799728612
33.0,80.0,66.66666666666666,83.31737928100405
29.0,72.0,56.25,78.10406239406569
33.0,76.92307692307693,62.5,81.23205240697165
36.0,71.7948717948718,56.00000000000001,77.97806492781368
36.0,48.148148148148145,31.70731707317073,65.79782603409285
37.0,0.0,0.0,49.8355787627551
38.0,49.523809523809526,32.91139240506329,66.40285472695837
30.0,66.66666666666666,50.0,74.9730802209416
40.0,71.57894736842105,55.73770491803278,77.8419289218619
41.0,83.11688311688312,71.11111111111111,85.542592888038
35.0,77.92207792207793,63.829787234042556,81.8979431124945
42.0,60.952380952380956,43.83561643835616,71.87692596008426
42.0,63.1578947368421,46.15384615384615,73.03504034856249
41.0,46.715328467153284,30.476190476190478,65.16530487434284
45.0,23.788546255506606,13.5,56.57751400825539
53.0,58.536585365853654,41.37931034482759,70.63879757369021
52.0,58.82352941176471,41.66666666666667,70.78447112476151
48.0,64.64646464646465,47.76119402985074,73.84569752545505
53.0,76.40449438202246,61.81818181818181,80.88815038019298
61.0,71.84466019417476,56.060606060606055,78.00138342680076
60.0,79.1044776119403,65.4320987654321,82.68811809368705
52.0,65.67164179104478,48.888888888888886,74.398565564687
48.0,47.20496894409938,30.89430894308943,65.36238842583089
41.0,31.155778894472363,18.452380952380953,59.089586627352105
17.0,32.323232323232325,19.27710843373494,59.57176793297593
25.0,58.82352941176471,41.66666666666667,70.79843871508047
26.0,67.6923076923077,51.162790697674424,75.5604598302345
31.0,68.57142857142857,52.17391304347826,76.06502319904014
29.0,65.71428571428571,48.93617021276596,74.44415832234215
21.0,55.55555555555556,38.46153846153847,69.19886876023729
29.0,64.28571428571429,47.368421052631575,73.65429966069533
36.0,69.04761904761905,52.72727272727272,76.33771257956154
38.0,0.0,0.0,49.935227997448976
22.0,44.44444444444444,28.57142857142857,64.23088316556435
25.0,65.75342465753424,48.97959183673469,74.46487168802759
31.0,78.94736842105263,65.21739130434783,82.59274223614871
29.0,81.69014084507043,69.04761904761905,84.51084763177211
30.0,71.05263157894737,55.10204081632652,77.52908577337494
30.0,67.53246753246754,50.98039215686274,75.46527085410435
31.0,68.4931506849315,52.083333333333336,76.01873591752906
38.0,64.93506493506493,48.07692307692308,74.01154283295219
38.0,41.269841269841265,26.0,62.96312022805653
27.0,58.42696629213483,41.269841269841265,70.59803130291664
29.0,68.4931506849315,52.083333333333336,76.01873591752906
35.0,82.5,70.2127659574468,85.09242290453558
31.0,73.68421052631578,58.333333333333336,79.14672569195183
28.0,66.66666666666666,50.0,74.97407776669989
30.0,47.45762711864407,31.11111111111111,65.49373853393953
35.0,63.04347826086957,46.03174603174603,72.98197268285209
41.0,65.06024096385542,48.214285714285715,74.07822902037641
37.0,0.0,0.0,49.89935427295919
38.0,57.6271186440678,40.476190476190474,70.18823683595731
33.0,71.7948717948718,56.00000000000001,77.97806492781368
39.0,80.89887640449437,67.9245283018868,83.94531161803553
33.0,65.11627906976744,48.275862068965516,74.10801957241048
30.0,47.45762711864407,31.11111111111111,65.49373853393953
36.0,46.96969696969697,30.693069306930692,65.27673706646763
38.0,49.6124031007752,32.98969072164948,66.43003202323699
44.0,63.46153846153846,46.478873239436616,73.20154498977993
45.0,0.0,0.0,49.89237882653062
29.0,43.54838709677419,27.835051546391753,63.84773375341483
34.0,56.14035087719298,39.02439024390244,69.46233870842218
36.0,76.40449438202246,61.81818181818181,80.88815038019298
39.0,70.58823529411765,54.54545454545454,77.24281103818399
32.0,55.769230769230774,38.666666666666664,69.28746817689327
34.0,46.03174603174603,29.896907216494846,64.88065294220559
36.0,44.274809160305345,28.431372549019606,64.14290026537665
44.0,54.86725663716814,37.80487804878049,68.85158649672049
39.0,0.0,0.0,49.89536830357143
61.0,71.62162162162163,55.78947368421052,77.85283990856178
49.0,63.07692307692307,46.06741573033708,72.98583711619078
38.0,75.51020408163265,60.65573770491803,80.30393538749163
41.0,74.74747474747475,59.67741935483871,79.813778984745
30.0,60.215053763440864,43.07692307692308,71.50157073523908
37.0,52.800000000000004,35.869565217391305,67.87595086747554
46.0,52.77777777777778,35.84905660377358,67.85671546531573
46.0,54.23728813559322,37.2093023255814,68.55080623617934
39.0,0.0,0.0,49.89935427295919
59.0,61.53846153846154,44.44444444444444,72.16237543001029
53.0,72.56637168141593,56.94444444444444,78.44130569684076
56.0,77.22772277227723,62.903225806451616,81.42867575102284
61.0,78.50467289719626,64.61538461538461,82.28475378293865
60.0,81.41592920353983,68.65671641791045,84.30741266736337
37.0,56.91056910569105,39.77272727272727,69.83351267607165
43.0,55.072463768115945,38.0,68.93817064900874
45.0,75.24752475247524,60.317460317460316,80.13379896881432
50.0,9.836065573770492,5.172413793103448,52.47657962926051
61.0,62.96296296296296,45.94594594594595,72.91312259890813
58.0,74.54545454545455,59.42028985507246,79.68222032396586
57.0,74.0,58.730158730158735,79.33915144469803
61.0,76.63551401869158,62.121212121212125,81.03567337884681
61.0,81.66666666666667,69.01408450704226,84.48509799194552
60.0,67.45562130177515,50.89285714285714,75.39155916062627
53.0,63.1578947368421,46.15384615384615,73.02106607085861
50.0,66.12903225806451,49.39759036144578,74.65690827536736
52.0,32.3943661971831,19.327731092436977,59.56815841005515
66.0,0.0,0.0,49.769810267857146
64.0,0.0,0.0,49.693080357142854
66.0,0.0,0.0,49.67813297193878
66.0,0.0,0.0,49.79671556122449
28.0,0.0,0.0,49.7737962372449
41.0,0.0,0.0,49.776785714285715
69.0,0.0,0.0,49.70503826530612
68.0,0.0,0.0,49.7429049744898
66.0,0.0,0.0,49.696069834183675
30.0,85.24590163934425,74.28571428571429,87.13388406209941
35.0,81.69014084507043,69.04761904761905,84.51084763177211
37.0,74.66666666666667,59.57446808510638,79.7682901165741
32.0,69.6969696969697,53.48837209302325,76.72424705981093
20.0,56.52173913043478,39.39393939393939,69.67703468510837
34.0,81.15942028985508,68.29268292682927,84.13337982984999
44.0,85.71428571428571,75.0,87.48803350618269
42.0,72.09302325581395,56.36363636363636,78.15788758056182
39.0,71.7948717948718,56.00000000000001,77.97806492781368
29.0,62.06896551724138,45.0,72.4780693010088
38.0,84.93150684931507,73.80952380952381,86.89379371251943
45.0,87.64044943820225,78.0,88.98903005764205
56.0,75.24752475247524,60.317460317460316,80.13379896881432
41.0,69.1358024691358,52.83018867924528,76.39016812122908
31.0,65.51724137931035,48.717948717948715,74.3390369623996
49.0,84.5360824742268,73.21428571428571,86.59218324808731
59.0,77.47747747747748,63.23529411764706,81.59271338240282
43.0,73.5632183908046,58.18181818181818,79.06797514068573
32.0,63.33333333333333,46.34146341463415,73.14880057108485
5.0,0.0,0.0,49.97508769132653
42.0,88.09523809523809,78.72340425531915,89.35172985058983
50.0,86.27450980392157,75.86206896551724,87.91707134544113
62.0,80.0,66.66666666666666,83.30939461644856
46.0,69.66292134831461,53.44827586206896,76.69721600462107
33.0,63.49206349206349,46.51162790697674,73.23288549029354
52.0,85.18518518518519,74.19354838709677,87.08081568566888
62.0,79.36507936507937,65.78947368421053,82.86880219740989
46.0,73.33333333333333,57.89473684210527,78.92343686530208
34.0,68.65671641791045,52.27272727272727,76.11542770032791
8.0,0.0,0.0,49.97508769132653
53.0,86.48648648648648,76.19047619047619,88.0802763971851
64.0,78.46153846153847,64.55696202531645,82.25055083809464
45.0,73.33333333333333,57.89473684210527,78.92343686530208
33.0,64.61538461538461,47.72727272727273,73.84070744328943
7.0,0.0,0.0,49.97409119897959
44.0,85.41666666666666,74.54545454545455,87.2587649709421
54.0,83.76068376068376,72.05882352941177,86.01045990243605
66.0,82.96296296296296,70.88607594936708,85.42009304252073
47.0,70.96774193548387,55.00000000000001,77.47307699978063
36.0,65.67164179104478,48.888888888888886,74.4215150669272
37.0,84.33734939759037,72.91666666666666,86.44536989024286
54.0,84.40366972477065,73.01587301587301,86.49098059331453
46.0,73.33333333333333,57.89473684210527,78.92343686530208
33.0,73.84615384615385,58.536585365853654,79.25134420629578
17.0,52.94117647058824,36.0,67.98405326210457
39.0,85.71428571428571,75.0,87.48903137028098
47.0,87.5,77.77777777777779,88.87692096293046
65.0,81.88976377952756,69.33333333333334,84.64372356555742
45.0,71.57894736842105,55.73770491803278,77.8419289218619
37.0,70.4225352112676,54.347826086956516,77.15297627252653
40.0,83.9506172839506,72.3404255319149,86.15724958140159
51.0,84.11214953271028,72.58064516129032,86.27336700425529
67.0,82.70676691729322,70.51282051282051,85.23346578203824
53.0,78.50467289719626,64.61538461538461,82.28475378293865
36.0,64.70588235294117,47.82608695652174,73.88911717128634
43.0,84.0909090909091,72.54901960784314,86.26054861602393
56.0,84.48275862068965,73.13432835820896,86.5492097832699
68.0,83.21167883211679,71.25,85.60205461002813
54.0,78.57142857142857,64.70588235294117,82.32900436964063
38.0,67.56756756756756,51.02040816326531,75.4862763434021
43.0,83.51648351648352,71.69811320754717,85.83409788982408
60.0,87.09677419354838,77.14285714285715,88.55546751640284
70.0,83.68794326241135,71.95121951219512,85.95266345045277
57.0,78.63247863247864,64.7887323943662,82.36943102862135
40.0,67.6056338028169,51.06382978723404,75.50898460170443
66.0,86.36363636363636,76.0,87.9820427382829
70.0,85.91549295774648,75.30864197530865,87.6343668820971
57.0,80.32786885245902,67.12328767123287,83.53770464117034
40.0,66.66666666666666,50.0,74.97607273887382
31.0,62.5,45.45454545454545,72.70933050124056
52.0,83.33333333333334,71.42857142857143,85.6963327510494
67.0,86.13138686131386,75.64102564102564,87.80155717671929
72.0,82.51748251748252,70.23809523809523,85.0941059824772
61.0,80.64516129032258,67.56756756756756,83.7598441117573
39.0,69.44444444444444,53.191489361702125,76.5738109208064
60.0,81.35593220338984,68.57142857142857,84.26377046190325
69.0,83.45323741007195,71.60493827160494,85.77952328800326
73.0,85.51724137931035,74.69879518072288,87.32844536144337
61.0,82.17054263565892,69.73684210526315,84.84547749378633
41.0,66.66666666666666,50.0,74.97607273887382
58.0,72.97297297297297,57.446808510638306,78.68350161775481
64.0,75.71428571428571,60.91954022988506,80.42585354969304
58.0,75.0,60.0,79.97007839460612
35.0,75.67567567567568,60.86956521739131,80.4168357314523
31.0,0.0,0.0,49.9691087372449
22.0,0.0,0.0,49.97807716836735
39.0,45.90163934426229,29.78723404255319,64.86072359597456
52.0,35.294117647058826,21.428571428571427,60.67042956246369
66.0,0.0,0.0,49.93423150510204
57.0,0.0,0.0,49.94319993622449
60.0,0.0,0.0,49.940210459183675
27.0,0.0,0.0,49.97309470663265
49.0,0.0,0.0,49.945192920918366
58.0,71.60493827160494,55.769230769230774,77.838723689017
72.0,77.00534759358288,62.60869565217392,81.26143708043791
78.0,86.3905325443787,76.04166666666666,87.99788061593118
79.0,82.27848101265823,69.89247311827957,84.91829858145026
85.0,84.78260869565217,73.58490566037736,86.7645076028343
80.0,88.75739644970415,79.7872340425532,89.87465532390529
80.0,86.79245283018868,76.66666666666667,88.3123781773671
53.0,77.68595041322314,63.51351351351351,81.72982623749645
76.0,79.14438502673798,65.48672566371681,82.70444222988644
83.0,85.86387434554975,75.22935779816514,87.58772956383284
89.0,86.29441624365482,75.89285714285714,87.91947762215624
89.0,85.41666666666666,74.54545454545455,87.24477981394978
88.0,86.51685393258427,76.23762376237624,88.09485930728445
83.0,87.05882352941177,77.08333333333334,88.51971145529787
64.0,79.6875,66.23376623376623,83.09094795478835
47.0,75.26881720430107,60.3448275862069,80.14947847071258
68.0,82.71604938271605,70.52631578947368,85.2352188019591
79.0,80.0,66.66666666666666,83.29440962380401
86.0,85.42713567839196,74.56140350877193,87.25175443850087
87.0,82.35294117647058,70.0,84.96406611834225
88.0,86.02150537634408,75.47169811320755,87.70989888094105
92.0,84.61538461538461,73.33333333333333,86.63872199711238
87.0,86.20689655172413,75.75757575757575,87.85483626105571
65.0,79.69924812030075,66.25,83.09806625700776
78.0,83.69565217391305,71.96261682242991,85.95136769383535
83.0,79.02439024390245,65.32258064516128,82.61837186764502
91.0,84.11214953271028,72.58064516129032,86.25638096023226
93.0,83.33333333333334,71.42857142857143,85.6783475279662
91.0,83.5820895522388,71.7948717948718,85.86449650591629
96.0,85.85858585858585,75.22123893805309,87.58267033644785
81.0,87.57396449704143,77.89473684210526,88.92641117383695
67.0,76.5625,62.0253164556962,80.98273423479047
83.0,76.92307692307693,62.5,81.2020919833919
89.0,80.36529680365297,67.17557251908397,83.5448618065792
92.0,82.72727272727273,70.54263565891473,85.23338231982373
94.0,84.42211055276381,73.04347826086956,86.49079606567393
96.0,82.6530612244898,70.43478260869566,85.18345578184059
83.0,84.88372093023256,73.73737373737373,86.84274031858008
66.0,81.81818181818183,69.23076923076923,84.591443032846
50.0,68.04123711340206,51.5625,75.75033840715554
79.0,76.61691542288557,62.096774193548384,81.0014799728795
88.0,78.70370370370371,64.8854961832061,82.39683165950946
91.0,78.11158798283262,64.08450704225352,81.99134007398689
102.0,87.1559633027523,77.23577235772358,88.58993146549744
105.0,83.87096774193549,72.22222222222221,86.07617051013277
100.0,84.72906403940887,73.50427350427351,86.72119245187722
73.0,84.81012658227847,73.62637362637363,86.78923901937732
58.0,76.42276422764228,61.8421052631579,80.8921272590401
90.0,79.82062780269058,66.4179104477612,83.16403338787525
93.0,81.81818181818183,69.23076923076923,84.5754532972518
92.0,80.0,66.66666666666666,83.28841060043392
109.0,86.99551569506725,76.98412698412699,88.4631092397821
101.0,81.48148148148148,68.75,84.33507027631369
98.0,83.0,70.94017094017094,85.43614859267745
71.0,80.55555555555556,67.44186046511628,83.69299615697652
51.0,66.0,49.25373134328358,74.5929626343285
75.0,0.0,0.0,49.38217474489796
81.0,0.0,0.0,49.45790816326531
86.0,0.0,0.0,49.58645567602041
84.0,0.0,0.0,49.679129464285715
97.0,0.0,0.0,49.78176817602041
92.0,0.0,0.0,49.74689094387755
95.0,0.0,0.0,49.839564732142854
62.0,80.0,66.66666666666666,83.3083961749724
70.0,28.389830508474578,16.543209876543212,57.934340175454544
83.0,25.546218487394956,14.64354527938343,56.87965687122865
87.0,30.039525691699602,17.674418604651162,58.48391588915193
90.0,29.230769230769234,17.117117117117118,58.283213878896156
104.0,54.00593471810089,36.99186991869919,68.34119801215982
88.0,88.39779005524862,79.20792079207921,89.58300063877356
94.0,85.0828729281768,74.03846153846155,86.99228412358914
60.0,79.03225806451613,65.33333333333333,82.64073253935005
84.0,84.375,72.97297297297297,86.45654337839186
90.0,90.21739130434783,82.17821782178217,91.0711423287339
68.0,85.29411764705883,74.35897435897436,87.15953426835745
53.0,70.58823529411765,54.54545454545454,77.24281103818399
10.0,0.0,0.0,49.99003507653062
11.0,21.052631578947366,11.76470588235294,55.837505422739156
8.0,0.0,0.0,49.99202806122449
47.0,0.0,0.0,49.95316485969388
88.0,29.304029304029307,17.167381974248926,58.19843068690089
92.0,32.75529865125241,19.5852534562212,59.444260754183155
95.0,38.034188034188034,23.482849604221638,61.45192852563189
108.0,54.74254742547425,37.6865671641791,68.67653370690233
89.0,85.56701030927834,74.77477477477478,87.35943937069844
98.0,89.79591836734694,81.48148148148148,90.72077587889757
73.0,81.37931034482759,68.6046511627907,84.2753886138993
44.0,71.73913043478261,55.932203389830505,77.94017584285216
90.0,29.577464788732392,17.355371900826448,58.27842059866045
94.0,33.52165725047081,20.13574660633484,59.715486456281006
96.0,38.66943866943867,23.969072164948454,61.69002497091941
110.0,56.36856368563685,39.24528301886793,69.46187301606442
102.0,86.51162790697674,76.22950819672131,88.08580215858069
97.0,88.77551020408163,79.81651376146789,89.88629597115299
72.0,83.33333333333334,71.42857142857143,85.69034126540711
47.0,69.47368421052632,53.2258064516129,76.58398592927453
76.0,51.61290322580645,34.78260869565217,67.25658456497442
90.0,30.654205607476637,18.101545253863137,58.680468798129716
92.0,32.541133455210236,19.432314410480352,59.3477981499963
97.0,38.445807770961146,23.79746835443038,61.59822700897111
110.0,52.52525252525253,35.61643835616438,67.62048950880595
104.0,85.58558558558559,74.80314960629921,87.36962655930463
99.0,88.11881188118812,78.76106194690266,89.35657266091515
72.0,81.94444444444444,69.41176470588235,84.67994305090794
74.0,44.0,28.205128205128204,63.934932891229046
85.0,28.990825688073397,16.95278969957082,58.09014417609237
91.0,32.38095238095238,19.318181818181817,59.30473583532516
88.0,37.5,23.076923076923077,61.24897682125816
103.0,49.87146529562982,33.21917808219178,66.41489665506582
102.0,84.84848484848484,73.68421052631578,86.80715977811457
112.0,88.78923766816143,79.83870967741935,89.89439327951084
78.0,83.01886792452831,70.96774193548387,85.4569302373488
80.0,43.20987654320987,27.559055118110237,63.59591681383498
90.0,31.444241316270567,18.655097613882862,58.9532225941245
92.0,35.039370078740156,21.241050119331742,60.291098262293296
96.0,39.82869379014989,24.86631016042781,62.15262076717355
106.0,51.26903553299492,34.470989761092156,67.04378244919312
99.0,84.21052631578947,72.72727272727273,86.32769387162358
111.0,86.48648648648648,76.19047619047619,88.06528601856078
75.0,82.89473684210526,70.78651685393258,85.36731705446815
94.0,8.875739644970414,4.643962848297214,52.01497000093137
88.0,0.0,0.0,49.84355070153062
66.0,81.69014084507043,69.04761904761905,84.49787073934087
64.0,0.0,0.0,49.93622448979592
31.0,0.0,0.0,49.9691087372449
12.0,0.0,0.0,49.98804209183674
45.0,0.0,0.0,49.955157844387756
29.0,0.0,0.0,49.92426658163265
44.0,0.0,0.0,49.820631377551024
52.0,39.19597989949749,24.375,62.06683063406266
63.0,70.27027027027027,54.166666666666664,77.0394421833852
70.0,52.903225806451616,35.96491228070175,67.90965270961387
51.0,41.42857142857143,26.126126126126124,62.98130343636556
46.0,62.8099173553719,45.78313253012048,72.84669012321174
60.0,75.40983606557377,60.526315789473685,80.23323569246276
74.0,81.15942028985508,68.29268292682927,84.1204037140132
76.0,80.3030303030303,67.08860759493672,83.51836760051286
60.0,70.0,53.84615384615385,76.89316128517581
49.0,69.0909090909091,52.77777777777778,76.35498247060335
63.0,87.71929824561403,78.125,89.04853519131788
75.0,86.13138686131386,75.64102564102564,87.80155717671929
82.0,74.07407407407408,58.82352941176471,79.37685268417705
58.0,74.50980392156863,59.375,79.66157156248754
53.0,75.43859649122807,60.56338028169014,80.25376442325386
63.0,84.29752066115702,72.85714285714285,86.40961881011756
77.0,86.52482269503547,76.25,88.10604359972064
82.0,81.87919463087249,69.31818181818183,84.63215286658867
65.0,74.54545454545455,59.42028985507246,79.68222032396586
55.0,69.29133858267717,53.01204819277109,76.46712678528684
69.0,79.06976744186046,65.38461538461539,82.66537502397851
81.0,85.91549295774648,75.30864197530865,87.6343668820971
84.0,84.0,72.41379310344827,86.18295066941815
65.0,75.0,60.0,79.97207483943032
67.0,82.17054263565892,69.73684210526315,84.84547749378633
88.0,83.66013071895425,71.91011235955057,85.93011205461563
82.0,80.55555555555556,67.44186046511628,83.69299615697652
65.0,77.19298245614034,62.857142857142854,81.40263988783896
22.0,34.66666666666667,20.967741935483872,60.43503018868167
72.0,80.31496062992126,67.10526315789474,83.52769392308701
86.0,85.71428571428571,75.0,87.47804829375374
92.0,85.71428571428571,75.0,87.47604981638193
63.0,75.86206896551724,61.111111111111114,80.52762928092059
48.0,25.49019607843137,14.606741573033707,57.227617741443794
60.0,78.18181818181819,64.17910447761194,82.06561590944207
70.0,85.03937007874016,73.97260273972603,86.96734761701994
84.0,87.89808917197452,78.4090909090909,89.18558602771887
97.0,86.51685393258427,76.23762376237624,88.09485930728445
81.0,78.75,64.94845360824742,82.44030347085689
61.0,87.60330578512396,77.94117647058823,88.95562504474287
72.0,88.40579710144928,79.22077922077922,89.59442632594383
83.0,86.79245283018868,76.66666666666667,88.3123781773671
65.0,72.56637168141593,56.94444444444444,78.44130569684076
25.0,28.57142857142857,16.666666666666664,58.258574058199265
54.0,88.67924528301887,79.66101694915254,89.81853935490503
66.0,91.72932330827066,84.72222222222221,92.35013635305465
87.0,87.71929824561403,78.125,89.04154233448433
84.0,90.05847953216374,81.91489361702128,90.94048040199554
67.0,75.0,60.0,79.97007839460612
57.0,89.90825688073394,81.66666666666667,90.82236120254554
72.0,90.0,81.81818181818183,90.89512247774574
90.0,90.05847953216374,81.91489361702128,90.94048040199554
89.0,89.26553672316385,80.61224489795919,90.28715923760964
78.0,71.53284671532847,55.68181818181818,77.80200789993417
62.0,85.71428571428571,75.0,87.48304239401496
77.0,89.04109589041096,80.24691358024691,90.10749223144371
88.0,87.86127167630057,78.35051546391753,89.15429964812643
91.0,90.60773480662984,82.82828282828282,91.39717331416936
83.0,78.37837837837837,64.44444444444444,82.19029756441465
79.0,89.33333333333333,80.72289156626506,90.34548058725953
92.0,88.76404494382022,79.7979797979798,89.87902862386365
98.0,88.29787234042553,79.04761904761905,89.50185036783962
82.0,77.33333333333333,63.04347826086957,81.48781918151424
52.0,25.0,14.285714285714285,57.03519734780949
66.0,86.88524590163934,76.81159420289855,88.38983636486128
82.0,87.17948717948718,77.27272727272727,88.61640674325275
94.0,87.29281767955801,77.45098039215686,88.70253472968324
99.0,86.91099476439791,76.85185185185185,88.40097233959649
90.0,74.68354430379746,59.59595959595959,79.75807317946712
71.0,84.12698412698413,72.6027397260274,86.2814189422787
80.0,89.47368421052632,80.95238095238095,90.46022496170177
98.0,85.86956521739131,75.23809523809524,87.59309796138348
100.0,88.2051282051282,78.89908256880734,89.42658261001756
91.0,77.01863354037268,62.62626262626263,81.27621548122805
72.0,84.12698412698413,72.6027397260274,86.2814189422787
76.0,87.5,77.77777777777779,88.8709294771594
92.0,86.36363636363636,76.0,87.97604790419162
98.0,88.42105263157895,79.24528301886792,89.60068191508756
99.0,80.0,66.66666666666666,83.29840737636212
92.0,83.14606741573034,71.15384615384616,85.54698415232924
96.0,83.42245989304813,71.55963302752293,85.74887715490482
101.0,85.27918781725889,74.33628318584071,87.13919485491827
87.0,47.179487179487175,30.87248322147651,65.33350871626389
29.0,0.0,0.0,49.903340242346935
25.0,81.48148148148148,68.75,84.36503070542729
37.0,86.74698795180723,76.59574468085107,88.28690305442632
45.0,95.65217391304348,91.66666666666666,95.82934386552834
39.0,90.69767441860465,82.97872340425532,91.48138356223097
28.0,81.9672131147541,69.44444444444444,84.71125534219989
13.0,75.86206896551724,61.111111111111114,80.54857857957629
30.0,92.3076923076923,85.71428571428571,92.85215741463497
43.0,89.13043478260869,80.3921568627451,90.18610535866884
47.0,91.0891089108911,83.63636363636363,91.80920515749959
43.0,90.52631578947368,82.6923076923077,91.33717772264238
30.0,81.15942028985508,68.29268292682927,84.13337982984999
15.0,77.77777777777779,63.63636363636363,81.81020765447225
29.0,85.29411764705883,74.35897435897436,87.16951649330456
41.0,88.17204301075269,78.84615384615384,89.41210654310285
45.0,92.78350515463917,86.53846153846155,93.26224906130554
39.0,85.39325842696628,74.50980392156863,87.24193774202809
30.0,78.26086956521739,64.28571428571429,82.12790171004691
18.0,80.0,66.66666666666666,83.32535885167465
34.0,83.33333333333334,71.42857142857143,85.70232065226682
42.0,87.2340425531915,77.35849056603774,88.66727759577444
44.0,87.75510204081633,78.18181818181819,89.07894092622715
41.0,81.31868131868131,68.51851851851852,84.24230638824069
33.0,78.94736842105263,65.21739130434783,82.59274223614871
19.0,66.66666666666666,50.0,74.98205670082538
32.0,86.48648648648648,76.19047619047619,88.08526681253228
43.0,89.58333333333334,81.13207547169812,90.55606426528078
46.0,92.0,85.18518518518519,92.58461333865284
42.0,82.10526315789474,69.64285714285714,84.80447502414812
36.0,78.48101265822784,64.58333333333334,82.27471582411007
22.0,72.72727272727273,57.14285714285714,78.55647522586673
31.0,83.78378378378379,72.09302325581395,86.03454632727879
44.0,87.12871287128714,77.19298245614034,88.58352545770394
47.0,89.52380952380953,81.03448275862068,90.50626968627837
44.0,83.33333333333334,71.42857142857143,85.69832911623242
37.0,77.5,63.26530612244898,81.61470511028223
25.0,72.72727272727273,57.14285714285714,78.55647522586673
33.0,80.48780487804879,67.3469387755102,83.65751501725474
45.0,84.11214953271028,72.58064516129032,86.27336700425529
47.0,86.23853211009175,75.80645161290323,87.88826440686255
43.0,84.5360824742268,73.21428571428571,86.59218324808731
36.0,77.10843373493977,62.745098039215684,81.35360358246682
25.0,72.41379310344827,56.75675675675676,78.36242782509356
35.0,83.33333333333334,71.42857142857143,85.7003250832652
51.0,82.35294117647058,70.0,84.97905320485965
47.0,83.92857142857143,72.3076923076923,86.13589247433929
45.0,81.55339805825243,68.85245901639344,84.40728029209588
39.0,80.89887640449437,67.9245283018868,83.94531161803553
29.0,78.125,64.1025641025641,82.03732420398092
31.0,80.51948051948052,67.3913043478261,83.68069554812783
40.0,83.33333333333334,71.42857142857143,85.69832911623242
46.0,86.79245283018868,76.66666666666667,88.31936963893877
42.0,88.42105263157895,79.24528301886792,89.61167091063874
33.0,80.51948051948052,67.3913043478261,83.68069554812783
37.0,67.56756756756756,51.02040816326531,75.4862763434021
31.0,73.80952380952381,58.490566037735846,79.22334663438293
44.0,82.2429906542056,69.84126984126983,84.9016849485612
47.0,83.92857142857143,72.3076923076923,86.13589247433929
44.0,83.80952380952381,72.1311475409836,86.04861853232057
36.0,84.33734939759037,72.91666666666666,86.44536989024286
34.0,78.26086956521739,64.28571428571429,82.12790171004691
37.0,82.22222222222221,69.81132075471697,84.88970473404689
45.0,80.73394495412845,67.6923076923077,83.82520914017762
49.0,85.96491228070175,75.38461538461539,87.67634822934363
43.0,82.35294117647058,70.0,84.98204811106235
36.0,84.33734939759037,72.91666666666666,86.44536989024286
33.0,71.42857142857143,55.55555555555556,77.757837995919
37.0,77.89473684210526,63.793103448275865,81.87560994229146
44.0,83.01886792452831,70.96774193548387,85.46591836261945
49.0,83.47826086956522,71.64179104477611,85.80194403818761
46.0,81.08108108108108,68.18181818181817,84.06996396713338
39.0,75.0,60.0,79.97606701236538
34.0,62.65060240963856,45.614035087719294,72.77611026569414
41.0,80.3921568627451,67.21311475409836,83.58661123164177
48.0,82.05128205128204,69.56521739130434,84.761662318378
50.0,80.99173553719008,68.05555555555556,84.00483604976692
50.0,79.66101694915254,66.19718309859155,83.07465330995328
41.0,78.78787878787878,65.0,82.47905738277122
35.0,64.28571428571429,47.368421052631575,73.65429966069533
42.0,75.0,60.0,79.97207483943032
54.0,77.27272727272727,62.96296296296296,81.45155629444906
56.0,73.91304347826086,58.620689655172406,79.2744346031473
53.0,76.42276422764228,61.8421052631579,80.8921272590401
43.0,72.54901960784314,56.92307692307692,78.43361608574317
35.0,63.04347826086957,46.03174603174603,72.98197268285209
72.0,82.75862068965517,70.58823529411765,85.26917551281028
64.0,77.02702702702703,62.637362637362635,81.28476204654899
58.0,72.72727272727273,57.14285714285714,78.53252505215636
53.0,74.19354838709677,58.97435897435898,79.45526247142047
43.0,74.50980392156863,59.375,79.66157156248754
36.0,65.1685393258427,48.333333333333336,74.13575753950053
69.0,73.75,58.415841584158414,79.1660188426409
68.0,80.0,66.66666666666666,83.30140485312899
53.0,66.66666666666666,50.0,74.95212256623046
53.0,71.54471544715447,55.69620253164557,77.81319342252908
45.0,71.02803738317756,55.072463768115945,77.50531720856235
38.0,57.391304347826086,40.243902439024396,70.07309095985481
75.0,0.0,0.0,49.77778220663265
72.0,20.967741935483872,11.711711711711711,55.66044209713203
68.0,38.70967741935484,24.0,61.82941622441243
54.0,38.52459016393443,23.85786802030457,61.779320014261685
49.0,34.97757847533632,21.195652173913043,60.45322230132915
31.0,34.53237410071942,20.869565217391305,60.344058410258896
10.0,0.0,0.0,49.99003507653062
17.0,0.0,0.0,49.98305963010204
15.0,0.0,0.0,49.9691087372449
17.0,73.68421052631578,58.333333333333336,79.1566989620297
19.0,70.0,53.84615384615385,76.91111567751254
20.0,57.14285714285714,40.0,69.9820588469819
18.0,72.3404255319149,56.666666666666664,78.32037454228886
19.0,70.58823529411765,54.54545454545454,77.2577745234151
19.0,58.82352941176471,41.66666666666667,70.8124007362958
18.0,73.91304347826086,58.620689655172406,79.29838286662208
18.0,72.72727272727273,57.14285714285714,78.55946684894053
22.0,65.21739130434783,48.38709677419355,74.17759974173484
18.0,69.23076923076923,52.94117647058824,76.4546386360278
18.0,69.23076923076923,52.94117647058824,76.4546386360278
22.0,69.38775510204081,53.125,76.54754754879482
18.0,69.38775510204081,53.125,76.54754754879482
19.0,71.69811320754717,55.88235294117647,77.92622342315717
20.0,62.5,45.45454545454545,72.70933050124056
20.0,70.37037037037037,54.285714285714285,77.12690722559734
21.0,71.1864406779661,55.26315789473685,77.6146314845033
23.0,70.37037037037037,54.285714285714285,77.12690722559734
20.0,70.17543859649122,54.054054054054056,77.01007990205693
19.0,69.0909090909091,52.77777777777778,76.37194210180034
25.0,67.85714285714286,51.35135135135135,75.6577320187584
12.0,33.80281690140845,20.33898305084746,60.12264518143202
15.0,37.5,23.076923076923077,61.488622021705496
25.0,62.5,45.45454545454545,72.69736305448454
18.0,44.44444444444444,28.57142857142857,64.24085603777776
18.0,44.44444444444444,28.57142857142857,64.24085603777776
25.0,62.5,45.45454545454545,72.69736305448454
18.0,46.75324675324675,30.508474576271187,65.21336644001565
18.0,40.909090909090914,25.71428571428571,62.805306659527325
27.0,66.66666666666666,50.0,74.9730802209416
20.0,51.94805194805194,35.08771929824561,67.50697473007025
18.0,47.368421052631575,31.03448275862069,65.47736738114455
26.0,62.33766233766234,45.28301886792453,72.61259732676814
22.0,50.0,33.33333333333333,66.62280177054672
19.0,41.86046511627907,26.47058823529412,63.18545161993981
33.0,68.88888888888889,52.54237288135594,76.24326740587888
23.0,54.11764705882353,37.096774193548384,68.50950607270784
21.0,47.19101123595505,30.88235294117647,65.39432172031408
33.0,68.08510638297872,51.61290322580645,75.7765377647858
23.0,50.0,33.33333333333333,66.62080699725507
29.0,54.20560747663551,37.17948717948718,68.54088722744874
33.0,68.04123711340206,51.5625,75.75033840715554
25.0,57.47126436781609,40.32258064516129,70.1244017261419
31.0,57.692307692307686,40.54054054054054,70.22639837620095
38.0,76.76767676767676,62.295081967213115,81.124604288884
25.0,41.66666666666667,26.31578947368421,63.088105500336354
51.0,69.38775510204081,53.125,76.51761221945137
50.0,76.92307692307693,62.5,81.22007540996688
100.0,69.00584795321637,52.67857142857143,76.28640944475642
184.0,82.69794721407625,70.5,85.19104127111021
264.0,86.78500986193293,76.65505226480836,88.26046712047369
336.0,91.12081513828238,83.68983957219251,91.7837521868744
392.0,90.07263922518159,81.93832599118943,90.88684029059111
475.0,89.19786096256685,80.5019305019305,90.14947607312807
557.0,85.12720156555773,74.10562180579217,86.90001944313452
609.0,78.544061302682,64.66876971608832,82.10933160883788
631.0,66.17801047120419,49.45226917057903,74.40222764585911
647.0,69.33066933066932,53.05810397553516,76.22099844465012
611.0,65.64885496183206,48.86363636363637,74.11602870813397
548.0,88.18443804034582,78.8659793814433,89.30928954791335
440.0,81.89349112426035,69.33867735470942,84.51581670264068
320.0,80.13136288998358,66.84931506849315,83.3034927501402
214.0,82.4074074074074,70.07874015748031,84.96336703861856
150.0,77.39463601532567,63.125,81.50358836744883
82.0,83.43558282208589,71.57894736842105,85.76253187851084
204.0,86.44501278772378,76.12612612612612,88.0100704820244
297.0,90.32258064516128,82.35294117647058,91.11634552811023
365.0,92.1875,85.5072463768116,92.69340882527304
421.0,91.33333333333333,84.04907975460122,91.94617154614417
519.0,91.61168708765317,84.52173913043478,92.17131432271387
586.0,92.14840379637619,85.44,92.6283437411869
624.0,91.8744971842317,84.97023809523809,92.38331479401558
650.0,90.07383100902379,81.94029850746269,90.8482398092757
654.0,91.10204081632654,83.65817091454272,91.71924628600287
625.0,70.98765432098766,55.02392344497608,77.22900532988102
560.0,86.89915174363809,76.83333333333333,88.27686982466727
451.0,79.26267281105991,65.64885496183206,82.64382064193705
346.0,78.90743550834598,65.16290726817043,82.44221972111141
212.0,85.84070796460178,75.1937984496124,87.53287617650882
160.0,83.61204013377926,71.83908045977012,85.8705901589574
132.0,83.26530612244898,71.32867132867133,85.62339625466197
228.0,89.7025171624714,81.32780082987551,90.61888240773487
329.0,92.60355029585799,86.22589531680441,93.06281028199083
381.0,93.0718954248366,87.04156479217605,93.46759090672631
450.0,90.82568807339449,83.19327731092437,91.51628509981735
540.0,89.66824644549763,81.27147766323024,90.52608750272148
599.0,89.27637314734089,80.62992125984252,90.19112847785941
640.0,89.7165991902834,81.35095447870778,90.54750980555437
651.0,90.4645476772616,82.58928571428571,91.17674922339909
655.0,93.53312302839116,87.85185185185185,93.84323629439899
619.0,86.28158844765343,75.87301587301587,87.78358427760817
555.0,81.81818181818183,69.23076923076923,84.42645128473119
435.0,81.20649651972158,68.359375,84.01712177126399
309.0,84.2443729903537,72.77777777777777,86.29072003846616
209.0,86.29213483146067,75.8893280632411,87.88364450537215
147.0,90.84745762711864,83.22981366459628,91.58792949326293
156.0,81.58844765342961,68.90243902439023,84.40028369132942
258.0,88.06262230919765,78.67132867132867,89.27460449702247
349.0,92.87749287749287,86.70212765957447,93.30091337843317
391.0,92.70166453265045,86.39618138424821,93.14087786039005
468.0,88.53575482406356,79.42973523421588,89.61343347899682
550.0,88.4313725490196,79.26186291739896,89.51227886945865
606.0,89.20606601248885,80.51529790660226,90.13585975932415
643.0,91.84826472962067,84.92537313432837,92.36088641799168
657.0,89.3061224489796,80.67846607669617,90.2072537520437
655.0,90.9967845659164,83.48082595870207,91.62753251170338
623.0,69.35817805383023,53.09033280507131,76.24822211971629
554.0,76.47668393782384,61.91275167785235,80.72849622361106
426.0,82.2429906542056,69.84126984126983,84.76809799064134
292.0,83.69028006589787,71.95467422096317,85.87818242917875
203.0,86.57407407407408,76.32653061224491,88.10525254331463
146.0,90.20979020979021,82.16560509554141,91.05482884305314
166.0,83.16831683168317,71.1864406779661,85.542271288034
267.0,85.2,74.21602787456446,87.03395913672982
352.0,92.80677009873061,86.57894736842105,93.23831714520117
402.0,91.33247089262613,84.04761904761905,91.95657150120952
472.0,87.7434135166094,78.16326530612245,88.97418783149996
564.0,87.35408560311284,77.54749568221071,88.64303414432091
607.0,87.99298860648554,78.56025039123631,89.14222609347216
653.0,86.09941027801179,75.59171597633136,87.62974503135506
660.0,82.01563857515204,69.5139911634757,84.54876284393002
657.0,84.74870017331023,73.53383458646616,86.58980859276816
622.0,67.9324894514768,51.43769968051119,75.41395956063911
549.0,71.06710671067107,55.11945392491467,77.29595146248742
426.0,77.92848335388409,63.83838383838384,81.73968931189148
302.0,83.84,72.1763085399449,85.98698025065923
212.0,87.19101123595505,77.29083665338645,88.58839779930337
151.0,90.23569023569024,82.20858895705521,91.07531881808238
173.0,82.80254777070064,70.65217391304348,85.27213659085815
273.0,88.76404494382022,79.7979797979798,89.83891660957681
362.0,93.90581717451524,88.51174934725849,94.21173076448544
411.0,93.9580764488286,88.60465116279069,94.25312385431431
479.0,89.97821350762527,81.78217821782178,90.79865095204735
573.0,86.39846743295018,76.0539629005059,87.88419613099705
612.0,88.54166666666666,79.43925233644859,89.58673847845665
649.0,87.123745819398,77.18518518518519,88.43752260971071
659.0,83.54866494401378,71.7455621301775,85.68059334497848
657.0,75.09433962264151,60.12084592145015,79.79524557312413
626.0,61.58940397350994,44.49760765550239,71.90008546792997
558.0,67.2686230248307,50.68027210884354,75.0494267236547
426.0,78.39805825242718,64.47105788423154,82.05700407901826
312.0,82.93460925039872,70.84468664850137,85.31516326174568
210.0,86.04651162790698,75.51020408163265,87.69509123887198
151.0,89.72602739726028,81.36645962732919,90.65325678938645
184.0,82.45614035087719,70.1492537313433,85.0146688362922
290.0,92.41379310344827,85.8974358974359,92.90463683947694
365.0,93.36941813261164,87.56345177664974,93.73255970663075
429.0,91.19420989143546,83.81374722838137,91.8335774978808
501.0,85.08771929824562,74.04580152671755,86.88632166799444
580.0,82.3069403714565,69.93355481727575,84.78488614142854
616.0,78.67298578199052,64.84375,82.19579433441852
658.0,80.27801911381407,67.05370101596516,83.29854459817851
667.0,79.75460122699386,66.3265306122449,82.93096909325465
656.0,65.02057613168725,48.170731707317074,73.7444111805739
628.0,44.36183395291202,28.503184713375795,63.8025654150714
552.0,68.32579185520362,51.890034364261176,75.66430979952644
417.0,81.21951219512195,68.37782340862422,84.034426621151
291.0,85.89951377633712,75.2840909090909,87.55489031840312
207.0,85.78088578088578,75.10204081632654,87.49001064660142
153.0,87.12871287128714,77.19298245614034,88.55752551789513
181.0,81.7910447761194,69.1919191919192,84.53500713887611
282.0,91.50779896013866,84.34504792332268,92.12343756961133
364.0,93.92712550607287,88.54961832061069,94.22965382595518
411.0,94.07496977025393,88.81278538812786,94.3571830610272
488.0,89.44504896626768,80.90551181102363,90.35529785266343
576.0,88.14814814814815,78.80794701986756,89.2752008741189
613.0,84.68468468468468,73.4375,86.54774448758702
660.0,79.6847635726795,66.22998544395924,82.88169089780071
672.0,79.61672473867596,66.13603473227207,82.83269485361566
664.0,76.7970882620564,62.33382570162481,80.9106520476609
630.0,71.06598984771574,55.118110236220474,77.2730598545932
560.0,69.83425414364642,53.65025466893039,76.55136078813547
433.0,82.63888888888889,70.41420118343196,85.05655561891443
323.0,81.91653786707882,69.3717277486911,84.56865524298172
217.0,88.49557522123894,79.36507936507937,89.63051471055311
152.0,91.74917491749174,84.7560975609756,92.35306726680793
96.0,83.04093567251462,71.0,85.47106077237801
205.0,88.2793017456359,79.01785714285714,89.46192763140976
332.0,88.02308802308802,78.6082474226804,89.22090901742992
383.0,91.22807017543859,83.87096774193549,91.86521967760069
439.0,93.33333333333333,87.5,93.68970576412895
532.0,91.07806691449815,83.61774744027304,91.71226703012323
593.0,90.86161879895562,83.25358851674642,91.5210625952645
637.0,82.174688057041,69.7428139183056,84.67026042390187
655.0,74.66918714555766,59.57767722473605,79.51965960833034
669.0,70.34883720930233,54.26008968609865,76.82289610677566
633.0,53.1322505800464,36.17693522906793,67.68403892011789
586.0,78.21681864235056,64.22628951747087,81.89723795013933
483.0,81.45695364238411,68.71508379888269,84.18889090660902
384.0,76.88022284122563,62.44343891402715,81.05538679168292
238.0,81.90854870775348,69.36026936026936,84.58908004735501
173.0,87.92569659442725,78.45303867403315,89.18754583899523
145.0,77.68595041322314,63.51351351351351,81.70284517175615
215.0,88.9423076923077,80.08658008658008,89.99728176179937
335.0,87.73448773448773,78.1491002570694,88.98933197004898
389.0,92.26993865030676,85.6492027334852,92.7613483546944
447.0,93.49503858875413,87.78467908902692,93.83304544578375
545.0,92.66055045871559,86.32478632478633,93.08186327573897
602.0,90.23972602739725,82.21528861154445,90.99283836808969
642.0,84.70790378006873,73.47242921013412,86.55707888459929
660.0,83.29048843187661,71.36563876651982,85.48660284069601
670.0,78.4878487848785,64.5925925925926,82.05604699995533
633.0,61.135371179039296,44.0251572327044,71.65583659294352
579.0,69.93464052287581,53.768844221105525,76.60761938264183
472.0,78.06060606060606,64.01590457256461,81.82642221848432
372.0,74.07407407407408,58.82352941176471,79.2365053219942
230.0,85.59837728194725,74.822695035461,87.34029778291612
170.0,89.23076923076924,80.55555555555556,90.24279946433211
156.0,80.0,66.66666666666666,83.28040742959855
236.0,86.78414096916299,76.65369649805449,88.26682303843879
347.0,89.00949796472185,80.1955990220049,90.01655252015026
397.0,93.46246973365618,87.72727272727273,93.80940860705874
466.0,91.8859649122807,84.98985801217039,92.42056760969875
553.0,91.12534309240623,83.69747899159664,91.75111076678346
606.0,91.13924050632912,83.72093023255815,91.75469511063801
643.0,86.19246861924687,75.73529411764706,87.70152072226163
658.0,85.80912863070539,75.1453488372093,87.40050019036808
665.0,88.90688259109312,80.02915451895043,89.87654755790149
633.0,78.25261158594492,64.27457098283932,81.90719948547158
569.0,72.06040992448759,56.323777403035415,77.9020676670488
458.0,75.61290322580645,60.788381742738586,80.20474757405358
350.0,78.328173374613,64.3765903307888,82.0480792328583
222.0,87.6889848812095,78.07692307692308,88.98143074183136
159.0,91.96141479099678,85.11904761904762,92.53454029864099
166.0,81.11888111888112,68.23529411764706,84.06371178115673
243.0,87.08333333333333,77.12177121771218,88.49884466183104
358.0,90.27962716378163,82.28155339805825,91.0675379406769
407.0,92.08282582216809,85.32731376975168,92.59839321966841
476.0,91.22426868905742,83.86454183266933,91.85087206194818
558.0,89.42486085343229,80.87248322147651,90.32153963464455
614.0,88.25065274151436,78.97196261682244,89.35008165269033
645.0,78.4878487848785,64.5925925925926,82.05604699995533
664.0,79.58297132927889,66.08946608946609,82.80840012707746
666.0,87.21311475409837,77.32558139534885,88.50567201263695
636.0,76.42585551330798,61.846153846153854,80.67395087333207
577.0,72.06823027718549,56.333333333333336,77.90381502735531
456.0,78.12895069532237,64.10788381742739,81.88048050137016
338.0,80.62992125984252,67.54617414248021,83.6498899558555
221.0,89.23076923076924,80.55555555555556,90.22875130348166
153.0,93.54838709677419,87.87878787878788,93.9194063317107
166.0,84.38538205980066,72.98850574712644,86.44729888846861
264.0,87.74703557312253,78.16901408450704,89.02244994972838
361.0,88.58695652173914,79.51219512195122,89.67184480270079
411.0,93.20388349514563,87.27272727272727,93.58012970320169
478.0,89.70099667774086,81.32530120481928,90.56922270262864
564.0,88.72320596458528,79.7319932998325,89.74426626762249
614.0,85.2575488454707,74.30340557275542,86.98468733241764
650.0,69.05916585838992,52.74074074074074,76.05021782119333
666.0,77.93594306049823,63.84839650145773,81.67489188537441
670.0,80.0,66.66666666666666,83.1040493429874
638.0,66.87435098650052,50.23400936037441,74.79707047230018
578.0,68.88150609080841,52.53378378378378,75.98513113785599
456.0,79.8507462686567,66.45962732919256,83.06734249821378
340.0,83.6923076923077,71.95767195767195,85.87263206732587
223.0,91.62995594713657,84.5528455284553,92.23839842865289
161.0,93.96825396825396,88.62275449101796,94.29238787955391
170.0,84.59016393442623,73.29545454545455,86.60077141123708
267.0,89.96282527881041,81.75675675675676,90.82430700416441
363.0,90.47619047619048,82.6086956521739,91.2321079898306
412.0,92.84848484848484,86.65158371040724,93.2665465797633
481.0,89.85823336968375,81.58415841584159,90.69863816620389
570.0,87.83658310120705,78.31125827814569,89.0238463493016
614.0,87.32638888888889,77.50385208012327,88.60496491429915
654.0,77.32142857142857,63.02765647743813,81.2585159334701
670.0,85.45603944124898,74.60545193687231,87.1244997722061
672.0,83.36134453781513,71.46974063400576,85.53559495468403
643.0,71.35777998017839,55.46995377503852,77.44490943930985
574.0,70.22900763358778,54.11764705882353,76.78502403488775
456.0,78.80299251870323,65.02057613168725,82.3398107293013
345.0,82.35294117647058,70.0,84.88579442997394
220.0,88.69565217391305,79.6875,89.79172086368365
159.0,92.6984126984127,86.3905325443787,93.17228006391431
172.0,85.26645768025078,74.31693989071039,87.11150751529924
279.0,87.68656716417911,78.07308970099668,88.97046687849138
364.0,90.78590785907859,83.12655086848635,91.49505850440629
420.0,91.13001215066828,83.70535714285714,91.77938687045871
497.0,89.46236559139786,80.93385214007782,90.36845340122862
576.0,87.41965105601469,77.65089722675367,88.68762165160621
618.0,81.10091743119267,68.20987654320987,83.89783649012747
656.0,67.50483558994198,50.948905109489054,75.1372859583209
674.0,76.58450704225352,62.05420827389444,80.75971908236448
671.0,79.43760984182776,65.88921282798835,82.7093075643441
638.0,67.76180698151951,51.24223602484472,75.30614790448993
574.0,69.89010989010988,53.71621621621622,76.58332773183952
453.0,78.57142857142857,64.70588235294117,82.18449648247845
326.0,84.55538221528862,73.24324324324324,86.52243316355128
224.0,89.80477223427332,81.49606299212599,90.70100233798499
161.0,92.40506329113924,85.88235294117646,92.91719086195342
170.0,84.07643312101911,72.52747252747253,86.2137802250503
273.0,88.88888888888889,80.0,89.93992310157002
365.0,91.55672823218998,84.42822384428223,92.14989229100262
418.0,91.08433734939759,83.6283185840708,91.7398591193377
486.0,88.09788654060067,78.72763419483101,89.25634421674053
575.0,87.1177015755329,77.17569786535303,88.44802677840943
617.0,84.93392070484582,73.81316998468607,86.7345320282025
656.0,72.4907063197026,56.85131195335277,78.12838365112302
674.0,78.82960413080895,65.05681818181817,82.28101378136326
677.0,81.15942028985508,68.29268292682927,83.9240074593905
645.0,69.52191235059762,53.282442748091604,76.33415893801714
580.0,70.75575027382256,54.74576271186441,77.10509406128594
463.0,79.06976744186046,65.38461538461539,82.52080346989379
364.0,82.11143695014663,69.65174129353234,84.70361635784522
229.0,89.55223880597015,81.08108108108108,90.49150719786752
167.0,93.25153374233128,87.35632183908046,93.65617147447387
100.0,83.7696335078534,72.07207207207207,86.00509544197664
234.0,77.30337078651685,63.003663003663,81.40083958118515
355.0,84.94623655913979,73.83177570093457,86.80357336992176
409.0,84.472049689441,73.11827956989248,86.43372843572078
478.0,62.972972972972975,45.956607495069036,72.7039910310377
566.0,74.52547452547452,59.39490445859873,79.4414435551231
621.0,77.6173285198556,63.421828908554566,81.46164818161215
709.0,77.12854757929884,62.77173913043478,81.1102932688019
724.0,76.2384550797649,61.601085481682496,80.51596046337856
746.0,75.12437810945273,60.1593625498008,79.77801001612679
683.0,64.02378592666005,47.08454810495627,73.17820368559951
637.0,38.742138364779876,24.024960998439937,61.52569468497824
528.0,41.29213483146067,26.017699115044245,62.591091856988434
430.0,0.0,0.0,49.510722257653065
274.0,61.92660550458715,44.85049833887043,72.25938517790826
182.0,87.3900293255132,77.60416666666666,88.7591065408013
108.0,80.0,66.66666666666666,83.28541001064961
115.0,82.35294117647058,70.0,84.95206136145733
127.0,81.5068493150685,68.78612716763006,84.33912507371654
131.0,81.48148148148148,68.75,84.32506591299484
134.0,30.67484662576687,18.115942028985508,58.945311246990606
127.0,12.244897959183673,6.521739130434782,53.13229899093549
116.0,71.7948717948718,56.00000000000001,77.93412121696079
75.0,73.13432835820896,57.647058823529406,78.78762062009554
117.0,82.73092369477911,70.54794520547945,85.23103529121457
126.0,82.4742268041237,70.17543859649122,85.03677635434279
133.0,83.11688311688312,71.11111111111111,85.50360542767832
143.0,82.31884057971014,69.95073891625616,84.91441090994086
148.0,85.44303797468355,74.58563535911603,87.24685536865296
135.0,81.5068493150685,68.78612716763006,84.33912507371654
122.0,84.7328244274809,73.50993377483444,86.71501881990497
71.0,71.3375796178344,55.44554455445545,77.67788001864831
117.0,85.23206751054853,74.26470588235294,87.09740536254442
122.0,84.47653429602889,73.125,86.51955068019737
133.0,83.11688311688312,71.11111111111111,85.50360542767832
152.0,82.75862068965517,70.58823529411765,85.23415602249854
158.0,83.7465564738292,72.03791469194313,85.95998565238449
143.0,78.94736842105263,65.21739130434783,82.53675464380078
125.0,69.75308641975309,53.55450236966824,76.67937450944511
84.0,73.73737373737373,58.4,79.14810689978644
116.0,88.42975206611571,79.25925925925927,89.60166821637992
127.0,86.41114982578398,76.07361963190185,87.99785033381234
150.0,82.06686930091185,69.58762886597938,84.7348627733506
158.0,78.89447236180904,65.14522821576763,82.48864601575883
171.0,76.40449438202246,61.81818181818181,80.8041035075791
160.0,75.35545023696683,60.45627376425855,80.12417223011097
134.0,78.89908256880734,65.15151515151516,82.50682237484644
119.0,85.6,74.82517482517483,87.3766370241235
118.0,86.88524590163934,76.81159420289855,88.37384183881696
136.0,88.73239436619718,79.74683544303798,89.84144968955096
141.0,80.93841642228739,67.98029556650246,83.92519714573574
155.0,83.7465564738292,72.03791469194313,85.95998565238449
163.0,83.20413436692506,71.23893805309734,85.55448852070042
151.0,83.0945558739255,71.07843137254902,85.48025224360896
140.0,83.38762214983714,71.50837988826815,85.70323885717755
108.0,76.27118644067797,61.64383561643836,80.76601396283326
119.0,86.05577689243027,75.52447552447552,87.72728529758969
129.0,86.64259927797833,76.43312101910828,88.17960190319327
140.0,80.22922636103151,66.98564593301435,83.42387261076331
154.0,77.77777777777779,63.63636363636363,81.7302205211525
171.0,81.55339805825243,68.85245901639344,84.35024166625142
158.0,79.28388746803068,65.67796610169492,82.75801705656505
167.0,86.98060941828255,76.9607843137255,88.43341001007852
129.0,75.6578947368421,60.84656084656085,80.34937059327302
126.0,81.58844765342961,68.90243902439023,84.40028369132942
133.0,87.32394366197182,77.5,88.71403740110286
140.0,84.21052631578947,72.72727272727273,86.31267713102247
155.0,80.73878627968337,67.69911504424779,83.7765910866842
174.0,83.2512315270936,71.30801687763713,85.58601795748595
168.0,82.41206030150754,70.08547008547008,84.97275183870401
161.0,86.36363636363636,76.0,87.95202302894612
144.0,77.55102040816327,63.33333333333333,81.60074840531075
128.0,82.22222222222221,69.81132075471697,84.85772269634381
142.0,88.58131487889274,79.5031055900621,89.71858444464742
146.0,83.17460317460318,71.19565217391305,85.54487374406511
153.0,82.55813953488372,70.29702970297029,85.08855562376
170.0,81.9753086419753,69.4560669456067,84.65504806988393
162.0,80.60453400503779,67.51054852320675,83.67829889372109
163.0,86.42659279778393,76.09756097560975,87.99980007996801
138.0,77.50865051903114,63.2768361581921,81.57350117273619
109.0,86.60714285714286,76.37795275590551,88.15902370317889
118.0,83.33333333333334,71.42857142857143,85.67034371772118
126.0,83.38983050847457,71.51162790697676,85.70686583849027
137.0,80.3680981595092,67.17948717948717,83.52580113795021
145.0,80.5111821086262,67.37967914438502,83.62890051125345
130.0,80.3921568627451,67.21311475409836,83.54662090970457
106.0,79.51807228915662,66.0,82.94907841923438
120.0,65.71428571428571,48.93617021276596,74.3962388573559
113.0,86.95652173913044,76.92307692307693,88.43158399233167
123.0,85.71428571428571,75.0,87.46204706164356
134.0,85.8108108108108,75.14792899408283,87.5320056167441
138.0,80.73394495412845,67.6923076923077,83.78320923740954
151.0,80.69164265129683,67.6328502415459,83.74947332606514
136.0,78.48101265822784,64.58333333333334,82.22373731319428
110.0,80.7843137254902,67.76315789473685,83.83265038307229
111.0,65.97938144329896,49.23076923076923,74.54953212496316
115.0,87.82608695652175,78.29457364341084,89.11932875879978
123.0,85.07462686567165,74.02597402597402,86.97303655155919
133.0,85.13513513513513,74.11764705882354,87.01486748545572
140.0,79.15407854984893,65.5,82.68106204416026
154.0,79.88980716253444,66.5137614678899,83.18392596590114
138.0,82.35294117647058,70.0,84.94304897787902
113.0,79.70479704797047,66.25766871165644,83.07390905423838
91.0,73.224043715847,57.758620689655174,78.83041693246653
111.0,89.36170212765957,80.76923076923077,90.35965083427686
121.0,86.82170542635659,76.71232876712328,88.32220784792726
133.0,82.03389830508473,69.54022988505747,84.71717317846921
144.0,72.58883248730965,56.97211155378486,78.37812700987867
160.0,76.73860911270984,62.2568093385214,81.03143569933108
150.0,76.0204081632653,61.31687242798354,80.56448694659618
127.0,72.30320699708454,56.62100456621004,78.21560098045977
150.0,68.82352941176471,52.46636771300448,76.12730878908181
118.0,87.39495798319328,77.61194029850746,88.77601328713519
126.0,89.2988929889299,80.66666666666666,90.30436519828189
138.0,80.96676737160121,68.02030456852792,83.94720515984847
137.0,75.84269662921348,61.085972850678736,80.45705688756036
150.0,77.33333333333333,63.04347826086957,81.43679179778103
150.0,83.96501457725948,72.36180904522614,86.12593970009948
129.0,87.10801393728222,77.1604938271605,88.54328461512468
104.0,74.50980392156863,59.375,79.63560379241517
114.0,86.85258964143426,76.76056338028168,88.34732585096535
129.0,84.02777777777779,72.45508982035929,86.1815954545808
132.0,76.60818713450293,62.08530805687204,80.9627259636943
136.0,70.83333333333334,54.83870967741935,77.30744436708697
163.0,79.60687960687962,66.12244897959184,82.97824772329054
146.0,78.59078590785907,64.73214285714286,82.28712037822264
162.0,88.0466472303207,78.64583333333334,89.28193715642179
146.0,78.43137254901961,64.51612903225806,82.19213835343126
121.0,85.0574712643678,74.0,86.96105063417558
130.0,86.21908127208481,75.77639751552795,87.84924083232345
136.0,81.59509202453987,68.9119170984456,84.39601010488494
147.0,76.71957671957672,62.231759656652365,81.02793435451994
171.0,78.17745803357315,64.1732283464567,81.99563782707835
162.0,81.67539267015707,69.02654867256636,84.44330232508766
150.0,82.73809523809523,70.55837563451777,85.22123070552156
147.0,74.26470588235294,59.06432748538012,79.46226858542596
120.0,84.16988416988417,72.66666666666667,86.29238819981225
131.0,84.64163822525597,73.37278106508876,86.64143728392295
142.0,80.48048048048048,67.33668341708542,83.60339626271721
138.0,76.61971830985915,62.10045662100456,80.96729465742473
166.0,79.12621359223301,65.46184738955823,82.64494604896703
153.0,77.92207792207793,63.829787234042556,81.82993779404923
136.0,80.74534161490683,67.70833333333334,83.79222365423811
118.0,75.69721115537848,60.89743589743589,80.38781660888847
113.0,34.57446808510639,20.90032154340836,60.204705682003315
127.0,41.0,25.78616352201258,62.65752460845309
137.0,55.5045871559633,38.41269841269842,69.01256237186713
149.0,41.81818181818181,26.436781609195403,62.834682422967745
159.0,40.75342465753425,25.591397849462368,62.450092915581614
143.0,35.86206896551724,21.84873949579832,60.55290465762915
131.0,0.0,0.0,49.61734693877551
115.0,0.0,0.0,49.66119260204081
49.0,62.745098039215684,45.714285714285715,72.81925198286079
53.0,79.59183673469387,66.10169491525424,83.03090210788542
77.0,84.81012658227847,73.62637362637363,86.78923901937732
111.0,90.04329004329004,81.88976377952756,90.92191496213957
134.0,89.1156462585034,80.3680981595092,90.1520778538579
166.0,88.33333333333333,79.1044776119403,89.5102530811166
146.0,88.67924528301887,79.66101694915254,89.7945336569486
128.0,86.92579505300353,76.875,88.40053917847082
112.0,87.5,77.77777777777779,88.85893142848266
82.0,83.52941176470588,71.71717171717171,85.83064453536463
42.0,86.07594936708861,75.55555555555556,87.76680892930744
64.0,79.3103448275862,65.71428571428571,82.83320509532359
108.0,82.1256038647343,69.67213114754098,84.79913279143435
122.0,86.56716417910447,76.31578947368422,88.12193788506424
148.0,87.1951219512195,77.29729729729729,88.60667635036552
184.0,88.94472361809045,80.09049773755656,90.00124798876068
166.0,88.02228412256268,78.60696517412936,89.26049806149388
145.0,88.25396825396825,78.97727272727273,89.45166372339015
116.0,88.35341365461848,79.13669064748201,89.53938355327801
103.0,84.42211055276381,73.04347826086956,86.49079606567393
56.0,78.78787878787878,65.0,82.47905738277122
90.0,67.58620689655173,51.041666666666664,75.47395241087638
117.0,80.8695652173913,67.88321167883211,83.8976787583706
139.0,88.8135593220339,79.8780487804878,89.90605406353794
154.0,86.6096866096866,76.38190954773869,88.14397732304575
189.0,88.72549019607843,79.73568281938326,89.82183680923158
182.0,86.95652173913044,76.92307692307693,88.41054458080416
166.0,90.02849002849003,81.86528497409327,90.89765508251226
131.0,88.80597014925374,79.86577181208054,89.90292006709666
109.0,87.73584905660378,78.15126050420169,89.04967334057397
57.0,77.22772277227723,62.903225806451616,81.42867575102284
93.0,67.08860759493672,50.476190476190474,75.18622284418426
125.0,83.66533864541833,71.91780821917808,85.91796224703387
150.0,88.41463414634147,79.23497267759562,89.57950988419967
166.0,86.47214854111405,76.16822429906543,88.03312540608601
199.0,88.62559241706161,79.57446808510639,89.73922348022948
187.0,88.0,78.57142857142857,89.23771428571429
163.0,88.45070422535211,79.29292929292929,89.6054802205465
132.0,89.8876404494382,81.63265306122449,90.78935673678133
110.0,87.96296296296296,78.51239669421489,89.2302403989834
62.0,83.47826086956522,71.64179104477611,85.80194403818761
103.0,67.81609195402298,51.30434782608696,75.59630464712572
133.0,87.02290076335878,77.02702702702703,88.47955562129985
157.0,87.95180722891565,78.49462365591397,89.20733581356562
176.0,85.93350383631714,75.33632286995515,87.6131702335698
197.0,88.62559241706161,79.57446808510639,89.73922348022948
194.0,88.13559322033898,78.78787878787878,89.34493351323371
181.0,88.82978723404256,79.90430622009569,89.91016066868728
137.0,90.27777777777779,82.27848101265823,91.1112662426517
116.0,86.8421052631579,76.74418604651163,88.34213915221721
84.0,72.72727272727273,57.14285714285714,78.53252505215636
112.0,68.75,52.38095238095239,76.13060790071367
149.0,86.01398601398601,75.4601226993865,87.69010370479684
167.0,88.0,78.57142857142857,89.24373275758666
179.0,86.27450980392157,75.86206896551724,87.87503448275862
204.0,88.58447488584474,79.50819672131148,89.70408035417341
204.0,86.63594470046083,76.42276422764228,88.15336819047954
183.0,90.15544041450777,82.0754716981132,90.99973736899581
148.0,91.50326797385621,84.33734939759037,92.14269340532648
117.0,90.43478260869566,82.53968253968253,91.24787290428766
85.0,74.17218543046357,58.94736842105262,79.43477758642416
114.0,70.53140096618358,54.47761194029851,77.17793137182181
150.0,88.11188811188812,78.75,89.34103396603396
177.0,89.13043478260869,80.3921568627451,90.15608802906911
186.0,86.13138686131386,75.64102564102564,87.76351168049001
198.0,88.53211009174312,79.42386831275721,89.66191715059664
200.0,89.47368421052632,80.95238095238095,90.43218079406041
186.0,90.18567639257294,82.1256038647343,91.02580637183442
145.0,89.49152542372882,80.98159509202453,90.45982480202697
117.0,89.17748917748918,80.46875,90.2094114467877
99.0,72.61904761904762,57.009345794392516,78.45877845441466
114.0,72.38095238095238,56.71641791044776,78.30032472368696
150.0,86.77966101694915,76.64670658682635,88.28439069750524
179.0,89.24731182795699,80.58252427184466,90.25127013432265
187.0,85.71428571428571,75.0,87.4409988199764
200.0,86.74157303370787,76.5873015873016,88.23463072682807
203.0,89.04109589041096,80.24691358024691,90.07543854318962
191.0,91.37055837563452,84.11214953271028,92.02207204613752
152.0,92.06349206349206,85.29411764705883,92.62207431392537
119.0,87.76371308016878,78.19548872180451,89.06878606085432
98.0,51.470588235294116,34.65346534653465,67.26091826988487
94.0,58.156028368794324,41.0,70.44115887104817
118.0,74.25742574257426,59.055118110236215,79.47566388336504
115.0,91.28630705394191,83.96946564885496,91.96376050788531
145.0,90.25974025974025,82.24852071005917,91.09428253861374
173.0,90.70422535211267,82.9896907216495,91.46185525785565
162.0,90.14925373134328,82.06521739130434,90.9996251874063
151.0,90.44585987261146,82.55813953488372,91.24909015357929
122.0,90.27237354085604,82.26950354609929,91.10978173709279
151.0,74.10358565737052,58.86075949367089,79.36548746801829
92.0,59.25925925925925,42.10526315789473,70.99778077313917
97.0,64.55696202531645,47.66355140186916,73.7759153518074
123.0,79.27927927927928,65.67164179104478,82.78990171328313
133.0,87.91208791208791,78.43137254901961,89.18272319316091
160.0,89.14956011730204,80.42328042328042,90.1746579631195
185.0,91.38381201044386,84.13461538461539,92.03430835229449
179.0,90.42553191489363,82.52427184466019,91.22614024181176
171.0,89.14285714285714,80.41237113402062,90.16820076093275
137.0,89.62962962962962,81.20805369127517,90.57605761179481
117.0,87.67123287671232,78.04878048780488,88.99743337489285
96.0,60.689655172413794,43.56435643564357,71.72532830160061
108.0,67.42857142857143,50.86206896551724,75.37416755137805
131.0,79.83193277310924,66.43356643356644,83.16886085101575
158.0,89.76897689768977,81.437125748503,90.68758765442735
172.0,89.86301369863014,81.59203980099502,90.75902877836683
188.0,89.0,80.18018018018019,90.04608833001969
193.0,90.0990099009901,81.98198198198197,90.95098619041492
178.0,89.50276243093923,81.0,90.46201063702163
149.0,90.3448275862069,82.38993710691824,91.16699373079952
149.0,79.23076923076923,65.60509554140127,82.74862649576204
92.0,65.27777777777779,48.45360824742268,74.1769327917478
111.0,65.92178770949721,49.166666666666664,74.52247574010148
138.0,83.72093023255815,72.0,85.9580570424223
178.0,86.13569321533923,75.64766839378238,87.77686237998135
180.0,88.71391076115486,79.71698113207547,89.81549658519505
194.0,87.92270531400966,78.44827586206897,89.17413193031439
209.0,85.37735849056604,74.48559670781893,87.1807921532894
178.0,90.35812672176309,82.41206030150754,91.17103854873825
148.0,93.19727891156462,87.26114649681529,93.61058883624914
161.0,81.00358422939068,68.07228915662651,83.98321127427634
95.0,68.42105263157895,52.0,75.95211874551113
112.0,66.29834254143645,49.586776859504134,74.73252962218562
142.0,87.31343283582089,77.48344370860927,88.70776192701884
174.0,88.88888888888889,80.0,89.962018231249
184.0,89.74358974358975,81.3953488372093,90.65767521858865
210.0,87.98185941043084,78.54251012145748,89.21823597385747
196.0,87.94326241134752,78.48101265822784,89.18949612707353
186.0,88.88888888888889,80.0,89.95800671892498
169.0,88.67924528301887,79.66101694915254,89.7945336569486
156.0,80.28673835125448,67.06586826347305,83.47800444173971
98.0,67.5,50.943396226415096,75.41982468437389
114.0,69.43005181347151,53.17460317460318,76.52842992751991
150.0,86.02150537634408,75.47169811320755,87.6968926877369
180.0,89.45868945868945,80.9278350515464,90.42693158043242
209.0,89.47368421052632,80.95238095238095,90.43218079406041
222.0,89.086859688196,80.32128514056225,90.1116190389861
213.0,86.93693693693693,76.89243027888446,88.38819541273514
206.0,86.64987405541562,76.44444444444444,88.16922646188306
181.0,87.24035608308606,77.36842105263158,88.64123545185898
164.0,81.37931034482759,68.6046511627907,84.24838814881714
103.0,70.58823529411765,54.54545454545454,77.22284300423019
117.0,70.70707070707071,54.6875,77.28587269987625
150.0,87.01754385964912,77.01863354037268,88.4723552102087
182.0,88.76712328767124,79.80295566502463,89.86048930929881
207.0,88.88888888888889,80.0,89.95298871729216
222.0,89.51965065502183,81.02766798418972,90.4658061359383
214.0,86.23024830699775,75.79365079365078,87.83580709133373
206.0,85.27918781725889,74.33628318584071,87.11015087143579
176.0,87.87878787878788,78.37837837837837,89.14921397382271
165.0,80.82191780821918,67.81609195402298,83.8521108617452
106.0,71.91011235955057,56.14035087719298,78.02028718827721
115.0,71.35678391959799,55.46875,77.67749444915677
147.0,86.20689655172413,75.75757575757575,87.83882863721428
189.0,89.13043478260869,80.3921568627451,90.15608802906911
208.0,87.79342723004694,78.24267782426779,89.06932746961654
228.0,89.46236559139786,80.93385214007782,90.41789468995566
215.0,87.14596949891067,77.22007722007721,88.55101027643848
207.0,86.0,75.43859649122807,87.66330272525566
189.0,85.95988538681948,75.37688442211056,87.63946767781256
168.0,80.67796610169492,67.61363636363636,83.74988308782534
101.0,0.0,0.0,49.808673469387756
88.0,0.0,0.0,49.783761160714285
134.0,0.0,0.0,49.7429049744898
175.0,58.38264299802761,41.22562674094708,70.40193146434098
202.0,58.09682804674458,40.94117647058824,70.21959827489253
214.0,60.37735849056604,43.24324324324324,71.47480954108471
210.0,75.97765363128491,61.261261261261254,80.54469937563462
206.0,62.35011990407674,45.29616724738676,72.49122793093072
184.0,68.85245901639344,52.5,76.13611388611389
169.0,57.861635220125784,40.707964601769916,70.15313494487553
35.0,70.27027027027027,54.166666666666664,77.06139913592556
43.0,82.4742268041237,70.17543859649122,85.07076541281398
46.0,86.27450980392157,75.86206896551724,87.91707134544113
37.0,84.0909090909091,72.54901960784314,86.26054861602393
21.0,55.88235294117647,38.775510204081634,69.35784900717869
35.0,77.5,63.26530612244898,81.61470511028223
46.0,82.82828282828282,70.6896551724138,85.3278733626106
51.0,87.5,77.77777777777779,88.87492435879533
43.0,83.16831683168317,71.1864406779661,85.5762657772086
23.0,66.66666666666666,50.0,74.97806755194003
37.0,82.35294117647058,70.0,84.98504218104944
46.0,86.53846153846155,76.27118644067797,88.1216298044885
55.0,90.5982905982906,82.8125,91.39527699359576
48.0,85.98130841121495,75.40983606557377,87.68995693164983
35.0,75.60975609756098,60.78431372549019,80.37221469503146
38.0,79.12087912087912,65.45454545454545,82.70832577872865
49.0,85.21739130434783,74.24242424242425,87.1042551918128
58.0,89.92248062015504,81.69014084507043,90.83210103030088
51.0,88.69565217391305,79.6875,89.83078241895261
37.0,75.0,60.0,79.97606701236538
41.0,78.84615384615384,65.07936507936508,82.5177417797344
52.0,85.71428571428571,75.0,87.48304239401496
61.0,92.3076923076923,85.71428571428571,92.84716600344343
56.0,90.0,81.81818181818183,90.8971201178216
40.0,73.26732673267327,57.8125,78.87932485191169
48.0,79.3103448275862,65.71428571428571,82.83320509532359
57.0,86.82170542635659,76.71232876712328,88.33920508587609
68.0,90.78014184397163,83.11688311688312,91.54547061335855
56.0,91.66666666666666,84.61538461538461,92.2977164492697
40.0,73.26732673267327,57.8125,78.87932485191169
53.0,68.87417218543047,52.52525252525253,76.2157425342726
60.0,84.05797101449275,72.5,86.2280517977573
68.0,90.0,81.81818181818183,90.89512247774574
63.0,89.05109489051095,80.26315789473685,90.11661336820052
54.0,72.05882352941177,56.32183908045977,78.12301581569021
60.0,75.0,60.0,79.96009258520233
64.0,84.56375838926175,73.25581395348837,86.60495883953428
73.0,89.65517241379311,81.25,90.61003322623775
64.0,89.20863309352518,80.51948051948052,90.24477438194165
52.0,58.59872611464968,41.44144144144144,70.65588928246021
47.0,80.8080808080808,67.79661016949152,83.87935662455747
47.0,84.0,72.41379310344827,86.1909393171129
49.0,86.23853211009175,75.80645161290323,87.88826440686255
39.0,85.0574712643678,74.0,86.98703603980933
24.0,0.0,0.0,49.95814732142857
46.0,76.52173913043478,61.97183098591549,80.95898658527403
52.0,83.63636363636363,71.875,85.91954667863556
57.0,90.0,81.81818181818183,90.8971201178216
50.0,88.28828828828829,79.03225806451613,89.50316196859976
30.0,80.59701492537313,67.5,83.7370386248978
44.0,77.35849056603774,63.07692307692307,81.51452616397266
52.0,84.68468468468468,73.4375,86.7017937471324
59.0,90.0,81.81818181818183,90.8971201178216
51.0,86.79245283018868,76.66666666666667,88.31936963893877
34.0,71.64179104477611,55.81395348837209,77.88803432912783
55.0,75.177304964539,60.22727272727273,80.07872225235013
60.0,85.03937007874016,73.97260273972603,86.96734761701994
64.0,92.3076923076923,85.71428571428571,92.84716600344343
55.0,90.0,81.81818181818183,90.8971201178216
44.0,60.0,42.857142857142854,71.3846969096954
62.0,76.12903225806451,61.458333333333336,80.69225304454244
65.0,88.05970149253731,78.66666666666666,89.31737068592827
65.0,91.6030534351145,84.50704225352112,92.2425465876912
63.0,86.15384615384616,75.67567567567568,87.81988093440607
45.0,56.48854961832062,39.361702127659576,69.62400908453223
65.0,65.93406593406593,49.18032786885246,74.52830744148984
66.0,79.47019867549669,65.93406593406593,82.93610472056477
68.0,91.66666666666666,84.61538461538461,92.2957186497398
64.0,90.22556390977444,82.1917808219178,91.08292050114966
37.0,52.459016393442624,35.55555555555556,67.71994433808409
80.0,54.092526690391466,37.073170731707314,68.4078428508836
68.0,80.50314465408806,67.36842105263158,83.65327981111783
68.0,90.51094890510949,82.66666666666667,91.32036290590786
67.0,86.09271523178808,75.5813953488372,87.76974419115146
51.0,45.933014354066984,29.81366459627329,64.79412083947082
72.0,51.07913669064749,34.29951690821256,67.01404345560313
67.0,80.74534161490683,67.70833333333334,83.82323533422469
68.0,86.89655172413792,76.82926829268293,88.39567698951589
71.0,78.10650887573965,64.07766990291263,82.00191617276941
53.0,45.320197044334975,29.29936305732484,64.5389693802483
90.0,37.83783783783784,23.333333333333332,61.46013343177752
93.0,49.8422712933754,33.193277310924366,66.43794651820846
91.0,50.75757575757576,34.01015228426396,66.87535892566387
64.0,4.6875,2.4,51.078420664500825
26.0,0.0,0.0,49.89536830357143
108.0,83.72093023255815,72.0,85.96506009663378
141.0,89.36170212765957,80.76923076923077,90.35464535464536
155.0,89.33333333333333,80.72289156626506,90.32947264057228
153.0,82.6086956521739,70.37037037037037,85.12923330380318
153.0,83.5734870317003,71.78217821782178,85.83412442701366
175.0,84.8,73.61111111111111,86.7485749289686
191.0,85.01228501228502,73.93162393162393,86.90481562559238
207.0,89.76744186046511,81.43459915611815,90.67328461297095
208.0,89.59276018099548,81.14754098360656,90.52775024289376
190.0,82.87037037037037,70.7509881422925,85.30148963087983
166.0,86.79245283018868,76.66666666666667,88.28434802892467
120.0,86.15384615384616,75.67567567567568,87.80188385893084
83.0,86.79245283018868,76.66666666666667,88.3123781773671
117.0,83.33333333333334,71.42857142857143,85.67634717471981
155.0,91.0891089108911,83.63636363636363,91.79120232259845
162.0,86.95652173913044,76.92307692307693,88.41956867978134
169.0,83.42541436464089,71.56398104265402,85.7220205063345
172.0,85.71428571428571,75.0,87.44501209733859
192.0,83.37349397590361,71.48760330578511,85.67480579264416
199.0,86.16071428571429,75.68627450980392,87.78111616773232
218.0,88.14968814968816,78.81040892193309,89.34816339139645
228.0,88.53118712273643,79.42238267148014,89.6541411315604
220.0,87.06365503080082,77.0909090909091,88.48240915277181
187.0,86.87350835322196,76.79324894514767,88.34161787178174
134.0,90.0,81.81818181818183,90.88111888111888
90.0,89.77272727272727,81.44329896907216,90.70368433692245
125.0,85.71428571428571,75.0,87.46504962952606
160.0,90.73482428115017,83.04093567251462,91.49148754285682
168.0,86.56716417910447,76.31578947368422,88.11292261955482
171.0,84.3501326259947,72.93577981651376,86.4089099614388
186.0,84.52088452088452,73.19148936170212,86.53274972044788
207.0,84.42437923250564,73.046875,86.45442231665966
204.0,85.71428571428571,75.0,87.43397094721678
226.0,87.25099601593625,77.3851590106007,88.62852441792522
234.0,89.0625,80.28169014084507,90.08478676978989
231.0,86.71875,76.55172413793103,88.20779945135732
205.0,89.086859688196,80.32128514056225,90.1116190389861
141.0,89.63210702341136,81.21212121212122,90.57508662420537
89.0,88.13559322033898,78.78787878787878,89.3729804734236
132.0,85.71428571428571,75.0,87.46304803755119
160.0,90.22082018927445,82.18390804597702,91.06097446949381
177.0,86.45533141210375,76.14213197969542,88.02409041714552
185.0,85.78811369509044,75.1131221719457,87.5015720837733
193.0,86.40776699029125,76.06837606837607,87.97818579409842
210.0,84.87584650112868,73.72549019607844,86.79572901417909
221.0,86.97478991596638,76.95167286245353,88.41379796737918
238.0,90.47619047619048,82.6086956521739,91.25629785411611
244.0,88.04554079696395,78.64406779661017,89.25896325918927
242.0,87.02290076335878,77.02702702702703,88.44544271988815
212.0,88.98488120950324,80.1556420233463,90.02679039330212
147.0,92.45901639344262,85.97560975609755,92.96482096678666
95.0,85.71428571428571,75.0,87.47305120271484
132.0,87.64044943820225,78.0,88.96703889410496
166.0,90.79754601226993,83.14606741573034,91.54305049846243
177.0,85.47945205479452,74.64114832535886,87.26759535420281
191.0,85.71428571428571,75.0,87.44300569943006
197.0,86.7298578199052,76.56903765690377,88.22851098735414
210.0,85.07795100222717,74.03100775193798,86.94848376993718
237.0,88.53754940711462,79.43262411347519,89.65825632323343
240.0,88.88888888888889,80.0,89.94193496716323
255.0,88.57142857142857,79.48717948717949,89.67949745068796
258.0,87.98586572438163,78.54889589905363,89.20634852436609
215.0,89.26315789473685,80.6083650190114,90.25314576304825
141.0,88.74172185430463,79.76190476190477,89.8469809169821
87.0,89.26553672316385,80.61224489795919,90.28715923760964
143.0,84.09893992932862,72.5609756097561,86.23553904646263
169.0,90.20771513353115,82.16216216216216,91.04809691348153
193.0,87.6923076923077,78.08219178082192,88.993100689931
199.0,86.19854721549636,75.74468085106383,87.81533814544072
202.0,86.63594470046083,76.42276422764228,88.15336819047954
228.0,87.04883227176221,77.06766917293233,88.47279918593385
239.0,89.10505836575877,80.35087719298247,90.11937917350285
249.0,88.68274582560296,79.66666666666666,89.77225637636755
269.0,88.88888888888889,80.0,89.93589743589745
275.0,89.23076923076924,80.55555555555556,90.21467049539773
221.0,85.94377510040161,75.35211267605634,87.6060030975654
161.0,91.92546583850931,85.0574712643678,92.50275018403487
104.0,86.0,75.43859649122807,87.69134855505703
146.0,86.5979381443299,76.36363636363637,88.14285714285714
170.0,91.07142857142857,83.60655737704919,91.77329248217951
186.0,83.51063829787235,71.68949771689498,85.7827724094981
196.0,85.92233009708737,75.31914893617021,87.60157330806192
212.0,86.60714285714286,76.37795275590551,88.12895477017395
228.0,86.32478632478633,75.93984962406014,87.90589151471548
239.0,89.76377952755905,81.42857142857143,90.66223157798396
255.0,89.61748633879782,81.1881188118812,90.53697949406396
270.0,88.8507718696398,79.93827160493827,89.90402772305731
276.0,88.107202680067,78.74251497005989,89.30013372969566
229.0,87.54863813229572,77.85467128027682,88.8632728586125
163.0,91.49560117302052,84.32432432432432,92.133173757524
103.0,87.56218905472637,77.87610619469027,88.91309702004119
151.0,86.41114982578398,76.07361963190185,87.99785033381234
171.0,90.41916167664671,82.5136612021858,91.2248465930969
197.0,83.88746803069054,72.24669603524228,86.0603631339932
205.0,85.45034642032333,74.59677419354838,87.23537575473263
217.0,86.76789587852495,76.62835249042146,88.25314695114959
233.0,85.65573770491804,74.91039426523297,87.38515090210434
245.0,89.10133843212236,80.3448275862069,90.11534873894172
269.0,90.45936395759718,82.58064516129032,91.23623604218363
276.0,89.7822445561139,81.45896656534954,90.66837083577248
280.0,88.26446280991735,78.99408284023669,89.42591196450913
230.0,86.90702087286527,76.84563758389261,88.35374557433565
171.0,91.57303370786516,84.4559585492228,92.19798707258393
104.0,88.99521531100478,80.17241379310344,90.06324501327796
113.0,85.20179372197309,74.21875,87.07642837353488
148.0,87.10801393728222,77.1604938271605,88.54328461512468
158.0,85.99348534201955,75.42857142857143,87.6713235210158
167.0,85.0574712643678,74.0,86.94802910370191
160.0,84.8314606741573,73.65853658536585,86.77529527918968
189.0,84.91048593350384,73.77777777777777,86.82990068652936
193.0,86.06356968215158,75.53648068669528,87.71124034334764
227.0,89.55223880597015,81.08108108108108,90.49150719786752
227.0,90.10526315789474,81.99233716475096,90.94913283520764
222.0,88.33333333333333,79.1044776119403,89.49619845691883
205.0,91.49425287356323,84.32203389830508,92.12399992131975
167.0,78.30985915492957,64.35185185185185,82.0989828637919
218.0,46.5,30.293159609120522,64.93293445583915
124.0,85.71428571428571,75.0,87.46504962952606
155.0,87.70764119601328,78.10650887573965,89.01628696924222
170.0,83.89057750759878,72.25130890052355,86.07269469967223
173.0,84.23913043478261,72.76995305164318,86.32700087559468
181.0,84.59530026109661,73.30316742081448,86.59260022578293
201.0,83.37349397590361,71.48760330578511,85.67480579264416
201.0,88.11188811188812,78.75,89.3239867365515
231.0,90.20408163265307,82.15613382899627,91.03002367558311
235.0,89.64143426294821,81.2274368231047,90.56166740156254
238.0,89.15187376725838,80.42704626334519,90.15846807661754
216.0,90.71274298056156,83.00395256916995,91.45894702468824
174.0,88.75739644970415,79.7872340425532,89.85563677100674
183.0,69.44444444444444,53.191489361702125,76.50787823784444
129.0,85.8267716535433,75.17241379310344,87.55025507199663
159.0,87.29641693811075,77.45664739884393,88.68935643192665
173.0,82.53012048192771,70.25641025641025,85.07025033294543
182.0,84.15584415584415,72.6457399103139,86.26188703037589
186.0,84.0,72.41379310344827,86.142906790086
209.0,83.52668213457076,71.71314741035857,85.78556802472484
213.0,89.73214285714286,81.37651821862349,90.64223609780599
236.0,89.95983935742971,81.75182481751825,90.82586436263485
245.0,90.63097514340345,82.86713286713287,91.38450658054576
260.0,89.55223880597015,81.08108108108108,90.48446876867256
224.0,90.72164948453609,83.01886792452831,91.46439432738546
186.0,85.26315789473684,74.31192660550458,87.09997897836313
173.0,70.54545454545455,54.49438202247191,77.16631878934655
134.0,84.94208494208493,73.8255033557047,86.87380308998833
161.0,88.81789137380191,79.88505747126436,89.90755461648035
184.0,83.94366197183099,72.33009708737865,86.10807930707709
190.0,83.41708542713567,71.55172413793103,85.70987526632605
191.0,85.57213930348259,74.78260869565217,87.33330898745491
222.0,83.74164810690424,72.03065134099617,85.94230814629226
226.0,86.62420382165605,76.40449438202246,88.13921189124336
243.0,90.41095890410958,82.5,91.20094604064471
257.0,89.96282527881041,81.75675675675676,90.82430700416441
272.0,89.65517241379311,81.25,90.56791894490176
226.0,90.57377049180327,82.77153558052434,91.33972635296861
190.0,91.2568306010929,83.91959798994975,91.92780475393826
212.0,67.48466257668711,50.92592592592593,75.35710269851204
136.0,84.6441947565543,73.37662337662337,86.647363283302
172.0,89.29663608562691,80.66298342541437,90.29651270011473
188.0,84.46866485013625,73.11320754716981,86.49962770353432
195.0,85.08557457212714,74.04255319148936,86.96027903564708
199.0,86.74698795180723,76.59574468085107,88.2428679400735
225.0,84.59869848156181,73.30827067669173,86.58310834808958
228.0,88.75255623721881,79.77941176470588,89.83466074534059
253.0,90.0,81.81818181818183,90.85501845199842
270.0,91.19718309859155,83.81877022653723,91.85930197525951
276.0,91.25874125874127,83.92282958199357,91.91132964625072
233.0,91.45129224652088,84.24908424908425,92.0814956343327
194.0,88.94878706199461,80.09708737864078,90.00755270733643
204.0,68.55345911949685,52.15311004784689,75.97668884460373
153.0,84.42906574394463,73.05389221556887,86.48199465535306
177.0,88.23529411764706,78.94736842105263,89.43370499971593
218.0,81.9753086419753,69.4560669456067,84.65504806988393
222.0,84.23423423423422,72.76264591439688,86.31130755380968
213.0,87.09677419354838,77.14285714285715,88.515414007642
232.0,85.65310492505354,74.90636704119851,87.38615134515504
248.0,87.71929824561403,78.125,88.99943819943546
258.0,89.65517241379311,81.25,90.56791894490176
277.0,90.41095890410958,82.5,91.19390126622856
286.0,90.48414023372288,82.6219512195122,91.25386710359439
243.0,87.22627737226277,77.34627831715211,88.60305084730385
210.0,85.7843137254902,75.10729613733905,87.49564922864633
212.0,68.69300911854104,52.31481481481482,76.05453702409038
145.0,83.68794326241135,71.95121951219512,85.92966305427167
176.0,88.16568047337277,78.83597883597884,89.37801100633172
202.0,84.31876606683805,72.88888888888889,86.38345908093169
219.0,84.42437923250564,73.046875,86.45442231665966
209.0,85.3211009174312,74.4,87.13598719743949
231.0,85.95744680851064,75.3731343283582,87.62053282632341
243.0,87.92079207920793,78.4452296819788,89.16155866931146
264.0,89.80322003577818,81.4935064935065,90.6896676183106
280.0,90.69373942470389,82.97213622291022,91.43096672490385
290.0,90.0163666121113,81.84523809523809,90.86149802800021
252.0,88.76811594202898,79.80456026058633,89.8401944520572
228.0,83.07692307692308,71.05263157894737,85.44929576426713
227.0,67.98866855524079,51.50214592274678,75.63819937978478
159.0,84.7457627118644,73.52941176470588,86.71975173558265
188.0,86.03988603988604,75.5,87.70102448775611
228.0,80.48192771084337,67.33870967741935,83.58836941608574
234.0,82.65524625267666,70.43795620437956,85.137950552823
211.0,86.09865470852019,75.59055118110236,87.73325574420035
238.0,84.472049689441,73.11827956989248,86.48409776141305
256.0,87.23809523809524,77.36486486486487,88.61536133707135
269.0,89.94708994708994,81.73076923076923,90.80829441286463
293.0,91.65302782324059,84.59214501510573,92.24496620644656
295.0,90.17713365539453,82.11143695014663,90.99459133061283
282.0,88.96551724137932,80.12422360248446,89.99800666882507
237.0,87.16814159292035,77.25490196078432,88.56942661015665
225.0,69.31818181818183,53.04347826086957,76.41385564459948
269.0,45.21276595744681,29.20962199312715,64.39918523544881
289.0,49.07749077490775,32.51833740831296,65.98340586020228
260.0,47.07964601769912,30.787037037037035,65.09477543756815
233.0,50.187265917603,33.5,66.48422325246793
232.0,39.291465378421904,24.448897795591183,61.84785561853718
242.0,41.92546583850932,26.522593320235753,62.88760308884632
253.0,55.32646048109966,38.242280285035626,68.86121811912483
269.0,63.421828908554566,46.436285097192226,72.96994895759514
305.0,70.8904109589041,54.907161803713535,77.28347543646822
322.0,88.21656050955414,78.91737891737893,89.3845396761287
322.0,73.66946778711485,58.31485587583148,78.96910024773483
346.0,62.84289276807981,45.81818181818182,72.6106372595436
254.0,59.63149078726968,42.482100238663485,71.00004047894612
49.0,0.0,0.0,49.951171875
58.0,0.0,0.0,49.94220344387755
110.0,0.0,0.0,49.89038584183674
106.0,0.0,0.0,49.89437181122449
97.0,0.0,0.0,49.903340242346935
102.0,0.0,0.0,49.898357780612244
92.0,0.0,0.0,49.908322704081634
90.0,0.0,0.0,49.91031568877551
84.0,6.896551724137931,3.571428571428571,51.70499357935828
82.0,52.25225225225225,35.36585365853659,67.6300821925004
81.0,54.385964912280706,37.34939759036144,68.62284915912528
81.0,61.016949152542374,43.90243902439025,71.9053479525621
72.0,77.51937984496125,63.29113924050633,81.61664251655449
53.0,81.13207547169812,68.25396825396825,84.10703718584756
53.0,70.2127659574468,54.09836065573771,77.02126017949321
75.0,0.0,0.0,49.92526307397959
59.0,0.0,0.0,49.92625956632653
107.0,8.547008547008547,4.464285714285714,52.12550754989365
116.0,8.641975308641975,4.516129032258064,52.110563071013516
111.0,44.75524475524475,28.82882882882883,64.33564128103853
116.0,64.44444444444444,47.540983606557376,73.70664248766354
108.0,51.006711409395976,34.234234234234236,67.04431804256289
101.0,31.666666666666664,18.81188118811881,59.32419726810291
95.0,34.78260869565217,21.052631578947366,60.45154906166446
89.0,70.92198581560284,54.94505494505495,77.43163053281555
89.0,67.64705882352942,51.11111111111111,75.51166965888689
87.0,74.17218543046357,58.94736842105262,79.43477758642416
79.0,83.75,72.04301075268818,85.99556193305047
73.0,83.56164383561644,71.76470588235294,85.85840801450782
57.0,80.34188034188034,67.14285714285714,83.54848775872534
72.0,52.63157894736842,35.714285714285715,67.78533816590303
56.0,3.8834951456310676,1.9801980198019802,50.89144233512919
117.0,49.28909952606635,32.70440251572327,66.24546596139686
110.0,73.48837209302326,58.08823529411765,78.98722801294899
122.0,84.7926267281106,73.6,86.767055347017
118.0,76.44444444444444,61.87050359712231,80.88234702714969
114.0,81.61434977578476,68.93939393939394,84.42876655140806
102.0,69.18238993710692,52.88461538461539,76.39342598603687
108.0,62.0253164556962,44.95412844036697,72.41721623406822
98.0,85.41666666666666,74.54545454545455,87.24477981394978
95.0,82.6086956521739,70.37037037037037,85.15324905744069
96.0,77.24867724867724,62.93103448275862,81.42260563927964
84.0,84.26966292134831,72.81553398058253,86.37982343627039
81.0,87.11656441717791,77.17391304347827,88.56600052932319
70.0,79.72027972027972,66.27906976744185,83.11060373984336
73.0,75.0,60.0,79.9640876261921
80.0,0.0,0.0,49.90433673469388
117.0,29.761904761904763,17.482517482517483,58.623614028291904
108.0,70.87378640776699,54.88721804511278,77.38373236846382
120.0,79.81220657276995,66.40625,83.16020311782556
119.0,80.76923076923077,67.74193548387096,83.8310412067602
121.0,79.26267281105991,65.64885496183206,82.779508335378
119.0,67.74193548387096,51.21951219512195,75.549891391796
119.0,22.388059701492537,12.605042016806722,56.19885481355078
106.0,53.333333333333336,36.36363636363637,68.11200806533502
98.0,81.28342245989305,68.46846846846847,84.19930409451368
95.0,70.58823529411765,54.54545454545454,77.22284300423019
91.0,83.42245989304813,71.55963302752293,85.74887715490482
89.0,88.88888888888889,80.0,89.98103792415169
81.0,82.05128205128204,69.56521739130434,84.75467127547338
73.0,77.12418300653596,62.76595744680851,81.34806043220566
80.0,15.686274509803921,8.51063829787234,54.16960714128189
114.0,13.333333333333334,7.142857142857142,53.441858743258095
113.0,63.20754716981132,46.206896551724135,73.0256179459812
117.0,78.4688995215311,64.56692913385827,82.23854900817958
124.0,80.18433179723502,66.92307692307692,83.41861486553934
127.0,78.76106194690266,64.96350364963503,82.43383519974515
123.0,72.72727272727273,57.14285714285714,78.51454234388366
119.0,50.314465408805034,33.61344537815126,66.72793698618749
120.0,59.34065934065934,42.1875,71.01993012050596
112.0,73.26732673267327,57.8125,78.85235993573112
97.0,70.93023255813954,54.95495495495496,77.42759221358443
99.0,77.94871794871796,63.86554621848739,81.88985893758701
90.0,89.01734104046243,80.20833333333334,90.08520421232626
86.0,82.42424242424242,70.10309278350515,85.0226088967418
74.0,73.88535031847134,58.58585858585859,79.25202582511334
81.0,11.650485436893204,6.185567010309279,53.00209185675918
118.0,8.88888888888889,4.651162790697675,52.202998178286855
109.0,68.86792452830188,52.51798561151079,76.19312848625357
115.0,76.92307692307693,62.5,81.2020919833919
130.0,77.82805429864254,63.70370370370371,81.8029398933771
133.0,77.05627705627705,62.676056338028175,81.28512022883001
131.0,73.45132743362832,58.04195804195804,78.9610904137884
121.0,57.30994152046783,40.16393442622951,70.00915216334118
123.0,62.88659793814433,45.86466165413533,72.86049604706169
115.0,76.99530516431925,62.59541984732825,81.2488018708035
99.0,73.51351351351352,58.119658119658126,79.01093467170742
103.0,72.63157894736842,57.02479338842975,78.4605077365842
95.0,86.51685393258427,76.23762376237624,88.09485930728445
87.0,82.28571428571428,69.90291262135922,84.9205206568396
73.0,70.80745341614907,54.807692307692314,77.35695774825146
87.0,0.0,0.0,49.86348054846938
122.0,23.376623376623375,13.23529411764706,56.500018764234426
101.0,65.65656565656566,48.87218045112782,74.36824085117505
109.0,75.1269035532995,60.16260162601627,80.03240056950489
138.0,78.48101265822784,64.58333333333334,82.24075118636397
131.0,76.59574468085107,62.06896551724138,80.97957719618807
124.0,67.3469387755102,50.76923076923077,75.32075587553535
135.0,0.0,0.0,49.839564732142854
123.0,38.54166666666667,23.870967741935484,61.81781100154474
118.0,55.81395348837209,38.70967741935484,69.27903277287564
101.0,57.14285714285714,40.0,69.93417378121758
104.0,71.27659574468085,55.371900826446286,77.63206787715178
90.0,88.13559322033898,78.78787878787878,89.3729804734236
87.0,84.61538461538461,73.33333333333333,86.63872199711238
80.0,68.23529411764706,51.78571428571429,75.83898428280686
103.0,0.0,0.0,49.86248405612245
117.0,54.285714285714285,37.254901960784316,68.53167891790089
93.0,74.31693989071039,59.130434782608695,79.51831869249378
129.0,74.4186046511628,59.25925925925925,79.57473502726616
130.0,73.73271889400922,58.3941605839416,79.14018952224866
138.0,72.80701754385966,57.24137931034483,78.55880476107544
123.0,46.913580246913575,30.64516129032258,65.23681735185083
126.0,43.63636363636363,27.906976744186046,63.86074804500886
124.0,49.23076923076923,32.6530612244898,66.2277834050952
124.0,50.588235294117645,33.85826771653544,66.8453567054941
104.0,50.70422535211267,33.9622641509434,66.91132752820404
101.0,81.95121951219512,69.42148760330579,84.67381175661576
92.0,84.61538461538461,73.33333333333333,86.63872199711238
88.0,82.97872340425532,70.9090909090909,85.42260805185474
54.0,0.0,0.0,49.945192920918366
109.0,0.0,0.0,49.8893893494898
122.0,0.0,0.0,49.87842793367347
116.0,0.0,0.0,49.8844068877551
109.0,0.0,0.0,49.891382334183675
109.0,0.0,0.0,49.891382334183675
95.0,0.0,0.0,49.90533322704081
90.0,0.0,0.0,49.91031568877551
87.0,0.0,0.0,49.913305165816325
86.0,48.69565217391305,32.18390804597701,66.03312814757972
83.0,61.29032258064516,44.18604651162791,72.04515537117555
78.0,72.72727272727273,57.14285714285714,78.53552049610141
79.0,78.32167832167832,64.36781609195403,82.15298226784454
62.0,74.54545454545455,59.42028985507246,79.68222032396586
58.0,9.67741935483871,5.084745762711865,52.486565973257946
83.0,0.0,0.0,49.91729113520408
104.0,0.0,0.0,49.896364795918366
120.0,0.0,0.0,49.86846301020408
123.0,0.0,0.0,49.86248405612245
114.0,0.0,0.0,49.886399872448976
111.0,28.78787878787879,16.8141592920354,58.31337388211635
101.0,34.42622950819672,20.792079207920793,60.31628683753632
101.0,16.363636363636363,8.91089108910891,54.36375180165574
97.0,70.58823529411765,54.54545454545454,77.22783680546739
93.0,79.51807228915662,66.0,82.96607463580123
88.0,69.01408450704226,52.68817204301075,76.30019749835417
85.0,79.74683544303798,66.3157894736842,83.12596689376745
84.0,86.25,75.82417582417582,87.89013489155187
75.0,83.22147651006712,71.26436781609196,85.60724077838161
60.0,78.63247863247864,64.7887323943662,82.36943102862135
87.0,0.0,0.0,49.906329719387756
105.0,0.0,0.0,49.881417410714285
121.0,17.26618705035971,9.448818897637794,54.60978541564769
126.0,0.0,0.0,49.8664700255102
118.0,69.1891891891892,52.892561983471076,76.38940838637156
117.0,60.115606936416185,42.97520661157025,71.41877400245737
111.0,70.39106145251397,54.310344827586206,77.10229192370072
104.0,77.01149425287356,62.616822429906534,81.26849822527078
105.0,77.720207253886,63.559322033898304,81.73674770184566
94.0,83.33333333333334,71.42857142857143,85.68234703654699
98.0,82.53968253968253,70.27027027027027,85.10219968861033
95.0,80.66298342541437,67.5925925925926,83.76136824807563
83.0,87.95180722891565,78.49462365591397,89.22735294325946
81.0,87.65432098765432,78.02197802197803,88.99103092297385
75.0,84.13793103448276,72.61904761904762,86.28657658813302
89.0,71.60493827160494,55.769230769230774,77.838723689017
100.0,0.0,0.0,49.89536830357143
119.0,5.797101449275362,2.9850746268656714,51.36298298033868
126.0,34.78260869565217,21.052631578947366,60.421625672220756
124.0,45.0,29.03225806451613,64.42837474426445
125.0,60.54054054054055,43.41085271317829,71.63260113711588
124.0,68.34170854271356,51.908396946564885,75.89133425998317
108.0,75.97765363128491,61.261261261261254,80.58772331044224
115.0,67.05202312138728,50.43478260869565,75.16052550762808
105.0,76.53061224489795,61.98347107438017,80.94582826987006
97.0,83.7696335078534,72.07207207207207,86.00509544197664
98.0,82.72251308900523,70.53571428571429,85.23492103889882
92.0,85.39325842696628,74.50980392156863,87.2289538569919
84.0,87.95180722891565,78.49462365591397,89.22735294325946
83.0,83.9506172839506,72.3404255319149,86.14426880491331
90.0,75.60975609756098,60.78431372549019,80.35224785528212
100.0,0.0,0.0,49.864477040816325
123.0,0.0,0.0,49.85052614795919
123.0,50.57471264367817,33.84615384615385,66.83730336526953
123.0,65.625,48.837209302325576,74.35275347482133
130.0,70.58823529411765,54.54545454545454,77.2128518136821
129.0,73.23943661971832,57.77777777777777,78.83200039034604
119.0,76.92307692307693,62.5,81.2020919833919
116.0,73.40425531914893,57.98319327731093,78.94170341016445
110.0,74.75728155339806,59.68992248062015,79.79306399685213
113.0,75.96153846153845,61.240310077519375,80.57025185094405
102.0,84.5771144278607,73.27586206896551,86.60698735198491
99.0,83.7696335078534,72.07207207207207,86.00509544197664
93.0,87.77777777777777,78.21782178217822,89.08695348845023
86.0,85.0574712643678,74.0,86.97405293201868
92.0,75.86206896551724,61.111111111111114,80.51364775272178
100.0,0.0,0.0,49.88739636479592
125.0,0.0,0.0,49.842554209183675
125.0,65.0485436893204,48.201438848920866,74.02887604303194
125.0,67.00507614213198,50.38167938931297,75.12598238074708
130.0,68.0,51.515151515151516,75.69371369962094
131.0,70.14218009478674,54.01459854014598,76.94442752842595
119.0,76.19047619047619,61.53846153846154,80.719326585264
115.0,79.7979797979798,66.38655462184873,83.15335476067186
119.0,73.77777777777777,58.45070422535211,79.16646164893861
114.0,79.81651376146789,66.41221374045801,83.16218505106711
103.0,84.61538461538461,73.33333333333333,86.6347228877176
104.0,84.84848484848484,73.68421052631578,86.81216036177644
101.0,87.5,77.77777777777779,88.86493296778373
87.0,85.0828729281768,74.03846153846155,86.99228412358914
94.0,78.45303867403315,64.54545454545455,82.2338090010977
114.0,0.0,0.0,49.80668048469388
128.0,6.329113924050633,3.2679738562091507,51.48649136293745
126.0,71.29629629629629,55.39568345323741,77.63596424403423
132.0,66.34146341463415,49.63503649635037,74.74866696694265
138.0,46.15384615384615,30.0,64.90226193800615
135.0,74.43946188340807,59.285714285714285,79.58596296602605
125.0,73.7864077669903,58.46153846153847,79.17687701520038
127.0,73.7864077669903,58.46153846153847,79.17687701520038
122.0,77.41935483870968,63.1578947368421,81.53003736283134
116.0,76.92307692307693,62.5,81.2020919833919
103.0,83.93782383419689,72.32142857142857,86.1297730740165
104.0,85.02415458937197,73.94957983193278,86.9438443801095
96.0,87.83068783068782,78.30188679245283,89.12798609680334
86.0,83.24324324324324,71.29629629629629,85.6172094068559
92.0,7.633587786259542,3.968253968253968,51.863539393686295
125.0,0.0,0.0,49.825613839285715
127.0,24.210526315789473,13.77245508982036,56.742666840665166
134.0,69.1588785046729,52.85714285714286,76.362705794465
134.0,67.31707317073172,50.73529411764706,75.30079013264555
135.0,64.42307692307693,47.5177304964539,73.68502621731434
130.0,69.48356807511738,53.23741007194245,76.55383736601793
118.0,72.3404255319149,56.666666666666664,78.28144541124504
129.0,68.72246696035242,52.348993288590606,76.10363553207526
122.0,74.76635514018692,59.70149253731343,79.79684974997258
123.0,74.03846153846155,58.778625954198475,79.33541968581598
106.0,85.02415458937197,73.94957983193278,86.9438443801095
106.0,85.71428571428571,75.0,87.47105152827966
91.0,86.48648648648648,76.19047619047619,88.07028600325471
85.0,83.61581920903954,71.84466019417476,85.89338913664668
125.0,0.0,0.0,49.87543845663265
128.0,0.0,0.0,49.87244897959184
138.0,0.0,0.0,49.86248405612245
121.0,0.0,0.0,49.87942442602041
124.0,0.0,0.0,49.87643494897959
124.0,0.0,0.0,49.85650510204081
120.0,0.0,0.0,49.8046875
132.0,0.0,0.0,49.783761160714285
134.0,0.0,0.0,49.80767697704081
137.0,0.0,0.0,49.82760682397959
119.0,0.0,0.0,49.874441964285715
111.0,0.0,0.0,49.88739636479592
112.0,0.0,0.0,49.888392857142854
81.0,0.0,0.0,49.91729113520408
75.0,0.0,0.0,49.913305165816325
161.0,0.0,0.0,49.82362085459184
242.0,69.97840172786177,53.820598006644516,76.77133791242771
341.0,78.51373182552504,64.62765957446808,82.1806513280988
380.0,82.61474269819193,70.37914691943128,85.06427022588979
379.0,88.73994638069705,79.75903614457832,89.79525686253893
404.0,91.04665825977301,83.56481481481481,91.71114373180768
389.0,79.08847184986595,65.41019955654102,82.54872761251602
395.0,0.0,0.0,49.5735012755102
386.0,35.15151515151515,21.323529411764707,60.34133507063309
338.0,50.22026431718062,33.52941176470588,66.53898577528571
299.0,68.85964912280701,52.508361204013376,76.11223454150968
251.0,85.14412416851441,74.13127413127413,86.99861561877407
190.0,84.95575221238938,73.84615384615385,86.87210954220068
120.0,85.97285067873304,75.39682539682539,87.66746283718788
58.0,81.13207547169812,68.25396825396825,84.10703718584756
182.0,0.0,0.0,49.80668048469388
268.0,41.24293785310734,25.97864768683274,62.781751442562125
372.0,73.14662273476112,57.66233766233766,78.66801873307858
394.0,85.8267716535433,75.17241379310344,87.4778797485648
405.0,87.65133171912834,78.01724137931035,88.90623983286791
408.0,80.25,67.01461377870564,83.34884735670815
426.0,29.591836734693878,17.365269461077844,58.269370341152026
413.0,0.0,0.0,49.48580994897959
407.0,0.0,0.0,49.54161352040816
359.0,15.763546798029557,8.55614973262032,53.93705699777155
307.0,33.15217391304348,19.86970684039088,59.68941792184166
278.0,44.339622641509436,28.484848484848484,64.00681064871792
214.0,68.61702127659575,52.226720647773284,75.99547113971977
151.0,81.99233716475096,69.48051948051948,84.6933245108763
70.0,80.95238095238095,68.0,83.97605985037406
190.0,0.0,0.0,49.80269451530612
281.0,66.66666666666666,50.0,74.83503629201576
385.0,78.09798270893373,64.0661938534279,81.8808075769494
410.0,82.62032085561498,70.3872437357631,85.06327514560029
415.0,86.69950738916256,76.52173913043478,88.15248806232722
427.0,81.31313131313132,68.51063829787233,84.1068857233334
428.0,0.0,0.0,49.47983099489796
420.0,0.0,0.0,49.47983099489796
414.0,0.0,0.0,49.49677136479592
368.0,9.32642487046632,4.891304347826087,52.09675468996233
314.0,2.272727272727273,1.1494252873563218,50.231891946875166
285.0,0.0,0.0,49.69009088010204
224.0,0.0,0.0,49.76283482142857
172.0,76.15658362989323,61.49425287356321,80.68021876936264
76.0,86.52482269503547,76.25,88.10604359972064
209.0,0.0,0.0,49.78974011479592
316.0,20.887728459530024,11.661807580174926,55.52872571445319
421.0,71.03064066852369,55.0755939524838,77.32946781616899
424.0,69.65317919075144,53.43680709534369,76.50813019230986
449.0,82.57107540173052,70.3157894736842,85.01644776440922
437.0,79.07608695652173,65.3932584269663,82.54227419694512
436.0,0.0,0.0,49.47783801020408
438.0,0.0,0.0,49.43698182397959
424.0,0.0,0.0,49.49477838010204
383.0,0.0,0.0,49.615353954081634
331.0,0.0,0.0,49.63428730867347
286.0,0.0,0.0,49.65122767857143
229.0,0.0,0.0,49.74390146683674
179.0,68.11594202898551,51.64835164835166,75.73631990787855
91.0,83.13253012048193,71.1340206185567,85.53907010132338
218.0,0.0,0.0,49.766820790816325
348.0,0.0,0.0,49.64126275510204
442.0,43.260188087774296,27.6,63.438274911067595
457.0,52.83582089552239,35.902636916835704,67.63531213829145
449.0,50.750750750750754,34.00402414486921,66.6740579860067
447.0,16.923076923076923,9.243697478991598,54.19098621655636
444.0,0.0,0.0,49.461894132653065
445.0,0.0,0.0,49.4319993622449
428.0,0.0,0.0,49.48282047193878
386.0,0.0,0.0,49.561543367346935
333.0,0.0,0.0,49.60638552295919
289.0,0.0,0.0,49.615353954081634
237.0,0.0,0.0,49.713010204081634
201.0,56.44599303135889,39.32038834951456,69.53543122436304
117.0,75.25773195876289,60.33057851239669,80.11738793292429
257.0,0.0,0.0,49.7379225127551
429.0,0.0,0.0,49.53463807397959
451.0,0.0,0.0,49.51869419642857
464.0,0.0,0.0,49.51969068877551
467.0,0.0,0.0,49.48282047193878
441.0,0.0,0.0,49.54161352040816
433.0,0.0,0.0,49.48282047193878
429.0,0.0,0.0,49.44595025510204
413.0,0.0,0.0,49.483816964285715
365.0,0.0,0.0,49.5784837372449
316.0,0.0,0.0,49.576490752551024
287.0,0.0,0.0,49.6223294005102
223.0,0.0,0.0,49.73194355867347
201.0,70.76923076923077,54.761904761904766,77.28606813972667
141.0,59.66386554621849,42.51497005988024,71.16168620746731
265.0,0.0,0.0,49.609375
432.0,0.0,0.0,49.512715242346935
449.0,0.0,0.0,49.49677136479592
458.0,0.0,0.0,49.476841517857146
459.0,1.9607843137254901,0.9900990099009901,49.99675367668317
455.0,0.0,0.0,49.46588010204081
459.0,0.0,0.0,49.4140625
429.0,0.0,0.0,49.42203443877551
408.0,0.0,0.0,49.47285554846938
361.0,0.0,0.0,49.512715242346935
309.0,0.0,0.0,49.55357142857143
270.0,0.0,0.0,49.63628029336735
224.0,0.0,0.0,49.727957589285715
173.0,75.53956834532374,60.69364161849711,80.27891723232779
109.0,52.12765957446809,35.25179856115108,67.53612730140264
264.0,0.0,0.0,49.659199617346935
445.0,1.5810276679841897,0.796812749003984,49.90211362157207
456.0,13.87900355871886,7.45697896749522,53.24581201999828
471.0,0.0,0.0,49.468869579081634
472.0,0.0,0.0,49.43797831632653
470.0,0.0,0.0,49.45093271683674
483.0,0.0,0.0,49.40609056122449
441.0,0.0,0.0,49.418048469387756
428.0,0.0,0.0,49.4449537627551
374.0,0.0,0.0,49.52666613520408
332.0,0.0,0.0,49.55257493622449
297.0,0.0,0.0,49.593431122448976
238.0,0.0,0.0,49.708027742346935
203.0,60.264900662251655,43.127962085308056,71.44418469644258
138.0,57.25806451612904,40.11299435028249,69.95071930866087
218.0,0.0,0.0,49.7688137755102
285.0,57.34939759036145,40.2027027027027,69.9245529015841
421.0,76.657060518732,62.149532710280376,80.9124742293137
405.0,88.55721393034825,79.46428571428571,89.639810460515
425.0,87.08487084870849,77.12418300653596,88.45671636778566
417.0,89.55582232893158,81.08695652173913,90.45613412497413
428.0,80.4177545691906,67.24890829694323,83.47405710026435
426.0,0.0,0.0,49.54161352040816
410.0,24.411134903640257,13.902439024390246,56.59905765740951
355.0,58.93909626719057,41.78272980501393,70.68247352602273
302.0,80.0,66.66666666666666,83.23127618132821
262.0,88.84381338742394,79.92700729927007,89.90845630892201
208.0,91.0,83.4862385321101,91.70711494553659
172.0,77.19298245614034,62.857142857142854,81.36365711546473
142.0,63.507109004739334,46.52777777777778,73.18705638375009
240.0,0.0,0.0,49.76084183673469
364.0,0.0,0.0,49.623325892857146
433.0,11.25,5.960264900662252,52.55539815852073
431.0,40.80145719489982,25.62929061784897,62.49006077712519
436.0,83.5,71.67381974248927,85.70449142896703
437.0,40.72727272727273,25.570776255707763,62.45980487441828
437.0,0.0,0.0,49.5296556122449
433.0,0.0,0.0,49.50374681122449
421.0,0.0,0.0,49.507732780612244
364.0,17.77777777777778,9.75609756097561,54.54597857705741
315.0,0.0,0.0,49.686104910714285
277.0,37.704918032786885,23.232323232323232,61.388648494242524
218.0,84.77751756440281,73.57723577235772,86.7236113855288
185.0,79.87421383647799,66.49214659685863,83.18213595702389
145.0,71.30434782608695,55.4054054054054,77.63682654987004
249.0,0.0,0.0,49.751873405612244
373.0,0.0,0.0,49.5914381377551
446.0,6.732673267326733,3.483606557377049,51.272296310846265
461.0,48.78048780487805,32.25806451612903,65.8141959729328
463.0,29.15129151291513,17.062634989200866,58.148061012176335
453.0,0.0,0.0,49.54858896683674
465.0,0.0,0.0,49.49477838010204
445.0,0.0,0.0,49.4937818877551
424.0,0.0,0.0,49.48282047193878
370.0,13.921113689095128,7.4812967581047385,53.370728544967896
320.0,0.0,0.0,49.63329081632653
279.0,0.0,0.0,49.703045280612244
223.0,76.53061224489795,61.98347107438017,80.89978335232621
190.0,83.77581120943954,72.08121827411168,85.98564651164112
149.0,77.60000000000001,63.39869281045751,81.6434347456509
267.0,0.0,0.0,49.73393654336735
384.0,0.0,0.0,49.5784837372449
455.0,0.0,0.0,49.49178890306122
473.0,0.0,0.0,49.512715242346935
474.0,0.0,0.0,49.527662627551024
469.0,0.0,0.0,49.532645089285715
472.0,0.0,0.0,49.48182397959184
447.0,0.0,0.0,49.48979591836735
428.0,0.0,0.0,49.466876594387756
375.0,0.0,0.0,49.59044164540816
328.0,0.0,0.0,49.593431122448976
290.0,0.0,0.0,49.64126275510204
235.0,67.20430107526882,50.607287449392715,75.18176803789689
200.0,82.70270270270271,70.50691244239631,85.18948564766198
156.0,72.22222222222221,56.52173913043478,78.19098836326071
281.0,0.0,0.0,49.717992665816325
437.0,0.0,0.0,49.51470822704081
459.0,0.0,0.0,49.483816964285715
478.0,0.0,0.0,49.47086256377551
486.0,0.0,0.0,49.515704719387756
479.0,0.0,0.0,49.51670121173469
478.0,0.0,0.0,49.47783801020408
453.0,0.0,0.0,49.483816964285715
428.0,0.0,0.0,49.466876594387756
380.0,0.0,0.0,49.544602997448976
331.0,0.0,0.0,49.57549426020408
292.0,0.0,0.0,49.63229432397959
239.0,48.99135446685879,32.44274809160305,66.04469560057184
204.0,81.81818181818183,69.23076923076923,84.54741588100244
159.0,77.44360902255639,63.190184049079754,81.53517949683034
310.0,0.0,0.0,49.691087372448976
471.0,0.0,0.0,49.46089764030612
464.0,0.0,0.0,49.46488360969388
483.0,0.0,0.0,49.48979591836735
483.0,0.0,0.0,49.49278539540816
479.0,0.0,0.0,49.51371173469388
477.0,0.0,0.0,49.45093271683674
446.0,0.0,0.0,49.461894132653065
423.0,0.0,0.0,49.45790816326531
366.0,8.897485493230175,4.65587044534413,51.85837208587068
322.0,0.0,0.0,49.56752232142857
281.0,0.0,0.0,49.63428730867347
240.0,68.54460093896714,52.142857142857146,75.93750892321751
196.0,82.54847645429363,70.28301886792453,85.07854343560138
153.0,66.22073578595318,49.5,74.64915530083671
336.0,0.0,0.0,49.6452487244898
485.0,0.0,0.0,49.44595025510204
470.0,0.0,0.0,49.45491868622449
481.0,0.0,0.0,49.45990114795919
486.0,0.0,0.0,49.50474330357143
485.0,0.0,0.0,49.497767857142854
473.0,0.0,0.0,49.45093271683674
441.0,0.0,0.0,49.478834502551024
422.0,0.0,0.0,49.45990114795919
367.0,0.0,0.0,49.512715242346935
314.0,0.0,0.0,49.55556441326531
269.0,0.0,0.0,49.637276785714285
241.0,51.9607843137255,35.099337748344375,67.35394289054926
189.0,79.55182072829132,66.04651162790698,82.95030542022123
143.0,65.52901023890784,48.73096446700508,74.26464357535558
344.0,0.0,0.0,49.630301339285715
487.0,0.0,0.0,49.46089764030612
473.0,0.0,0.0,49.42303093112245
492.0,0.0,0.0,49.458904655612244
493.0,0.0,0.0,49.47484853316326
490.0,0.0,0.0,49.456911670918366
488.0,0.0,0.0,49.43997130102041
458.0,0.0,0.0,49.46787308673469
429.0,0.0,0.0,49.451929209183675
366.0,0.0,0.0,49.495774872448976
333.0,0.0,0.0,49.532645089285715
285.0,4.987531172069826,2.557544757033248,50.89903311287854
248.0,44.76885644768856,28.84012539184953,64.19344341631451
197.0,79.67479674796748,66.21621621621621,83.03315158289273
155.0,62.207357859531776,45.14563106796117,72.46000280311382
540.0,29.098360655737704,17.026378896882495,57.82165968867788
533.0,25.53191489361702,14.634146341463413,56.61785629363405
531.0,0.0,0.0,49.253627232142854
535.0,0.0,0.0,49.24764827806122
528.0,6.954436450839328,3.602484472049689,51.027516988253296
519.0,19.316493313521548,10.69078947368421,54.80359752664873
497.0,0.0,0.0,49.30145886479592
477.0,0.0,0.0,49.42303093112245
443.0,0.0,0.0,49.32537468112245
369.0,25.79710144927536,14.80865224625624,56.89321545568946
321.0,44.21052631578947,28.37837837837838,63.81840424445713
268.0,57.72870662460568,40.57649667405765,70.0202108117753
241.0,58.58267716535433,41.42538975501114,70.44964226698347
181.0,38.2183908045977,23.623445825932503,61.382092395211515
134.0,22.115384615384613,12.432432432432433,55.89305643165608
52.0,58.06451612903226,40.909090909090914,70.40269064800377
70.0,79.73856209150327,66.30434782608695,83.12124504942979
68.0,87.24832214765101,77.38095238095238,88.671518277044
77.0,86.20689655172413,75.75757575757575,87.85483626105571
83.0,87.56756756756758,77.88461538461539,88.91935130943516
91.0,87.5,77.77777777777779,88.86493296778373
85.0,88.29787234042553,79.04761904761905,89.50185036783962
86.0,86.81318681318682,76.69902912621359,88.32556103295529
79.0,85.54913294797689,74.74747474747475,87.34878826990918
67.0,82.20858895705521,69.79166666666666,84.86689641581353
58.0,85.07462686567165,74.02597402597402,86.993034499968
55.0,84.5528455284553,73.23943661971832,86.60076531329064
59.0,69.79865771812081,53.608247422680414,76.75923503525689
81.0,76.74418604651163,62.264150943396224,81.0921632785231
80.0,83.52941176470588,71.71717171717171,85.83064453536463
84.0,83.5978835978836,71.81818181818181,85.87815093264521
93.0,87.92270531400966,78.44827586206897,89.1991803589071
97.0,89.0995260663507,80.34188034188034,90.14797782918066
92.0,85.57692307692307,74.78991596638656,87.36501009252305
91.0,86.13861386138613,75.65217391304347,87.79813670796418
88.0,87.5,77.77777777777779,88.86493296778373
78.0,82.41758241758241,70.09345794392523,85.01479348165304
67.0,83.01886792452831,70.96774193548387,85.4569302373488
72.0,83.01886792452831,70.96774193548387,85.4569302373488
63.0,69.8224852071006,53.63636363636364,76.76730087957814
86.0,76.08695652173914,61.40350877192983,80.65784746862967
87.0,82.16216216216216,69.72477064220183,84.82945118936439
92.0,82.85714285714286,70.73170731707317,85.32991762467685
101.0,86.58008658008657,76.33587786259542,88.13698597978401
103.0,87.44588744588745,77.6923076923077,88.81719728100157
101.0,80.99173553719008,68.05555555555556,83.98184942600655
97.0,81.05726872246696,68.14814814814815,84.03114619291442
96.0,86.11111111111111,75.60975609756098,87.77492776624949
96.0,87.32394366197182,77.5,88.7230447457221
85.0,84.97409326424871,73.87387387387388,86.90799135463168
90.0,85.1063829787234,74.07407407407408,87.00909069401564
66.0,70.71823204419888,54.700854700854705,77.29754580508892
93.0,72.9064039408867,57.36434108527132,78.62728251421365
89.0,84.81675392670157,73.63636363636363,86.78923681369035
101.0,86.60714285714286,76.37795275590551,88.15902370317889
108.0,84.58498023715416,73.28767123287672,86.6048893622691
110.0,83.79446640316206,72.10884353741497,86.01347908845983
106.0,79.6934865900383,66.2420382165605,83.06809531853749
104.0,79.6875,66.23376623376623,83.06495996315064
100.0,79.33884297520662,65.75342465753424,82.8267922009716
100.0,79.49790794979079,65.97222222222221,82.9371903627235
95.0,79.82832618025752,66.42857142857143,83.16736360498716
93.0,82.29665071770334,69.91869918699187,84.92241607383133
66.0,71.91011235955057,56.14035087719298,78.02028718827721
95.0,72.636815920398,57.03125,78.4607380670818
96.0,80.78817733990148,67.76859504132231,83.8453707030782
109.0,84.29752066115702,72.85714285714285,86.39062758545923
110.0,80.74074074074075,67.70186335403726,83.79900126377238
111.0,81.04089219330855,68.125,84.01156824854694
103.0,72.85714285714285,57.30337078651685,78.57579770703404
108.0,74.28571428571429,59.09090909090909,79.47355807637003
101.0,71.32352941176471,55.42857142857143,77.63640875987367
102.0,73.33333333333333,57.89473684210527,78.87547913056
103.0,75.18796992481202,60.24096385542169,80.05458209545587
96.0,76.19047619047619,61.53846153846154,80.71432739916209
71.0,74.3455497382199,59.166666666666664,79.53443601769617
100.0,72.14611872146118,56.42857142857143,78.15340382515063
102.0,81.81818181818183,69.23076923076923,84.5754532972518
112.0,83.72093023255815,72.0,85.9580570424223
114.0,80.57553956834532,67.46987951807229,83.68100879067563
122.0,80.82191780821918,67.81609195402298,83.8521108617452
110.0,71.28712871287128,55.38461538461539,77.60542585161105
109.0,69.10299003322258,52.79187817258884,76.30307281372691
106.0,71.52777777777779,55.67567567567567,77.75595738330145
109.0,71.67235494880546,55.85106382978723,77.84264960776973
106.0,71.22302158273382,55.3072625698324,77.57375429547993
98.0,74.07407407407408,58.82352941176471,79.34887287982318
70.0,73.68421052631578,58.333333333333336,79.11677244242206
103.0,77.6255707762557,63.43283582089553,81.66750692843503
107.0,84.34782608695653,72.93233082706767,86.4302222038052
114.0,81.67938931297711,69.03225806451613,84.46819518097284
120.0,78.0,63.934426229508205,81.901290902964
126.0,75.37993920972644,60.48780487804878,80.1629865915058
122.0,67.22222222222223,50.627615062761514,75.19593718875764
121.0,69.8224852071006,53.63636363636364,76.71630000108965
112.0,70.09646302250803,53.960396039603964,76.88732247303464
120.0,71.92429022082018,56.15763546798029,77.98992795731323
113.0,70.46979865771812,54.40414507772021,77.11419732166853
110.0,78.76447876447877,64.96815286624204,82.42915771282705
103.0,75.63025210084034,60.810810810810814,80.34750499411282
110.0,77.5,63.26530612244898,81.57874255266869
117.0,81.45454545454545,68.71165644171779,84.30489341740733
117.0,78.37837837837837,64.44444444444444,82.15829893017268
128.0,76.3076923076923,61.69154228855721,80.76885114108194
129.0,75.22388059701493,60.28708133971292,80.06062358693937
124.0,70.52023121387283,54.46428571428571,77.13025289829841
115.0,68.51851851851852,52.112676056338024,75.95447045601283
122.0,71.51515151515152,55.660377358490564,77.73629759290543
124.0,72.27414330218068,56.58536585365853,78.20378959882288
115.0,72.2972972972973,56.613756613756614,78.22499131093271
95.0,73.94957983193278,58.666666666666664,79.27144226161955
58.0,66.66666666666666,50.0,74.95711407655637
68.0,75.86206896551724,61.111111111111114,80.5206400510764
71.0,84.13793103448276,72.61904761904762,86.28657658813302
79.0,87.05882352941177,77.08333333333334,88.51971145529787
84.0,88.88888888888889,80.0,89.98003832641328
90.0,90.9090909090909,83.33333333333334,91.64969755045817
87.0,87.36842105263159,77.57009345794393,88.7610912860957
85.0,86.81318681318682,76.69902912621359,88.32556103295529
81.0,85.87570621468926,75.24752475247524,87.59881227643722
65.0,82.05128205128204,69.56521739130434,84.75467127547338
60.0,83.45323741007195,71.60493827160494,85.77952328800326
70.0,78.62068965517241,64.77272727272727,82.35543724118418
61.0,67.13286713286713,50.526315789473685,75.21627790750416
82.0,75.0,60.0,79.95809470596451
84.0,85.20710059171599,74.22680412371135,87.08845395392018
82.0,84.44444444444444,73.07692307692307,86.5105174266851
94.0,88.66995073891626,79.64601769911505,89.80004834163115
97.0,91.2621359223301,83.92857142857143,91.94631518595217
96.0,88.99521531100478,80.17241379310344,90.06324501327796
92.0,88.0,78.57142857142857,89.26175645150249
90.0,86.91099476439791,76.85185185185185,88.40097233959649
81.0,83.14606741573034,71.15384615384616,85.54698415232924
65.0,82.35294117647058,70.0,84.97306088240576
88.0,86.85714285714286,76.76767676767676,88.360884292022
63.0,67.56756756756756,51.02040816326531,75.46232473757966
89.0,74.72527472527473,59.64912280701754,79.77866054935375
89.0,82.41758241758241,70.09345794392523,85.01479348165304
97.0,87.08133971291866,77.11864406779661,88.53236785600073
101.0,89.2018779342723,80.50847457627118,90.23127448787203
101.0,87.03703703703704,77.04918032786885,88.49663600874894
103.0,84.97854077253218,73.88059701492537,86.90535232458431
100.0,84.93150684931507,73.80952380952381,86.8718165939778
99.0,86.95652173913044,76.92307692307693,88.43458482179882
98.0,89.32038834951457,80.7017543859649,90.32891409099379
88.0,83.5978835978836,71.81818181818181,85.87815093264521
94.0,83.33333333333334,71.42857142857143,85.68234703654699
68.0,77.45664739884393,63.20754716981132,81.56485841996523
95.0,70.35175879396985,54.263565891472865,77.07290776112781
96.0,83.07692307692308,71.05263157894737,85.4933783705696
98.0,85.98130841121495,75.40983606557377,87.6749683482569
100.0,85.96491228070175,75.38461538461539,87.6603575345538
108.0,88.88888888888889,80.0,89.97403738616391
108.0,83.79446640316206,72.10884353741497,86.01347908845983
106.0,82.39999999999999,70.06802721088435,84.9900777517885
98.0,84.30493273542601,72.86821705426357,86.39916583314991
106.0,84.12017167381974,72.5925925925926,86.25935392639335
95.0,81.81818181818183,69.23076923076923,84.5754532972518
97.0,85.84905660377359,75.20661157024794,87.57335669857112
64.0,74.39024390243902,59.22330097087378,79.56974686376674
96.0,70.05076142131979,53.90625,76.89425099038058
97.0,81.4070351758794,68.64406779661016,84.28510406498839
110.0,86.8421052631579,76.74418604651163,88.34213915221721
105.0,85.59322033898306,74.81481481481481,87.373458331022
113.0,86.4,76.05633802816901,87.99421519128352
107.0,77.37226277372264,63.095238095238095,81.48570572626895
108.0,76.86567164179104,62.42424242424243,81.15021160015469
105.0,80.47808764940238,67.33333333333333,83.6177400565818
115.0,79.84790874524715,66.45569620253164,83.17492325454816
106.0,77.6923076923077,63.52201257861635,81.70309315900364
99.0,81.98198198198197,69.46564885496184,84.6928923120771
68.0,76.40449438202246,61.81818181818181,80.86718143355807
99.0,71.71717171717171,55.90551181102362,77.89687325906934
103.0,82.29665071770334,69.91869918699187,84.92241607383133
117.0,85.47717842323651,74.63768115942028,87.2838916052129
112.0,85.94377510040161,75.35211267605634,87.64110457146602
127.0,86.23188405797102,75.79617834394905,87.86013244264596
122.0,75.9493670886076,61.224489795918366,80.53632992273144
118.0,75.16778523489933,60.215053763440864,80.03362148063383
120.0,82.73381294964028,70.5521472392638,85.22813210827576
120.0,79.7153024911032,66.27218934911244,83.07916754128681
108.0,72.92418772563177,57.38636363636363,78.61829414968456
103.0,78.48101265822784,64.58333333333334,82.24075118636397
69.0,75.70621468926554,60.909090909090914,80.41163899063677
96.0,72.0,56.25,78.0691162382245
103.0,83.33333333333334,71.42857142857143,85.6783475279662
119.0,86.95652173913044,76.92307692307693,88.42858196411505
119.0,84.44444444444444,73.07692307692307,86.49651355396232
136.0,83.33333333333334,71.42857142857143,85.66233351031337
126.0,69.49152542372882,53.246753246753244,76.51549098215631
124.0,71.00591715976331,55.04587155963303,77.42504541702284
130.0,81.69934640522875,69.06077348066299,84.47444380212845
127.0,75.88424437299035,61.13989637305699,80.49503508572542
113.0,71.67235494880546,55.85106382978723,77.84264960776973
108.0,75.09881422924902,60.12658227848101,80.00039303417073
71.0,70.85714285714285,54.86725663716814,77.38274433406876
108.0,77.57009345794393,63.358778625954194,81.63147842722461
114.0,84.16666666666667,72.66187050359713,86.29299216642661
115.0,83.01886792452831,70.96774193548387,85.4389302894373
122.0,82.4742268041237,70.17543859649122,85.03677635434279
135.0,82.5,70.2127659574468,85.05043221539513
126.0,69.85915492957746,53.67965367965368,76.73293800421588
125.0,71.17647058823529,55.25114155251142,77.527678457806
127.0,76.25,61.61616161616161,80.73216279953004
126.0,75.64102564102564,60.824742268041234,80.33645919187352
115.0,71.81208053691275,56.02094240837696,77.92658696443934
103.0,73.17073170731707,57.692307692307686,78.7802671712347
107.0,0.0,0.0,49.67315051020408
114.0,0.0,0.0,49.70005580357143
114.0,0.0,0.0,49.74689094387755
121.0,0.0,0.0,49.87543845663265
120.0,0.0,0.0,49.759845344387756
133.0,0.0,0.0,49.693080357142854
136.0,10.21021021021021,5.379746835443038,52.39182122369851
129.0,13.968253968253968,7.508532423208192,53.484098328683494
127.0,0.7782101167315175,0.390625,49.94120188714499
126.0,16.938110749185668,9.252669039145907,54.37209723143736
105.0,47.091412742382275,30.79710144927536,65.20789771311864
99.0,29.03225806451613,16.9811320754717,58.271140931514154
24.0,25.0,14.285714285714285,57.11893941982438
33.0,33.33333333333333,20.0,59.97209432119437
37.0,48.148148148148145,31.70731707317073,65.82574951997951
41.0,48.275862068965516,31.818181818181817,65.87918779517999
67.0,51.48514851485149,34.66666666666667,67.28447989365239
70.0,64.91228070175438,48.05194805194805,73.98608491769504
83.0,71.53284671532847,55.68181818181818,77.80200789993417
81.0,80.76923076923077,67.74193548387096,83.841035389053
78.0,74.66666666666667,59.57446808510638,79.74932502419725
89.0,69.62025316455697,53.398058252427184,76.65114500578503
93.0,61.64383561643836,44.554455445544555,72.22137405937039
116.0,53.48837209302325,36.507936507936506,68.17417571457068
90.0,47.40740740740741,31.06796116504854,65.46318447531304
85.0,52.71317829457365,35.78947368421053,67.83390959149699
85.0,56.451612903225815,39.325842696629216,69.6090732000926
74.0,55.55555555555556,38.46153846153847,69.18290898269362
52.0,76.92307692307693,62.5,81.22905905346923
55.0,72.52747252747253,56.896551724137936,78.42334715816214
54.0,61.1764705882353,44.06779661016949,72.00099700897307
46.0,32.72727272727273,19.565217391304348,59.74573186426899
41.0,0.0,0.0,49.95914381377551
51.0,0.0,0.0,49.94917889030612
33.0,37.2093023255814,22.857142857142858,61.401661844772995
37.0,55.172413793103445,38.095238095238095,69.02170198222831
47.0,64.1025641025641,47.16981132075472,73.55698996577506
69.0,52.42718446601942,35.526315789473685,67.71430348089011
79.0,62.4,45.348837209302324,72.62754703275814
91.0,73.68421052631578,58.333333333333336,79.12676243681831
96.0,78.04878048780488,64.0,81.96408045977012
90.0,87.86127167630057,78.35051546391753,89.15429964812643
95.0,78.3068783068783,64.34782608695652,82.13299651320003
121.0,69.85645933014354,53.67647058823529,76.77536480732046
110.0,68.78306878306879,52.41935483870967,76.15080810922332
125.0,67.6328502415459,51.09489051094891,75.48058699498668
110.0,66.3157894736842,49.60629921259843,74.7392939201499
99.0,64.73988439306359,47.863247863247864,73.87076998110518
88.0,68.96551724137932,52.63157894736842,76.27090258863454
85.0,63.76811594202898,46.808510638297875,73.3543869715865
53.0,74.0,58.730158730158735,79.33915144469803
64.0,67.9245283018868,51.42857142857142,75.68038064847
61.0,68.62745098039215,52.23880597014925,76.08749297131342
51.0,48.64864864864865,32.142857142857146,66.03354827317106
49.0,62.7906976744186,45.76271186440678,72.84945100887491
51.0,56.09756097560976,38.983050847457626,69.45563524766756
38.0,44.44444444444444,28.57142857142857,64.25581236401744
48.0,62.33766233766234,45.28301886792453,72.61259732676814
73.0,60.3448275862069,43.20987654320987,71.55906762682322
86.0,59.42028985507246,42.2680412371134,71.07817141141598
89.0,75.30864197530865,60.396039603960396,80.15811159086577
103.0,79.3296089385475,65.74074074074075,82.83344790754231
99.0,83.61581920903954,71.84466019417476,85.89338913664668
100.0,87.5,77.77777777777779,88.86493296778373
114.0,80.55555555555556,67.44186046511628,83.6790048597218
125.0,73.63636363636363,58.27338129496403,79.07880063849908
133.0,68.20276497695853,51.74825174825175,75.80526634756006
130.0,68.18181818181817,51.724137931034484,75.79221008046505
118.0,70.87378640776699,54.88721804511278,77.38373236846382
101.0,69.27374301675978,52.991452991452995,76.4408516104649
98.0,73.49397590361446,58.0952380952381,79.00372001539317
86.0,69.01408450704226,52.68817204301075,76.30019749835417
65.0,72.88135593220339,57.333333333333336,78.63475156084814
68.0,72.88135593220339,57.333333333333336,78.63475156084814
63.0,68.57142857142857,52.17391304347826,76.05404866374153
57.0,66.0,49.25373134328358,74.5929626343285
53.0,59.34065934065934,42.1875,71.05685993240145
55.0,55.172413793103445,38.095238095238095,69.00873724828901
43.0,56.71641791044776,39.58333333333333,69.76275744163327
52.0,70.32967032967034,54.23728813559322,77.09172160449094
84.0,62.31884057971014,45.26315789473684,72.57971690041333
100.0,69.0909090909091,52.77777777777778,76.3380099806904
98.0,78.4090909090909,64.48598130841121,82.20507180055242
105.0,77.41935483870968,63.1578947368421,81.53703454708943
108.0,82.10526315789474,69.64285714285714,84.78749508106968
110.0,83.90243902439025,72.26890756302521,86.1015130747847
134.0,80.99173553719008,68.05555555555556,83.98184942600655
132.0,74.67811158798283,59.589041095890416,79.73562538134176
140.0,71.48936170212767,55.62913907284768,77.74769259000524
130.0,69.56521739130434,53.333333333333336,76.59680080911318
127.0,70.37037037037037,54.285714285714285,77.07898488736812
111.0,70.40816326530613,54.330708661417326,77.10747818565906
103.0,77.77777777777779,63.63636363636363,81.77826643878615
90.0,78.3132530120482,64.35643564356435,82.14229756475278
82.0,73.97260273972603,58.69565217391305,79.3099185812704
70.0,73.17073170731707,57.692307692307686,78.8132400802206
69.0,68.42105263157895,52.0,75.96409837046492
57.0,64.0,47.05882352941176,73.49351514696498
59.0,68.68686868686868,52.307692307692314,76.12293394452064
56.0,66.66666666666666,50.0,74.96809189534142
66.0,56.25,39.130434782608695,69.52334217943572
75.0,69.29133858267717,53.01204819277109,76.46712678528684
90.0,67.54966887417218,51.0,75.45112219451372
110.0,69.89247311827957,53.71900826446281,76.80362817685234
107.0,77.08333333333334,62.71186440677966,81.31202178065222
115.0,79.80295566502463,66.39344262295081,83.15579906374609
112.0,80.8080808080808,67.79661016949152,83.860377904931
115.0,84.11214953271028,72.58064516129032,86.25638096023226
137.0,80.64516129032258,67.56756756756756,83.73585663305289
136.0,78.2258064516129,64.23841059602648,82.06529048342031
144.0,73.46938775510205,58.06451612903226,78.96736967255032
134.0,66.95278969957081,50.32258064516129,75.08444094735609
128.0,71.74887892376681,55.94405594405595,77.90914870022982
117.0,76.19047619047619,61.53846153846154,80.719326585264
103.0,77.34806629834254,63.06306306306306,81.49061826765096
92.0,80.72289156626506,67.67676767676768,83.80645344663785
81.0,75.67567567567568,60.86956521739131,80.39886880183212
74.0,73.4375,58.0246913580247,78.97843317327715
71.0,77.41935483870968,63.1578947368421,81.55101886538881
58.0,60.0,42.857142857142854,71.3926783898269
63.0,61.224489795918366,44.11764705882353,72.02093416635189
61.0,61.05263157894737,43.93939393939394,71.93280543082126
84.0,50.847457627118644,34.090909090909086,66.98762341236318
82.0,71.94244604316546,56.17977528089888,78.05098567340639
95.0,71.95121951219512,56.19047619047619,78.04934548394851
110.0,73.29842931937172,57.85123966942148,78.87472772598126
112.0,79.02439024390245,65.32258064516128,82.61837186764502
117.0,78.64077669902912,64.8,82.35608344146122
124.0,80.75117370892019,67.71653543307087,83.81734138393412
127.0,83.33333333333334,71.42857142857143,85.67634717471981
142.0,80.46875,67.3202614379085,83.61020361252963
142.0,80.62015503875969,67.53246753246754,83.71630566270285
144.0,74.9003984063745,59.87261146496815,79.87340888331671
134.0,68.33333333333333,51.89873417721519,75.87350970049724
133.0,72.41379310344827,56.75675675675676,78.31449592209793
122.0,78.3410138248848,64.39393939393939,82.15005508156972
111.0,80.20304568527918,66.94915254237289,83.43565178469025
97.0,81.87134502923976,69.3069306930693,84.622530927503
87.0,77.30061349693251,63.0,81.46308343144493
83.0,73.23943661971832,57.77777777777777,78.85098289575187
73.0,74.60317460317461,59.49367088607595,79.71491779058131
56.0,63.73626373626373,46.774193548387096,73.35419350979089
62.0,61.05263157894737,43.93939393939394,71.93280543082126
60.0,61.05263157894737,43.93939393939394,71.93280543082126
94.0,48.484848484848484,32.0,65.93219527760051
92.0,68.91891891891892,52.57731958762887,76.24277450703138
103.0,70.11494252873564,53.98230088495575,76.9392697680291
113.0,72.53886010362694,56.91056910569105,78.40239667514626
113.0,81.9047619047619,69.35483870967742,84.63948763193994
118.0,80.37383177570094,67.1875,83.55182546416451
122.0,82.4074074074074,70.07874015748031,85.00143608389119
137.0,83.40080971659918,71.52777777777779,85.7229486616207
144.0,79.6934865900383,66.2420382165605,83.06809531853749
142.0,82.22222222222221,69.81132075471697,84.85772269634381
146.0,76.92307692307693,62.5,81.19009106158639
137.0,72.6530612244898,57.05128205128205,78.45875740314416
138.0,71.36929460580913,55.483870967741936,77.67305946071265
132.0,75.0,60.0,79.94210305655932
111.0,82.35294117647058,70.0,84.96406611834225
103.0,80.22598870056498,66.98113207547169,83.4556393837093
93.0,78.3132530120482,64.35643564356435,82.14229756475278
88.0,72.6027397260274,56.98924731182796,78.454721814444
86.0,64.7887323943662,47.91666666666667,73.90846299620986
60.0,62.0,44.927536231884055,72.42587799728612
60.0,57.14285714285714,40.0,69.96111665004985
60.0,61.855670103092784,44.776119402985074,72.35116742693425
106.0,46.57534246575342,30.357142857142854,65.10079232123626
109.0,66.27906976744185,49.56521739130435,74.72474640789703
113.0,75.0,60.0,79.95209963276385
116.0,73.6318407960199,58.26771653543307,79.08096616760076
118.0,82.56880733944955,70.3125,85.11831524777382
125.0,78.89908256880734,65.15151515151516,82.52984022698536
123.0,85.06787330316742,74.01574803149606,86.97492804713656
141.0,81.6,68.91891891891892,84.41352743884995
146.0,80.74074074074075,67.70186335403726,83.79900126377238
152.0,82.80701754385966,70.65868263473054,85.28039809150727
155.0,74.53874538745387,59.411764705882355,79.6369856979237
145.0,72.65625,57.05521472392638,78.45772336939086
136.0,71.900826446281,56.12903225806451,77.99663695396389
136.0,78.86178861788618,65.1006711409396,82.49841760086179
124.0,80.7017543859649,67.64705882352942,83.77960320778739
110.0,81.48148148148148,68.75,84.34006916305714
92.0,77.64705882352942,63.46153846153846,81.69285264725296
91.0,72.72727272727273,57.14285714285714,78.5295291300878
93.0,63.576158940397356,46.601941747572816,73.2461113142588
64.0,66.05504587155964,49.31506849315068,74.6206375573053
65.0,70.17543859649122,54.054054054054056,76.99311925616378
61.0,64.70588235294117,47.82608695652174,73.87714614463505
98.0,15.09433962264151,8.16326530612245,53.99193404039977
38.0,47.05882352941176,30.76923076923077,65.35770365508824
49.0,49.275362318840585,32.69230769230769,66.31126479334178
76.0,39.175257731958766,24.358974358974358,62.120671859591646
80.0,58.333333333333336,41.17647058823529,70.53837589761578
96.0,64.90066225165563,48.03921568627451,73.96674212206878
98.0,74.69879518072288,59.61538461538461,79.76578784985617
98.0,80.42328042328042,67.2566371681416,83.5913924363662
94.0,79.12087912087912,65.45454545454545,82.68935160321078
114.0,68.04123711340206,51.5625,75.71938610057873
105.0,66.27906976744185,49.56521739130435,74.72474640789703
120.0,58.69565217391305,41.53846153846154,70.69341575785852
108.0,62.7906976744186,45.76271186440678,72.81751171210044
99.0,60.75949367088608,43.63636363636363,71.75634013289614
94.0,63.44827586206897,46.464646464646464,73.17946067497235
84.0,64.0625,47.12643678160919,73.51734225636758
73.0,67.24137931034483,50.649350649350644,75.28677916016608
63.0,68.62745098039215,52.23880597014925,76.08749297131342
55.0,62.22222222222222,45.16129032258064,72.5467455042751
53.0,33.33333333333333,20.0,59.95614472241603
44.0,51.515151515151516,34.69387755102041,67.31504021293918
53.0,0.0,0.0,49.947185905612244
115.0,17.05426356589147,9.322033898305085,54.55436888775515
48.0,54.794520547945204,37.735849056603776,68.83502716806582
77.0,49.54128440366973,32.926829268292686,66.40857804717551
81.0,54.23728813559322,37.2093023255814,68.55080623617934
83.0,63.63636363636363,46.666666666666664,73.28546162949961
100.0,78.85714285714286,65.09433962264151,82.51024882223739
106.0,81.05263157894737,68.14159292035397,84.03486759932149
102.0,84.84848484848484,73.68421052631578,86.81216036177644
111.0,81.51658767772511,68.8,84.36107007386704
125.0,70.69767441860465,54.67625899280576,77.27525524490588
124.0,69.23076923076923,52.94117647058824,76.40672107897926
125.0,68.57142857142857,52.17391304347826,76.02109351678943
118.0,68.68686868686868,52.307692307692314,76.09197978520243
104.0,67.42857142857143,50.86206896551724,75.37416755137805
97.0,69.23076923076923,52.94117647058824,76.4227050702169
87.0,69.06474820143885,52.74725274725275,76.33073617254115
72.0,71.07438016528926,55.12820512820513,77.52919541711356
70.0,70.17543859649122,54.054054054054056,76.99311925616378
63.0,67.3076923076923,50.72463768115942,75.32841445095843
53.0,52.5,35.59322033898305,67.75872760544009
47.0,62.5,45.45454545454545,72.69736305448454
53.0,40.0,25.0,62.458135640524695
125.0,23.61111111111111,13.385826771653544,56.58326207698888
74.0,50.0,33.33333333333333,66.61282710854985
83.0,56.25,39.130434782608695,69.50937375349024
89.0,61.42857142857143,44.329896907216494,72.11109171253949
100.0,71.95121951219512,56.19047619047619,78.04934548394851
111.0,76.04166666666666,61.34453781512605,80.62636347275873
109.0,82.4742268041237,70.17543859649122,85.0537844531482
108.0,83.90243902439025,72.26890756302521,86.1015130747847
128.0,79.13043478260869,65.46762589928058,82.68589441115572
129.0,73.45132743362832,58.04195804195804,78.9610904137884
137.0,69.02654867256636,52.702702702702695,76.2814882829654
130.0,69.95515695067265,53.79310344827586,76.82968278725421
125.0,71.09004739336493,55.14705882352941,77.51265238336208
108.0,71.35135135135135,55.46218487394958,77.6782087810179
100.0,69.93865030674846,53.77358490566038,76.8379087959336
88.0,75.67567567567568,60.86956521739131,80.39886880183212
78.0,66.66666666666666,50.0,74.95711407655637
72.0,71.1864406779661,55.26315789473685,77.59766982381954
70.0,66.66666666666666,50.0,74.96310257484194
57.0,59.77011494252874,42.62295081967213,71.27658009577824
58.0,52.87356321839081,35.9375,67.92787507726356
56.0,54.32098765432099,37.28813559322034,68.60718140669113
138.0,30.303030303030305,17.857142857142858,58.81391768288341
91.0,58.2089552238806,41.05263157894737,70.4704688101969
87.0,61.87050359712231,44.79166666666667,72.34297393932141
108.0,65.47619047619048,48.67256637168141,74.27842320698952
105.0,74.15730337078652,58.92857142857143,79.41838669213445
117.0,75.49019607843137,60.629921259842526,80.26505943428862
120.0,80.19323671497585,66.93548387096774,83.4268180539036
116.0,84.11214953271028,72.58064516129032,86.25638096023226
133.0,81.63265306122449,68.96551724137932,84.43782691687944
133.0,77.82426778242679,63.6986301369863,81.79640290268838
142.0,73.33333333333333,57.89473684210527,78.88348086315453
130.0,70.48458149779736,54.421768707483,77.14401274722601
130.0,72.07207207207207,56.33802816901409,78.10713289638824
114.0,71.71717171717171,55.90551181102362,77.89687325906934
106.0,73.14285714285714,57.65765765765766,78.7819338735287
89.0,78.43137254901961,64.51612903225806,82.22514089892096
82.0,68.57142857142857,52.17391304347826,76.04306887411705
78.0,69.76744186046511,53.57142857142857,76.74681619870225
70.0,69.56521739130434,53.333333333333336,76.63176160842508
61.0,59.57446808510638,42.42424242424242,71.17423336016302
62.0,55.91397849462365,38.80597014925373,69.36210770673054
57.0,37.333333333333336,22.950819672131146,61.42856162427178
144.0,32.95454545454545,19.727891156462583,59.746291481276344
98.0,63.51351351351351,46.53465346534654,73.21346569415265
102.0,68.32298136645963,51.886792452830186,75.89251934845976
115.0,68.85245901639344,52.5,76.19312852952328
113.0,76.14213197969542,61.47540983606557,80.6907996666406
121.0,78.87323943661971,65.11627906976744,82.51322218281155
123.0,83.87096774193549,72.22222222222221,86.07617051013277
132.0,81.0126582278481,68.08510638297872,83.9976250764734
140.0,81.88976377952756,69.33333333333334,84.62073281141822
137.0,78.08764940239044,64.05228758169935,81.97122945721014
147.0,75.39682539682539,60.509554140127385,80.19287734761407
135.0,70.33898305084746,54.248366013071895,77.05431296481355
132.0,71.05263157894737,55.10204081632652,77.4851455703551
122.0,71.69811320754717,55.88235294117647,77.88129623106728
110.0,73.224043715847,57.758620689655174,78.83041693246653
90.0,80.0,66.66666666666666,83.30240385254952
86.0,68.53146853146853,52.12765957446809,76.0189437976476
82.0,69.62962962962963,53.40909090909091,76.66365096233537
71.0,71.1864406779661,55.26315789473685,77.59766982381954
70.0,54.90196078431373,37.83783783783784,68.87305467707479
61.0,43.90243902439025,28.125,64.01664490210933
60.0,36.36363636363637,22.22222222222222,61.06226935838992
148.0,34.78260869565217,21.052631578947366,60.406660397003996
144.0,49.746192893401016,33.108108108108105,66.45530487696387
139.0,60.48780487804878,43.35664335664335,71.59750593820912
122.0,67.67676767676768,51.14503816793893,75.50865830047748
120.0,77.14285714285715,62.7906976744186,81.34743986425791
123.0,80.18433179723502,66.92307692307692,83.41861486553934
127.0,84.95575221238938,73.84615384615385,86.88913123617597
140.0,82.25806451612904,69.86301369863014,84.88757187307989
143.0,80.45977011494253,67.3076923076923,83.60291847115558
142.0,81.50943396226415,68.78980891719745,84.34597100809141
147.0,76.07843137254902,61.39240506329114,80.6352987596054
141.0,69.87951807228916,53.70370370370371,76.77698511464408
137.0,73.85892116182573,58.55263157894737,79.2134252190662
129.0,74.10714285714286,58.86524822695035,79.3747317931909
117.0,72.82051282051282,57.25806451612904,78.57614332482432
94.0,78.26086956521739,64.28571428571429,82.10793606449425
85.0,68.96551724137932,52.63157894736842,76.27090258863454
84.0,68.11594202898551,51.64835164835166,75.78028905204792
102.0,55.62913907284768,38.53211009174312,69.19923412593698
68.0,54.54545454545454,37.5,68.70513370156932
64.0,46.666666666666664,30.434782608695656,65.16953964449337
67.0,11.267605633802818,5.970149253731343,52.922290603904656
150.0,36.17021276595745,22.07792207792208,60.919300873830004
138.0,53.608247422680414,36.61971830985916,68.22008180276296
139.0,62.5,45.45454545454545,72.64944550370905
130.0,69.52380952380952,53.284671532846716,76.57846733539128
117.0,82.46445497630332,70.16129032258065,85.04371090426784
122.0,82.35294117647058,70.0,84.96106618748128
129.0,83.2618025751073,71.32352941176471,85.62282622867635
135.0,84.8,73.61111111111111,86.76760868117968
150.0,80.43478260869566,67.27272727272727,83.58243374522212
147.0,81.91881918819189,69.375,84.6385636172975
155.0,78.19548872180451,64.19753086419753,82.0408488320029
142.0,73.22834645669292,57.7639751552795,78.81410027056948
139.0,74.3801652892562,59.210526315789465,79.54336961478887
136.0,74.8936170212766,59.863945578231295,79.87307644667834
121.0,74.75728155339806,59.68992248062015,79.79306399685213
106.0,75.0,60.0,79.95609658750749
93.0,68.38709677419355,51.9607843137255,75.93151240106202
87.0,67.6056338028169,51.06382978723404,75.4860323529212
109.0,54.088050314465406,37.06896551724138,68.46167642347218
75.0,66.11570247933885,49.382716049382715,74.6504692421798
72.0,50.48543689320388,33.76623376623377,66.83226942548977
70.0,24.096385542168676,13.698630136986301,56.78652353637976
151.0,41.83673469387755,26.451612903225808,63.11211342279073
148.0,52.42718446601942,35.526315789473685,67.6653964327042
148.0,61.46788990825688,44.370860927152314,72.10161318524293
132.0,70.09345794392523,53.956834532374096,76.9145462855679
123.0,79.45205479452055,65.9090909090909,82.90962541222079
125.0,82.30088495575221,69.92481203007519,84.92247230499626
135.0,82.5,70.2127659574468,85.06444755926937
146.0,83.5249042145594,71.71052631578947,85.81232070078725
150.0,81.97879858657244,69.46107784431138,84.6796000488037
150.0,82.56227758007117,70.3030303030303,85.10257388103972
160.0,77.0909090909091,62.721893491124256,81.29803482225476
145.0,74.4186046511628,59.25925925925925,79.56373506093954
146.0,71.93675889328063,56.17283950617284,78.01554024824465
145.0,77.91164658634538,63.81578947368421,81.85298149975671
130.0,75.33632286995515,60.431654676258994,80.1609283522635
109.0,79.56989247311827,66.07142857142857,82.99779164789544
97.0,71.8562874251497,56.074766355140184,77.99049196518283
111.0,62.27544910179641,45.21739130434783,72.54585150565728
116.0,53.89221556886228,36.885245901639344,68.36582416364207
81.0,62.903225806451616,45.88235294117647,72.8953021661823
75.0,52.83018867924528,35.8974358974359,67.89886551193084
73.0,23.25581395348837,13.157894736842104,56.513165763349896
144.0,0.0,0.0,49.85650510204081
162.0,0.0,0.0,49.83159279336735
179.0,0.0,0.0,49.8176419005102
167.0,0.0,0.0,49.83059630102041
164.0,0.0,0.0,49.832589285714285
179.0,0.0,0.0,49.82162786989796
181.0,0.0,0.0,49.81963488520408
179.0,0.0,0.0,49.82162786989796
169.0,33.65384615384615,20.23121387283237,59.97799500207104
166.0,56.19834710743802,39.08045977011494,69.4344583515698
159.0,72.40143369175627,56.74157303370787,78.29390184386342
155.0,68.19923371647509,51.74418604651163,75.7892371924015
152.0,60.792951541850215,43.67088607594937,71.74663309126066
147.0,68.85245901639344,52.5,76.17413958316696
142.0,48.93617021276596,32.3943661971831,66.10143205131448
133.0,39.53488372093023,24.637681159420293,62.21513510326325
118.0,48.10126582278481,31.666666666666664,65.7515590304094
118.0,21.21212121212121,11.864406779661017,55.82853926160596
99.0,0.0,0.0,49.901347257653065
77.0,0.0,0.0,49.923270089285715
67.0,0.0,0.0,49.9332350127551
80.0,0.0,0.0,49.9202806122449
15.0,82.35294117647058,70.0,84.99401937721781
11.0,62.857142857142854,45.83333333333333,72.90370942556231
15.0,86.66666666666667,76.47058823529412,88.23130711527479
15.0,75.86206896551724,61.111111111111114,80.54857857957629
17.0,94.44444444444444,89.47368421052632,94.73484844510247
16.0,84.84848484848484,73.68421052631578,86.8371214108394
20.0,90.0,81.81818181818183,90.90510350927433
16.0,82.35294117647058,70.0,84.99401937721781
21.0,85.71428571428571,75.0,87.49401890027512
18.0,80.0,66.66666666666666,83.32535885167465
24.0,88.88888888888889,80.0,89.99501555147938
19.0,80.0,66.66666666666666,83.32535885167465
24.0,88.88888888888889,80.0,89.99501555147938
19.0,82.6086956521739,70.37037037037037,85.17721022655529
27.0,82.35294117647058,70.0,84.9910278137773
23.0,76.0,61.29032258064516,80.63319885237773
17.0,78.78787878787878,65.0,82.49302274584853
14.0,52.17391304347826,35.294117647058826,67.6251307476184
21.0,78.94736842105263,65.21739130434783,82.60072132949294
16.0,77.77777777777779,63.63636363636363,81.81020765447225
22.0,72.72727272727273,57.14285714285714,78.55946684894053
18.0,66.66666666666666,50.0,74.98604521350823
28.0,77.77777777777779,63.63636363636363,81.8062189032182
18.0,68.08510638297872,51.61290322580645,75.79149945979317
29.0,72.41379310344827,56.75675675675676,78.36242782509356
18.0,62.745098039215684,45.714285714285715,72.83820346320347
28.0,74.07407407407408,58.82352941176471,79.39780825002462
18.0,61.224489795918366,44.11764705882353,72.03988451304446
29.0,80.0,66.66666666666666,83.32236710930334
19.0,58.18181818181818,41.02564102564102,70.48989387805177
29.0,79.24528301886792,65.625,82.80153399461669
21.0,55.55555555555556,38.46153846153847,69.20684626272633
29.0,0.0,0.0,49.95416135204081
20.0,0.0,0.0,49.98007015306122
24.0,66.66666666666666,50.0,74.98604521350823
41.0,72.46376811594203,56.81818181818182,78.39014811632507
47.0,77.27272727272727,62.96296296296296,81.46153812062632
47.0,81.81818181818183,69.23076923076923,84.59942929029486
43.0,75.0,60.0,79.97806274056198
42.0,70.73170731707317,54.71698113207547,77.33456091919943
39.0,68.18181818181817,51.724137931034484,75.83415048747312
37.0,65.0,48.148148148148145,74.04615782282781
18.0,62.22222222222222,45.16129032258064,72.56370006340747
29.0,71.42857142857143,55.55555555555556,77.76182754251181
42.0,76.31578947368422,61.702127659574465,80.8331165946585
51.0,85.41666666666666,74.54545454545455,87.2587649709421
48.0,87.5,77.77777777777779,88.87692096293046
45.0,83.33333333333334,71.42857142857143,85.69832911623242
51.0,77.77777777777779,63.63636363636363,81.79424596626495
44.0,74.74747474747475,59.67741935483871,79.813778984745
34.0,68.18181818181817,51.724137931034484,75.83415048747312
26.0,73.68421052631578,58.333333333333336,79.15171302296216
39.0,75.36231884057972,60.46511627906976,80.21560898699252
46.0,79.51807228915662,66.0,82.98304848134336
53.0,83.49514563106796,71.66666666666667,85.81637843336725
52.0,84.40366972477065,73.01587301587301,86.49098059331453
48.0,85.43689320388349,74.57627118644068,87.2731750889516
54.0,80.67226890756302,67.6056338028169,83.77987563106053
47.0,75.0,60.0,79.97207483943032
45.0,70.9090909090909,54.929577464788736,77.43287617280762
28.0,71.875,56.09756097560976,78.03083539977426
37.0,78.26086956521739,64.28571428571429,82.12790171004691
44.0,82.92682926829268,70.83333333333334,85.40270631406806
51.0,83.80952380952381,72.1311475409836,86.04861853232057
54.0,87.85046728971963,78.33333333333333,89.15370012035615
53.0,90.56603773584906,82.75862068965517,91.36933587945893
52.0,80.67226890756302,67.6056338028169,83.77987563106053
55.0,81.30081300813008,68.4931506849315,84.2236331567737
50.0,78.26086956521739,64.28571428571429,82.11792247169558
34.0,71.73913043478261,55.932203389830505,77.94017584285216
36.0,73.23943661971832,57.77777777777777,78.86994571840036
48.0,85.39325842696628,74.50980392156863,87.24193774202809
54.0,87.61904761904762,77.96610169491525,88.97008455980553
55.0,87.27272727272727,77.41935483870968,88.69571316783872
53.0,87.5,77.77777777777779,88.87492435879533
57.0,80.3030303030303,67.08860759493672,83.51836760051286
52.0,78.74015748031496,64.93506493506493,82.44060033650267
52.0,79.67479674796748,66.21621621621621,83.08317144722675
31.0,61.855670103092784,44.776119402985074,72.35116742693425
38.0,76.71232876712328,62.22222222222222,81.0941612826035
50.0,87.2340425531915,77.35849056603774,88.66727759577444
54.0,83.92857142857143,72.3076923076923,86.13589247433929
55.0,85.96491228070175,75.38461538461539,87.67634822934363
58.0,84.5528455284553,73.23943661971832,86.60076531329064
59.0,82.08955223880598,69.62025316455697,84.7861845220642
56.0,78.51851851851852,64.63414634146342,82.28814433566598
54.0,82.25806451612904,69.86301369863014,84.90956171215795
33.0,68.08510638297872,51.61290322580645,75.7765377647858
39.0,76.92307692307693,62.5,81.23205240697165
49.0,87.2340425531915,77.35849056603774,88.66727759577444
56.0,85.21739130434783,74.24242424242425,87.1042551918128
57.0,86.72566371681415,76.5625,88.26628800347119
60.0,84.8,73.61111111111111,86.78660218085732
63.0,84.72222222222221,73.49397590361446,86.72503843569429
61.0,83.56164383561644,71.76470588235294,85.85840801450782
56.0,80.0,66.66666666666666,83.3063990529774
35.0,66.0,49.25373134328358,74.5929626343285
45.0,80.48780487804879,67.3469387755102,83.65751501725474
51.0,91.83673469387756,84.90566037735849,92.44485109390754
55.0,84.03361344537815,72.46376811594203,86.2129318176167
56.0,86.95652173913044,76.92307692307693,88.44657616652191
61.0,83.72093023255815,72.0,85.97905111527872
64.0,83.56164383561644,71.76470588235294,85.85840801450782
61.0,82.75862068965517,70.58823529411765,85.26917551281028
59.0,80.57553956834532,67.46987951807229,83.70800440388851
46.0,70.9090909090909,54.929577464788736,77.43287617280762
27.0,65.11627906976744,48.275862068965516,74.1229794775273
38.0,76.92307692307693,62.5,81.23504516360592
45.0,79.06976744186046,65.38461538461539,82.67435866753804
47.0,82.6086956521739,70.37037037037037,85.16922922363905
46.0,86.36363636363636,76.0,87.98803302884039
46.0,71.57894736842105,55.73770491803278,77.8419289218619
45.0,78.72340425531915,64.91228070175438,82.43619579673769
45.0,68.81720430107528,52.459016393442624,76.20059147687448
41.0,66.66666666666666,50.0,74.9730802209416
29.0,73.68421052631578,58.333333333333336,79.15171302296216
41.0,82.66666666666667,70.45454545454545,85.21431031825887
44.0,83.14606741573034,71.15384615384616,85.56196466131846
49.0,86.27450980392157,75.86206896551724,87.91707134544113
49.0,86.86868686868688,76.78571428571429,88.37989163111837
49.0,80.37383177570094,67.1875,83.5728057118066
46.0,82.82828282828282,70.6896551724138,85.3278733626106
43.0,69.38775510204081,53.125,76.53258495871724
32.0,71.60493827160494,55.769230769230774,77.86168280639536
33.0,77.41935483870968,63.1578947368421,81.56498979943079
44.0,82.5,70.2127659574468,85.09242290453558
48.0,79.16666666666666,65.51724137931035,82.73867573772252
51.0,87.03703703703704,77.04918032786885,88.51062619098464
49.0,85.98130841121495,75.40983606557377,87.68995693164983
53.0,83.47826086956522,71.64179104477611,85.80194403818761
47.0,76.36363636363637,61.76470588235294,80.85642243493321
55.0,76.92307692307693,62.5,81.22307055514553
36.0,71.73913043478261,55.932203389830505,77.94017584285216
30.0,70.0,53.84615384615385,76.9051325506315
43.0,85.0,73.91304347826086,86.94455572261732
46.0,86.95652173913044,76.92307692307693,88.44957101299849
54.0,87.03703703703704,77.04918032786885,88.51062619098464
57.0,88.69565217391305,79.6875,89.83078241895261
56.0,84.7457627118644,73.52941176470588,86.74675112833307
52.0,79.66101694915254,66.19718309859155,83.07465330995328
51.0,74.78260869565217,59.72222222222222,79.83218804646309
38.0,71.28712871287128,55.38461538461539,77.66338866558252
34.0,70.76923076923077,54.761904761904766,77.36201034358672
46.0,86.74698795180723,76.59574468085107,88.28690305442632
49.0,87.2340425531915,77.35849056603774,88.66727759577444
51.0,87.37864077669903,77.58620689655173,88.78013741927185
55.0,90.2654867256637,82.25806451612904,91.11805968948596
62.0,84.375,72.97297297297297,86.46653516770431
57.0,82.25806451612904,69.86301369863014,84.90956171215795
55.0,81.66666666666667,69.01408450704226,84.48509799194552
47.0,71.55963302752293,55.714285714285715,77.82622756504321
35.0,73.52941176470588,58.139534883720934,79.05182163818756
46.0,85.71428571428571,75.0,87.48803350618269
52.0,86.86868686868688,76.78571428571429,88.37989163111837
53.0,86.79245283018868,76.66666666666667,88.31936963893877
57.0,87.93103448275862,78.46153846153847,89.21680414348742
61.0,85.71428571428571,75.0,87.48104511263193
55.0,82.53968253968253,70.27027027027027,85.11318956016108
60.0,82.17054263565892,69.73684210526315,84.84547749378633
48.0,73.39449541284404,57.971014492753625,78.95658591240522
37.0,76.05633802816901,61.36363636363637,80.66486869129993
47.0,84.70588235294117,73.46938775510205,86.7217301759156
50.0,88.65979381443299,79.62962962962963,89.8038439971897
53.0,85.71428571428571,75.0,87.48503919730307
60.0,86.20689655172413,75.75757575757575,87.86282809743689
64.0,84.67153284671532,73.41772151898735,86.68791020280744
61.0,83.82352941176471,72.15189873417721,86.05400160276768
60.0,81.81818181818183,69.23076923076923,84.591443032846
49.0,77.35849056603774,63.07692307692307,81.51452616397266
37.0,76.05633802816901,61.36363636363637,80.66486869129993
48.0,83.72093023255815,72.0,85.98603909054647
53.0,86.27450980392157,75.86206896551724,87.91707134544113
53.0,85.71428571428571,75.0,87.48503919730307
62.0,85.0,73.91304347826086,86.93856662691097
63.0,84.67153284671532,73.41772151898735,86.68791020280744
61.0,83.21167883211679,71.25,85.60205461002813
59.0,82.70676691729322,70.51282051282051,85.23346578203824
53.0,71.9298245614035,56.16438356164384,78.05027794817008
24.0,27.906976744186046,16.216216216216218,58.046310803267986
42.0,57.42574257425742,40.27777777777778,70.09601493830361
44.0,54.71698113207547,37.66233766233766,68.78330953749224
49.0,49.664429530201346,33.035714285714285,66.44306506483404
55.0,52.121212121212125,35.24590163934426,67.54416040218265
63.0,54.32098765432099,37.28813559322034,68.57026264221777
60.0,51.461988304093566,34.645669291338585,67.24005318871565
64.0,59.25925925925925,42.10526315789473,70.98680010751424
67.0,77.51937984496125,63.29113924050633,81.61664251655449
35.0,77.92207792207793,63.829787234042556,81.8979431124945
43.0,82.35294117647058,70.0,84.98504218104944
40.0,81.0126582278481,68.08510638297872,84.02759626743065
35.0,77.33333333333333,63.04347826086957,81.50478896392433
40.0,77.64705882352942,63.46153846153846,81.71182341580004
48.0,80.0,66.66666666666666,83.31338758576672
41.0,73.91304347826086,58.620689655172406,79.28641279456
42.0,67.36842105263158,50.79365079365079,75.36591442043739
30.0,76.05633802816901,61.36363636363637,80.66486869129993
25.0,74.07407407407408,58.82352941176471,79.39780825002462
14.0,64.70588235294117,47.82608695652174,73.9010829480107
44.0,84.44444444444444,73.07692307692307,86.52450007210867
50.0,86.27450980392157,75.86206896551724,87.91707134544113
48.0,84.84848484848484,73.68421052631578,86.82714535570986
42.0,82.75862068965517,70.58823529411765,85.27915952978718
46.0,80.85106382978722,67.85714285714286,83.91062097183203
58.0,77.31092436974791,63.013698630136986,81.47991933302181
64.0,80.91603053435115,67.94871794871796,83.94942032344024
54.0,76.66666666666667,62.16216216216216,81.05315369229193
45.0,75.51020408163265,60.65573770491803,80.30393538749163
31.0,81.69014084507043,69.04761904761905,84.51084763177211
25.0,75.86206896551724,61.111111111111114,80.54159854315375
46.0,89.36170212765957,80.76923076923077,90.37464211298337
56.0,87.5,77.77777777777779,88.87492435879533
59.0,87.93103448275862,78.46153846153847,89.21680414348742
46.0,84.21052631578947,72.72727272727273,86.34867705296139
47.0,82.97872340425532,70.9090909090909,85.43858917475208
65.0,77.04918032786885,62.66666666666667,81.30540538743377
62.0,82.44274809160305,70.12987012987013,85.04199104833556
64.0,79.69924812030075,66.25,83.09806625700776
50.0,74.78260869565217,59.72222222222222,79.83218804646309
44.0,87.2340425531915,77.35849056603774,88.66727759577444
36.0,84.21052631578947,72.72727272727273,86.35167082438939
50.0,83.6734693877551,71.9298245614035,85.94895536437583
57.0,83.92857142857143,72.3076923076923,86.13589247433929
62.0,88.52459016393442,79.41176470588235,89.69191642979366
48.0,85.71428571428571,75.0,87.48603741971517
48.0,82.97872340425532,70.9090909090909,85.43858917475208
59.0,79.64601769911505,66.17647058823529,83.06529539664902
63.0,84.44444444444444,73.07692307692307,86.51751139979157
67.0,80.2919708029197,67.07317073170732,83.50965054811259
52.0,74.78260869565217,59.72222222222222,79.83218804646309
45.0,84.21052631578947,72.72727272727273,86.34867705296139
37.0,81.69014084507043,69.04761904761905,84.51084763177211
54.0,77.77777777777779,63.63636363636363,81.79424596626495
61.0,80.35714285714286,67.16417910447761,83.56014704161664
61.0,90.1639344262295,82.08955223880598,91.03280508929585
52.0,86.53846153846155,76.27118644067797,88.1216298044885
47.0,80.43478260869566,67.27272727272727,83.61841353763809
53.0,79.6116504854369,66.12903225806451,83.0435726763545
66.0,80.28169014084507,67.05882352941175,83.50147824647927
70.0,80.28169014084507,67.05882352941175,83.50147824647927
54.0,69.56521739130434,53.333333333333336,76.63176160842508
51.0,79.6116504854369,66.12903225806451,83.0435726763545
40.0,79.01234567901234,65.3061224489796,82.63611004388991
52.0,73.26732673267327,57.8125,78.87932485191169
59.0,81.81818181818183,69.23076923076923,84.59543687845536
62.0,85.48387096774194,74.64788732394366,87.30598783331034
55.0,81.13207547169812,68.25396825396825,84.10703718584756
49.0,82.10526315789474,69.64285714285714,84.80447502414812
54.0,77.22772277227723,62.903225806451616,81.42867575102284
67.0,79.43262411347519,65.88235294117646,82.91224590394816
70.0,78.87323943661971,65.11627906976744,82.52821136249744
62.0,69.35483870967742,53.086419753086425,76.50531068838372
50.0,76.47058823529412,61.904761904761905,80.92844653269091
41.0,82.05128205128204,69.56521739130434,84.76864889986405
54.0,69.3069306930693,53.03030303030303,76.48423868932035
62.0,78.63247863247864,64.7887323943662,82.36943102862135
67.0,80.3030303030303,67.08860759493672,83.51836760051286
57.0,78.89908256880734,65.15151515151516,82.55281859345051
50.0,83.33333333333334,71.42857142857143,85.69832911623242
54.0,79.20792079207921,65.57377049180327,82.7659422109567
69.0,74.02597402597402,58.76288659793815,79.34153827293105
71.0,80.0,66.66666666666666,83.3044016121952
62.0,69.35483870967742,53.086419753086425,76.50531068838372
52.0,71.84466019417476,56.060606060606055,78.00138342680076
42.0,80.0,66.66666666666666,83.31737928100405
56.0,72.0,56.25,78.09707818109294
68.0,75.40983606557377,60.526315789473685,80.23323569246276
66.0,79.06976744186046,65.38461538461539,82.66537502397851
62.0,78.26086956521739,64.28571428571429,82.11792247169558
44.0,76.40449438202246,61.81818181818181,80.88815038019298
56.0,72.91666666666666,57.377049180327866,78.66259770398297
70.0,63.58381502890174,46.61016949152542,73.24223683770022
72.0,78.87323943661971,65.11627906976744,82.52821136249744
63.0,72.0,56.25,78.09009146037383
51.0,80.3921568627451,67.21311475409836,83.58661123164177
42.0,75.67567567567568,60.86956521739131,80.4168357314523
45.0,82.6086956521739,70.37037037037037,85.16922922363905
48.0,83.6734693877551,71.9298245614035,85.94895536437583
45.0,80.89887640449437,67.9245283018868,83.94531161803553
40.0,82.35294117647058,70.0,84.98504218104944
41.0,75.55555555555556,60.71428571428571,80.33520516020216
50.0,78.18181818181819,64.17910447761194,82.06561590944207
52.0,81.41592920353983,68.65671641791045,84.30741266736337
46.0,70.27027027027027,54.166666666666664,77.05042350625952
37.0,80.48780487804879,67.3469387755102,83.65751501725474
30.0,76.92307692307693,62.5,81.23504516360592
22.0,65.38461538461539,48.57142857142857,74.26777134426808
50.0,86.27450980392157,75.86206896551724,87.91707134544113
55.0,86.48648648648648,76.19047619047619,88.0802763971851
50.0,84.61538461538461,73.33333333333333,86.65070879544669
44.0,83.51648351648352,71.69811320754717,85.83409788982408
48.0,82.82828282828282,70.6896551724138,85.3278733626106
60.0,80.0,66.66666666666666,83.3083961749724
65.0,86.56716417910447,76.31578947368422,88.13993711682535
54.0,76.42276422764228,61.8421052631579,80.8921272590401
48.0,73.07692307692307,57.57575757575758,78.75995585517306
40.0,78.04878048780488,64.0,81.98205169112956
30.0,76.47058823529412,61.904761904761905,80.93642880881167
64.0,79.66101694915254,66.19718309859155,83.07465330995328
56.0,87.17948717948718,77.27272727272727,88.62140104284742
58.0,88.33333333333333,79.1044776119403,89.53827316145565
48.0,81.63265306122449,68.96551724137932,84.46480744787969
48.0,73.87387387387388,58.57142857142858,79.25679237487356
65.0,81.53846153846153,68.83116883116884,84.39164331070242
69.0,83.68794326241135,71.95121951219512,85.95266345045277
65.0,77.94117647058823,63.85542168674698,81.897784462271
55.0,77.31092436974791,63.013698630136986,81.47991933302181
46.0,83.87096774193549,72.22222222222221,86.09615209880484
37.0,86.48648648648648,76.19047619047619,88.08526681253228
63.0,78.63247863247864,64.7887323943662,82.36943102862135
56.0,85.47008547008546,74.6268656716418,87.29647556813546
60.0,88.70967741935483,79.71014492753623,89.84110626197645
50.0,74.13793103448276,58.9041095890411,79.42213438281568
49.0,82.82828282828282,70.6896551724138,85.3278733626106
66.0,81.81818181818183,69.23076923076923,84.591443032846
65.0,82.01438848920863,69.51219512195121,84.73115691970183
68.0,78.01418439716312,63.95348837209303,81.94581902493641
55.0,71.54471544715447,55.69620253164557,77.81319342252908
47.0,82.10526315789474,69.64285714285714,84.80447502414812
39.0,86.8421052631579,76.74418604651163,88.36212154169309
63.0,76.27118644067797,61.64383561643836,80.79399097651823
65.0,79.6875,66.23376623376623,83.09094795478835
61.0,87.3015873015873,77.46478873239437,88.716432992721
51.0,83.01886792452831,70.96774193548387,85.46591836261945
50.0,82.0,69.49152542372882,84.72781118099775
64.0,81.53846153846153,68.83116883116884,84.39164331070242
68.0,81.08108108108108,68.18181818181817,84.06297390055072
70.0,78.08219178082192,64.04494382022472,81.99054788928193
56.0,71.54471544715447,55.69620253164557,77.81319342252908
48.0,82.82828282828282,70.6896551724138,85.3278733626106
42.0,84.33734939759037,72.91666666666666,86.44536989024286
61.0,74.78260869565217,59.72222222222222,79.83218804646309
57.0,85.0,73.91304347826086,86.93856662691097
64.0,84.61538461538461,73.33333333333333,86.64671494982143
52.0,74.57627118644068,59.45945945945946,79.69980872119227
49.0,82.4742268041237,70.17543859649122,85.07076541281398
61.0,78.74015748031496,64.93506493506493,82.44060033650267
68.0,81.37931034482759,68.6046511627907,84.2753886138993
71.0,77.55102040816327,63.33333333333333,81.63374502018529
57.0,70.96774193548387,55.00000000000001,77.46409478975505
51.0,83.16831683168317,71.1864406779661,85.5762657772086
44.0,83.9506172839506,72.3404255319149,86.15724958140159
65.0,74.3801652892562,59.210526315789465,79.57434416565441
60.0,83.2,71.23287671232876,85.59549030732549
65.0,82.70676691729322,70.51282051282051,85.23346578203824
53.0,77.96610169491525,63.888888888888886,81.91851186914023
52.0,83.16831683168317,71.1864406779661,85.5762657772086
58.0,79.67479674796748,66.21621621621621,83.08317144722675
69.0,78.94736842105263,65.21739130434783,82.57676972033579
71.0,75.67567567567568,60.86956521739131,80.39886880183212
64.0,70.76923076923077,54.761904761904766,77.34305092473855
54.0,79.62962962962963,66.15384615384615,83.05498144167285
44.0,86.04651162790698,75.51020408163265,87.74313530833263
63.0,70.58823529411765,54.54545454545454,77.23782082201518
62.0,84.8,73.61111111111111,86.78660218085732
61.0,80.62015503875969,67.53246753246754,83.74129561285415
52.0,81.81818181818183,69.23076923076923,84.59543687845536
49.0,81.63265306122449,68.96551724137932,84.46480744787969
57.0,80.32786885245902,67.12328767123287,83.53770464117034
70.0,79.73856209150327,66.30434782608695,83.12124504942979
73.0,77.85234899328859,63.73626373626373,81.8352095647678
62.0,71.7557251908397,55.952380952380956,77.93928569053746
54.0,77.77777777777779,63.63636363636363,81.79424596626495
43.0,84.70588235294117,73.46938775510205,86.7217301759156
62.0,3.2679738562091507,1.6611295681063125,50.5355736537189
55.0,22.22222222222222,12.5,56.08949115705939
57.0,38.04347826086957,23.48993288590604,61.631287018928774
48.0,3.361344537815126,1.7094017094017095,50.740099666834624
50.0,13.23529411764706,7.086614173228346,53.42569989463538
60.0,0.0,0.0,49.90931919642857
74.0,0.0,0.0,49.818638392857146
59.0,0.0,0.0,49.84454719387755
51.0,0.0,0.0,49.81166294642857
43.0,0.0,0.0,49.815648915816325
36.0,0.0,0.0,49.84654017857143
54.0,62.5,45.45454545454545,72.68539083421116
61.0,56.63716814159292,39.50617283950617,69.70422713449463
58.0,65.45454545454545,48.64864864864865,74.28643042723617
68.0,74.01574803149606,58.75,79.34208492090407
70.0,75.38461538461539,60.49382716049383,80.21499465431877
90.0,73.29192546583852,57.84313725490197,78.87866901254985
104.0,77.83783783783784,63.716814159292035,81.81749218263181
96.0,77.09497206703911,62.727272727272734,81.32272391627372
82.0,80.2547770700637,67.02127659574468,83.47970819989376
67.0,84.84848484848484,73.68421052631578,86.82215314823371
47.0,77.77777777777779,63.63636363636363,81.79424596626495
64.0,61.66666666666667,44.57831325301205,72.2432841519852
71.0,65.57377049180327,48.78048780487805,74.34835783254911
76.0,71.53284671532847,55.68181818181818,77.80200789993417
75.0,82.99319727891157,70.93023255813954,85.44017364712325
83.0,82.14285714285714,69.6969696969697,84.81854891139024
106.0,82.05128205128204,69.56521739130434,84.74767576687543
113.0,85.44600938967136,74.59016393442623,87.26413457777515
104.0,84.8780487804878,73.72881355932203,86.83346186161513
82.0,85.71428571428571,75.0,87.47604981638193
71.0,87.14285714285714,77.21518987341773,88.58963624170737
56.0,80.0,66.66666666666666,83.30939461644856
69.0,70.58823529411765,54.54545454545454,77.23782082201518
77.0,80.26315789473685,67.03296703296702,83.48655235814768
83.0,77.92207792207793,63.829787234042556,81.88097231444326
85.0,81.48148148148148,68.75,84.34506585511873
95.0,82.41758241758241,70.09345794392523,85.01479348165304
109.0,78.57142857142857,64.70588235294117,82.31102417213916
120.0,83.03571428571429,70.99236641221374,85.4582461815676
121.0,85.71428571428571,75.0,87.46605024563645
95.0,87.2340425531915,77.35849056603774,88.65529031835244
76.0,83.75,72.04301075268818,85.99556193305047
73.0,82.43243243243244,70.11494252873564,85.03153092714344
89.0,83.72093023255815,72.0,85.97205811911223
85.0,85.54913294797689,74.74747474747475,87.34878826990918
90.0,84.21052631578947,72.72727272727273,86.33669240706602
89.0,84.57142857142857,73.26732673267327,86.6067183342022
100.0,86.73469387755102,76.57657657657657,88.26233552232235
120.0,84.61538461538461,73.33333333333333,86.63072202142035
120.0,86.29032258064517,75.88652482269504,87.90930926668715
114.0,88.78923766816143,79.83870967741935,89.89439327951084
90.0,87.77777777777777,78.21782178217822,89.08695348845023
73.0,85.71428571428571,75.0,87.47804829375374
72.0,79.43262411347519,65.88235294117646,82.91224590394816
88.0,83.06010928961749,71.02803738317756,85.48308056783628
94.0,81.28342245989305,68.46846846846847,84.19930409451368
93.0,83.97790055248619,72.38095238095238,86.16153407470773
106.0,84.8780487804878,73.72881355932203,86.83346186161513
110.0,83.87096774193549,72.22222222222221,86.07617051013277
131.0,87.5,77.77777777777779,88.85692979652711
128.0,89.14728682170544,80.41958041958041,90.18182432816579
109.0,84.76190476190476,73.55371900826447,86.74491508741731
86.0,84.0909090909091,72.54901960784314,86.246566807634
71.0,81.57894736842105,68.88888888888889,84.41650813922035
67.0,77.16535433070865,62.82051282051282,81.38132988363402
86.0,81.35593220338984,68.57142857142857,84.25278278323944
87.0,83.69565217391305,71.96261682242991,85.95136769383535
110.0,82.75862068965517,70.58823529411765,85.25918192878046
106.0,85.30805687203792,74.3801652892562,87.15913587307517
112.0,84.44444444444444,73.07692307692307,86.5035181467561
120.0,84.8,73.61111111111111,86.76760868117968
126.0,83.89513108614233,72.25806451612902,86.08608722770337
117.0,87.96680497925311,78.51851851851852,89.23029980249872
98.0,88.55721393034825,79.46428571428571,89.709182807629
89.0,85.71428571428571,75.0,87.4740508603138
88.0,78.4090909090909,64.48598130841121,82.20507180055242
99.0,81.63265306122449,68.96551724137932,84.44682760823356
102.0,83.5820895522388,71.7948717948718,85.86449650591629
114.0,88.39285714285714,79.2,89.5740399784332
139.0,83.84615384615385,72.18543046357617,86.0507714364738
134.0,86.59003831417624,76.35135135135135,88.1407197201796
144.0,84.42906574394463,73.05389221556887,86.48199465535306
137.0,86.64259927797833,76.43312101910828,88.17960190319327
122.0,82.92682926829268,70.83333333333334,85.37472873480583
108.0,74.54545454545455,59.42028985507246,79.65425000998123
106.0,75.72815533980582,60.9375,80.41884780829574
97.0,76.43979057591623,61.86440677966102,80.88729589926108
96.0,81.86528497409327,69.2982456140351,84.6141905755466
95.0,81.25,68.42105263157895,84.17459673776241
97.0,88.11881188118812,78.76106194690266,89.35657266091515
111.0,80.53097345132744,67.4074074074074,83.6597783767595
123.0,80.3347280334728,67.13286713286713,83.51950864630578
149.0,81.53310104529616,68.82352941176471,84.35882717217214
140.0,86.13138686131386,75.64102564102564,87.78255684943926
114.0,86.63594470046083,76.42276422764228,88.18242959595045
104.0,88.23529411764706,78.94736842105263,89.44972541964663
88.0,83.69565217391305,71.96261682242991,85.95136769383535
75.0,76.51006711409396,61.95652173913043,80.94334397178193
82.0,68.32298136645963,51.886792452830186,75.89251934845976
82.0,72.95597484276729,57.42574257425742,78.66997252819978
83.0,75.0,60.0,79.96209022526386
82.0,73.61111111111111,58.24175824175825,79.08297237148264
79.0,82.66666666666667,70.45454545454545,85.20133187242178
107.0,77.00534759358288,62.60869565217392,81.26143708043791
112.0,76.84729064039408,62.4,81.15309193979799
106.0,81.77339901477832,69.16666666666667,84.54640202556578
94.0,83.87096774193549,72.22222222222221,86.08116979608855
87.0,82.14285714285714,69.6969696969697,84.81854891139024
60.0,75.38461538461539,60.49382716049383,80.21499465431877
79.0,82.14285714285714,69.6969696969697,84.81854891139024
82.0,83.97790055248619,72.38095238095238,86.16153407470773
91.0,83.97790055248619,72.38095238095238,86.16153407470773
94.0,83.24324324324324,71.29629629629629,85.6172094068559
91.0,88.08290155440415,78.70370370370371,89.32889363580506
121.0,81.93832599118943,69.40298507462687,84.66056048452106
124.0,83.2618025751073,71.32352941176471,85.62282622867635
108.0,81.9047619047619,69.35483870967742,84.63948763193994
89.0,86.77248677248677,76.63551401869158,88.2928039211516
77.0,82.14285714285714,69.6969696969697,84.81854891139024
63.0,77.03703703703704,62.65060240963856,81.29437789462854
80.0,83.22981366459628,71.27659574468085,85.61135660430475
98.0,79.38144329896907,65.8119658119658,82.86606194947679
91.0,87.2340425531915,77.35849056603774,88.65529031835244
98.0,84.26395939086294,72.80701754385966,86.37256632488133
100.0,85.14851485148515,74.13793103448276,87.03901942021604
127.0,80.16877637130801,66.90140845070422,83.4037802422048
128.0,84.29752066115702,72.85714285714285,86.39062758545923
121.0,83.76068376068376,72.05882352941177,85.99147095237312
98.0,86.73469387755102,76.57657657657657,88.26233552232235
84.0,80.45977011494253,67.3076923076923,83.61991808135983
75.0,78.98089171974523,65.26315789473685,82.59865401621146
87.0,82.95454545454545,70.87378640776699,85.4069548768372
86.0,83.61581920903954,71.84466019417476,85.89338913664668
91.0,87.09677419354838,77.14285714285715,88.54747408495287
100.0,86.73469387755102,76.57657657657657,88.26233552232235
124.0,83.2618025751073,71.32352941176471,85.62282622867635
130.0,84.67741935483872,73.42657342657343,86.67534059677216
128.0,85.37549407114624,74.48275862068967,87.20442956200259
117.0,83.70044052863436,71.96969696969697,85.94790832790274
95.0,87.95811518324608,78.50467289719626,89.22937869087235
85.0,80.66298342541437,67.5925925925926,83.76136824807563
93.0,68.23529411764706,51.78571428571429,75.83898428280686
95.0,83.42245989304813,71.55963302752293,85.74887715490482
96.0,82.4742268041237,70.17543859649122,85.0537844531482
110.0,82.46445497630332,70.16129032258065,85.04371090426784
114.0,84.54545454545455,73.22834645669292,86.58022957481133
132.0,80.80000000000001,67.78523489932886,83.84468934182618
130.0,86.71875,76.55172413793103,88.24190621158013
133.0,86.15384615384616,75.67567567567568,87.80188385893084
112.0,85.5813953488372,74.79674796747967,87.36742597639218
111.0,82.52427184466019,70.24793388429752,85.088032343119
102.0,73.73737373737373,58.4,79.14810689978644
89.0,68.83116883116884,52.475247524752476,76.18974155261226
87.0,83.97790055248619,72.38095238095238,86.16153407470773
89.0,81.76795580110497,69.1588785046729,84.54650643528323
102.0,85.85858585858585,75.22123893805309,87.58267033644785
112.0,84.93150684931507,73.80952380952381,86.8718165939778
130.0,84.0,72.41379310344827,86.1669532711825
128.0,83.06451612903226,71.03448275862068,85.47530260991365
127.0,86.05577689243027,75.52447552447552,87.72728529758969
127.0,84.97854077253218,73.88059701492537,86.90535232458431
109.0,84.76190476190476,73.55371900826447,86.74491508741731
107.0,81.95121951219512,69.42148760330579,84.67381175661576
107.0,76.76767676767676,62.295081967213115,81.10163279997383
90.0,82.35294117647058,70.0,84.96706521088245
94.0,82.4742268041237,70.17543859649122,85.0537844531482
119.0,84.71615720524017,73.48484848484848,86.70747945518808
127.0,83.87096774193549,72.22222222222221,86.07116862828637
143.0,82.35294117647058,70.0,84.95206136145733
140.0,86.66666666666667,76.47058823529412,88.19933654757975
142.0,85.60606060606061,74.83443708609272,87.37926636279347
121.0,84.12017167381974,72.5925925925926,86.25935392639335
116.0,78.89908256880734,65.15151515151516,82.52984022698536
123.0,76.23318385650224,61.59420289855072,80.74419773403709
107.0,55.00000000000001,37.93103448275862,68.8937068208894
89.0,83.51648351648352,71.69811320754717,85.81911648401311
96.0,85.42713567839196,74.56140350877193,87.25175443850087
105.0,85.04672897196261,73.98373983739837,86.95992422637615
108.0,83.40807174887892,71.53846153846153,85.73229208744254
137.0,80.7843137254902,67.76315789473685,83.83265038307229
139.0,83.33333333333334,71.42857142857143,85.67034371772118
137.0,85.93155893536122,75.33333333333333,87.62971322799939
123.0,84.71615720524017,73.48484848484848,86.70747945518808
107.0,85.02415458937197,73.94957983193278,86.9438443801095
105.0,80.76923076923077,67.74193548387096,83.8310412067602
99.0,69.00584795321637,52.67857142857143,76.28640944475642
153.0,2.197802197802198,1.1111111111111112,50.37817284738001
150.0,43.72093023255814,27.976190476190478,63.86740661474348
141.0,3.6363636363636362,1.8518518518518516,50.66182913694425
140.0,0.0,0.0,49.77578922193878
144.0,0.0,0.0,49.77080676020408
140.0,1.951219512195122,0.9852216748768473,50.29230789168964
136.0,0.0,0.0,49.79571906887755
130.0,18.181818181818183,10.0,54.82953525928585
123.0,33.86243386243386,20.382165605095544,60.06644176872518
110.0,15.827338129496402,8.59375,54.180259830060805
96.0,0.0,0.0,49.898357780612244
42.0,82.75862068965517,70.58823529411765,85.27915952978718
68.0,87.14285714285714,77.21518987341773,88.58963624170737
90.0,87.83068783068782,78.30188679245283,89.12798609680334
105.0,89.36170212765957,80.76923076923077,90.35965083427686
118.0,88.70967741935483,79.71014492753623,89.82710937504524
114.0,91.49797570850203,84.32835820895522,92.14320553117996
107.0,90.2127659574468,82.17054263565892,91.06230347281247
112.0,89.5397489539749,81.06060606060606,90.50533748275865
98.0,89.32038834951457,80.7017543859649,90.32891409099379
73.0,84.50704225352112,73.17073170731707,86.56341677551981
58.0,84.40366972477065,73.01587301587301,86.49098059331453
36.0,76.19047619047619,61.53846153846154,80.7542762310269
13.0,62.5,45.45454545454545,72.7153124354416
48.0,90.10989010989012,82.0,90.99102423456667
73.0,89.1891891891892,80.48780487804879,90.22793756175437
94.0,90.72164948453609,83.01886792452831,91.49146558660532
114.0,89.91596638655463,81.67938931297711,90.81572773084594
122.0,91.63346613545816,84.55882352941177,92.25843735348757
128.0,89.55223880597015,81.08108108108108,90.51257186545664
119.0,88.9795918367347,80.14705882352942,90.04656554334838
122.0,90.11857707509881,82.01438848920863,90.98222520621194
113.0,86.72566371681415,76.5625,88.25129672710572
82.0,82.71604938271605,70.52631578947368,85.2352188019591
58.0,86.23853211009175,75.80645161290323,87.88826440686255
39.0,80.0,66.66666666666666,83.31737928100405
20.0,44.89795918367347,28.947368421052634,64.44677301746341
50.0,90.9090909090909,83.33333333333334,91.6576901850485
79.0,88.48484848484848,79.34782608695652,89.65495210301562
102.0,90.65420560747664,82.90598290598291,91.43302300314222
117.0,90.98360655737704,83.45864661654136,91.70735187113894
125.0,91.63346613545816,84.55882352941177,92.25843735348757
129.0,90.03690036900369,81.87919463087249,90.91262644397742
125.0,90.68825910931174,82.96296296296296,91.45851088384646
126.0,85.95744680851064,75.3731343283582,87.65361659004031
115.0,87.22466960352423,77.34375,88.64291959132935
90.0,83.8323353293413,72.16494845360825,86.05553134571204
64.0,81.35593220338984,68.57142857142857,84.26377046190325
41.0,79.51807228915662,66.0,82.98304848134336
24.0,55.072463768115945,38.0,68.96909703530913
65.0,89.76377952755905,81.42857142857143,90.70131658082336
102.0,87.73584905660378,78.15126050420169,89.04967334057397
120.0,90.83333333333333,83.20610687022901,91.58108287566418
122.0,85.21739130434783,74.24242424242425,87.08726507859859
122.0,89.74358974358975,81.3953488372093,90.67370845027966
126.0,85.9504132231405,75.36231884057972,87.64720830988884
108.0,86.95652173913044,76.92307692307693,88.43458482179882
112.0,81.95121951219512,69.42148760330579,84.67381175661576
85.0,84.0909090909091,72.54901960784314,86.246566807634
79.0,76.19047619047619,61.53846153846154,80.73431456811345
51.0,80.76923076923077,67.74193548387096,83.85102119867143
39.0,76.71232876712328,62.22222222222222,81.0941612826035
53.0,0.0,0.0,49.93921396683674
83.0,90.9090909090909,83.33333333333334,91.65169690558406
110.0,86.22222222222223,75.78125,87.85967390273368
131.0,87.55020080321285,77.85714285714286,88.89761291298232
132.0,85.02024291497976,73.94366197183099,86.93488345141449
130.0,86.92307692307692,76.87074829931973,88.40141693574938
132.0,84.89795918367346,73.75886524822694,86.8424858275006
124.0,81.27853881278538,68.46153846153847,84.18984044685325
108.0,78.1725888324873,64.16666666666667,82.04041830508926
82.0,78.78787878787878,65.0,82.4650775278881
73.0,76.38888888888889,61.79775280898876,80.86495848585749
52.0,75.43859649122807,60.56338028169014,80.25376442325386
41.0,75.0,60.0,79.98205348062773
32.0,0.0,0.0,49.940210459183675
93.0,89.11917098445595,80.37383177570094,90.16595361993271
119.0,87.28813559322035,77.44360902255639,88.69184824742342
130.0,85.12396694214877,74.10071942446042,87.01441219560448
138.0,80.3088803088803,67.0967741935484,83.49746043117266
130.0,86.48648648648648,76.19047619047619,88.0602828379674
125.0,86.07594936708861,75.55555555555556,87.7448265456014
121.0,76.32850241545893,61.71875,80.81046987594067
105.0,72.82608695652173,57.26495726495726,78.58258739537551
85.0,69.93865030674846,53.77358490566038,76.8379087959336
75.0,72.6027397260274,56.98924731182796,78.454721814444
44.0,67.96116504854369,51.470588235294116,75.70238691595583
46.0,45.714285714285715,29.629629629629626,64.77693602693603
21.0,0.0,0.0,49.9382174744898
103.0,86.51162790697674,76.22950819672131,88.08580215858069
125.0,84.8,73.61111111111111,86.76760868117968
125.0,79.66101694915254,66.19718309859155,83.05067014040634
124.0,82.8125,70.66666666666667,85.2893948472139
134.0,85.60606060606061,74.83443708609272,87.37926636279347
124.0,85.83333333333333,75.18248175182481,87.55729044354366
116.0,77.66990291262135,63.49206349206349,81.7001198967823
93.0,73.44632768361582,58.03571428571429,78.97096125173545
83.0,70.37037037037037,54.285714285714285,77.0949711116115
67.0,63.30935251798561,46.31578947368421,73.10702902232842
39.0,54.36893203883495,37.333333333333336,68.61980537608679
44.0,37.9746835443038,23.4375,61.669907273579085
16.0,0.0,0.0,49.94419642857143
113.0,85.59322033898306,74.81481481481481,87.373458331022
125.0,87.15953307392996,77.24137931034483,88.58773184117433
117.0,74.45887445887446,59.310344827586206,79.59627842297657
123.0,82.86852589641434,70.74829931972789,85.33121149082736
133.0,86.15384615384616,75.67567567567568,87.80188385893084
128.0,83.47107438016529,71.63120567375887,85.77566274701422
111.0,70.76923076923077,54.761904761904766,77.32407410047261
89.0,70.23809523809523,54.12844036697248,77.01433691034538
78.0,70.44025157232704,54.36893203883495,77.13757854934565
67.0,64.38356164383562,47.474747474747474,73.68550755213165
37.0,49.54128440366973,32.926829268292686,66.40857804717551
42.0,38.70967741935484,24.0,61.94317955261375
14.0,0.0,0.0,49.945192920918366
53.0,84.11214953271028,72.58064516129032,86.27336700425529
72.0,88.1578947368421,78.82352941176471,89.39380386052522
91.0,87.30964467005076,77.47747747747748,88.71378365788428
111.0,88.88888888888889,80.0,89.97303667012862
116.0,87.02290076335878,77.02702702702703,88.47955562129985
110.0,86.16600790513834,75.69444444444444,87.81226905946032
112.0,86.88524590163934,76.81159420289855,88.37384183881696
114.0,88.6178861788618,79.56204379562044,89.7530593676007
107.0,88.26291079812206,78.99159663865547,89.47083925219782
74.0,88.27586206896552,79.01234567901234,89.48921083439761
60.0,82.45614035087719,70.1492537313433,85.05467833288623
38.0,73.80952380952381,58.490566037735846,79.22334663438293
45.0,73.46938775510205,58.06451612903226,79.0063306612453
50.0,90.0,81.81818181818183,90.8991170406263
76.0,90.0,81.81818181818183,90.8931241200122
98.0,90.0990099009901,81.98198198198197,90.97102493328907
115.0,90.45643153526972,82.57575757575758,91.26490956663525
123.0,91.76470588235294,84.78260869565217,92.37032909862015
126.0,89.39393939393939,80.82191780821918,90.38299134647644
118.0,89.79591836734694,81.48148148148148,90.71577369723815
121.0,89.79591836734694,81.48148148148148,90.71577369723815
115.0,87.33624454148472,77.51937984496125,88.7307339355807
92.0,84.02366863905326,72.44897959183673,86.1975463770979
62.0,75.63025210084034,60.810810810810814,80.376481186858
39.0,71.11111111111111,55.172413793103445,77.56028156151662
56.0,73.77049180327869,58.44155844155844,79.18886284169243
56.0,83.1858407079646,71.21212121212122,85.58710949991446
82.0,86.1878453038674,75.72815533980582,87.83912657405078
105.0,90.32258064516128,82.35294117647058,91.1555032972093
119.0,88.88888888888889,80.0,89.97303667012862
123.0,92.0,85.18518518518519,92.57261696286086
131.0,89.8876404494382,81.63265306122449,90.78935673678133
124.0,92.24489795918367,85.60606060606061,92.78405421290387
123.0,89.45147679324894,80.91603053435115,90.43305021824408
115.0,85.71428571428571,75.0,87.46805111821085
92.0,81.92771084337349,69.38775510204081,84.6639422113541
80.0,72.99270072992701,57.47126436781609,78.69872518953387
45.0,67.3913043478261,50.81967213114754,75.37992281400332
57.0,78.74015748031496,64.93506493506493,82.44060033650267
74.0,88.11188811188812,78.75,89.3580383333666
102.0,89.32038834951457,80.7017543859649,90.32891409099379
120.0,91.52542372881356,84.375,92.16752716305824
126.0,89.5397489539749,81.06060606060606,90.50533748275865
132.0,88.18897637795276,78.87323943661971,89.4066580692207
138.0,89.37728937728939,80.79470198675497,90.36838227958837
115.0,91.37931034482759,84.12698412698413,92.04352002434688
116.0,86.22222222222223,75.78125,87.85967390273368
100.0,84.21052631578947,72.72727272727273,86.33369385325629
87.0,74.68354430379746,59.59595959595959,79.75807317946712
80.0,68.14814814814815,51.68539325842697,75.7998081392873
64.0,66.07142857142857,49.333333333333336,74.62877201380164
63.0,73.4375,58.0246913580247,78.97843317327715
82.0,86.70520231213872,76.53061224489795,88.24235248878898
108.0,86.63594470046083,76.42276422764228,88.18242959595045
132.0,90.5511811023622,82.73381294964028,91.34293571914208
140.0,84.49612403100775,73.15436241610739,86.53723473632581
135.0,90.29850746268657,82.31292517006803,91.13049115360859
133.0,87.6923076923077,78.08219178082192,89.0091355212687
121.0,87.65957446808511,78.03030303030303,88.98619379342523
117.0,82.72727272727273,70.54263565891473,85.23338231982373
95.0,77.59562841530054,63.39285714285714,81.65551449099749
85.0,74.53416149068323,59.4059405940594,79.6620651968621
58.0,75.0,60.0,79.97007839460612
49.0,78.0952380952381,64.0625,82.00831193278148
54.0,66.0,49.25373134328358,74.5929626343285
96.0,87.75510204081633,78.18181818181819,89.06695221328881
118.0,87.06896551724138,77.09923664122137,88.51966325321179
132.0,88.8030888030888,79.86111111111111,89.90159089244456
144.0,84.01486988847584,72.43589743589743,86.17500282976782
136.0,91.04477611940298,83.56164383561644,91.75684780984483
128.0,87.8048780487805,78.26086956521739,89.10047552719607
121.0,81.61434977578476,68.93939393939394,84.42876655140806
107.0,81.59203980099502,68.90756302521008,84.41685094207763
91.0,73.98843930635837,58.71559633027523,79.31289873985025
82.0,76.92307692307693,62.5,81.2140833266821
71.0,65.64885496183206,48.86363636363637,74.38693756426089
66.0,75.36231884057972,60.46511627906976,80.1986422509386
40.0,54.32098765432099,37.28813559322034,68.60718140669113
104.0,87.85046728971963,78.33333333333333,89.14070923685156
124.0,87.34693877551021,77.53623188405797,88.73715866307394
128.0,87.4015748031496,77.62237762237763,88.77923035717903
141.0,87.59124087591242,77.92207792207793,88.92707699843707
135.0,89.47368421052632,80.95238095238095,90.44822235984311
132.0,87.2,77.30496453900709,88.62052509212124
118.0,83.4862385321101,71.65354330708661,85.79083274967986
106.0,80.61224489795919,67.52136752136752,83.72275733794388
90.0,73.37278106508876,57.943925233644855,78.92706498342656
77.0,72.6027397260274,56.98924731182796,78.454721814444
63.0,67.2,50.602409638554214,75.2603144055858
52.0,66.10169491525424,49.36708860759494,74.64365360431405
23.0,60.0,42.857142857142854,71.40464702967195
111.0,87.82608695652175,78.29457364341084,89.11932875879978
128.0,88.715953307393,79.72027972027972,89.83117577560469
141.0,83.08823529411765,71.0691823899371,85.48864908203086
136.0,87.73234200743495,78.1456953642384,89.03988591776586
132.0,89.23076923076924,80.55555555555556,90.2498113375061
136.0,85.71428571428571,75.0,87.46304803755119
115.0,80.95238095238095,68.0,83.9600726677447
102.0,75.67567567567568,60.86956521739131,80.38987780687552
87.0,73.17073170731707,57.692307692307686,78.8022556898764
75.0,68.91891891891892,52.57731958762887,76.24277450703138
58.0,64.61538461538461,47.72727272727273,73.81775931412903
48.0,61.40350877192983,44.303797468354425,72.10802246525557
21.0,54.54545454545454,37.5,68.72508024162198
135.0,0.0,0.0,49.86248405612245
137.0,67.84140969162996,51.33333333333333,75.593810921043
148.0,74.45255474452554,59.30232558139535,79.58126623759627
149.0,83.27645051194538,71.34502923976608,85.6235674827911
149.0,85.06493506493507,74.01129943502825,86.95969108028763
146.0,87.8048780487805,78.26086956521739,89.09546974764366
138.0,85.37549407114624,74.48275862068967,87.20442956200259
130.0,82.81938325991189,70.67669172932331,85.29940971993899
115.0,79.26267281105991,65.64885496183206,82.779508335378
103.0,65.07936507936508,48.23529411764706,74.02981218837996
84.0,60.28708133971292,43.15068493150685,71.49252962277855
72.0,60.57142857142858,43.44262295081967,71.65248079887412
64.0,70.50359712230215,54.44444444444444,77.18132609837679
43.0,81.92771084337349,69.38775510204081,84.67892003037902
52.0,85.43689320388349,74.57627118644068,87.2731750889516
65.0,89.70588235294117,81.33333333333333,90.65269879277662
95.0,89.24731182795699,80.58252427184466,90.27129926685879
110.0,90.2654867256637,82.25806451612904,91.10706476994693
113.0,91.06382978723404,83.59375,91.77590394006272
115.0,87.60330578512396,77.94117647058823,88.94063017657632
110.0,85.83333333333333,75.18248175182481,87.55729044354366
109.0,86.60714285714286,76.37795275590551,88.15902370317889
99.0,85.27918781725889,74.33628318584071,87.13919485491827
68.0,86.56716417910447,76.31578947368422,88.13993711682535
42.0,67.9245283018868,51.42857142857142,75.68038064847
41.0,84.0909090909091,72.54901960784314,86.26054861602393
55.0,90.09009009009009,81.9672131147541,90.97263420769823
66.0,88.23529411764706,78.94736842105263,89.45772124460724
96.0,89.55223880597015,81.08108108108108,90.51957659852081
114.0,91.37931034482759,84.12698412698413,92.04352002434688
125.0,92.3076923076923,85.71428571428571,92.83816638796463
119.0,88.35341365461848,79.13669064748201,89.53938355327801
115.0,86.99186991869918,76.97841726618705,88.4572527322367
112.0,84.38818565400844,72.99270072992701,86.45940651960844
99.0,84.5771144278607,73.27586206896551,86.60698735198491
63.0,87.6923076923077,78.08219178082192,89.02513387999575
34.0,61.72839506172839,44.642857142857146,72.29052190954745
43.0,80.41237113402062,67.24137931034483,83.6017415729178
54.0,85.96491228070175,75.38461538461539,87.67634822934363
66.0,89.20863309352518,80.51948051948052,90.24477438194165
97.0,86.86868686868688,76.78571428571429,88.36690385876851
111.0,89.56521739130436,81.10236220472441,90.52721609127839
122.0,90.45643153526972,82.57575757575758,91.26490956663525
120.0,87.55020080321285,77.85714285714286,88.89761291298232
117.0,84.8,73.61111111111111,86.76760868117968
121.0,85.71428571428571,75.0,87.46404889350484
104.0,79.64601769911505,66.17647058823529,83.04231427826491
67.0,88.23529411764706,78.94736842105263,89.45772124460724
39.0,64.44444444444444,47.540983606557376,73.73858560749429
45.0,80.0,66.66666666666666,83.31338758576672
57.0,84.7457627118644,73.52941176470588,86.74675112833307
65.0,83.68794326241135,71.95121951219512,85.95266345045277
100.0,85.57213930348259,74.78260869565217,87.36235645403492
112.0,89.74358974358975,81.3953488372093,90.67370845027966
121.0,89.16666666666667,80.45112781954887,90.19959974032827
121.0,85.1063829787234,74.07407407407408,87.00209015629576
116.0,81.63265306122449,68.96551724137932,84.43782691687944
118.0,81.45161290322581,68.70748299319727,84.30781039325366
109.0,78.44827586206897,64.53900709219859,82.21958840184452
72.0,82.11920529801324,69.66292134831461,84.80452209411979
41.0,59.04761904761905,41.891891891891895,70.90307028536164
49.0,78.50467289719626,64.61538461538461,82.28475378293865
58.0,83.60655737704919,71.83098591549296,85.8955428330582
66.0,84.13793103448276,72.61904761904762,86.28657658813302
103.0,85.29411764705883,74.35897435897436,87.14954048460407
116.0,89.91596638655463,81.67938931297711,90.81572773084594
121.0,89.7119341563786,81.34328358208955,90.64667524621484
119.0,85.71428571428571,75.0,87.46705074185755
118.0,80.81632653061224,67.8082191780822,83.85718185774729
123.0,81.45161290322581,68.70748299319727,84.30781039325366
112.0,69.73180076628353,53.529411764705884,76.6858399544304
78.0,76.13636363636364,61.46788990825688,80.69203631496183
44.0,41.61073825503356,26.27118644067797,63.048844790784685
57.0,83.76068376068376,72.05882352941177,86.01045990243605
61.0,89.76377952755905,81.42857142857143,90.70131658082336
65.0,90.37037037037037,82.43243243243244,91.20324604760403
101.0,87.0,76.99115044247787,88.46962141900691
120.0,91.80327868852459,84.84848484848484,92.4042679915163
112.0,89.7119341563786,81.34328358208955,90.64667524621484
106.0,82.15767634854771,69.71830985915493,84.81622104775546
119.0,82.12927756653993,69.6774193548387,84.79177351060623
129.0,81.78694158075601,69.18604651162791,84.5400836070136
120.0,79.16666666666666,65.51724137931035,82.69869499751343
100.0,72.35772357723577,56.68789808917197,78.27606715906678
71.0,63.905325443786985,46.95652173913044,73.41740934727959
45.0,75.26881720430107,60.3448275862069,80.14947847071258
55.0,81.35593220338984,68.57142857142857,84.26377046190325
58.0,91.05691056910568,83.5820895522388,91.7800711129111
79.0,86.25,75.82417582417582,87.89013489155187
100.0,91.0891089108911,83.63636363636363,91.80021200746383
100.0,89.10891089108911,80.35714285714286,90.15660920359838
83.0,77.77777777777779,63.63636363636363,81.77826643878615
102.0,78.39195979899498,64.46280991735537,82.18848907381202
106.0,80.19323671497585,66.93548387096774,83.4268180539036
100.0,79.06976744186046,65.38461538461539,82.64738944352048
93.0,83.41708542713567,71.55172413793103,85.74292333501067
58.0,70.9090909090909,54.929577464788736,77.43287617280762
48.0,80.41237113402062,67.24137931034483,83.6017415729178
54.0,87.5,77.77777777777779,88.87492435879533
62.0,91.47286821705426,84.28571428571429,92.13188282276616
84.0,82.84023668639054,70.70707070707071,85.32459670347347
96.0,87.12871287128714,77.19298245614034,88.57053690767407
101.0,85.16746411483254,74.16666666666667,87.05238717964076
84.0,79.38144329896907,65.8119658119658,82.86606194947679
110.0,74.88584474885845,59.854014598540154,79.87211050524284
115.0,80.8695652173913,67.88321167883211,83.8976787583706
111.0,84.51882845188284,73.18840579710145,86.55725831542541
86.0,81.73076923076923,69.10569105691057,84.51491456281275
61.0,71.7948717948718,56.00000000000001,77.96708820361431
44.0,82.22222222222221,69.81132075471697,84.88970473404689
53.0,86.79245283018868,76.66666666666667,88.31936963893877
63.0,92.42424242424242,85.91549295774648,92.94776942609462
93.0,88.65979381443299,79.62962962962963,89.79285434366288
107.0,87.73584905660378,78.15126050420169,89.04967334057397
111.0,90.35087719298247,82.39999999999999,91.17803207317317
113.0,88.79310344827587,79.84496124031007,89.89651852481424
109.0,85.33333333333334,74.4186046511628,87.17635504123635
112.0,87.89237668161435,78.4,89.17304205439514
97.0,87.17948717948718,77.27272727272727,88.61140905370408
69.0,85.29411764705883,74.35897435897436,87.15953426835745
40.0,67.3076923076923,50.72463768115942,75.32841445095843
42.0,81.72043010752688,69.0909090909091,84.52850133631178
53.0,84.68468468468468,73.4375,86.7017937471324
67.0,89.20863309352518,80.51948051948052,90.24477438194165
96.0,91.0,83.4862385321101,91.72514981412333
110.0,89.59276018099548,81.14754098360656,90.55080585734035
121.0,91.73553719008265,84.7328244274809,92.34643817998433
118.0,86.88524590163934,76.81159420289855,88.37384183881696
117.0,83.73983739837398,72.02797202797203,85.97404432884632
112.0,84.51882845188284,73.18840579710145,86.55725831542541
101.0,72.32142857142857,56.64335664335665,78.25979589828277
69.0,86.48648648648648,76.19047619047619,88.07528279511038
37.0,55.69620253164557,38.59649122807017,69.26335308303058
45.0,80.0,66.66666666666666,83.31238946290608
56.0,84.7457627118644,73.52941176470588,86.74675112833307
66.0,89.20863309352518,80.51948051948052,90.24477438194165
96.0,87.17948717948718,77.27272727272727,88.61140905370408
111.0,90.66666666666666,82.92682926829268,91.44244566821591
120.0,89.45147679324894,80.91603053435115,90.43305021824408
118.0,84.03361344537815,72.46376811594203,86.19394173030905
116.0,77.90262172284645,63.80368098159509,81.84292532863107
116.0,76.11940298507463,61.44578313253012,80.65898614628662
100.0,71.86147186147186,56.08108108108109,77.97566121608403
69.0,81.81818181818183,69.23076923076923,84.58744775269429
42.0,50.602409638554214,33.87096774193548,66.89461057817539
45.0,78.84615384615384,65.07936507936508,82.5177417797344
58.0,87.09677419354838,77.14285714285715,88.55546751640284
68.0,85.13513513513513,74.11764705882354,87.03687313729795
99.0,88.44221105527639,79.27927927927928,89.61668004852001
110.0,91.55555555555556,84.42622950819673,92.19414245365701
120.0,88.98305084745762,80.1526717557252,90.05037274551053
120.0,85.71428571428571,75.0,87.46605024563645
114.0,76.29629629629629,61.67664670658682,80.7744166570699
118.0,74.6268656716418,59.523809523809526,79.69400796503601
105.0,70.96774193548387,55.00000000000001,77.42812649736463
74.0,75.9493670886076,61.224489795918366,80.5743328539014
39.0,61.53846153846154,44.44444444444444,72.18732551647125
45.0,74.54545454545455,59.42028985507246,79.68222032396586
59.0,86.61417322834646,76.38888888888889,88.177485485126
67.0,87.83783783783784,78.3132530120482,89.1386663775094
101.0,85.85365853658537,75.21367521367522,87.57788855716502
110.0,90.7488986784141,83.06451612903226,91.5112886798178
121.0,88.79668049792531,79.8507462686567,89.89841034298041
123.0,85.47717842323651,74.63768115942028,87.2838916052129
114.0,73.80073800738008,58.47953216374269,79.16887383808191
119.0,74.71698113207546,59.63855421686747,79.75238012978085
107.0,68.96551724137932,52.63157894736842,76.23492855446527
77.0,70.23809523809523,54.12844036697248,77.01433691034538
41.0,57.47126436781609,40.32258064516129,70.1244017261419
56.0,81.66666666666667,69.01408450704226,84.48509799194552
58.0,89.76377952755905,81.42857142857143,90.70131658082336
63.0,90.9090909090909,83.33333333333334,91.65469444222737
97.0,87.87878787878788,78.37837837837837,89.1652318332827
116.0,90.12875536480686,82.03125,90.99265761368855
116.0,91.26984126984127,83.94160583941606,91.94882972700313
115.0,88.715953307393,79.72027972027972,89.83117577560469
122.0,76.87074829931973,62.430939226519335,81.14755518543872
129.0,77.63157894736842,63.44086021505376,81.65250889613209
108.0,70.90301003344482,54.92227979274611,77.37426152609144
90.0,74.43946188340807,59.285714285714285,79.58596296602605
58.0,57.14285714285714,40.0,69.94914442981933
50.0,84.90566037735849,73.77049180327869,86.86928771209594
53.0,83.05084745762711,71.01449275362319,85.48729704810651
60.0,86.82170542635659,76.71232876712328,88.33920508587609
73.0,86.07594936708861,75.55555555555556,87.75582519535581
100.0,90.29126213592234,82.30088495575221,91.13047562285543
106.0,91.4027149321267,84.16666666666667,92.06436179064737
104.0,84.16289592760181,72.65625,86.29318300371384
106.0,79.49790794979079,65.97222222222221,82.9371903627235
113.0,76.04562737642586,61.34969325153374,80.61194224043258
106.0,79.2,65.56291390728477,82.72953691050881
88.0,75.92592592592592,61.19402985074627,80.54511250192921
65.0,73.77049180327869,58.44155844155844,79.18886284169243
49.0,80.0,66.66666666666666,83.31238946290608
53.0,83.92857142857143,72.3076923076923,86.13589247433929
59.0,88.70967741935483,79.71014492753623,89.84110626197645
84.0,80.23255813953489,66.99029126213593,83.46121823569406
99.0,87.73584905660378,78.15126050420169,89.04967334057397
111.0,90.12875536480686,82.03125,90.99265761368855
107.0,88.49557522123894,79.36507936507937,89.65657914256045
113.0,80.15873015873017,66.88741721854305,83.39378349694002
119.0,76.55172413793103,62.01117318435754,80.93767487740797
113.0,84.04669260700389,72.48322147651007,86.20066642252442
84.0,76.0,61.29032258064516,80.59725709870582
59.0,65.45454545454545,48.64864864864865,74.28643042723617
46.0,71.91011235955057,56.14035087719298,78.04524723183196
53.0,82.6923076923077,70.49180327868852,85.22794939232135
63.0,82.64462809917356,70.4225352112676,85.19032039261062
88.0,82.4742268041237,70.17543859649122,85.0537844531482
99.0,89.10891089108911,80.35714285714286,90.15660920359838
108.0,82.88288288288288,70.76923076923077,85.34667911754407
107.0,79.22705314009661,65.60000000000001,82.75708068830599
113.0,70.20408163265306,54.088050314465406,76.97115632113767
112.0,36.87943262411347,22.608695652173914,61.215614027482765
100.0,27.350427350427353,15.841584158415841,57.83606321158431
67.0,0.0,0.0,49.9332350127551
44.0,0.0,0.0,49.95615433673469
67.0,65.33333333333333,48.51485148514851,74.20555748794102
86.0,73.37278106508876,57.943925233644855,78.92706498342656
84.0,72.63157894736842,57.02479338842975,78.4605077365842
54.0,48.372093023255815,31.901840490797547,65.84019484439327
30.0,20.3125,11.304347826086957,55.55050535255069
79.0,67.04545454545455,50.427350427350426,75.15581061683183
95.0,76.19047619047619,61.53846153846154,80.72432417494689
93.0,74.54545454545455,59.42028985507246,79.65425000998123
94.0,67.42424242424242,50.857142857142854,75.3427208086501
39.0,34.883720930232556,21.12676056338028,60.451706369513694
87.0,70.27027027027027,54.166666666666664,77.02845516287175
97.0,78.53403141361257,64.65517241379311,82.28666885993741
89.0,78.50467289719626,64.61538461538461,82.26177679224074
102.0,70.58823529411765,54.54545454545454,77.19285506825443
108.0,69.80392156862744,53.6144578313253,76.73036266294238
92.0,74.22680412371135,59.01639344262295,79.45830050544049
98.0,80.20304568527918,66.94915254237289,83.43565178469025
94.0,77.82426778242679,63.6986301369863,81.79640290268838
101.0,69.31407942238266,53.03867403314917,76.43447279932218
105.0,68.52589641434263,52.121212121212125,75.98174800510597
96.0,72.9064039408867,57.36434108527132,78.62728251421365
105.0,79.62085308056872,66.14173228346458,83.02794511641886
114.0,83.01886792452831,70.96774193548387,85.4389302894373
103.0,69.96466431095406,53.80434782608695,76.81730461176744
113.0,72.24334600760456,56.547619047619044,78.20092759253818
98.0,73.84615384615385,58.536585365853654,79.21739854273841
106.0,81.13207547169812,68.25396825396825,84.08705599761699
113.0,83.65019011406845,71.89542483660131,85.90476910347621
102.0,69.7508896797153,53.551912568306015,76.6910886776192
109.0,72.72727272727273,57.14285714285714,78.49954358740301
103.0,74.52830188679245,59.3984962406015,79.64535267745987
109.0,82.2429906542056,69.84126984126983,84.88270168313292
111.0,83.84615384615385,72.18543046357617,86.0507714364738
107.0,71.32867132867133,55.434782608695656,77.63551248500048
114.0,72.38805970149254,56.72514619883041,78.28868983497303
102.0,73.52941176470588,58.139534883720934,79.01587630196306
111.0,80.18433179723502,66.92307692307692,83.41861486553934
117.0,84.75836431226766,73.54838709677419,86.73324432542357
104.0,69.93006993006993,53.76344086021505,76.79585095171468
124.0,76.22377622377621,61.5819209039548,80.72305145003999
171.0,66.19217081850533,49.46808510638298,74.63919999184333
106.0,70.68273092369478,54.6583850931677,77.25632080085634
134.0,85.34201954397395,74.43181818181817,87.17094955449187
147.0,73.93617021276596,58.64978902953587,79.22696698114282
183.0,70.80459770114943,54.804270462633454,77.27519108674035
155.0,72.65917602996255,57.05882352941176,78.45652692275615
100.0,76.36363636363637,61.76470588235294,80.83044844544861
132.0,84.35374149659864,72.94117647058823,86.4246360255922
106.0,62.46056782334385,45.412844036697244,72.58760499656218
164.0,72.04301075268818,56.30252100840336,78.04734779088088
151.0,70.63197026022306,54.59770114942529,77.21997834772037
99.0,72.17391304347827,56.4625850340136,78.16741133600347
129.0,84.64163822525597,73.37278106508876,86.64143728392295
104.0,62.264150943396224,45.20547945205479,72.482924241873
168.0,72.3076923076923,56.62650602409639,78.20532855916522
158.0,68.88888888888889,52.54237288135594,76.18732564959116
101.0,77.19298245614034,62.857142857142854,81.37666278777922
124.0,83.91608391608392,72.28915662650603,86.09862977561517
107.0,63.74999999999999,46.788990825688074,73.27866683913314
164.0,74.9367088607595,59.91902834008097,79.86056957901147
135.0,71.42857142857143,55.55555555555556,77.70190069864597
104.0,75.63025210084034,60.810810810810814,80.34750499411282
128.0,83.1081081081081,71.09826589595376,85.49918589185637
137.0,72.72727272727273,57.14285714285714,78.47552064303981
173.0,71.50259067357513,55.64516129032258,77.71266418167355
152.0,68.46153846153847,52.046783625730995,75.94153424503352
108.0,74.9003984063745,59.87261146496815,79.87340888331671
135.0,84.21052631578947,72.72727272727273,86.31568239944198
110.0,62.089552238805965,45.02164502164502,72.384005127854
167.0,70.35175879396985,54.263565891472865,77.01386784460924
149.0,70.4119850187266,54.33526011560693,77.08875940567296
106.0,78.00829875518673,63.94557823129252,81.91987589333085
130.0,84.84848484848484,73.68421052631578,86.79715021820284
139.0,72.37569060773481,56.709956709956714,78.25506827405118
171.0,71.1340206185567,55.2,77.48808505535794
158.0,65.39923954372624,48.58757062146893,74.20294881642423
113.0,78.04878048780488,64.0,81.94608626198084
133.0,83.00653594771242,70.94972067039106,85.42291124530362
143.0,72.28260869565217,56.59574468085107,78.19595998505116
177.0,72.54901960784314,56.92307692307692,78.34960114643492
207.0,0.0,0.0,49.722975127551024
198.0,0.0,0.0,49.63229432397959
222.0,74.00379506641366,58.734939759036145,79.23041779972775
203.0,58.671586715867164,41.514360313315926,70.53325629077236
178.0,46.64536741214057,30.416666666666664,65.04167664610901
94.0,73.10924369747899,57.615894039735096,78.74406073745025
94.0,73.68421052631578,58.333333333333336,79.10177697913548
91.0,73.77777777777777,58.45070422535211,79.16646164893861
126.0,81.25,68.42105263157895,84.15658996068849
120.0,79.00355871886121,65.29411764705883,82.58813542394887
151.0,86.00682593856655,75.44910179640718,87.68359185724455
145.0,84.67153284671532,73.41772151898735,86.66691109908616
139.0,78.4,64.47368421052632,82.18292621405345
142.0,84.17266187050359,72.67080745341616,86.29145558551468
130.0,87.2340425531915,77.35849056603774,88.6432834026121
113.0,88.9795918367347,80.14705882352942,90.04656554334838
89.0,86.33879781420765,75.96153846153845,87.95581763686141
38.0,62.857142857142854,45.83333333333333,72.87777788857201
93.0,78.94736842105263,65.21739130434783,82.56877628928694
94.0,80.40201005025126,67.22689075630252,83.57452011465718
98.0,71.04247104247105,55.08982035928144,77.47003596831574
127.0,80.13468013468014,66.85393258426966,83.36803347554574
147.0,82.58064516129032,70.32967032967034,85.1108869551165
162.0,83.94366197183099,72.33009708737865,86.10807930707709
161.0,85.23676880222841,74.27184466019418,87.08294669888744
149.0,87.11656441717791,77.17391304347827,88.54498506233153
154.0,85.11904761904762,74.09326424870466,86.9966651025867
138.0,85.71428571428571,75.0,87.45503686976679
120.0,87.25868725868726,77.3972602739726,88.66567166466143
91.0,83.15789473684211,71.17117117117117,85.55364754538357
67.0,57.692307692307686,40.54054054054054,70.20444273840376
98.0,82.6530612244898,70.43478260869566,85.18345578184059
102.0,85.45454545454545,74.60317460317461,87.26963969566101
99.0,69.66292134831461,53.44827586206896,76.64327216820078
141.0,83.13253012048193,71.1340206185567,85.51105283695732
152.0,82.2429906542056,69.84126984126983,84.86368503653293
170.0,83.78378378378379,72.09302325581395,85.98653681732742
173.0,84.67532467532467,73.42342342342343,86.65272704772435
154.0,84.8314606741573,73.65853658536585,86.77529527918968
160.0,84.61538461538461,73.33333333333333,86.61069129582984
149.0,84.68468468468468,73.4375,86.66778567502749
129.0,87.14285714285714,77.21518987341773,88.57163377476375
98.0,82.52427184466019,70.24793388429752,85.088032343119
72.0,61.20218579234973,44.09448818897638,71.97641408650735
99.0,83.5820895522388,71.7948717948718,85.86449650591629
113.0,82.44897959183673,70.13888888888889,85.02650884783935
96.0,69.56521739130434,53.333333333333336,76.58980194857051
144.0,81.15942028985508,68.29268292682927,84.08138822974288
158.0,82.55813953488372,70.29702970297029,85.08855562376
174.0,82.5974025974026,70.35398230088495,85.1100139226999
183.0,87.70053475935828,78.0952380952381,89.00163008497009
163.0,81.25,68.42105263157895,84.13855510427408
162.0,83.9572192513369,72.35023041474655,86.11513799871256
165.0,83.51648351648352,71.69811320754717,85.78908538995623
138.0,84.98402555910543,73.88888888888889,86.89748482971311
108.0,86.60714285714286,76.37795275590551,88.15902370317889
76.0,71.60493827160494,55.769230769230774,77.838723689017
99.0,83.0,70.94017094017094,85.43614859267745
114.0,84.77366255144034,73.57142857142858,86.74876822696007
102.0,59.91189427312775,42.76729559748428,71.29284393508763
149.0,80.21978021978022,66.97247706422019,83.41428170620564
160.0,83.94366197183099,72.33009708737865,86.10807930707709
174.0,86.42659279778393,76.09756097560975,87.99980007996801
187.0,65.3061224489796,48.484848484848484,74.14058718172136
169.0,79.71014492753623,66.26506024096386,83.04854859641722
166.0,79.70297029702971,66.2551440329218,83.04559660908312
170.0,82.53164556962025,70.25862068965517,85.0603282801644
146.0,82.94117647058825,70.85427135678391,85.36917624999184
118.0,85.59670781893004,74.82014388489209,87.3751222699744
78.0,73.80952380952381,58.490566037735846,79.20138311065864
102.0,83.0,70.94017094017094,85.43614859267745
116.0,85.0,73.91304347826086,86.92057494039256
73.0,38.297872340425535,23.684210526315788,61.755363752858585
119.0,69.02654867256636,52.702702702702695,76.24647510532166
162.0,82.73972602739727,70.56074766355141,85.21740531603356
182.0,83.12342569269522,71.12068965517241,85.49335956434412
190.0,88.23529411764706,78.94736842105263,89.42969388839718
177.0,79.17620137299771,65.53030303030303,82.67415697482393
167.0,78.38479809976246,64.453125,82.13558251559657
172.0,81.57248157248156,68.87966804979253,84.36484902189687
149.0,82.08092485549133,69.6078431372549,84.74196369997813
125.0,87.15953307392996,77.24137931034483,88.58773184117433
81.0,72.31638418079096,56.63716814159292,78.26969358548357
104.0,81.77339901477832,69.16666666666667,84.54640202556578
116.0,85.35564853556485,74.45255474452554,87.19132909571206
68.0,35.65891472868217,21.69811320754717,60.7663098089657
120.0,69.23076923076923,52.94117647058824,76.36671081065519
164.0,82.16216216216216,69.72477064220183,84.79641698590181
184.0,82.5,70.2127659574468,85.03639837533615
158.0,64.70588235294117,47.82608695652174,73.81721214141372
178.0,81.51658767772511,68.8,84.32200623950084
172.0,78.78787878787878,65.0,82.40901273821666
177.0,81.25,68.42105263157895,84.13253723426088
147.0,81.63265306122449,68.96551724137932,84.41980394805395
127.0,86.38132295719845,76.02739726027397,87.97874407106379
83.0,73.44632768361582,58.03571428571429,78.97096125173545
103.0,79.59183673469387,66.10169491525424,83.01092570426371
119.0,84.97854077253218,73.88059701492537,86.90535232458431
102.0,31.25,18.51851851851852,59.14959045903593
105.0,62.839879154078545,45.81497797356828,72.78466585209809
167.0,81.4621409921671,68.72246696035242,84.29026186882076
187.0,78.77237851662404,64.9789029535865,82.40648798073151
165.0,65.11627906976744,48.275862068965516,74.03309457935276
178.0,79.17620137299771,65.53030303030303,82.67415697482393
170.0,77.49419953596288,63.25757575757576,81.53180533564564
182.0,80.2784222737819,67.05426356589147,83.44213688263974
161.0,85.55240793201133,74.75247524752476,87.32526311101874
133.0,85.50185873605948,74.67532467532467,87.29870985968546
90.0,72.63157894736842,57.02479338842975,78.4605077365842
91.0,76.63551401869158,62.121212121212125,81.01069988421767
99.0,77.98165137614679,63.90977443609023,81.90697441933877
93.0,83.09178743961353,71.07438016528926,85.50225296944838
133.0,81.48148148148148,68.75,84.32006043352312
131.0,79.7427652733119,66.31016042780749,83.09214566583374
153.0,86.13569321533923,75.64766839378238,87.77686237998135
152.0,86.14457831325302,75.66137566137566,87.78471817066344
143.0,85.53846153846155,74.73118279569893,87.3186261521313
143.0,82.98507462686567,70.91836734693877,85.40222582227926
145.0,81.06508875739645,68.1592039800995,84.01565187114251
125.0,85.40925266903915,74.53416149068323,87.22612661396876
100.0,81.81818181818183,69.23076923076923,84.5754532972518
67.0,65.359477124183,48.54368932038835,74.21897788446901
92.0,80.0,66.66666666666666,83.29540918163673
101.0,80.8080808080808,67.79661016949152,83.860377904931
96.0,76.66666666666667,62.16216216216216,81.02517500329176
140.0,80.74534161490683,67.70833333333334,83.79222365423811
150.0,84.4311377245509,73.05699481865285,86.47653378386426
165.0,84.01084010840108,72.42990654205607,86.1559780406248
171.0,86.23376623376623,75.79908675799086,87.84655397687587
150.0,85.38681948424069,74.5,87.19902752513642
155.0,82.8169014084507,70.67307692307693,85.27557382102997
152.0,81.5028901734104,68.78048780487805,84.32628867110095
123.0,84.69750889679716,73.4567901234568,86.68544402590923
93.0,77.88461538461539,63.77952755905512,81.84385101378247
72.0,66.22516556291392,49.504950495049506,74.70160344446846
95.0,82.4742268041237,70.17543859649122,85.0537844531482
103.0,81.51658767772511,68.8,84.36107007386704
100.0,71.93675889328063,56.17283950617284,78.01554024824465
143.0,79.76190476190477,66.33663366336634,83.10037390374264
157.0,82.79883381924198,70.64676616915423,85.26442317731406
172.0,84.51443569553805,73.18181818181819,86.53192678560069
178.0,85.64231738035264,74.8898678414097,87.38794075988415
155.0,82.03753351206434,69.54545454545455,84.7057580785566
159.0,82.47978436657682,70.18348623853211,85.02677300551838
160.0,82.12290502793296,69.66824644549763,84.77016032123169
132.0,85.43046357615894,74.56647398843931,87.23927831537776
96.0,79.81651376146789,66.41221374045801,83.16218505106711
75.0,71.08433734939759,55.140186915887845,77.5222055157287
97.0,82.17821782178217,69.74789915966386,84.83801641551756
110.0,84.12017167381974,72.5925925925926,86.25935392639335
99.0,72.22222222222221,56.52173913043478,78.19098836326071
147.0,80.34682080924856,67.14975845410628,83.50692950984387
159.0,83.33333333333334,71.42857142857143,85.65632165200434
179.0,83.6272040302267,71.86147186147186,85.86574892813645
183.0,87.21804511278195,77.33333333333333,88.61566870658507
163.0,81.7258883248731,69.09871244635193,84.47737781669791
163.0,82.38341968911918,70.04405286343612,84.95404954385994
165.0,81.38297872340425,68.60986547085201,84.23496492062081
136.0,82.35294117647058,70.0,84.94304897787902
104.0,82.25108225108225,69.85294117647058,84.88553690080892
79.0,70.73170731707317,54.71698113207547,77.31060357932637
98.0,83.41708542713567,71.55172413793103,85.74292333501067
114.0,83.47107438016529,71.63120567375887,85.77566274701422
102.0,71.37254901960785,55.487804878048784,77.67102632841242
149.0,80.33707865168539,67.13615023474179,83.498121286899
162.0,82.64462809917356,70.4225352112676,85.14830034860745
181.0,83.93782383419689,72.32142857142857,86.09873164085484
187.0,88.52459016393442,79.41176470588235,89.6638941096493
170.0,80.68459657701712,67.62295081967213,83.73249278601331
166.0,79.90074441687345,66.52892561983471,83.18348710262956
172.0,81.51898734177216,68.80341880341881,84.32873129514138
142.0,80.93841642228739,67.98029556650246,83.92519714573574
118.0,83.87096774193549,72.22222222222221,86.07116862828637
83.0,72.18934911242604,56.481481481481474,78.19384859268128
106.0,81.69014084507043,69.04761904761905,84.48487882046149
113.0,83.47107438016529,71.63120567375887,85.77566274701422
101.0,73.6,58.22784810126582,79.04803474466692
151.0,80.0,66.66666666666666,83.25937475013991
162.0,82.73972602739727,70.56074766355141,85.21740531603356
182.0,81.29675810473816,68.4873949579832,84.16871697392293
186.0,86.69950738916256,76.52173913043478,88.20686956521739
173.0,79.62085308056872,66.14173228346458,82.98487989953104
168.0,79.02439024390245,65.32258064516128,82.57531439584014
172.0,79.59697732997482,66.10878661087865,82.9734224549455
146.0,81.5028901734104,68.78048780487805,84.32628867110095
125.0,84.49612403100775,73.15436241610739,86.53723473632581
91.0,71.8232044198895,56.03448275862068,77.9663543485187
106.0,83.01886792452831,70.96774193548387,85.44793421642424
115.0,83.60655737704919,71.83098591549296,85.87555207025997
103.0,73.22834645669292,57.7639751552795,78.81410027056948
153.0,80.0,66.66666666666666,83.25937475013991
163.0,82.16216216216216,69.72477064220183,84.79641698590181
184.0,83.07692307692308,71.05263157894737,85.46033426430073
190.0,81.26801152737752,68.44660194174757,84.15834643904607
174.0,79.62085308056872,66.14173228346458,82.98487989953104
177.0,80.76009501187649,67.72908366533864,83.78355155150305
176.0,79.80295566502463,66.39344262295081,83.11474426504842
148.0,80.68181818181817,67.61904761904762,83.74157001810198
130.0,86.14232209737828,75.6578947368421,87.79199245341735
88.0,73.86363636363636,58.55855855855856,79.23338117307506
108.0,82.46445497630332,70.16129032258065,85.04371090426784
119.0,83.2,71.23287671232876,85.57449874919841
103.0,71.875,56.09756097560976,77.9769012449329
152.0,79.13279132791328,65.47085201793722,82.65847218126522
167.0,81.4621409921671,68.72246696035242,84.29026186882076
185.0,81.38957816377172,68.6192468619247,84.23464142664339
191.0,84.65608465608466,73.39449541284404,86.63926626048473
175.0,79.24528301886792,65.625,82.72451407774757
179.0,81.3953488372093,68.62745098039215,84.23372709016408
177.0,78.55421686746989,64.68253968253968,82.252292975255
155.0,81.56424581005587,68.86792452830188,84.36800184040519
133.0,85.30465949820788,74.375,87.14654668677709
91.0,76.34408602150538,61.73913043478261,80.82565742375793
94.0,72.22222222222221,56.52173913043478,78.21098031934324
110.0,64.73988439306359,47.863247863247864,73.87076998110518
96.0,75.0,60.0,79.95209963276385
139.0,69.23076923076923,52.94117647058824,76.3907255990285
154.0,79.05405405405406,65.36312849162012,82.619637319583
180.0,86.53295128939828,76.26262626262627,88.084336619569
180.0,88.17204301075269,78.84615384615384,89.37908748054313
173.0,89.43089430894308,80.88235294117648,90.40218504870106
171.0,84.89583333333334,73.7556561085973,86.81984313037887
171.0,79.7979797979798,66.38655462184873,83.1133061005601
143.0,87.29641693811075,77.45664739884393,88.68935643192665
122.0,78.74015748031496,64.93506493506493,82.41361442296022
90.0,69.76744186046511,53.57142857142857,76.73383464647732
39.0,67.5,50.943396226415096,75.44577536300315
60.0,73.39449541284404,57.971014492753625,78.95658591240522
52.0,83.33333333333334,71.42857142857143,85.6963327510494
62.0,70.50359712230215,54.44444444444444,77.18132609837679
62.0,80.59701492537313,67.5,83.72406328558317
67.0,76.8,62.33766233766234,81.13990521926206
79.0,71.83098591549296,56.043956043956044,77.98207777260147
81.0,69.44444444444444,53.191489361702125,76.55185528213583
55.0,72.16494845360825,56.451612903225815,78.1988823775019
25.0,76.19047619047619,61.53846153846154,80.7542762310269
32.0,53.16455696202531,36.206896551724135,68.06656262139093
43.0,73.91304347826086,58.620689655172406,79.28641279456
62.0,84.5528455284553,73.23943661971832,86.60076531329064
61.0,86.66666666666667,76.47058823529412,88.2193336994841
63.0,85.71428571428571,75.0,87.48104511263193
72.0,76.82926829268293,62.37623762376238,81.15020449823004
80.0,80.0,66.66666666666666,83.30140485312899
87.0,80.44692737430168,67.28971962616822,83.60993246197441
72.0,81.48148148148148,68.75,84.34506585511873
72.0,73.91304347826086,58.620689655172406,79.2744346031473
42.0,75.26881720430107,60.3448275862069,80.14947847071258
44.0,59.813084112149525,42.66666666666667,71.29045681769837
46.0,78.50467289719626,64.61538461538461,82.28475378293865
65.0,85.29411764705883,74.35897435897436,87.15953426835745
74.0,82.85714285714286,70.73170731707317,85.3419101651809
70.0,87.83783783783784,78.3132530120482,89.1386663775094
85.0,89.65517241379311,81.25,90.60703521098647
83.0,85.55555555555556,74.75728155339806,87.35269215497006
92.0,82.29166666666666,69.91150442477876,84.92181804467475
84.0,82.68156424581005,70.47619047619048,85.20715834934829
85.0,77.84431137724552,63.725490196078425,81.82582705609234
47.0,78.50467289719626,64.61538461538461,82.28475378293865
59.0,63.41463414634146,46.42857142857143,73.16940867736687
50.0,83.47826086956522,71.64179104477611,85.80194403818761
67.0,79.72972972972973,66.29213483146067,83.11613745184583
75.0,90.78947368421053,83.13253012048193,91.55229495626347
75.0,91.71974522292994,84.70588235294117,92.33996816034413
88.0,89.50276243093923,81.0,90.48103603154007
90.0,84.5771144278607,73.27586206896551,86.60698735198491
99.0,81.3397129186603,68.54838709677419,84.23526439943818
94.0,79.58115183246073,66.08695652173913,83.00455610518094
87.0,77.96610169491525,63.888888888888886,81.90552772622144
62.0,76.92307692307693,62.5,81.22007540996688
87.0,58.9041095890411,41.74757281553398,70.81394558435726
74.0,79.47019867549669,65.93406593406593,82.93610472056477
73.0,82.35294117647058,70.0,84.97006346545324
80.0,86.54970760233918,76.28865979381443,88.12137672138527
79.0,91.76470588235294,84.78260869565217,92.3773317341489
87.0,86.73469387755102,76.57657657657657,88.26233552232235
96.0,84.40366972477065,73.01587301587301,86.47399353213585
109.0,83.40425531914893,71.53284671532847,85.72748410290167
88.0,83.07692307692308,71.05263157894737,85.4933783705696
84.0,76.8361581920904,62.38532110091744,81.15174891958141
58.0,70.49180327868852,54.43037974683544,77.17928537937189
83.0,58.156028368794324,41.0,70.44115887104817
73.0,79.47019867549669,65.93406593406593,82.93610472056477
76.0,87.57396449704143,77.89473684210526,88.92641117383695
82.0,89.53488372093024,81.05263157894737,90.50835135904593
84.0,92.13483146067416,85.41666666666666,92.69435960394459
89.0,87.30964467005076,77.47747747747748,88.71378365788428
100.0,83.78378378378379,72.09302325581395,86.01057128886977
109.0,84.71615720524017,73.48484848484848,86.70747945518808
93.0,82.35294117647058,70.0,84.96406611834225
86.0,78.07486631016043,64.03508771929825,81.97662814601921
77.0,69.93865030674846,53.77358490566038,76.8379087959336
92.0,62.65060240963856,45.614035087719294,72.74517092347818
87.0,84.65608465608466,73.39449541284404,86.66830327972129
78.0,84.15300546448088,72.64150943396226,86.2918120235142
87.0,88.42105263157895,79.24528301886792,89.60068191508756
83.0,89.13043478260869,80.3921568627451,90.1761159608172
102.0,86.79245283018868,76.66666666666667,88.30538029443869
105.0,86.32478632478633,75.93984962406014,87.93797274013791
114.0,84.51882845188284,73.18840579710145,86.55725831542541
95.0,82.56880733944955,70.3125,85.11831524777382
88.0,78.81773399014779,65.04065040650406,82.4774076050406
78.0,73.49397590361446,58.0952380952381,79.00372001539317
101.0,56.074766355140184,38.961038961038966,69.38673705574496
89.0,85.56149732620321,74.76635514018692,87.3562293107514
88.0,84.97409326424871,73.87387387387388,86.90799135463168
88.0,87.95811518324608,78.50467289719626,89.22937869087235
95.0,89.10891089108911,80.35714285714286,90.15660920359838
106.0,86.34361233480176,75.96899224806202,87.9535444087069
110.0,82.78688524590164,70.62937062937063,85.27274822032685
117.0,86.41975308641975,76.08695652173914,88.01052505442273
98.0,84.16289592760181,72.65625,86.29318300371384
98.0,81.30841121495327,68.50393700787401,84.2120395774262
96.0,72.91666666666666,57.377049180327866,78.63663459694953
109.0,67.96116504854369,51.470588235294116,75.66943374164418
49.0,73.21428571428571,57.74647887323944,78.84332021850862
60.0,78.19548872180451,64.19753086419753,82.0698371741784
65.0,82.25806451612904,69.86301369863014,84.90956171215795
73.0,83.22147651006712,71.26436781609196,85.60724077838161
71.0,85.35031847133759,74.44444444444444,87.19927225315479
79.0,79.74683544303798,66.3157894736842,83.12596689376745
88.0,79.3103448275862,65.71428571428571,82.82121973262932
89.0,74.11764705882354,58.87850467289719,79.39535155222094
76.0,77.02702702702703,62.637362637362635,81.28476204654899
48.0,77.35849056603774,63.07692307692307,81.51452616397266
93.0,64.63414634146342,47.74774774774775,73.8160162037424
55.0,80.0,66.66666666666666,83.3083961749724
66.0,80.0,66.66666666666666,83.3044016121952
71.0,83.91608391608392,72.28915662650603,86.12163154974435
76.0,85.88957055214725,75.26881720430107,87.61145725899802
86.0,88.64864864864866,79.6116504854369,89.78486464863532
84.0,78.72340425531915,64.91228070175438,82.4162217847521
95.0,82.92682926829268,70.83333333333334,85.38173025094329
89.0,77.89473684210526,63.793103448275865,81.85463722970657
79.0,78.16091954022988,64.15094339622641,82.03755360120253
75.0,74.32432432432432,59.13978494623656,79.53198421111234
103.0,65.59139784946237,48.8,74.3361468622169
67.0,74.48275862068967,59.34065934065934,79.63341973058266
71.0,82.42424242424242,70.10309278350515,85.0226088967418
78.0,84.33734939759037,72.91666666666666,86.43238833672613
84.0,84.78260869565217,73.58490566037736,86.7645076028343
90.0,86.86868686868688,76.78571428571429,88.36690385876851
87.0,80.3921568627451,67.21311475409836,83.56663243593847
99.0,87.67123287671232,78.04878048780488,88.99743337489285
94.0,83.0,70.94017094017094,85.43614859267745
93.0,77.61194029850746,63.41463414634146,81.66240510063689
71.0,71.60493827160494,55.769230769230774,77.838723689017
110.0,66.99029126213593,50.36496350364964,75.11462696107702
72.0,73.29192546583852,57.84313725490197,78.87866901254985
71.0,80.0,66.66666666666666,83.29940661504483
81.0,74.50980392156863,59.375,79.63560379241517
87.0,86.45833333333334,76.14678899082568,88.04744276563024
93.0,86.66666666666667,76.47058823529412,88.20734163686438
96.0,84.82142857142857,73.64341085271317,86.7877604172713
100.0,84.58149779735683,73.2824427480916,86.60627728458894
98.0,81.9047619047619,69.35483870967742,84.63948763193994
89.0,75.77092511013215,60.99290780141844,80.4415527228294
100.0,54.3046357615894,37.27272727272727,68.49862258953168
107.0,48.74551971326165,32.22748815165877,65.97105229008659
83.0,82.29166666666666,69.91150442477876,84.92181804467475
81.0,82.72251308900523,70.53571428571429,85.23492103889882
84.0,86.17021276595744,75.70093457943925,87.82451659603763
89.0,85.42713567839196,74.56140350877193,87.25175443850087
95.0,83.70044052863436,71.96969696969697,85.94790832790274
100.0,84.38818565400844,72.99270072992701,86.45940651960844
109.0,84.29752066115702,72.85714285714285,86.39062758545923
99.0,81.65137614678899,68.9922480620155,84.4561935101141
95.0,75.57603686635944,60.74074074074074,80.31746982339867
91.0,72.25130890052355,56.557377049180324,78.22580170238966
113.0,52.89855072463768,35.960591133004925,67.85056281596856
85.0,84.375,72.97297297297297,86.45654337839186
84.0,86.01036269430051,75.45454545454545,87.70032285403695
86.0,86.73469387755102,76.57657657657657,88.26233552232235
99.0,86.60714285714286,76.37795275590551,88.15902370317889
99.0,85.58951965065502,74.80916030534351,87.37163155248804
105.0,86.46288209606988,76.15384615384615,88.04597074351652
112.0,85.59322033898306,74.81481481481481,87.373458331022
96.0,81.13207547169812,68.25396825396825,84.08705599761699
96.0,78.22222222222223,64.23357664233576,82.06787440965215
82.0,70.29702970297029,54.19847328244275,77.03936237717586
105.0,64.84375,47.97687861271676,73.89860639557244
97.0,80.3347280334728,67.13286713286713,83.51950864630578
88.0,81.51658767772511,68.8,84.36107007386704
89.0,83.56807511737088,71.7741935483871,85.8521575684116
98.0,79.49790794979079,65.97222222222221,82.9371903627235
104.0,84.42622950819673,73.04964539007092,86.48687809415276
108.0,83.00395256916995,70.94594594594594,85.43003394639072
114.0,84.70588235294117,73.46938775510205,86.6957468455146
104.0,80.51948051948052,67.3913043478261,83.65072675011655
98.0,68.65671641791045,52.27272727272727,76.05250451967966
83.0,58.498023715415016,41.340782122905026,70.56560482537411
120.0,47.529411764705884,31.17283950617284,65.36375375208792
96.0,82.81938325991189,70.67669172932331,85.29940971993899
91.0,82.62910798122066,70.39999999999999,85.16306500559017
93.0,85.3211009174312,74.4,87.16805303196693
105.0,82.39999999999999,70.06802721088435,84.9900777517885
105.0,82.11382113821138,69.6551724137931,84.78365210804483
109.0,83.66533864541833,71.91780821917808,85.91796224703387
114.0,85.71428571428571,75.0,87.46404889350484
106.0,81.0126582278481,68.08510638297872,83.9976250764734
99.0,78.8135593220339,65.03496503496503,82.46756537993085
88.0,71.29629629629629,55.39568345323741,77.63596424403423
197.0,55.62913907284768,38.53211009174312,69.06525584507236
143.0,46.69811320754717,30.461538461538463,65.00511673561178
155.0,55.55555555555556,38.46153846153847,69.03097302290125
161.0,66.99751861042184,50.373134328358205,75.05367613482316
167.0,49.19614147909968,32.6226012793177,65.995445932824
170.0,71.19437939110071,55.27272727272727,77.51342264803803
160.0,19.138755980861244,10.582010582010582,55.12253093100847
158.0,26.666666666666668,15.384615384615385,57.5387621870034
157.0,79.55801104972376,66.05504587155964,82.95357026548879
125.0,63.87434554973822,46.92307692307692,73.32368734074892
120.0,45.933014354066984,29.81366459627329,64.68119332050087
92.0,31.784841075794624,18.8953488372093,59.16929242662684
48.0,0.0,0.0,49.952168367346935
40.0,76.92307692307693,62.5,81.22905905346923
38.0,79.12087912087912,65.45454545454545,82.70832577872865
32.0,66.66666666666666,50.0,74.97707016529421
45.0,0.0,0.0,49.94120695153062
36.0,5.128205128205128,2.631578947368421,51.27891852201505
54.0,68.96551724137932,52.63157894736842,76.27090258863454
51.0,88.67924528301887,79.66101694915254,89.81853935490503
38.0,71.7948717948718,56.00000000000001,77.97806492781368
31.0,0.0,0.0,49.9691087372449
42.0,0.0,0.0,49.957150829081634
62.0,69.56521739130434,53.333333333333336,76.61778398510242
55.0,86.1788617886179,75.71428571428571,87.84018457451812
48.0,79.54545454545455,66.0377358490566,83.00091854178763
31.0,0.0,0.0,49.9691087372449
46.0,31.03448275862069,18.367346938775512,59.14380662464919
66.0,57.65765765765766,40.50632911392405,70.15937464636177
56.0,81.15942028985508,68.29268292682927,84.1204037140132
48.0,79.59183673469387,66.10169491525424,83.03090210788542
30.0,0.0,0.0,49.97010522959184
37.0,54.700854700854705,37.64705882352941,68.77068161342392
64.0,46.32352941176471,30.14354066985646,64.92609955090015
58.0,74.83870967741936,59.79381443298969,79.85799903979188
50.0,80.0,66.66666666666666,83.30939461644856
32.0,5.555555555555555,2.857142857142857,51.39469001352409
41.0,56.074766355140184,38.961038961038966,69.43365632094543
66.0,54.85232067510548,37.7906976744186,68.78858585103859
58.0,77.33333333333333,63.04347826086957,81.48781918151424
51.0,79.33884297520662,65.75342465753424,82.85177616534548
32.0,35.55555555555556,21.62162162162162,60.78190792450879
43.0,58.333333333333336,41.17647058823529,70.54835334468797
66.0,42.95302013422819,27.350427350427353,63.50559362412811
60.0,72.39263803680981,56.730769230769226,78.32048966955784
50.0,79.66101694915254,66.19718309859155,83.07465330995328
33.0,61.33333333333333,44.230769230769226,72.0864730846686
45.0,45.962732919254655,29.838709677419356,64.83259602820289
65.0,40.2555910543131,25.2,62.41342166703251
67.0,76.82926829268293,62.37623762376238,81.15020449823004
53.0,82.45614035087719,70.1492537313433,85.05467833288623
33.0,61.05263157894737,43.93939393939394,71.93280543082126
54.0,0.0,0.0,49.94319993622449
60.0,36.734693877551024,22.5,61.18819530284302
66.0,73.17073170731707,57.692307692307686,78.8022556898764
50.0,26.666666666666668,15.384615384615385,57.61555636660298
58.0,0.0,0.0,49.906329719387756
56.0,0.0,0.0,49.92825255102041
61.0,47.90419161676647,31.496062992125985,65.6612674941482
69.0,80.48780487804879,67.3469387755102,83.64153963321509
52.0,51.65562913907284,34.82142857142857,67.33791375915705
46.0,0.0,0.0,49.91729113520408
56.0,0.0,0.0,49.92725605867347
70.0,49.26470588235294,32.6829268292683,66.20376360022955
66.0,75.60975609756098,60.78431372549019,80.35224785528212
64.0,55.670103092783506,38.57142857142858,69.19992361495095
45.0,0.0,0.0,49.93223852040816
55.0,0.0,0.0,49.90931919642857
69.0,48.55072463768116,32.057416267942585,65.88701702059845
66.0,71.91011235955057,56.14035087719298,78.02028718827721
65.0,52.58215962441315,35.6687898089172,67.73363672409148
45.0,0.0,0.0,49.93124202806122
56.0,39.25233644859813,24.418604651162788,62.079649794365054
70.0,42.201834862385326,26.744186046511626,63.18349661955972
65.0,68.47826086956522,52.066115702479344,75.97518863566687
65.0,52.74725274725275,35.82089552238806,67.82466735902358
49.0,0.0,0.0,49.8893893494898
55.0,32.967032967032964,19.736842105263158,59.746776255439386
73.0,45.85987261146497,29.75206611570248,64.70638592388988
66.0,69.1891891891892,52.892561983471076,76.38940838637156
65.0,53.76344086021505,36.76470588235294,68.29656911641487
44.0,0.0,0.0,49.91031568877551
56.0,41.228070175438596,25.96685082872928,62.84977024470238
71.0,38.983050847457626,24.210526315789473,61.88972441081349
72.0,69.34673366834171,53.07692307692308,76.47759179970248
65.0,47.56756756756757,31.20567375886525,65.5060922851615
45.0,0.0,0.0,49.85650510204081
57.0,37.391304347826086,22.994652406417114,61.35370822702521
74.0,38.605898123324394,23.920265780730897,61.73160822167632
68.0,63.63636363636363,46.666666666666664,73.26149568641537
65.0,46.62576687116564,30.4,65.11323945909291
58.0,0.0,0.0,49.888392857142854
49.0,0.0,0.0,49.85550860969388
55.0,4.324324324324325,2.209944751381215,50.92857916832395
63.0,0.0,0.0,49.80668048469388
46.0,0.0,0.0,49.86846301020408
29.0,0.0,0.0,49.90931919642857
71.0,80.0,66.66666666666666,83.30540037243948
117.0,82.30088495575221,69.92481203007519,84.92247230499626
123.0,88.9795918367347,80.14705882352942,90.04656554334838
116.0,91.80327868852459,84.84848484848484,92.4042679915163
83.0,77.38095238095238,63.10679611650486,81.51548223138806
31.0,73.01587301587301,57.49999999999999,78.7330518613044
77.0,81.52866242038218,68.81720430107528,84.37966696535246
126.0,86.82170542635659,76.71232876712328,88.32220784792726
130.0,90.63670411985018,82.87671232876713,91.4133836341668
124.0,89.76377952755905,81.42857142857143,90.68831791435763
94.0,82.10526315789474,69.64285714285714,84.78749508106968
41.0,73.68421052631578,58.333333333333336,79.14672569195183
87.0,84.0909090909091,72.54901960784314,86.246566807634
132.0,88.47583643122677,79.33333333333333,89.63570196642495
131.0,91.11111111111111,83.6734693877551,91.8127601069397
136.0,90.7749077490775,83.1081081081081,91.5290805259938
111.0,86.11111111111111,75.60975609756098,87.77492776624949
44.0,80.45977011494253,67.3076923076923,83.63689395903553
97.0,82.05128205128204,69.56521739130434,84.74767576687543
137.0,88.57142857142857,79.48717948717949,89.7116229890145
135.0,91.91176470588235,85.03401360544217,92.49502921985561
141.0,89.20863309352518,80.51948051948052,90.22977142732597
117.0,84.95575221238938,73.84615384615385,86.88913123617597
52.0,80.41237113402062,67.24137931034483,83.6017415729178
98.0,82.4742268041237,70.17543859649122,85.0537844531482
140.0,89.43661971830986,80.89171974522293,90.41588924382768
141.0,90.71428571428571,83.00653594771242,91.47729342891027
148.0,89.72602739726028,81.36645962732919,90.65325678938645
121.0,86.66666666666667,76.47058823529412,88.20334013138726
57.0,78.84615384615384,65.07936507936508,82.5177417797344
101.0,83.41708542713567,71.55172413793103,85.74292333501067
148.0,88.0,78.57142857142857,89.2497459378604
146.0,92.6829268292683,86.36363636363636,93.16083622629992
150.0,90.60402684563759,82.82208588957054,91.38306588597351
122.0,87.70491803278688,78.1021897810219,89.02113623345768
59.0,85.71428571428571,75.0,87.48404085541014
114.0,79.0909090909091,65.41353383458647,82.66084865180581
153.0,87.58169934640523,77.90697674418605,88.91552026530273
147.0,92.36111111111111,85.80645161290322,92.8812447101944
152.0,91.0891089108911,83.63636363636363,91.79120232259845
131.0,87.87878787878788,78.37837837837837,89.15722754316442
65.0,87.6923076923077,78.08219178082192,89.02513387999575
110.0,79.42583732057416,65.87301587301587,82.89358776802132
152.0,85.99348534201955,75.42857142857143,87.6713235210158
157.0,90.42904290429043,82.53012048192771,91.236082843334
156.0,91.31832797427653,84.02366863905326,91.9848526670503
136.0,88.56088560885608,79.47019867549669,89.70413401890545
71.0,88.11188811188812,78.75,89.3580383333666
81.0,81.08108108108108,68.18181818181817,84.06297390055072
131.0,83.26530612244898,71.32867132867133,85.62339625466197
128.0,89.95983935742971,81.75182481751825,90.85094436785148
119.0,93.44262295081968,87.6923076923077,93.83017366158272
97.0,82.4074074074074,70.07874015748031,85.00143608389119
229.0,29.520295202952028,17.316017316017316,58.46752676874745
80.0,82.11920529801324,69.66292134831461,84.80452209411979
134.0,86.29032258064517,75.88652482269504,87.90930926668715
129.0,90.625,82.85714285714286,91.40460019405285
131.0,93.89312977099237,88.48920863309353,94.22862125858819
109.0,80.48780487804879,67.3469387755102,83.62554319409334
235.0,36.986301369863014,22.689075630252102,61.16098568233007
82.0,83.11688311688312,71.11111111111111,85.52961366538953
139.0,87.02290076335878,77.02702702702703,88.47955562129985
129.0,91.53846153846153,84.39716312056737,92.17660661172505
138.0,93.38235294117648,87.58620689655172,93.77512107100559
115.0,84.16988416988417,72.66666666666667,86.29238819981225
235.0,39.73063973063973,24.789915966386555,62.21637586534903
89.0,80.0,66.66666666666666,83.30040577396393
142.0,86.44688644688645,76.12903225806451,88.02755899930274
137.0,91.11111111111111,83.6734693877551,91.8127601069397
149.0,90.97222222222221,83.43949044585987,91.69376860188888
130.0,84.58781362007169,73.29192546583852,86.6030125551255
238.0,31.09540636042403,18.410041841004183,59.010534365008596
91.0,81.21212121212122,68.36734693877551,84.15274090238383
148.0,86.42857142857143,76.10062893081762,88.01235621947934
146.0,89.75265017667844,81.41025641025641,90.67615659730389
151.0,91.63879598662207,84.5679012345679,92.2589701020858
128.0,85.81818181818181,75.15923566878982,87.54066302197731
197.0,27.947598253275107,16.243654822335024,57.957301246521695
101.0,77.27272727272727,62.96296296296296,81.44156769525972
152.0,85.91065292096219,75.30120481927712,87.60964418702561
151.0,90.27777777777779,82.27848101265823,91.1112662426517
156.0,92.55663430420712,86.14457831325302,93.04930432661432
184.0,81.06508875739645,68.1592039800995,84.01565187114251
224.0,32.83582089552239,19.642857142857142,59.64190252020381
107.0,77.41935483870968,63.1578947368421,81.53703454708943
152.0,86.68941979522185,76.50602409638554,88.21405023077385
157.0,89.26174496644296,80.60606060606061,90.27105779938344
160.0,92.11356466876973,85.38011695906432,92.66507347053756
198.0,80.68181818181817,67.61904761904762,83.74157001810198
232.0,22.900763358778626,12.931034482758621,56.26410536406108
106.0,76.24309392265194,61.60714285714286,80.76066325206914
153.0,87.75510204081633,78.18181818181819,89.05494289912936
159.0,89.10891089108911,80.35714285714286,90.14559846640041
163.0,92.54658385093167,86.1271676300578,93.03959676803429
198.0,81.33704735376045,68.54460093896714,84.20534064537803
232.0,39.455782312925166,24.576271186440678,62.110554684165706
113.0,23.076923076923077,13.043478260869565,56.28240925408855
171.0,55.172413793103445,38.095238095238095,68.93086190248093
198.0,76.64670658682635,62.13592233009708,80.9900359732327
236.0,51.91146881287726,35.05434782608695,67.2883983620614
223.0,14.937759336099585,8.071748878923767,53.83152019886218
239.0,0.0,0.0,49.751873405612244
74.0,61.904761904761905,44.827586206896555,72.36592426406818
98.0,64.15094339622641,47.22222222222222,73.55425325574952
92.0,65.78947368421053,49.01960784313725,74.4579346321779
79.0,76.43312101910828,61.855670103092784,80.89092069285854
67.0,68.18181818181817,51.724137931034484,75.82017871796583
41.0,70.32967032967034,54.23728813559322,77.09172160449094
41.0,47.45762711864407,31.11111111111111,65.52465567118094
75.0,58.82352941176471,41.66666666666667,70.7704979620062
98.0,55.29953917050692,38.21656050955414,69.01150477389272
97.0,77.82805429864254,63.70370370370371,81.8029398933771
77.0,81.65680473372781,69.0,84.46906619833557
82.0,69.87951807228916,53.70370370370371,76.80196957402752
60.0,66.66666666666666,50.0,74.95611585414505
58.0,43.90243902439025,28.125,63.99370500907297
78.0,21.238938053097346,11.881188118811881,55.85188502503866
97.0,49.275362318840585,32.69230769230769,66.24141569154038
97.0,65.61264822134387,48.8235294117647,74.32492622545594
80.0,73.19587628865979,57.72357723577236,78.80989758904676
84.0,74.4186046511628,59.25925925925925,79.58572796934867
80.0,73.17073170731707,57.692307692307686,78.8022556898764
65.0,6.896551724137931,3.571428571428571,51.70499357935828
74.0,10.204081632653061,5.376344086021505,52.600471977235706
84.0,49.6551724137931,33.02752293577982,66.44096529716793
101.0,65.90038314176245,49.142857142857146,74.48258848358668
93.0,74.65437788018433,59.55882352941176,79.72451606653242
80.0,65.96858638743456,49.21875,74.54452156875462
75.0,56.33802816901409,39.21568627450981,69.51505839785031
68.0,38.32335329341318,23.703703703703706,61.74914763998204
78.0,5.825242718446602,3.0,51.403334462758856
81.0,28.35820895522388,16.52173913043478,58.165170061658564
99.0,55.69620253164557,38.59649122807017,69.19347610695068
95.0,46.464646464646464,30.263157894736842,65.02585383266664
84.0,47.524752475247524,31.16883116883117,65.47868625150784
72.0,42.45283018867924,26.94610778443114,63.35137269694717
84.0,1.4492753623188406,0.7299270072992701,50.2294378434603
66.0,4.25531914893617,2.1739130434782608,50.99726863558296
82.0,21.58273381294964,12.096774193548388,55.93973695024601
86.0,39.735099337748345,24.793388429752067,62.30595916123267
95.0,0.0,0.0,49.88739636479592
84.0,0.0,0.0,49.87643494897959
79.0,29.577464788732392,17.355371900826448,58.57799499238312
74.0,0.0,0.0,49.88341039540816
76.0,3.389830508474576,1.7241379310344827,50.748464309719424
78.0,14.814814814814813,8.0,53.90830808483496
67.0,31.19266055045872,18.478260869565215,59.16436817875677
64.0,0.0,0.0,49.916294642857146
86.0,0.0,0.0,49.886399872448976
77.0,0.0,0.0,49.852519132653065
86.0,0.0,0.0,49.83458227040816
79.0,0.0,0.0,49.89237882653062
82.0,18.01801801801802,9.900990099009901,54.859796169785625
49.0,56.14035087719298,39.02439024390244,69.46233870842218
78.0,0.0,0.0,49.90433673469388
83.0,0.0,0.0,49.89237882653062
81.0,0.0,0.0,49.87942442602041
84.0,0.0,0.0,49.85152264030612
76.0,73.10344827586206,57.608695652173914,78.76544353065373
93.0,65.45454545454545,48.64864864864865,74.26746306579514
99.0,76.74418604651163,62.264150943396224,81.0921632785231
75.0,74.64788732394366,59.55056179775281,79.73936924155342
66.0,67.64705882352942,51.11111111111111,75.51166965888689
54.0,59.45945945945946,42.30769230769231,71.10897448681386
52.0,57.89473684210527,40.74074074074074,70.33846862773768
80.0,56.44171779141104,39.31623931623932,69.58730377940432
101.0,47.12643678160919,30.82706766917293,65.32178156571243
100.0,70.2127659574468,54.09836065573771,76.99330325742383
78.0,73.33333333333333,57.89473684210527,78.90746498736216
79.0,66.66666666666666,50.0,74.9541192898464
65.0,62.71186440677966,45.67901234567901,72.79562815373262
52.0,59.57446808510638,42.42424242424242,71.17423336016302
77.0,19.672131147540984,10.909090909090908,55.35686584366913
100.0,40.0,25.0,62.398288859638626
101.0,35.8974358974359,21.875,60.837795126425775
86.0,61.53846153846154,44.44444444444444,72.15738302343522
81.0,64.59627329192547,47.706422018348626,73.79635201946878
78.0,58.9041095890411,41.74757281553398,70.81394558435726
55.0,7.59493670886076,3.9473684210526314,51.90093591961288
75.0,4.838709677419355,2.479338842975207,51.12207629370972
90.0,33.5483870967742,20.155038759689923,59.97482745561764
109.0,34.25414364640884,20.666666666666668,60.214677435437224
91.0,58.70646766169154,41.54929577464789,70.69184165391013
81.0,60.317460317460316,43.18181818181818,71.51608716708779
81.0,49.48453608247423,32.87671232876712,66.34060640377074
88.0,37.12574850299401,22.794117647058822,61.29236244303286
78.0,1.574803149606299,0.7936507936507936,50.272261370916084
84.0,20.0,11.11111111111111,55.451893493876625
110.0,29.83425414364641,17.532467532467532,58.63961110177386
98.0,8.588957055214724,4.487179487179487,52.095091667088326
83.0,48.04469273743017,31.61764705882353,65.71607025312669
90.0,17.733990147783253,9.72972972972973,54.69839092252266
91.0,0.0,0.0,49.82661033163265
75.0,4.137931034482759,2.112676056338028,50.917817309854385
86.0,18.30985915492958,10.077519379844961,54.92313662112676
108.0,28.02547770700637,16.296296296296298,58.03549511947645
102.0,5.555555555555555,2.857142857142857,51.29303766471908
81.0,4.878048780487805,2.5,51.133403424152434
93.0,5.747126436781609,2.9585798816568047,51.31584890915671
96.0,0.0,0.0,49.8226243622449
77.0,0.0,0.0,49.86148756377551
88.0,15.873015873015872,8.620689655172415,54.20469558307798
109.0,15.18987341772152,8.21917808219178,53.97602712418337
99.0,0.0,0.0,49.86547353316326
82.0,0.0,0.0,49.88540338010204
93.0,0.0,0.0,49.8046875
94.0,0.0,0.0,49.81166294642857
81.0,0.0,0.0,49.88042091836735
89.0,19.047619047619047,10.526315789473683,55.16149136096761
109.0,30.58823529411765,18.055555555555554,58.91013071895424
104.0,0.0,0.0,49.85550860969388
88.0,0.0,0.0,49.87842793367347
101.0,0.0,0.0,49.81664540816326
98.0,0.0,0.0,49.81265943877551
79.0,0.0,0.0,49.89437181122449
93.0,0.0,0.0,49.87344547193878
110.0,0.0,0.0,49.83358577806122
100.0,0.0,0.0,49.83458227040816
86.0,0.0,0.0,49.84853316326531
91.0,0.0,0.0,49.852519132653065
82.0,0.0,0.0,49.85152264030612
24.0,0.0,0.0,49.950175382653065
30.0,0.0,0.0,49.91729113520408
33.0,0.0,0.0,49.965122767857146
37.0,0.0,0.0,49.95316485969388
42.0,60.17699115044248,43.037974683544306,71.47411477984802
47.0,74.57627118644068,59.45945945945946,79.69980872119227
74.0,73.29842931937172,57.85123966942148,78.87472772598126
82.0,66.96428571428571,50.33557046979866,75.09393441355844
93.0,82.6530612244898,70.43478260869566,85.18345578184059
98.0,78.43137254901961,64.51612903225806,82.21414883423826
78.0,79.74683544303798,66.3157894736842,83.12596689376745
54.0,71.07438016528926,55.12820512820513,77.52919541711356
44.0,67.53246753246754,50.98039215686274,75.46527085410435
44.0,78.48101265822784,64.58333333333334,82.27471582411007
30.0,54.54545454545454,37.5,68.72508024162198
26.0,0.0,0.0,49.94618941326531
39.0,0.0,0.0,49.923270089285715
33.0,0.0,0.0,49.92625956632653
38.0,34.21052631578947,20.634920634920633,60.267622787806985
48.0,60.9375,43.82022471910113,71.86024898519629
73.0,78.98089171974523,65.26315789473685,82.59865401621146
79.0,65.48672566371681,48.68421052631579,74.26426405921393
95.0,68.08510638297872,51.61290322580645,75.73159533695305
108.0,81.81818181818183,69.23076923076923,84.5754532972518
107.0,81.03448275862068,68.11594202898551,84.01404305634412
79.0,71.16564417177914,55.23809523809524,77.57215827789274
56.0,73.01587301587301,57.49999999999999,78.71608817075604
53.0,73.07692307692307,57.57575757575758,78.75995585517306
49.0,83.6734693877551,71.9298245614035,85.94895536437583
41.0,64.70588235294117,47.82608695652174,73.88911717128634
27.0,0.0,0.0,49.91928411989796
40.0,0.0,0.0,49.90931919642857
36.0,0.0,0.0,49.906329719387756
47.0,22.22222222222222,12.5,56.17325326422804
52.0,68.85245901639344,52.5,76.2121015677983
77.0,74.15730337078652,58.92857142857143,79.41838669213445
83.0,64.46280991735537,47.5609756097561,73.69465603514672
101.0,62.99212598425197,45.97701149425287,72.89468588126888
117.0,75.65217391304347,60.83916083916085,80.3636799224653
106.0,76.41509433962264,61.832061068702295,80.86612535419344
67.0,65.33333333333333,48.51485148514851,74.20555748794102
61.0,76.33587786259542,61.72839506172839,80.83327545449664
61.0,83.72093023255815,72.0,85.97905111527872
50.0,81.1881188118812,68.33333333333333,84.14771782852964
39.0,77.64705882352942,63.46153846153846,81.71182341580004
31.0,0.0,0.0,49.92924904336735
41.0,0.0,0.0,49.90931919642857
39.0,0.0,0.0,49.90533322704081
43.0,0.0,0.0,49.92625956632653
56.0,56.41025641025641,39.285714285714285,69.59200258688722
78.0,77.90697674418605,63.8095238095238,81.86684456456354
89.0,63.96761133603239,47.023809523809526,73.42307708759293
109.0,58.42696629213483,41.269841269841265,70.52413776933717
123.0,74.78260869565217,59.72222222222222,79.80321532352876
110.0,77.13004484304933,62.77372262773723,81.33595294892551
73.0,66.66666666666666,50.0,74.95112414467253
66.0,76.5625,62.0253164556962,80.98273423479047
62.0,85.9375,75.34246575342466,87.65327633155162
50.0,82.2429906542056,69.84126984126983,84.9016849485612
40.0,79.56989247311827,66.07142857142857,83.01676695928177
40.0,0.0,0.0,49.91230867346938
45.0,0.0,0.0,49.89536830357143
41.0,0.0,0.0,49.89536830357143
48.0,0.0,0.0,49.916294642857146
58.0,34.95145631067961,21.176470588235293,60.521446347189936
80.0,73.86363636363636,58.55855855855856,79.23338117307506
88.0,23.076923076923077,13.043478260869565,56.36222405626027
113.0,28.09917355371901,16.346153846153847,57.999569683636935
130.0,3.592814371257485,1.8292682926829267,50.75418928555977
121.0,25.97402597402597,14.925373134328357,57.349041140894144
77.0,58.730158730158735,41.57303370786517,70.7346610131699
63.0,70.27027027027027,54.166666666666664,77.05042350625952
66.0,80.62015503875969,67.53246753246754,83.74129561285415
55.0,85.47008547008546,74.6268656716418,87.29647556813546
41.0,72.52747252747253,56.896551724137936,78.42334715816214
46.0,0.0,0.0,49.913305165816325
50.0,0.0,0.0,49.888392857142854
52.0,0.0,0.0,49.88241390306122
51.0,0.0,0.0,49.90732621173469
58.0,0.0,0.0,49.90931919642857
82.0,0.0,0.0,49.90533322704081
91.0,0.0,0.0,49.86148756377551
113.0,0.0,0.0,49.839564732142854
128.0,0.0,0.0,49.81166294642857
121.0,0.0,0.0,49.820631377551024
86.0,15.053763440860216,8.13953488372093,53.99103356237313
72.0,65.57377049180327,48.78048780487805,74.34835783254911
68.0,75.96899224806202,61.25000000000001,80.59407854050711
58.0,88.52459016393442,79.41176470588235,89.69191642979366
47.0,78.0,63.934426229508205,81.94527323003823
49.0,0.0,0.0,49.92127710459184
48.0,0.0,0.0,49.891382334183675
54.0,0.0,0.0,49.881417410714285
51.0,0.0,0.0,49.90931919642857
63.0,0.0,0.0,49.89736128826531
82.0,0.0,0.0,49.901347257653065
92.0,0.0,0.0,49.84355070153062
118.0,0.0,0.0,49.79671556122449
131.0,0.0,0.0,49.80269451530612
122.0,0.0,0.0,49.86846301020408
87.0,8.791208791208792,4.597701149425287,52.21613511589099
72.0,48.54368932038835,32.05128205128205,65.97280060371524
72.0,69.23076923076923,52.94117647058824,76.43069276143562
57.0,82.64462809917356,70.4225352112676,85.19032039261062
47.0,72.91666666666666,57.377049180327866,78.66259770398297
50.0,0.0,0.0,49.92426658163265
54.0,0.0,0.0,49.886399872448976
58.0,0.0,0.0,49.87543845663265
53.0,0.0,0.0,49.918287627551024
61.0,0.0,0.0,49.898357780612244
84.0,0.0,0.0,49.89536830357143
94.0,0.0,0.0,49.86248405612245
117.0,0.0,0.0,49.82860331632653
128.0,0.0,0.0,49.84454719387755
131.0,0.0,0.0,49.86846301020408
91.0,0.0,0.0,49.90931919642857
81.0,53.84615384615385,36.84210526315789,68.3612213557767
74.0,64.17910447761194,47.25274725274725,73.57850096764584
61.0,80.0,66.66666666666666,83.30739765381853
51.0,66.66666666666666,50.0,74.967094110843
45.0,0.0,0.0,49.849529655612244
48.0,0.0,0.0,49.89437181122449
45.0,0.0,0.0,49.89736128826531
38.0,14.457831325301203,7.792207792207792,53.825344478125025
44.0,62.295081967213115,45.23809523809524,72.57317422960249
67.0,74.17218543046357,58.94736842105262,79.43477758642416
77.0,64.06926406926407,47.13375796178344,73.48404795618212
90.0,61.371841155234655,44.27083333333333,72.02861105288375
101.0,76.65198237885463,62.142857142857146,81.01852274380175
96.0,79.45205479452055,65.9090909090909,82.90962541222079
75.0,65.49707602339181,48.69565217391305,74.2889673479302
69.0,74.50980392156863,59.375,79.64859259961293
53.0,69.56521739130434,53.333333333333336,76.63874707509041
47.0,60.0,42.857142857142854,71.400657960323
44.0,0.0,0.0,49.94618941326531
47.0,0.0,0.0,49.90433673469388
51.0,0.0,0.0,49.891382334183675
49.0,0.0,0.0,49.89536830357143
40.0,0.0,0.0,49.92825255102041
49.0,65.18518518518519,48.35164835164835,74.12894792911548
76.0,75.13812154696133,60.17699115044248,80.04359256572175
87.0,59.479553903345725,42.32804232804233,71.05523004297358
98.0,62.59541984732825,45.55555555555556,72.67996167205654
111.0,73.41772151898735,57.99999999999999,78.93711194074547
109.0,77.72511848341233,63.565891472868216,81.73603393062902
81.0,67.79661016949152,51.28205128205128,75.58415757493896
66.0,77.14285714285715,62.7906976744186,81.36342672715783
61.0,82.25806451612904,69.86301369863014,84.90956171215795
50.0,84.61538461538461,73.33333333333333,86.65070879544669
46.0,0.0,0.0,49.951171875
52.0,0.0,0.0,49.89437181122449
50.0,0.0,0.0,49.888392857142854
48.0,0.0,0.0,49.896364795918366
47.0,17.142857142857142,9.375,54.62969653179191
51.0,59.32203389830508,42.168674698795186,71.0364723287558
79.0,62.10045662100456,45.033112582781456,72.43373518498058
87.0,54.60992907801418,37.5609756097561,68.65274074405848
106.0,61.003861003861005,43.888888888888886,71.84364000505686
113.0,46.2962962962963,30.120481927710845,64.94453254906071
106.0,65.68627450980392,48.9051094890511,74.38270701258118
78.0,70.17543859649122,54.054054054054056,76.97614507316
72.0,80.55555555555556,67.44186046511628,83.69299615697652
64.0,86.76470588235294,76.62337662337663,88.29373033335762
52.0,85.21739130434783,74.24242424242425,87.1042551918128
42.0,65.82278481012658,49.056603773584904,74.50138264451927
49.0,0.0,0.0,49.90533322704081
49.0,0.0,0.0,49.8893893494898
49.0,0.0,0.0,49.89935427295919
44.0,3.7735849056603774,1.9230769230769231,50.910716338967454
52.0,62.18487394957983,45.1219512195122,72.51610036294224
79.0,63.594470046082954,46.62162162162162,73.23197950979498
91.0,54.22535211267606,37.19806763285024,68.46929070778025
114.0,57.35294117647059,40.20618556701031,69.98731969875126
115.0,57.61316872427984,40.46242774566474,70.1284317708885
112.0,37.267080745341616,22.900763358778626,61.34967574073019
78.0,67.05202312138728,50.43478260869565,75.16052550762808
69.0,78.26086956521739,64.28571428571429,82.11293016468389
73.0,71.7557251908397,55.952380952380956,77.93928569053746
53.0,85.21739130434783,74.24242424242425,87.1042551918128
43.0,44.827586206896555,28.888888888888886,64.41254842546631
52.0,0.0,0.0,49.89736128826531
49.0,0.0,0.0,49.886399872448976
50.0,0.0,0.0,49.89736128826531
47.0,3.7735849056603774,1.9230769230769231,50.910716338967454
52.0,38.775510204081634,24.050632911392405,61.96550426597194
80.0,55.46218487394958,38.372093023255815,69.08027919971411
90.0,40.0,25.0,62.34738154613466
114.0,40.0,25.0,62.350377049834414
124.0,0.0,0.0,49.8226243622449
116.0,0.0,0.0,49.852519132653065
87.0,1.9417475728155338,0.9803921568627451,50.38954834549665
71.0,61.261261261261254,44.15584415584416,72.03504385208346
76.0,67.1875,50.588235294117645,75.25222907067202
58.0,83.92857142857143,72.3076923076923,86.13589247433929
45.0,40.67796610169492,25.53191489361702,62.73107187149554
54.0,0.0,0.0,49.918287627551024
51.0,0.0,0.0,49.88540338010204
54.0,0.0,0.0,49.8844068877551
53.0,0.0,0.0,49.94220344387755
53.0,0.0,0.0,49.91430165816326
81.0,35.77981651376147,21.787709497206702,60.7542373004114
94.0,12.444444444444445,6.6350710900473935,53.12117176367527
114.0,9.523809523809524,5.0,52.310628712673925
124.0,0.0,0.0,49.82362085459184
119.0,8.064516129032258,4.201680672268908,51.987228887289504
97.0,65.57377049180327,48.78048780487805,74.32738972413269
75.0,78.32167832167832,64.36781609195403,82.15298226784454
80.0,71.42857142857143,55.55555555555556,77.73787832440028
58.0,86.88524590163934,76.81159420289855,88.38983636486128
46.0,63.52941176470588,46.55172413793103,73.24495417449106
53.0,0.0,0.0,49.88341039540816
53.0,0.0,0.0,49.88241390306122
55.0,0.0,0.0,49.93622448979592
52.0,0.0,0.0,49.94818239795919
59.0,0.0,0.0,49.89337531887755
82.0,31.896551724137932,18.974358974358974,59.329617509477494
95.0,0.9090909090909091,0.45662100456621,50.01107084109726
117.0,19.27710843373494,10.666666666666668,55.13294252140161
129.0,0.0,0.0,49.808673469387756
128.0,0.0,0.0,49.87244897959184
96.0,46.26865671641791,30.097087378640776,64.97675188555132
75.0,50.45045045045045,33.734939759036145,66.81263219905225
79.0,67.15328467153284,50.54945054945055,75.22984197131414
59.0,82.53968253968253,70.27027027027027,85.11318956016108
47.0,58.22784810126582,41.07142857142857,70.50281495765813
56.0,0.0,0.0,49.90732621173469
54.0,0.0,0.0,49.881417410714285
55.0,0.0,0.0,49.916294642857146
52.0,0.0,0.0,49.93223852040816
59.0,0.0,0.0,49.891382334183675
81.0,0.0,0.0,49.81365593112245
94.0,0.0,0.0,49.771803252551024
116.0,7.758620689655173,4.0358744394618835,51.80464960037957
133.0,0.0,0.0,49.80966996173469
128.0,0.0,0.0,49.8405612244898
102.0,0.0,0.0,49.86148756377551
76.0,56.14035087719298,39.02439024390244,69.46233870842218
81.0,67.13286713286713,50.526315789473685,75.21627790750416
61.0,76.92307692307693,62.5,81.22307055514553
62.0,51.76470588235295,34.92063492063492,67.41944335256933
51.0,74.69879518072288,59.61538461538461,79.786753031593
53.0,72.72727272727273,57.14285714285714,78.54450396033961
51.0,21.052631578947366,11.76470588235294,55.837505422739156
53.0,0.0,0.0,49.93223852040816
60.0,0.0,0.0,49.92227359693878
71.0,53.73134328358209,36.734693877551024,68.27457330643841
86.0,60.58091286307054,43.452380952380956,71.63138577387724
101.0,52.75590551181102,35.82887700534759,67.79469953362631
116.0,1.0362694300518136,0.5208333333333333,50.07008283507724
110.0,13.19796954314721,7.065217391304348,53.36216434423778
99.0,0.0,0.0,49.79970503826531
83.0,0.0,0.0,49.85052614795919
79.0,0.0,0.0,49.86547353316326
60.0,0.0,0.0,49.90732621173469
60.0,0.0,0.0,49.92426658163265
46.0,73.17073170731707,57.692307692307686,78.82421789911919
69.0,84.93150684931507,73.80952380952381,86.88281195065726
93.0,86.5979381443299,76.36363636363637,88.15586593395426
104.0,85.58951965065502,74.80916030534351,87.37163155248804
104.0,86.48648648648648,76.19047619047619,88.06528601856078
86.0,91.32947976878613,84.04255319148936,92.0063056394
58.0,81.81818181818183,69.23076923076923,84.59543687845536
29.0,62.5,45.45454545454545,72.70933050124056
18.0,0.0,0.0,49.97807716836735
7.0,0.0,0.0,49.97309470663265
87.0,73.61111111111111,58.24175824175825,79.08297237148264
81.0,86.54970760233918,76.28865979381443,88.12137672138527
108.0,88.28828828828829,79.03225806451613,89.49016952908302
116.0,87.86610878661088,78.35820895522389,89.15014559921926
109.0,89.49771689497716,80.99173553719008,90.47290359270941
92.0,89.01734104046243,80.20833333333334,90.08520421232626
65.0,75.43859649122807,60.56338028169014,80.25376442325386
29.0,47.61904761904761,31.25,65.60307279830961
19.0,0.0,0.0,49.9641262755102
8.0,0.0,0.0,49.9691087372449
92.0,78.04878048780488,64.0,81.96408045977012
108.0,82.6923076923077,70.49180327868852,85.20996632291384
121.0,84.16666666666667,72.66187050359713,86.29299216642661
121.0,85.2589641434263,74.30555555555556,87.11582876741208
108.0,88.10572687224669,78.74015748031496,89.34311971787136
98.0,90.9090909090909,83.33333333333334,91.64969755045817
74.0,78.46153846153847,64.55696202531645,82.25055083809464
33.0,66.66666666666666,50.0,74.98205670082538
18.0,24.0,13.636363636363635,56.79924733150572
8.0,0.0,0.0,49.984056122448976
97.0,72.31638418079096,56.63716814159292,78.26969358548357
112.0,80.55555555555556,67.44186046511628,83.6790048597218
123.0,85.94377510040161,75.35211267605634,87.64110457146602
124.0,86.27450980392157,75.86206896551724,87.896080621855
119.0,86.66666666666667,76.47058823529412,88.20334013138726
104.0,85.12820512820512,74.10714285714286,87.02462526842929
75.0,82.26950354609929,69.87951807228916,84.91481789723241
30.0,62.745098039215684,45.714285714285715,72.83820346320347
19.0,24.0,13.636363636363635,56.79924733150572
8.0,0.0,0.0,49.97708067602041
100.0,75.93582887700535,61.206896551724135,80.55854257782794
124.0,77.58620689655173,63.38028169014085,81.63823013149776
127.0,85.2589641434263,74.30555555555556,87.11582876741208
125.0,86.71875,76.55172413793103,88.24190621158013
119.0,86.0655737704918,75.53956834532374,87.73583238420149
102.0,88.11881188118812,78.76106194690266,89.35657266091515
79.0,82.1917808219178,69.76744186046511,84.85778111061407
35.0,64.40677966101694,47.5,73.7290657335965
20.0,42.42424242424242,26.923076923076923,63.442602465206065
9.0,0.0,0.0,49.99103156887755
99.0,79.7872340425532,66.3716814159292,83.14791731322198
122.0,80.50847457627118,67.37588652482269,83.6420176618842
129.0,85.8267716535433,75.17241379310344,87.55025507199663
126.0,85.71428571428571,75.0,87.46304803755119
126.0,81.45161290322581,68.70748299319727,84.30781039325366
106.0,84.8780487804878,73.72881355932203,86.83346186161513
82.0,77.02702702702703,62.637362637362635,81.28476204654899
38.0,65.625,48.837209302325576,74.39667264039616
20.0,59.09090909090909,41.935483870967744,70.94980042480867
14.0,28.57142857142857,16.666666666666664,58.30841854191997
98.0,68.50828729281768,52.10084033613446,75.99354983243248
126.0,77.05627705627705,62.676056338028175,81.28512022883001
129.0,84.8,73.61111111111111,86.76760868117968
130.0,87.25868725868726,77.3972602739726,88.66567166466143
125.0,85.2589641434263,74.30555555555556,87.11582876741208
113.0,86.7579908675799,76.61290322580645,88.27749851691871
88.0,85.88957055214725,75.26881720430107,87.61145725899802
37.0,68.65671641791045,52.27272727272727,76.11542770032791
19.0,59.45945945945946,42.30769230769231,71.13889549103344
14.0,21.052631578947366,11.76470588235294,55.86740496015044
107.0,76.69902912621359,62.20472440944882,81.0544551444214
127.0,79.18367346938776,65.54054054054053,82.7193507231547
131.0,84.94208494208493,73.8255033557047,86.87380308998833
129.0,86.36363636363636,76.0,87.96404458471497
124.0,83.66533864541833,71.91780821917808,85.91796224703387
113.0,85.71428571428571,75.0,87.46905137471796
89.0,84.27672955974843,72.82608695652173,86.38809785970932
41.0,67.6056338028169,51.06382978723404,75.50898460170443
22.0,63.41463414634146,46.42857142857143,73.1993344553897
13.0,47.61904761904761,31.25,65.61403749177812
76.0,79.1044776119403,65.4320987654321,82.68811809368705
75.0,86.41975308641975,76.08695652173914,88.02152480220194
97.0,89.8989898989899,81.65137614678899,90.80572281294768
100.0,88.07339449541286,78.68852459016394,89.31830382862829
101.0,91.50943396226415,84.34782608695653,92.15594143861394
87.0,90.58823529411765,82.79569892473118,91.38188107976315
63.0,82.14285714285714,69.6969696969697,84.82853671363546
31.0,69.23076923076923,52.94117647058824,76.4546386360278
23.0,0.0,0.0,49.97508769132653
9.0,0.0,0.0,49.98305963010204
89.0,79.04191616766467,65.34653465346535,82.63834415770454
90.0,86.17021276595744,75.70093457943925,87.82451659603763
104.0,87.44186046511628,77.68595041322314,88.81601941411127
108.0,87.44588744588745,77.6923076923077,88.81719728100157
105.0,89.0909090909091,80.32786885245902,90.1399718079141
95.0,87.64044943820225,78.0,88.97804303565013
63.0,78.89908256880734,65.15151515151516,82.55281859345051
33.0,66.66666666666666,50.0,74.98205670082538
22.0,0.0,0.0,49.97708067602041
8.0,0.0,0.0,49.98505261479592
90.0,82.29166666666666,69.91150442477876,84.92181804467475
100.0,83.90243902439025,72.26890756302521,86.1015130747847
114.0,86.95652173913044,76.92307692307693,88.43158399233167
115.0,87.60330578512396,77.94117647058823,88.94063017657632
108.0,88.31168831168831,79.06976744186046,89.50792362187683
100.0,90.9090909090909,83.33333333333334,91.64869757350691
72.0,78.68852459016394,64.86486486486487,82.40649882247394
33.0,70.0,53.84615384615385,76.9051325506315
22.0,52.94117647058824,36.0,67.98405326210457
9.0,0.0,0.0,49.97608418367347
105.0,81.1881188118812,68.33333333333333,84.12873797261149
119.0,81.77777777777779,69.17293233082707,84.54553492988921
118.0,87.39495798319328,77.61194029850746,88.77601328713519
118.0,88.70967741935483,79.71014492753623,89.82710937504524
111.0,88.88888888888889,80.0,89.97403738616391
102.0,89.0,80.18018018018019,90.06812830359858
76.0,75.0,60.0,79.9680817108203
36.0,72.1311475409836,56.41025641025641,78.1881804043546
20.0,41.37931034482759,26.08695652173913,63.02653586501547
10.0,0.0,0.0,49.972098214285715
112.0,81.15942028985508,68.29268292682927,84.10741309161874
125.0,83.05084745762711,71.01449275362319,85.46730867961921
121.0,87.60330578512396,77.94117647058823,88.94063017657632
120.0,89.95983935742971,81.75182481751825,90.85094436785148
119.0,89.34426229508196,80.74074074074075,90.34440516374724
109.0,88.67924528301887,79.66101694915254,89.80654777013156
82.0,75.71428571428571,60.91954022988506,80.42585354969304
36.0,71.875,56.09756097560976,78.03083539977426
21.0,54.54545454545454,37.5,68.73504993322304
10.0,0.0,0.0,49.972098214285715
110.0,81.69014084507043,69.04761904761905,84.48487882046149
125.0,82.00836820083683,69.50354609929079,84.7088400251636
119.0,86.63967611336032,76.42857142857142,88.18133119152711
121.0,88.62745098039215,79.5774647887324,89.75976888838375
119.0,88.25910931174089,78.98550724637681,89.46379243118568
110.0,88.47926267281106,79.33884297520662,89.64446142370555
81.0,74.64788732394366,59.55056179775281,79.73936924155342
36.0,71.875,56.09756097560976,78.03083539977426
23.0,62.22222222222222,45.16129032258064,72.56370006340747
13.0,40.0,25.0,62.470099270422196
109.0,80.38277511961722,67.2,83.55907530144535
129.0,81.48148148148148,68.75,84.3300691934421
124.0,87.2,77.30496453900709,88.62052509212124
121.0,89.06882591093117,80.2919708029197,90.11902099447707
120.0,88.25910931174089,78.98550724637681,89.46379243118568
110.0,87.03703703703704,77.04918032786885,88.49663600874894
84.0,76.71232876712328,62.22222222222222,81.07719251574001
39.0,75.36231884057972,60.46511627906976,80.21560898699252
26.0,69.76744186046511,53.57142857142857,76.77275601135771
16.0,0.0,0.0,49.9641262755102
121.0,80.17241379310344,66.90647482014388,83.4073136435244
129.0,82.8125,70.66666666666667,85.2893948472139
126.0,87.4015748031496,77.62237762237763,88.77923035717903
124.0,88.18897637795276,78.87323943661971,89.4066580692207
124.0,89.14728682170544,80.41958041958041,90.18182432816579
115.0,89.47368421052632,80.95238095238095,90.45222594369858
92.0,77.9874213836478,63.91752577319587,81.92384250506782
42.0,71.05263157894737,55.10204081632652,77.52908577337494
24.0,65.21739130434783,48.38709677419355,74.17759974173484
15.0,72.0,56.25,78.11802330217074
107.0,81.65137614678899,68.9922480620155,84.4561935101141
115.0,64.4927536231884,47.593582887700535,73.69896166766084
113.0,74.10071942446042,58.857142857142854,79.35667639531998
120.0,70.6713780918728,54.644808743169406,77.23953034011254
126.0,78.20069204152249,64.20454545454545,82.03935200737979
103.0,77.91164658634538,63.81578947368421,81.85298149975671
63.0,60.256410256410255,43.11926605504588,71.49779257588816
29.0,56.81818181818182,39.682539682539684,69.80338425573814
18.0,45.16129032258064,29.166666666666668,64.56639059977277
16.0,0.0,0.0,49.965122767857146
50.0,73.68421052631578,58.333333333333336,79.14173696841573
76.0,66.66666666666666,50.0,74.95312094795428
76.0,59.09090909090909,41.935483870967744,70.89592005375057
80.0,88.1578947368421,78.82352941176471,89.39380386052522
82.0,92.5925925925926,86.20689655172413,93.09147246699598
82.0,92.5925925925926,86.20689655172413,93.09147246699598
81.0,90.44585987261146,82.55813953488372,91.26410120143049
70.0,89.70588235294117,81.33333333333333,90.65269879277662
59.0,93.22033898305084,87.3015873015873,93.64281296405555
37.0,84.21052631578947,72.72727272727273,86.35167082438939
19.0,79.16666666666666,65.51724137931035,82.7486519913678
61.0,68.96551724137932,52.63157894736842,76.27988712806429
81.0,47.71573604060914,31.333333333333336,65.56393172282179
83.0,54.976303317535546,37.908496732026144,68.85947203814683
88.0,87.95180722891565,78.49462365591397,89.22735294325946
88.0,89.26553672316385,80.61224489795919,90.28715923760964
90.0,90.69767441860465,82.97872340425532,91.4733930007823
82.0,93.08176100628931,87.05882352941177,93.51843415902148
73.0,92.51700680272108,86.07594936708861,93.02699839233333
65.0,91.47286821705426,84.28571428571429,92.13188282276616
40.0,86.04651162790698,75.51020408163265,87.74313530833263
26.0,74.57627118644068,59.45945945945946,79.71477578787065
68.0,57.74647887323944,40.5940594059406,70.2371912667481
86.0,45.28301886792453,29.268292682926827,64.518442543187
92.0,55.35714285714286,38.2716049382716,69.03602995047834
93.0,88.76404494382022,79.7979797979798,89.87902862386365
100.0,86.77248677248677,76.63551401869158,88.2928039211516
96.0,87.77777777777777,78.21782178217822,89.08695348845023
83.0,88.60759493670885,79.54545454545455,89.75476535199923
78.0,88.46153846153845,79.3103448275862,89.63721085153634
74.0,87.67123287671232,78.04878048780488,89.00643047378749
58.0,84.95575221238938,73.84615384615385,86.9061203319502
35.0,71.42857142857143,55.55555555555556,77.75384765373997
77.0,40.83769633507853,25.657894736842106,62.7162561423804
91.0,37.5,23.076923076923077,61.398835735613176
95.0,48.06866952789699,31.63841807909605,65.69849874425672
93.0,68.72246696035242,52.348993288590606,76.10363553207526
105.0,85.85858585858585,75.22123893805309,87.58267033644785
100.0,85.56149732620321,74.76635514018692,87.3562293107514
83.0,90.56603773584906,82.75862068965517,91.36434148006629
84.0,88.34355828220859,79.12087912087912,89.54147899840859
77.0,83.66013071895425,71.91011235955057,85.93011205461563
73.0,77.03703703703704,62.65060240963856,81.29437789462854
68.0,77.6978417266187,63.52941176470588,81.73378133824058
82.0,35.67567567567568,21.710526315789476,60.736602527298245
99.0,36.52173913043478,22.340425531914892,61.024603000129865
99.0,48.53556485355649,32.04419889502763,65.89938904406594
99.0,65.60000000000001,48.80952380952381,74.31892328137387
111.0,85.04672897196261,73.98373983739837,86.95992422637615
105.0,83.33333333333334,71.42857142857143,85.68234703654699
93.0,86.20689655172413,75.75757575757575,87.85483626105571
89.0,84.70588235294117,73.46938775510205,86.7087478452981
89.0,80.4733727810651,67.32673267326733,83.63043746300072
83.0,81.52866242038218,68.81720430107528,84.37966696535246
95.0,68.53932584269663,52.13675213675214,76.01250457281586
84.0,25.510204081632654,14.619883040935672,57.164381112898695
104.0,32.365145228215766,19.306930693069308,59.49091074613973
103.0,40.0,25.0,62.353372434017594
107.0,60.0,42.857142857142854,71.32477486982657
121.0,78.15126050420169,64.13793103448275,82.01705169418764
108.0,81.81818181818183,69.23076923076923,84.57945288567107
93.0,86.36363636363636,76.0,87.97604790419162
99.0,78.91891891891892,65.17857142857143,82.55036588912554
96.0,78.91891891891892,65.17857142857143,82.55036588912554
105.0,77.83783783783784,63.716814159292035,81.81749218263181
104.0,63.05418719211823,46.043165467625904,72.94675035833403
89.0,3.571428571428571,1.8181818181818181,50.74764949637889
104.0,31.35593220338983,18.592964824120603,59.13493152353041
105.0,38.36734693877551,23.737373737373737,61.718075446156995
110.0,60.37735849056604,43.24324324324324,71.51682283529138
120.0,74.30830039525692,59.11949685534591,79.4948548531352
116.0,70.0,53.84615384615385,76.85120915976142
96.0,83.79888268156425,72.11538461538461,86.02875076959926
102.0,76.28865979381443,61.66666666666667,80.78742698228947
108.0,77.83251231527095,63.70967741935484,81.80992584064334
116.0,75.72815533980582,60.9375,80.41884780829574
113.0,63.25581395348837,46.25850340136054,73.0504219728923
86.0,0.0,0.0,49.83358577806122
110.0,26.122448979591837,15.023474178403756,57.33125687222677
111.0,35.684647302904565,21.71717171717172,60.70399706477739
114.0,58.95522388059702,41.7989417989418,70.7896838862765
127.0,73.92996108949417,58.64197530864198,79.25409601877058
114.0,70.58823529411765,54.54545454545454,77.20285583617054
98.0,81.08108108108108,68.18181818181817,84.05597964838299
108.0,64.28571428571429,47.368421052631575,73.61436836958998
118.0,80.73394495412845,67.6923076923077,83.80422763628322
122.0,78.37837837837837,64.44444444444444,82.17430751040925
120.0,60.0,42.857142857142854,71.33676788814793
53.0,74.0,58.730158730158735,79.33915144469803
78.0,58.18181818181818,41.02564102564102,70.4439967017768
81.0,66.28571428571428,49.572649572649574,74.72746369849207
82.0,90.0,81.81818181818183,90.8931241200122
83.0,87.57396449704143,77.89473684210526,88.92641117383695
83.0,91.66666666666666,84.61538461538461,92.29371997291517
82.0,92.02453987730061,85.22727272727273,92.6006625706981
70.0,90.78014184397163,83.11688311688312,91.54547061335855
62.0,92.6829268292683,86.36363636363636,93.17283955095962
39.0,85.36585365853658,74.46808510638297,87.22207629803106
22.0,75.0,60.0,79.98604326587578
66.0,68.25396825396825,51.80722891566265,75.86372057555818
85.0,45.87155963302752,29.761904761904763,64.76324899348879
87.0,52.67857142857143,35.75757575757576,67.77303533972928
89.0,88.88888888888889,80.0,89.98103792415169
89.0,89.3854748603352,80.8080808080808,90.38507681413303
92.0,91.52542372881356,84.375,92.1725284459527
81.0,92.6829268292683,86.36363636363636,93.16984213391399
76.0,91.71974522292994,84.70588235294117,92.33996816034413
68.0,89.20863309352518,80.51948051948052,90.24477438194165
56.0,86.23853211009175,75.80645161290323,87.88826440686255
33.0,71.60493827160494,55.769230769230774,77.86168280639536
78.0,67.14285714285714,50.53763440860215,75.22293557889462
95.0,42.857142857142854,27.27272727272727,63.500702788483345
96.0,55.23012552301255,38.15028901734104,68.96837939192736
95.0,84.375,72.97297297297297,86.45654337839186
99.0,85.27918781725889,74.33628318584071,87.13919485491827
98.0,88.88888888888889,80.0,89.97903856903298
83.0,91.66666666666666,84.61538461538461,92.29371997291517
83.0,86.3905325443787,76.04166666666666,87.99788061593118
80.0,85.53459119496856,74.72527472527473,87.33968693555984
76.0,78.87323943661971,65.11627906976744,82.52821136249744
101.0,60.24096385542169,43.103448275862064,71.48589003985816
83.0,45.12820512820513,29.13907284768212,64.46281816005744
101.0,41.269841269841265,26.0,62.85236613199265
99.0,49.80237154150198,33.1578947368421,66.45223374121852
102.0,67.48971193415639,50.931677018633536,75.38698675062312
106.0,83.49514563106796,71.66666666666667,85.79939442337127
103.0,87.30964467005076,77.47747747747748,88.71378365788428
88.0,89.77272727272727,81.44329896907216,90.70368433692245
101.0,80.0,66.66666666666666,83.29440962380401
89.0,80.23255813953489,66.99029126213593,83.46121823569406
113.0,70.8994708994709,54.91803278688525,77.4041360326292
125.0,54.44444444444444,37.404580152671755,68.62049782864501
87.0,40.0,25.0,62.392301555644195
102.0,40.76923076923077,25.60386473429952,62.64831027749032
104.0,47.01492537313433,30.73170731707317,65.22417385489283
111.0,62.68656716417911,45.65217391304348,72.72627061858354
112.0,79.81220657276995,66.40625,83.16020311782556
110.0,83.49514563106796,71.66666666666667,85.79939442337127
98.0,85.56149732620321,74.76635514018692,87.3562293107514
104.0,79.7979797979798,66.38655462184873,83.15335476067186
100.0,81.48148148148148,68.75,84.34006916305714
118.0,74.50980392156863,59.375,79.63560379241517
129.0,32.53012048192771,19.424460431654676,59.600562984177664
90.0,34.31372549019608,20.710059171597635,60.221406403173816
107.0,34.58646616541353,20.909090909090907,60.280996681355745
112.0,35.8974358974359,21.875,60.76294337383047
120.0,61.15107913669065,44.04145077720207,71.91292159151175
120.0,78.60262008733623,64.74820143884892,82.32518485471176
117.0,79.22705314009661,65.60000000000001,82.75708068830599
95.0,84.61538461538461,73.33333333333333,86.63872199711238
111.0,78.60696517412936,64.75409836065575,82.33413243880644
107.0,83.0,70.94017094017094,85.43614859267745
122.0,76.27906976744187,61.65413533834586,80.77616336925676
128.0,44.086021505376344,28.27586206896552,64.03421107836428
97.0,22.916666666666664,12.941176470588237,56.32304267561792
108.0,34.55882352941176,20.88888888888889,60.26690250265426
120.0,28.158844765342963,16.386554621848738,57.99482108099438
120.0,57.2463768115942,40.10152284263959,69.9329898980749
123.0,79.29515418502203,65.69343065693431,82.7997960296611
117.0,73.36683417085426,57.936507936507944,78.91536292380553
99.0,76.0233918128655,61.32075471698113,80.61946817687375
115.0,72.04301075268818,56.30252100840336,78.09937361761445
116.0,81.48148148148148,68.75,84.33507027631369
123.0,76.78571428571429,62.31884057971014,81.10751372167779
128.0,41.66666666666667,26.31578947368421,63.046198550469036
98.0,0.0,0.0,49.8226243622449
108.0,26.717557251908396,15.418502202643172,57.51779101875443
119.0,14.615384615384617,7.883817427385892,53.72060361171316
121.0,49.42965779467681,32.82828282828283,66.28143602011616
133.0,69.26406926406926,52.980132450331126,76.41920228393273
116.0,64.1711229946524,47.24409448818898,73.55520232430838
102.0,59.210526315789465,42.05607476635514,70.9661993986969
117.0,22.727272727272727,12.82051282051282,56.308583796074075
126.0,76.41509433962264,61.832061068702295,80.86612535419344
125.0,77.33333333333333,63.04347826086957,81.4708297491335
130.0,21.951219512195124,12.32876712328767,56.03678676751329
108.0,0.0,0.0,49.76781728316326
108.0,0.0,0.0,49.722975127551024
123.0,0.0,0.0,49.75286989795919
137.0,0.0,0.0,49.839564732142854
153.0,0.0,0.0,49.84654017857143
147.0,0.0,0.0,49.84853316326531
128.0,0.0,0.0,49.853515625
138.0,0.0,0.0,49.859494579081634
148.0,0.0,0.0,49.847536670918366
141.0,0.0,0.0,49.85849808673469
153.0,0.0,0.0,49.847536670918366
34.0,74.07407407407408,58.82352941176471,79.39082584734926
39.0,73.91304347826086,58.620689655172406,79.28641279456
38.0,61.261261261261254,44.15584415584416,72.03504385208346
26.0,60.75949367088608,43.63636363636363,71.7872757725605
29.0,16.39344262295082,8.928571428571429,54.413459539802446
35.0,74.69879518072288,59.61538461538461,79.786753031593
45.0,73.07692307692307,57.57575757575758,78.75995585517306
40.0,76.76767676767676,62.295081967213115,81.124604288884
35.0,64.51612903225806,47.61904761904761,73.77661988897182
31.0,37.79527559055118,23.300970873786408,61.57172486901954
39.0,73.5632183908046,58.18181818181818,79.06797514068573
48.0,72.38095238095238,56.71641791044776,78.32928877492151
45.0,71.42857142857143,55.55555555555556,77.74586458167119
40.0,51.09489051094891,34.31372549019608,67.09005115378555
39.0,17.829457364341085,9.787234042553191,54.682263762249214
39.0,70.32967032967034,54.23728813559322,77.09172160449094
51.0,73.68421052631578,58.333333333333336,79.1367468517706
51.0,75.0,60.0,79.97007839460612
43.0,70.79646017699115,54.794520547945204,77.36434979048768
42.0,54.385964912280706,37.34939759036144,68.62284915912528
40.0,51.908396946564885,35.051546391752574,67.4629516091825
47.0,61.31386861313869,44.21052631578947,72.052404818245
48.0,71.66666666666667,55.84415584415584,77.88816812214574
42.0,65.51724137931035,48.717948717948715,74.31908445510904
44.0,61.855670103092784,44.776119402985074,72.35116742693425
45.0,73.46938775510205,58.06451612903226,79.0063306612453
54.0,72.0,56.25,78.09009146037383
51.0,70.67669172932331,54.65116279069767,77.28668175641728
43.0,68.96551724137932,52.63157894736842,76.27988712806429
45.0,64.64646464646465,47.76119402985074,73.84569752545505
45.0,69.49152542372882,53.246753246753244,76.58747356164331
57.0,72.46376811594203,56.81818181818182,78.3711864283823
52.0,70.50359712230215,54.44444444444444,77.18132609837679
46.0,72.26890756302521,56.57894736842105,78.25656123133517
43.0,31.901840490797547,18.97810218978102,59.37838309887855
46.0,46.85714285714286,30.597014925373134,65.20575788654216
57.0,57.92349726775956,40.76923076923077,70.30780433978568
52.0,57.14285714285714,40.0,69.9251885249172
46.0,56.05095541401274,38.93805309734513,69.40020822903641
45.0,35.95505617977528,21.91780821917808,60.84523148674283
33.0,71.60493827160494,55.769230769230774,77.86168280639536
39.0,74.72527472527473,59.64912280701754,79.80162653852531
39.0,76.08695652173914,61.40350877192983,80.67981625150409
28.0,30.630630630630627,18.085106382978726,58.96579727530283
31.0,0.0,0.0,49.85650510204081
34.0,71.26436781609196,55.35714285714286,77.6536437189294
42.0,75.51020408163265,60.65573770491803,80.30393538749163
38.0,78.72340425531915,64.91228070175438,82.43619579673769
38.0,69.47368421052632,53.2258064516129,76.58398592927453
38.0,27.2108843537415,15.748031496062993,57.767348549690325
37.0,74.15730337078652,58.92857142857143,79.44135130669143
45.0,74.0,58.730158730158735,79.33915144469803
47.0,73.21428571428571,57.74647887323944,78.84332021850862
40.0,64.28571428571429,47.368421052631575,73.64432221359142
43.0,21.428571428571427,12.0,55.84647592463363
39.0,72.72727272727273,57.14285714285714,78.54749749293464
48.0,76.36363636363637,61.76470588235294,80.85642243493321
48.0,72.88135593220339,57.333333333333336,78.63475156084814
41.0,71.15384615384616,55.223880597014926,77.58202346729823
43.0,20.087336244541483,11.165048543689322,55.400082543533294
40.0,70.70707070707071,54.6875,77.31483155002891
47.0,73.04347826086956,57.534246575342465,78.73620614561194
47.0,71.54471544715447,55.69620253164557,77.81319342252908
44.0,70.08547008547008,53.94736842105263,76.93877845606336
43.0,43.90243902439025,28.125,63.99370500907297
38.0,73.33333333333333,57.89473684210527,78.92343686530208
46.0,73.21428571428571,57.74647887323944,78.84332021850862
49.0,66.66666666666666,50.0,74.95711407655637
45.0,68.33333333333333,51.89873417721519,75.91146941233353
39.0,25.142857142857146,14.37908496732026,57.05894472475755
41.0,70.79646017699115,54.794520547945204,77.36434979048768
49.0,71.875,56.09756097560976,78.01287384507599
50.0,56.96969696969697,39.83050847457627,69.84443694589991
45.0,64.66165413533834,47.77777777777778,73.84201357721794
42.0,19.090909090909093,10.552763819095476,55.098932004254145
44.0,65.625,48.837209302325576,74.37472225598188
55.0,64.05228758169935,47.11538461538461,73.5028316537533
48.0,50.26737967914438,33.57142857142857,66.6929536082621
47.0,60.689655172413794,43.56435643564357,71.72532830160061
43.0,0.0,0.0,49.8664700255102
45.0,9.142857142857142,4.790419161676647,52.23674203180308
50.0,17.307692307692307,9.473684210526317,54.565383913150235
60.0,3.6363636363636362,1.8518518518518516,50.76747416900488
47.0,0.0,0.0,49.94419642857143
35.0,0.0,0.0,49.952168367346935
