gt_area_px,dice,fg_iou,miou
9.0,39.02439024390244,24.242424242424242,62.09629583991727
12.0,45.0,29.03225806451613,64.49420226765184
17.0,72.72727272727273,57.14285714285714,78.55946684894053
17.0,60.46511627906976,43.333333333333336,71.64972190658455
19.0,73.91304347826086,58.620689655172406,79.29838286662208
26.0,69.0909090909091,52.77777777777778,76.37194210180034
23.0,66.66666666666666,50.0,74.98305388863415
28.0,59.70149253731343,42.5531914893617,71.24967972266953
23.0,62.96296296296296,45.94594594594595,72.95303637136608
23.0,59.64912280701754,42.5,71.22707290815208
30.0,67.64705882352942,51.11111111111111,75.53362267018478
26.0,47.72727272727273,31.343283582089555,65.62578395035092
26.0,26.47058823529412,15.254237288135593,57.57728508814458
30.0,41.509433962264154,26.190476190476193,63.03342846888725
29.0,49.523809523809526,32.91139240506329,66.40285472695837
31.0,43.859649122807014,28.08988764044944,63.98113651827661
10.0,36.36363636363637,22.22222222222222,61.07622692660368
15.0,30.58823529411765,18.055555555555554,58.96896949278685
17.0,44.73684210526316,28.8135593220339,64.36491279764248
28.0,42.27642276422765,26.804123711340207,63.33127421858137
19.0,41.75824175824176,26.38888888888889,63.14161034352135
35.0,50.76923076923077,34.02061855670103,66.94649179634904
35.0,45.714285714285715,29.629629629629626,64.73903306625068
31.0,45.52845528455284,29.47368421052631,64.67003983996842
33.0,45.925925925925924,29.807692307692307,64.8310572416914
33.0,41.891891891891895,26.495726495726498,63.16211192669464
36.0,45.51724137931035,29.464285714285715,64.65336815279728
33.0,41.29032258064516,26.01626016260163,62.91739140867797
35.0,44.927536231884055,28.971962616822427,64.41020107109942
34.0,32.6530612244898,19.51219512195122,59.6903080872914
37.0,49.333333333333336,32.743362831858406,66.29589211019913
34.0,39.436619718309856,24.561403508771928,62.194955563112146
27.0,40.310077519379846,25.24271844660194,62.54458953237375
38.0,36.024844720496894,21.96969696969697,60.882150417167466
14.0,0.0,0.0,49.986049107142854
20.0,0.0,0.0,49.98007015306122
16.0,0.0,0.0,49.984056122448976
18.0,85.71428571428571,75.0,87.49501604832439
24.0,76.59574468085107,62.06896551724138,81.0235174091251
21.0,76.92307692307693,62.5,81.24102888698391
19.0,88.88888888888889,80.0,89.99601275917067
24.0,84.61538461538461,73.33333333333333,86.65869123100849
22.0,85.71428571428571,75.0,87.4930216329379
18.0,80.0,66.66666666666666,83.32535885167465
26.0,85.71428571428571,75.0,87.49202424629128
24.0,80.76923076923077,67.74193548387096,83.86099864613247
22.0,85.71428571428571,75.0,87.4930216329379
28.0,89.28571428571429,80.64516129032258,90.31659871060364
26.0,86.79245283018868,76.66666666666667,88.32635468798809
23.0,79.16666666666666,65.51724137931035,82.7486519913678
28.0,86.20689655172413,75.75757575757575,87.87081196604436
26.0,85.18518518518519,74.19354838709677,87.08879859886811
24.0,77.77777777777779,63.63636363636363,81.8062189032182
31.0,86.66666666666667,76.47058823529412,88.22731804586242
26.0,79.24528301886792,65.625,82.80153399461669
24.0,80.0,66.66666666666666,83.32236710930334
30.0,88.88888888888889,80.0,89.99302065884982
27.0,80.0,66.66666666666666,83.32236710930334
35.0,80.55555555555556,67.44186046511628,83.70697127190246
42.0,83.9506172839506,72.3404255319149,86.15724958140159
34.0,81.81818181818183,69.23076923076923,84.60342026913644
31.0,75.75757575757575,60.97560975609756,80.47185305256176
38.0,89.85507246376811,81.57894736842105,90.78249392551075
29.0,89.28571428571429,80.64516129032258,90.31659871060364
30.0,70.96774193548387,55.00000000000001,77.4820552697691
38.0,89.85507246376811,81.57894736842105,90.78249392551075
30.0,93.10344827586206,87.09677419354838,93.54439898135813
33.0,79.41176470588235,65.85365853658537,82.91287086433647
39.0,86.48648648648648,76.19047619047619,88.08526681253228
31.0,82.53968253968253,70.27027027027027,85.12416803643124
39.0,82.05128205128204,69.56521739130434,84.76864889986405
41.0,85.71428571428571,75.0,87.48903137028098
32.0,84.375,72.97297297297297,86.47651619794634
40.0,83.54430379746836,71.73913043478261,85.85660229135975
41.0,87.17948717948718,77.27272727272727,88.62639195593604
29.0,83.87096774193549,72.22222222222221,86.1011410213803
40.0,81.48148148148148,68.75,84.36004277765589
43.0,89.1566265060241,80.43478260869566,90.20841625498505
31.0,88.52459016393442,79.41176470588235,89.69890315096308
41.0,79.51807228915662,66.0,82.98304848134336
42.0,88.60759493670885,79.54545454545455,89.76375258135694
31.0,87.09677419354838,77.14285714285715,88.56345234059646
39.0,74.74747474747475,59.67741935483871,79.813778984745
47.0,79.59183673469387,66.10169491525424,83.03090210788542
36.0,74.66666666666667,59.57446808510638,79.7682901165741
122.0,54.437869822485204,37.39837398373984,68.62238667269976
114.0,79.39698492462311,65.83333333333333,82.87574605265785
143.0,66.04651162790698,49.30555555555556,74.57993075652242
177.0,46.3519313304721,30.16759776536313,64.959103140293
172.0,51.45228215767634,34.63687150837989,67.20170190736071
179.0,52.0,35.13513513513514,67.44783337746959
174.0,60.60606060606061,43.47826086956522,71.63532973213171
177.0,68.79432624113475,52.43243243243243,76.12835503687957
150.0,59.154929577464785,42.0,70.9131961766408
147.0,57.692307692307686,40.54054054054054,70.1824739577154
169.0,47.53363228699551,31.176470588235293,65.47152240781796
98.0,92.3076923076923,85.71428571428571,92.84216861284304
129.0,94.48818897637796,89.55223880597015,94.76213506544312
161.0,90.96774193548387,83.4319526627219,91.68799591765054
187.0,90.70422535211267,82.9896907216495,91.46185525785565
198.0,89.56043956043956,81.09452736318407,90.50927355902391
198.0,82.08092485549133,69.6078431372549,84.74196369997813
183.0,79.87220447284345,66.48936170212765,83.18174504558542
163.0,81.67202572347267,69.02173913043478,84.45392537052818
143.0,71.48936170212767,55.62913907284768,77.74769259000524
121.0,72.9064039408867,57.36434108527132,78.62728251421365
139.0,53.333333333333336,36.36363636363637,68.09104330351636
94.0,91.91919191919192,85.04672897196261,92.50739163981979
130.0,94.61538461538461,89.78102189781022,94.87652577319136
164.0,92.40121580547113,85.87570621468926,92.9128651015874
191.0,93.43832020997375,87.68472906403942,93.81736353197971
202.0,93.36609336609337,87.55760368663594,93.75179428120057
202.0,91.3265306122449,84.03755868544602,91.98477730260059
196.0,89.06666666666668,80.28846153846155,90.10323814790262
172.0,85.87896253602305,75.25252525252525,87.57728907198194
152.0,77.51937984496125,63.29113924050633,81.58765764645335
129.0,79.3103448275862,65.71428571428571,82.80922336189487
149.0,63.716814159292035,46.75324675324675,73.29479358259495
113.0,86.8421052631579,76.74418604651163,88.34213915221721
139.0,94.85294117647058,90.20979020979021,95.09090825253632
164.0,94.29429429429429,89.20454545454545,94.58327994453018
197.0,93.47258485639686,87.74509803921569,93.84754751951783
206.0,92.07920792079209,85.3211009174312,92.62854405743535
208.0,91.21951219512195,83.85650224215246,91.89224319933345
205.0,92.3076923076923,85.71428571428571,92.8261366559026
179.0,88.48167539267016,79.34272300469483,89.62736766148514
164.0,75.08771929824562,60.1123595505618,79.98527762025483
161.0,73.75886524822694,58.42696629213483,79.13958955284166
197.0,64.0,47.05882352941176,73.42158428866755
140.0,84.04669260700389,72.48322147651007,86.20066642252442
142.0,93.28621908127208,87.41721854304636,93.68962597682251
165.0,94.54545454545455,89.65517241379311,94.8095934040177
195.0,92.83819628647215,86.63366336633663,93.28983222315752
206.0,92.3076923076923,85.71428571428571,92.8261366559026
210.0,91.08433734939759,83.6283185840708,91.77714966953354
208.0,93.17647058823529,87.22466960352423,93.58332203614525
191.0,86.82926829268293,76.72413793103449,88.30806680543084
196.0,74.02985074626865,58.767772511848335,79.29697664192273
203.0,74.36619718309859,59.19282511210763,79.50549256564537
202.0,68.63905325443787,52.25225225225225,76.02025317366908
156.0,78.96678966789668,65.2439024390244,82.565029771111
152.0,92.78350515463917,86.53846153846155,93.24824797512194
174.0,91.17647058823529,83.78378378378379,91.86190448660211
201.0,88.71391076115486,79.71698113207547,89.81549658519505
222.0,91.08433734939759,83.6283185840708,91.77714966953354
221.0,92.16152019002375,85.46255506607929,92.6982656487613
226.0,91.14470842332614,83.73015873015873,91.8240506449753
219.0,88.27292110874201,79.00763358778626,89.44878267273802
216.0,82.70676691729322,70.51282051282051,85.1874254330714
208.0,79.37336814621409,65.80086580086581,82.82147080224003
203.0,76.96476964769647,62.55506607929515,81.19259080037028
160.0,80.28169014084507,67.05882352941175,83.47348111870691
158.0,92.20338983050847,85.53459119496856,92.74431398277605
174.0,91.95402298850574,85.1063829787234,92.52520044649542
206.0,92.34567901234568,85.77981651376146,92.85890143538
228.0,93.15068493150685,87.17948717948718,93.55972678033032
223.0,93.24324324324324,87.34177215189874,93.6408674644102
230.0,87.85425101214574,78.33935018050542,89.10962584987561
221.0,87.39837398373984,77.6173285198556,88.74661586217756
214.0,88.41201716738198,79.23076923076923,89.56135219593294
207.0,88.47058823529412,79.32489451476793,89.61343549456089
203.0,82.07792207792208,69.60352422907489,84.73278694559826
159.0,81.37931034482759,68.6046511627907,84.24838814881714
152.0,91.8918918918919,85.0,92.47601918465227
176.0,93.52112676056338,87.83068783068782,93.8923485144241
199.0,91.85185185185185,84.93150684931507,92.43274682333727
218.0,91.74311926605505,84.7457627118644,92.33686406763381
222.0,93.12638580931264,87.13692946058092,93.5374436359463
225.0,88.52459016393442,79.41176470588235,89.64983751707247
218.0,88.10020876826722,78.73134328358209,89.30863171384148
215.0,88.68778280542986,79.67479674796748,89.78737836598054
213.0,78.55297157622739,64.68085106382979,82.25746535280088
212.0,80.83989501312337,67.84140969162996,83.84773695168839
170.0,65.13409961685824,48.29545454545455,74.05689259184648
190.0,80.99688473520249,68.06282722513089,83.97046968098249
208.0,78.61271676300578,64.76190476190476,82.30701153363025
225.0,67.2514619883041,50.66079295154186,75.21853294927325
230.0,67.43515850144092,50.8695652173913,75.3219157915399
229.0,68.76790830945558,52.40174672489083,76.09199530586879
227.0,80.10471204188482,66.8122270742358,83.3301484810437
230.0,85.78313253012048,75.10548523206751,87.49374025593936
227.0,73.97260273972603,58.69565217391305,79.25290392313087
218.0,78.33333333333333,64.38356164383562,82.11383538372455
198.0,59.02777777777778,41.87192118226601,70.81817496097989
170.0,78.47222222222221,64.57142857142857,82.22379230740695
178.0,85.09316770186336,74.05405405405405,86.97906443784659
180.0,92.87749287749287,86.70212765957447,93.32607032809767
204.0,93.30024813895783,87.44186046511628,93.69392375100256
218.0,91.70731707317074,84.68468468468468,92.30833418038347
217.0,89.58837772397095,81.14035087719299,90.52716769720304
211.0,88.60759493670885,79.54545454545455,89.72772817270926
218.0,86.5,76.2114537444934,88.05173011205231
221.0,73.74301675977654,58.4070796460177,79.10962247027925
209.0,70.05988023952095,53.91705069124424,76.85864320654623
198.0,56.94444444444444,39.80582524271845,69.77914530391601
167.0,80.27210884353741,67.04545454545455,83.4647944747729
181.0,85.1963746223565,74.21052631578947,87.05629743390153
183.0,92.05479452054794,85.27918781725889,92.61059854788715
206.0,93.5251798561151,87.83783783783784,93.89190865501864
222.0,93.66515837104072,88.08510638297872,94.01453582071949
219.0,93.60730593607306,87.98283261802575,93.96340005958821
218.0,89.93288590604027,81.70731707317073,90.80863602532973
220.0,89.19540229885058,80.49792531120332,90.20194572950825
226.0,73.17073170731707,57.692307692307686,78.74723495964078
214.0,70.76023391812866,54.75113122171946,77.27567548999268
199.0,63.576158940397356,46.601941747572816,73.19114659263624
164.0,80.67796610169492,67.61363636363636,83.74988308782534
184.0,85.45994065281899,74.61139896373057,87.25673082180772
194.0,90.9090909090909,83.33333333333334,91.63267074617713
206.0,92.41706161137441,85.90308370044053,92.91952968559771
222.0,93.93258426966293,88.5593220338983,94.25264318518019
225.0,91.02844638949672,83.53413654618474,91.726042016288
222.0,88.08510638297872,78.70722433460075,89.29757742576062
224.0,89.55223880597015,81.08108108108108,90.49150719786752
224.0,79.59183673469387,66.10169491525424,82.97087944483224
217.0,74.30167597765363,59.111111111111114,79.46363460757082
201.0,66.87116564417178,50.23041474654379,75.00735189960662
166.0,83.5016835016835,71.67630057803468,85.789201196074
184.0,87.71929824561403,78.125,89.0205218286491
200.0,90.0523560209424,81.9047619047619,90.91438399213777
215.0,90.39812646370024,82.47863247863248,91.19830229457502
228.0,92.20489977728286,85.53719008264463,92.73357332785996
225.0,90.19607843137256,82.14285714285714,91.02640065411984
224.0,87.57637474541752,77.89855072463769,88.88822774517747
226.0,88.0503144654088,78.65168539325843,89.26880391025448
225.0,88.58447488584474,79.50819672131148,89.70408035417341
216.0,78.8659793814433,65.1063829787234,82.47122919201848
203.0,71.13702623906705,55.203619909502265,77.50291675940211
164.0,84.78964401294499,73.59550561797754,86.750795070953
182.0,90.48991354466858,82.63157894736842,91.28280200892083
202.0,90.33942558746736,82.38095238095238,91.153478410343
219.0,91.28440366972477,83.96624472573839,91.94510487482471
232.0,93.91304347826087,88.52459016393442,94.23427266403286
225.0,90.44585987261146,82.55813953488372,91.2340364427816
228.0,88.03245436105477,78.62318840579711,89.25254578319439
229.0,89.06882591093117,80.2919708029197,90.09193783960544
226.0,90.42316258351893,82.52032520325203,91.21713936908044
219.0,85.5036855036855,74.67811158798283,87.28005815389702
203.0,72.41379310344827,56.75675675675676,78.28247428247428
165.0,86.64495114006515,76.4367816091954,88.17742603430015
185.0,90.54441260744986,82.72251308900523,91.32826842022736
205.0,89.65517241379311,81.25,90.58299495939512
221.0,91.26637554585153,83.93574297188755,91.92784506850826
230.0,92.88702928870293,86.71875,93.3253436911959
225.0,90.04149377593362,81.88679245283019,90.8953568341134
229.0,85.546875,74.74402730375427,87.29794995709963
228.0,85.8252427184466,75.17006802721087,87.51196825442219
226.0,89.91596638655463,81.67938931297711,90.79165814874266
218.0,91.53318077803205,84.38818565400844,92.15707505847533
203.0,77.47252747252747,63.22869955156951,81.53240713563285
164.0,86.53846153846155,76.27118644067797,88.09362763212133
184.0,90.6515580736544,82.90155440414507,91.41778775869443
205.0,89.39393939393939,80.82191780821918,90.3689580640928
225.0,90.98901098901099,83.46774193548387,91.69284553197177
231.0,92.21052631578948,85.546875,92.73640565261125
227.0,90.98532494758909,83.46153846153847,91.6877339418323
230.0,85.7699805068226,75.0853242320819,87.46959781945995
230.0,87.79527559055119,78.24561403508771,89.06074868270912
229.0,88.42105263157895,79.24528301886792,89.56760408398465
221.0,85.91549295774648,75.30864197530865,87.59431258647817
206.0,76.37362637362637,61.77777777777778,80.80295248183012
169.0,0.0,0.0,49.71500318877551
191.0,47.14828897338403,30.845771144278604,65.28420177120543
212.0,0.0,0.0,49.55755739795919
230.0,0.0,0.0,49.595424107142854
234.0,0.0,0.0,49.48580994897959
230.0,0.7490636704119851,0.37593984962406013,49.65980792855899
229.0,0.0,0.0,49.441964285714285
232.0,0.0,0.0,49.58446269132653
225.0,7.02576112412178,3.640776699029126,51.424662586471555
221.0,15.833333333333332,8.597285067873303,54.097274828531624
194.0,0.851063829787234,0.4273504273504274,49.981487869380246
9.0,0.0,0.0,49.9870455994898
22.0,0.0,0.0,49.9691087372449
23.0,0.0,0.0,49.97708067602041
30.0,0.0,0.0,49.97010522959184
21.0,48.275862068965516,31.818181818181817,65.89414143830219
29.0,0.0,0.0,49.97110172193878
16.0,0.0,0.0,49.957150829081634
33.0,0.0,0.0,49.96611926020408
20.0,78.94736842105263,65.21739130434783,82.60072132949294
31.0,48.78048780487805,32.25806451612903,66.10810174736005
25.0,44.44444444444444,28.57142857142857,64.24085603777776
29.0,2.5974025974025974,1.3157894736842104,50.58315632129652
21.0,40.74074074074074,25.581395348837212,62.7588029270848
21.0,0.0,0.0,49.937220982142854
24.0,83.63636363636363,71.875,85.92852745598469
26.0,3.125,1.5873015873015872,50.73186703679977
35.0,9.16030534351145,4.8,52.28140322902133
34.0,7.9470198675496695,4.137931034482759,51.930436515846125
37.0,43.13725490196079,27.500000000000004,63.69217809147825
38.0,21.38364779874214,11.971830985915492,55.861311732914686
35.0,29.268292682926827,17.142857142857142,58.48470262541796
32.0,30.357142857142854,17.894736842105264,58.869615674785756
35.0,21.84873949579832,12.264150943396226,56.03937766654292
39.0,25.806451612903224,14.814814814814813,57.31570086833244
37.0,81.81818181818183,69.23076923076923,84.60342026913644
37.0,44.03669724770643,28.235294117647058,64.0568319367945
32.0,82.75862068965517,70.58823529411765,85.28414795492291
36.0,49.504950495049506,32.89473684210527,66.39652197731273
34.0,56.41025641025641,39.285714285714285,69.60896154130991
37.0,0.0,0.0,49.886399872448976
24.0,88.0,78.57142857142857,89.27973270897066
34.0,0.0,0.0,49.88739636479592
38.0,0.0,0.0,49.947185905612244
37.0,0.0,0.0,49.90234375
77.0,16.0,8.695652173913043,54.243173533434216
108.0,62.17616580310881,45.11278195488722,72.48355994543786
134.0,70.24793388429752,54.14012738853503,76.99819449620799
146.0,86.00682593856655,75.44910179640718,87.68359185724455
136.0,88.05970149253731,78.66666666666666,89.30137041032403
98.0,89.79591836734694,81.48148148148148,90.72077587889757
71.0,85.92592592592592,75.32467532467533,87.64338239676441
51.0,84.84848484848484,73.68421052631578,86.82714535570986
47.0,82.75862068965517,70.58823529411765,85.27915952978718
38.0,0.0,0.0,49.962133290816325
74.0,39.10614525139665,24.305555555555554,62.044084293403714
108.0,90.19607843137256,82.14285714285714,91.05146211507524
135.0,89.75265017667844,81.41025641025641,90.67615659730389
152.0,90.22082018927445,82.18390804597702,91.06097446949381
143.0,90.27777777777779,82.27848101265823,91.1112662426517
110.0,90.66666666666666,82.92682926829268,91.44244566821591
75.0,85.5072463768116,74.68354430379746,87.3218188426424
50.0,66.10169491525424,49.36708860759494,74.64365360431405
48.0,57.692307692307686,40.54054054054054,70.22639837620095
37.0,50.0,33.33333333333333,66.59885923975908
78.0,77.27272727272727,62.96296296296296,81.45155629444906
112.0,89.81481481481481,81.5126050420168,90.73433722617423
140.0,90.52631578947368,82.6923076923077,91.31917920231905
153.0,90.50632911392405,82.65895953757226,91.29949955572674
143.0,91.0344827586207,83.54430379746836,91.74617475861749
115.0,89.36170212765957,80.76923076923077,90.35965083427686
75.0,83.78378378378379,72.09302325581395,86.02256622342918
50.0,57.8125,40.65934065934066,70.2758200334937
48.0,50.0,33.33333333333333,66.60883668680745
70.0,61.627906976744185,44.537815126050425,72.20306952459974
91.0,52.80898876404494,35.87786259541985,67.8551474600112
109.0,91.16279069767442,83.76068376068376,91.8613714741755
139.0,90.14084507042254,82.05128205128204,90.99766787986097
154.0,92.60450160771704,86.22754491017965,93.09078716567505
141.0,91.9298245614035,85.06493506493507,92.50948821385428
119.0,89.27038626609442,80.62015503875969,90.28511346761438
90.0,89.65517241379311,81.25,90.60703521098647
69.0,54.421768707483,37.38317757009346,68.62477053069856
59.0,52.71317829457365,35.78947368421053,67.83390959149699
88.0,71.73913043478261,55.932203389830505,77.91421584378773
94.0,81.48148148148148,68.75,84.34506585511873
115.0,89.68609865470853,81.30081300813008,90.62744141100649
143.0,89.40397350993378,80.83832335329342,90.38718789514753
157.0,90.79754601226993,83.14606741573034,91.54305049846243
144.0,92.09621993127148,85.35031847133759,92.65217853945362
118.0,92.5,86.04651162790698,93.00527918357298
93.0,77.38693467336684,63.114754098360656,81.51246597311095
70.0,54.87804878048781,37.81512605042017,68.83375639857188
57.0,58.82352941176471,41.66666666666667,70.7704979620062
80.0,68.57142857142857,52.17391304347826,76.03208382639232
148.0,69.56521739130434,53.333333333333336,76.59680080911318
119.0,90.17857142857143,82.11382113821138,91.03494351967983
144.0,90.54054054054053,82.71604938271605,91.3300481916178
156.0,90.28213166144201,82.28571428571428,91.11187697016767
146.0,91.46757679180887,84.27672955974843,92.11338576224902
120.0,91.13924050632912,83.72093023255815,91.83949363749022
94.0,79.79274611398964,66.37931034482759,83.15073223982033
78.0,51.533742331288344,34.710743801652896,67.27658305493344
81.0,65.06024096385542,48.214285714285715,74.04928403267455
109.0,69.56521739130434,53.333333333333336,76.60379743466922
107.0,83.69565217391305,71.96261682242991,85.95136769383535
130.0,89.06882591093117,80.2919708029197,90.11902099447707
152.0,89.40397350993378,80.83832335329342,90.38718789514753
156.0,91.42857142857143,84.21052631578947,92.07828042684261
145.0,91.16607773851591,83.76623376623377,91.85814036104762
114.0,89.95633187772926,81.74603174603175,90.85004940406054
117.0,63.725490196078425,46.76258992805755,73.30745888013502
95.0,60.49382716049383,43.36283185840708,71.61757807734726
94.0,72.63157894736842,57.02479338842975,78.4605077365842
122.0,67.57990867579909,51.03448275862069,75.44638592443829
142.0,1.1049723756906076,0.5555555555555556,50.09940209267564
122.0,88.88888888888889,80.0,89.97403738616391
149.0,88.0794701986755,78.69822485207101,89.31314335943279
157.0,90.0,81.81818181818183,90.87711137599209
147.0,91.2751677852349,83.9506172839506,91.94932942534861
121.0,92.56198347107438,86.15384615384616,93.05894608746958
127.0,75.70093457943925,60.902255639097746,80.39922643218486
98.0,48.421052631578945,31.944444444444443,65.8744763614602
98.0,70.11494252873564,53.98230088495575,76.9392697680291
128.0,68.96551724137932,52.63157894736842,76.24392744877204
96.0,0.0,0.0,49.80668048469388
117.0,86.99551569506725,76.98412698412699,88.4631092397821
145.0,87.45519713261649,77.70700636942675,88.81854094393343
154.0,89.1891891891892,80.48780487804879,90.21193057426538
139.0,90.37037037037037,82.43243243243244,91.19024426592253
106.0,89.65517241379311,81.25,90.604035639413
74.0,81.88976377952756,69.33333333333334,84.64372356555742
56.0,80.0,66.66666666666666,83.31238946290608
50.0,74.79674796747967,59.74025974025974,79.83921026111331
73.0,37.83783783783784,23.333333333333332,61.597879905625895
85.0,83.66013071895425,71.91011235955057,85.93011205461563
116.0,89.08296943231441,80.31496062992126,90.13251726028156
145.0,91.21621621621621,83.85093167701864,91.89948714104123
152.0,92.25806451612904,85.62874251497006,92.79038708703753
144.0,90.97222222222221,83.43949044585987,91.69376860188888
114.0,91.06382978723404,83.59375,91.77590394006272
77.0,93.79310344827586,88.31168831168831,94.14686355394426
56.0,83.33333333333334,71.42857142857143,85.6963327510494
47.0,80.0,66.66666666666666,83.31139126040586
59.0,63.23529411764706,46.236559139784944,73.06841221705102
92.0,69.5187165775401,53.278688524590166,76.58247052199853
120.0,88.41201716738198,79.23076923076923,89.58842397791533
147.0,91.52542372881356,84.375,92.16252048320376
154.0,91.61290322580645,84.52380952380952,92.23592242989054
143.0,92.41379310344827,85.8974358974359,92.92673641320776
116.0,90.5982905982906,82.8125,91.38428075694029
85.0,90.79754601226993,83.14606741573034,91.55806424556825
60.0,73.6,58.22784810126582,79.08100962813141
54.0,78.68852459016394,64.86486486486487,82.40649882247394
63.0,61.33333333333333,44.230769230769226,72.05753502432137
140.0,0.0,0.0,49.71500318877551
116.0,88.10572687224669,78.74015748031496,89.34311971787136
145.0,91.15646258503402,83.75,91.8490218216698
156.0,90.73482428115017,83.04093567251462,91.49148754285682
144.0,91.78082191780823,84.81012658227847,92.38108343421905
120.0,89.74358974358975,81.3953488372093,90.67370845027966
104.0,86.73469387755102,76.57657657657657,88.26233552232235
85.0,75.9493670886076,61.224489795918366,80.5743328539014
61.0,79.13669064748201,65.47619047619048,82.70916524866965
71.0,66.66666666666666,50.0,74.9481286409704
174.0,52.96442687747036,36.02150537634409,67.89201154386663
119.0,89.36170212765957,80.76923076923077,90.35965083427686
150.0,91.44736842105263,84.24242424242424,92.09523134698505
158.0,90.9090909090909,83.33333333333334,91.63768463552597
148.0,91.69435215946844,84.66257668711657,92.30630732912925
123.0,90.61224489795919,82.83582089552239,91.39494030894167
112.0,83.07692307692308,71.05263157894737,85.4933783705696
86.0,65.49707602339181,48.69565217391305,74.2889673479302
61.0,76.59574468085107,62.06896551724138,81.00156308263011
71.0,63.69426751592356,46.728971962616825,73.30762926024549
183.0,34.146341463414636,20.588235294117645,60.07863480587766
120.0,92.11618257261411,85.38461538461539,92.67333236023939
150.0,91.80327868852459,84.84848484848484,92.39926041129175
157.0,91.19496855345912,83.8150289017341,91.87953180011053
145.0,92.25589225589226,85.625,92.78951792601771
129.0,90.32258064516128,82.35294117647058,91.15250126896396
120.0,78.26086956521739,64.28571428571429,82.09794248071522
96.0,62.92134831460674,45.90163934426229,72.88497769288135
86.0,78.82352941176471,65.0485436893204,82.48835015394596
87.0,62.92134831460674,45.90163934426229,72.88497769288135
164.0,52.76872964169381,35.84070796460177,67.77562895984354
134.0,92.88389513108615,86.7132867132867,93.33766309611431
153.0,91.14754098360656,83.73493975903614,91.8404898447438
159.0,90.96573208722741,83.42857142857143,91.68530310385196
148.0,92.3076923076923,85.71428571428571,92.83416032386815
128.0,89.60000000000001,81.15942028985508,90.5537433823836
140.0,68.16143497757847,51.70068027210885,75.77948185262129
83.0,88.75,79.7752808988764,89.86967817022456
90.0,75.78947368421053,61.016949152542374,80.46257005766988
93.0,60.0,42.857142857142854,71.36473485021203
168.0,0.0,0.0,49.68510841836735
129.0,90.19607843137256,82.14285714285714,91.04645903426392
151.0,90.61488673139159,82.84023668639054,91.39113920817248
160.0,90.1840490797546,82.12290502793296,91.02947106320791
148.0,92.45901639344262,85.97560975609755,92.96482096678666
133.0,91.05058365758755,83.57142857142857,91.76274139372683
128.0,79.63800904977376,66.16541353383458,83.0377858277702
86.0,64.96815286624204,48.113207547169814,74.00174093069214
97.0,76.19047619047619,61.53846153846154,80.72432417494689
115.0,69.3069306930693,53.03030303030303,76.45328267708821
251.0,0.0,0.0,49.49178890306122
236.0,0.0,0.0,49.468869579081634
234.0,0.0,0.0,49.462890625
239.0,0.0,0.0,49.434988839285715
236.0,0.0,0.0,49.468869579081634
228.0,0.0,0.0,49.35526945153062
231.0,0.0,0.0,49.40210459183674
231.0,0.0,0.0,49.4499362244898
214.0,0.0,0.0,49.45491868622449
200.0,0.0,0.0,49.38416772959184
29.0,0.0,0.0,49.937220982142854
28.0,0.0,0.0,49.97110172193878
17.0,0.0,0.0,49.979073660714285
24.0,8.333333333333332,4.3478260869565215,52.13006563246858
27.0,58.620689655172406,41.46341463414634,70.7077833951449
19.0,47.05882352941176,30.76923076923077,65.3666756620831
26.0,40.963855421686745,25.757575757575758,62.829943204851006
31.0,70.96774193548387,55.00000000000001,77.4820552697691
22.0,66.66666666666666,50.0,74.98405103668262
25.0,45.78313253012048,29.6875,64.79889085770681
32.0,72.22222222222221,56.52173913043478,78.24092938575578
23.0,72.72727272727273,57.14285714285714,78.55647522586673
28.0,44.44444444444444,28.57142857142857,64.24085603777776
32.0,73.52941176470588,58.139534883720934,79.05182163818756
22.0,71.69811320754717,55.88235294117647,77.92622342315717
28.0,60.0,42.857142857142854,71.400657960323
32.0,74.28571428571429,59.09090909090909,79.5275083839391
25.0,75.0,60.0,79.98604326587578
25.0,64.51612903225806,47.61904761904761,73.7875922360331
30.0,75.75757575757575,60.97560975609756,80.47185305256176
24.0,71.42857142857143,55.55555555555556,77.76182754251181
27.0,64.61538461538461,47.72727272727273,73.84070744328943
30.0,73.52941176470588,58.139534883720934,79.05182163818756
23.0,71.42857142857143,55.55555555555556,77.76182754251181
52.0,0.0,0.0,49.93223852040816
53.0,0.0,0.0,49.947185905612244
49.0,0.0,0.0,49.951171875
51.0,43.956043956043956,28.169014084507044,64.03366566734324
52.0,70.47619047619048,54.41176470588235,77.17496829402496
46.0,69.47368421052632,53.2258064516129,76.58398592927453
49.0,66.66666666666666,50.0,74.9660962865462
45.0,71.02803738317756,55.072463768115945,77.50531720856235
34.0,71.26436781609196,55.35714285714286,77.6536437189294
47.0,76.08695652173914,61.40350877192983,80.67981625150409
42.0,78.78787878787878,65.0,82.47905738277122
37.0,71.26436781609196,55.35714285714286,77.6536437189294
39.0,85.0574712643678,74.0,86.98703603980933
43.0,73.7864077669903,58.46153846153847,79.20384354566013
43.0,70.2127659574468,54.09836065573771,77.02126017949321
43.0,82.97872340425532,70.9090909090909,85.43858917475208
44.0,77.66990291262135,63.49206349206349,81.72309413633013
37.0,74.15730337078652,58.92857142857143,79.44135130669143
41.0,78.72340425531915,64.91228070175438,82.43619579673769
43.0,74.28571428571429,59.09090909090909,79.51852832330324
36.0,70.32967032967034,54.23728813559322,77.09172160449094
45.0,80.8080808080808,67.79661016949152,83.87935662455747
46.0,77.06422018348624,62.68656716417911,81.31835040300949
34.0,65.3061224489796,48.484848484848484,74.2085218812245
51.0,0.0,0.0,49.886399872448976
58.0,0.0,0.0,49.90931919642857
40.0,6.392694063926941,3.30188679245283,51.44663396211372
98.0,61.135371179039296,44.0251572327044,71.92376689719681
158.0,61.53846153846154,44.44444444444444,72.12241385428865
208.0,70.2127659574468,54.09836065573771,76.9372788012123
233.0,71.39240506329114,55.51181102362205,77.64298455647976
229.0,52.56410256410257,35.65217391304348,67.67836467441211
209.0,63.54679802955665,46.57039711191336,73.13733754530669
195.0,4.62046204620462,2.364864864864865,50.89440596190282
175.0,81.41592920353983,68.65671641791045,84.26540605259405
206.0,88.44221105527639,79.27927927927928,89.59363963963965
314.0,73.72400756143668,58.38323353293413,79.05256392638785
338.0,71.18055555555556,55.25606469002695,77.46193600913867
344.0,69.45454545454545,53.2033426183844,76.43362089406767
352.0,50.715746421267895,33.97260273972603,66.74555174946822
331.0,47.48858447488584,31.137724550898206,65.3391929992069
328.0,74.31693989071039,59.130434782608695,79.42413838706197
304.0,66.8122270742358,50.1639344262295,74.93003710096635
226.0,79.6875,66.23376623376623,83.03891898038592
304.0,62.882096069869,45.85987261146497,72.76004503614502
408.0,60.70826306913997,43.583535108958834,71.55874891298811
437.0,64.92307692307693,48.063781321184514,73.803730948794
395.0,74.01574803149606,58.75,79.2098050699826
312.0,65.81740976645435,49.050632911392405,74.36438404730772
245.0,70.55961070559611,54.51127819548872,77.13471407126077
178.0,73.75,58.415841584158414,79.12401811917977
107.0,83.50515463917526,71.68141592920354,85.80876864930084
166.0,78.125,64.1025641025641,81.98135337852827
214.0,81.84019370460048,69.26229508196722,84.55615803951382
235.0,82.93736501079914,70.84870848708486,85.34532895545024
234.0,86.16071428571429,75.68627450980392,87.78111616773232
218.0,76.92307692307693,62.5,81.14199135930875
212.0,1.2861736334405145,0.6472491909385114,50.01768925046986
186.0,0.0,0.0,49.647241709183675
212.0,86.69950738916256,76.52173913043478,88.20686956521739
356.0,70.62818336162988,54.59317585301837,77.12347713560301
378.0,83.86206896551724,72.20902612826603,85.98721277539384
418.0,71.91679049034175,56.148491879350345,77.8849961299263
408.0,72.01210287443268,56.26477541371159,77.94715802204664
426.0,74.4927536231884,59.353348729792145,79.50038878225219
423.0,75.57471264367817,60.739030023094685,80.19921869595822
413.0,72.02472952086553,56.28019323671497,77.95889004286141
378.0,69.7594501718213,53.562005277044854,76.60490754717311
502.0,64.24731182795699,47.32673267326732,73.39703075379929
492.0,80.91787439613528,67.95131845841786,83.81715518635264
459.0,88.99521531100478,80.17241379310344,89.99384483727937
407.0,89.7742363877822,81.44578313253012,90.6456412753224
342.0,85.52631578947368,74.71264367816092,87.2681737502913
246.0,87.19101123595505,77.29083665338645,88.58839779930337
180.0,80.76923076923077,67.74193548387096,83.81102768199543
116.0,82.17821782178217,69.74789915966386,84.83801641551756
169.0,84.11764705882354,72.58883248730965,86.24045186014793
216.0,86.10478359908885,75.6,87.73898413587533
238.0,90.04329004329004,81.88976377952756,90.89885243091011
235.0,90.56603773584906,82.75862068965517,91.33427431600452
221.0,77.18550106609808,62.84722222222222,81.316600410041
215.0,0.0,0.0,49.6890943877551
206.0,0.0,0.0,49.625318877551024
395.0,62.84779050736498,45.82338902147971,72.68462184748762
398.0,73.35329341317365,57.919621749408975,78.78156489525286
417.0,86.89138576779027,76.82119205298014,88.30523357967301
469.0,85.2803738317757,74.33808553971487,87.04256468268794
498.0,84.90351872871736,73.76725838264299,86.75010041737667
452.0,87.27272727272727,77.41935483870968,88.60428959215072
500.0,80.69767441860465,67.64132553606238,83.65409309976573
541.0,74.2791234140715,59.082568807339456,79.31763133671421
519.0,66.7515923566879,50.09560229445506,74.78635145375476
539.0,77.14932126696833,62.79926335174954,81.19696286881147
507.0,91.02428722280888,83.52713178294574,91.67813016928974
457.0,91.88571428571429,84.98942917547568,92.42339221059315
415.0,91.56327543424318,84.43935926773455,92.15141613676847
359.0,87.593423019432,77.92553191489363,88.87957128190604
249.0,87.93103448275862,78.46153846153847,89.17473785319778
186.0,86.37681159420289,76.0204081632653,87.96322944793485
124.0,83.10502283105022,71.09375,85.50993779325147
171.0,87.32394366197182,77.5,88.70501889206534
220.0,88.39285714285714,79.2,89.54797710992837
238.0,91.78947368421052,84.8249027237354,92.37341857432617
238.0,92.90060851926978,86.74242424242425,93.3361749818444
223.0,76.27118644067797,61.64383561643836,80.70990884750232
219.0,28.116710875331563,16.358024691358025,57.908677369719875
408.0,52.04081632653062,35.172413793103445,67.30433655690796
412.0,61.61137440758294,44.52054794520548,72.0171815975002
411.0,76.51195499296765,61.958997722095674,80.81217760423476
460.0,82.9736211031175,70.90163934426229,85.30833522501094
501.0,86.43326039387308,76.10789980732177,87.92940439433
543.0,86.27450980392157,75.86206896551724,87.79738763200096
518.0,85.12486427795875,74.10207939508507,86.91344528970065
519.0,83.94793926247289,72.33644859813084,86.01959709225267
555.0,78.5329018338727,64.65364120781527,82.127069539907
569.0,75.51686615886834,60.66433566433567,80.10639569144658
547.0,85.5087358684481,74.68581687612208,87.20122837375236
523.0,91.59836065573771,84.49905482041588,92.16708054821594
479.0,92.32456140350878,85.74338085539715,92.80134573872259
439.0,90.88729016786571,83.2967032967033,91.57204183049113
377.0,89.07801418439716,80.30690537084399,90.07623957724343
254.0,92.33870967741935,85.76779026217228,92.84585480834404
185.0,88.49557522123894,79.36507936507937,89.64355995199956
147.0,70.8171206225681,54.81927710843374,77.33476583783472
172.0,86.19718309859155,75.74257425742574,87.82230965834924
218.0,88.1578947368421,78.82352941176471,89.35773769237561
240.0,91.28630705394191,83.96946564885496,91.94269583187403
240.0,90.25844930417495,82.2463768115942,91.07413837476545
225.0,71.52317880794702,55.670103092783506,77.70608765628099
218.0,50.0,33.33333333333333,66.446956683844
220.0,0.0,0.0,49.60239955357143
421.0,63.63636363636363,46.666666666666664,73.09317002228181
425.0,80.62418725617685,67.53812636165577,83.6196627877745
457.0,84.57008244994111,73.26530612244898,86.50117183995465
501.0,85.0828729281768,74.03846153846155,86.8836641005557
553.0,85.01026694045176,73.92857142857143,86.81758743045468
527.0,86.4693446088795,76.16387337057728,87.95333741267828
549.0,83.26446280991735,71.32743362831859,85.50097797985153
573.0,82.98086606243706,70.91222030981066,85.28630869200042
569.0,77.25321888412017,62.93706293706294,81.25574842693841
553.0,87.88788788788789,78.39285714285714,89.07478874594655
535.0,89.29663608562691,80.66298342541437,90.22593861447244
493.0,90.59080962800876,82.8,91.31358868212692
454.0,89.78622327790974,81.46551724137932,90.64640977133827
407.0,84.26812585499316,72.81323877068559,86.29131498171722
260.0,90.76620825147347,83.09352517985612,91.49971083299545
189.0,90.28571428571428,82.29166666666666,91.11184556892852
197.0,63.013698630136986,46.0,72.89218113569204
177.0,86.27450980392157,75.86206896551724,87.88205603327638
219.0,88.68778280542986,79.67479674796748,89.78737836598054
241.0,92.05020920502092,85.27131782945736,92.59762544527557
244.0,93.04174950298211,86.98884758364312,93.45938314467087
230.0,81.9672131147541,69.44444444444444,84.63417996193728
224.0,65.1639344262295,48.328267477203646,73.9941915189565
225.0,15.659955257270694,8.495145631067961,53.871632965909924
431.0,66.27737226277372,49.56331877729257,74.55042352806849
449.0,78.68852459016394,64.86486486486487,82.26297149869266
515.0,85.38860103626943,74.50271247739603,87.10968756254658
552.0,87.68472906403942,78.0701754385965,88.90941158167784
580.0,88.465204957102,79.31623931623932,89.53641866037263
582.0,83.82642998027613,72.15619694397284,85.91327766436446
587.0,87.44186046511628,77.68595041322314,88.70717671146008
588.0,86.76056338028168,76.61691542288557,88.16664655160852
583.0,83.51431391905231,71.69491525423729,85.67962855148501
569.0,89.49858088930937,80.9931506849315,90.38491206258325
538.0,92.15686274509804,85.45454545454545,92.64679954496073
500.0,92.08025343189018,85.32289628180038,92.58605610229947
462.0,90.22727272727272,82.19461697722568,91.01092668102328
410.0,86.97986577181209,76.95961995249407,88.38252200384873
269.0,90.38461538461539,82.45614035087719,91.17801110573636
197.0,87.91208791208791,78.43137254901961,89.17170035000565
215.0,61.58730158730159,44.4954128440367,72.12689730043046
177.0,88.06818181818183,78.68020304568529,89.29811915543695
220.0,91.8552036199095,84.93723849372385,92.43259979635864
252.0,91.81636726546905,84.87084870848709,92.39438002636943
244.0,92.61477045908184,86.2453531598513,93.08563509346082
245.0,77.80040733197556,63.66666666666667,81.72430062352038
229.0,62.57668711656442,45.535714285714285,72.58494128415215
435.0,61.14457831325302,44.03470715835141,71.75921418390226
451.0,76.44787644787645,61.875,80.75405606567894
475.0,78.41726618705036,64.49704142011834,82.0679754634143
529.0,87.73307163886163,78.14685314685315,88.9477453813656
557.0,91.50943396226415,84.34782608695653,92.08335338478754
596.0,90.07352941176471,81.93979933110369,90.8612171392869
598.0,83.23699421965318,71.28712871287128,85.46866889165597
591.0,87.31617647058823,77.48776508972267,88.60505234023769
612.0,88.24593128390596,78.96440129449837,89.35138435357668
609.0,87.8316559926807,78.30342577487765,89.01789930083225
574.0,89.65517241379311,81.25,90.51331874434048
543.0,92.78152069297401,86.53500897666068,93.19204266195291
512.0,91.70124481327801,84.67432950191571,92.25673687465593
457.0,90.4487917146145,82.56302521008404,91.19815081487268
414.0,86.55126498002663,76.29107981220658,88.04423802650207
272.0,91.4179104477612,84.19243986254295,92.05015636354801
207.0,89.8936170212766,81.64251207729468,90.78326135790265
220.0,61.0062893081761,43.89140271493213,71.82189696840078
180.0,86.62790697674419,76.41025641025641,88.15915303172184
219.0,92.48291571753985,86.01694915254238,92.97545674664318
245.0,92.40246406570843,85.87786259541986,92.90189500214026
251.0,92.70216962524654,86.39705882352942,93.16148570018504
247.0,80.48289738430584,67.34006734006735,83.57298708767414
232.0,66.015625,49.27113702623907,74.46159286970962
435.0,65.10263929618768,48.26086956521739,73.89221562098
457.0,68.64064602960968,52.254098360655746,75.8936804577462
480.0,71.98007471980074,56.22568093385214,77.88733081511296
555.0,77.70961145194273,63.54515050167224,81.55368216705429
564.0,88.50574712643679,79.38144329896907,89.57003130068942
598.0,88.55813953488372,79.46577629382304,89.60914569218315
610.0,81.43133462282398,68.67862969004894,84.14636941240462
608.0,87.29582577132487,77.45571658615137,88.5869990517033
629.0,85.94449418084153,75.35321821036108,87.51864870595323
605.0,88.94977168949771,80.09868421052632,89.92758477466684
583.0,89.11439114391145,80.36605657237936,90.06429929015403
550.0,91.6988416988417,84.67023172905526,92.24859849063172
508.0,91.59663865546219,84.49612403100775,92.16764384099643
468.0,89.62371721778791,81.19834710743802,90.50777689220806
427.0,86.9340232858991,76.88787185354691,88.34261168921327
277.0,92.64705882352942,86.3013698630137,93.11062403895016
208.0,89.70976253298153,81.3397129186603,90.63086113876861
661.0,26.018396846254927,14.954682779456194,56.91520707657036
683.0,20.65491183879093,11.51685393258427,55.12960914379843
222.0,65.97402597402598,49.224806201550386,74.48153135508598
240.0,78.32167832167832,64.36781609195403,82.0909229235966
237.0,82.71028037383178,70.5179282868526,85.1849626633967
219.0,73.84615384615385,58.536585365853654,79.14931171988091
210.0,1.238390092879257,0.6230529595015576,49.993632749930555
452.0,51.50078988941548,34.680851063829785,67.03350533116709
423.0,60.19108280254777,43.052391799544424,71.27613088286782
382.0,66.99834162520729,50.374064837905244,74.98792888511502
406.0,64.99215070643642,48.13953488372093,73.84662909608608
443.0,65.27570789865872,48.451327433628315,73.99246316433903
470.0,57.14285714285714,40.0,69.71793230375289
517.0,60.0,42.857142857142854,71.13229885780632
550.0,71.97231833910035,56.21621621621622,77.86444534539352
613.0,57.60743321718932,40.45676998368678,69.86285863388794
592.0,55.433455433455435,38.3445945945946,68.80692461716356
587.0,64.43418013856814,47.52981260647359,73.45627051350996
555.0,82.78775079197466,70.63063063063063,85.15160810014578
529.0,86.35875402792696,75.99243856332704,87.8686426352216
516.0,78.06603773584906,64.02321083172147,81.82502702284238
494.0,70.92568448500653,54.94949494949495,77.25131849109887
440.0,64.3076923076923,47.3922902494331,73.46399190359061
377.0,58.7360594795539,41.578947368421055,70.56755357544968
317.0,46.3768115942029,30.18867924528302,64.87269425522936
170.0,85.37313432835822,74.47916666666666,87.19061565200302
219.0,85.99033816425121,75.42372881355932,87.65386208668686
235.0,90.7079646017699,82.99595141700405,91.45595133436501
234.0,90.94736842105263,83.3976833976834,91.65580727129966
221.0,61.61369193154034,44.522968197879855,72.10464094209678
210.0,0.0,0.0,49.67713647959184
206.0,0.0,0.0,49.608378507653065
429.0,62.079510703363916,45.01108647450111,72.25740924489469
402.0,67.28395061728395,50.697674418604656,75.13665897958937
442.0,73.90728476821192,58.61344537815126,79.10931603136073
460.0,83.72093023255815,72.0,85.86655696913755
497.0,79.95198079231692,66.60000000000001,83.13247396826033
530.0,80.58035714285714,67.4766355140187,83.563671566103
520.0,85.77540106951872,75.09363295880149,87.41321527397633
609.0,70.1492537313433,54.02298850574713,76.7306348230182
611.0,65.12141280353201,48.28150572831424,73.82399898993648
576.0,78.3157894736842,64.3598615916955,81.97312009791185
551.0,89.08908908908909,80.32490974729242,90.05286528164123
518.0,91.49377593360995,84.32122370936902,92.07817493903154
493.0,91.06566200215285,83.59683794466403,91.71500691677757
492.0,78.3882783882784,64.45783132530121,82.0514008697512
430.0,70.43090638930164,54.357798165137616,76.97965600601542
352.0,61.023622047244096,43.90934844192634,71.75675734605063
304.0,50.49019607843137,33.77049180327869,66.68354039168388
176.0,90.80459770114942,83.15789473684211,91.54695888427536
220.0,93.05555555555556,87.01298701298701,93.47647849898975
241.0,91.9917864476386,85.17110266159695,92.54651385482153
242.0,92.95774647887323,86.8421052631579,93.38601408918231
225.0,74.18655097613883,58.9655172413793,79.36377051949977
212.0,1.2121212121212122,0.6097560975609756,49.980008594481454
436.0,53.82165605095541,36.81917211328976,68.11962665096168
438.0,63.12684365781711,46.12068965517241,72.81015468307638
430.0,68.8293370944993,52.473118279569896,76.01525817046668
478.0,75.75392038600724,60.970873786407765,80.28388059782866
494.0,88.02588996763754,78.61271676300578,89.194840940577
554.0,86.89516129032258,76.8270944741533,88.28288083844362
567.0,86.48648648648648,76.19047619047619,87.95447232947234
595.0,88.46503178928246,79.31596091205212,89.53018557184646
636.0,81.15134633240483,68.28125,83.93655977954924
621.0,77.84313725490196,63.7239165329053,81.63495491162432
592.0,87.17948717948718,77.27272727272727,88.50059518693989
559.0,91.91246431969553,85.03521126760563,92.43208050953984
521.0,91.93548387096774,85.07462686567165,92.45686290990743
497.0,91.08485499462942,83.62919132149902,91.73118192863824
483.0,80.68043742405833,67.61710794297352,83.64905633887301
432.0,73.48703170028818,58.08656036446469,78.85898900216785
210.0,88.0,78.57142857142857,89.24072418353677
348.0,48.36601307189542,31.896551724137932,65.71158356205898
183.0,90.10989010989012,82.0,90.9640086379269
219.0,93.00225733634312,86.91983122362869,93.42889700064765
241.0,91.64969450101833,84.58646616541353,92.25219286329174
239.0,92.0,85.18518518518519,92.55254934588615
225.0,78.81188118811882,65.0326797385621,82.40929062662943
222.0,22.691292875989447,12.797619047619047,56.10658683615868
446.0,54.347826086956516,37.3134328358209,68.36272229779286
448.0,62.44604316546762,45.39748953974895,72.43753057423406
450.0,76.84605757196495,62.398373983739845,81.01370101862
527.0,77.6824034334764,63.50877192982456,81.5456093157775
541.0,89.99028182701652,81.80212014134275,90.79746543747684
580.0,88.67924528301887,79.66101694915254,89.70979870110828
601.0,87.33944954128441,77.52442996742671,88.62338198572543
643.0,87.1304347826087,77.19568567026194,88.44887454122055
654.0,85.18843120070115,74.19847328244275,86.92918230433267
630.0,81.50234741784037,68.77971473851031,84.19183557680611
604.0,90.19963702359347,82.14876033057851,90.9656823251556
574.0,92.63351749539595,86.27787307032591,93.05840989090954
532.0,91.88660801564026,84.99095840867993,92.41198827769126
499.0,90.94736842105263,83.3976833976834,91.61239911280117
488.0,83.19623971797884,71.22736418511066,85.4701711937556
430.0,74.02031930333817,58.75576036866359,79.19859691676905
361.0,62.476190476190474,45.42936288088642,72.51772870909873
336.0,48.98876404494382,32.44047619047619,65.99354186818235
183.0,92.3076923076923,85.71428571428571,92.82914733642617
224.0,91.54013015184381,84.39999999999999,92.16097268087663
246.0,90.76305220883533,83.08823529411765,91.49807160101278
249.0,91.47286821705426,84.28571428571429,92.09880427942102
227.0,79.53216374269006,66.01941747572816,82.90464990491763
223.0,34.15841584158416,20.597014925373134,60.03307548711428
443.0,65.01457725947522,48.16414686825054,73.84184762186175
450.0,72.89473684210527,57.34989648033127,78.46853127790186
462.0,78.61409796893668,64.76377952755905,82.20234034255056
510.0,79.82551799345693,66.42468239564428,83.0266355162321
517.0,90.2,82.14936247723132,90.97613925772075
582.0,88.49391955098223,79.36241610738254,89.55747306787553
598.0,89.33092224231464,80.71895424836602,90.24072184057928
635.0,88.98450946643717,80.15503875968992,89.94864042537549
655.0,86.97152717860224,76.94656488549619,88.32128534176564
636.0,87.45583038869258,77.70800627943485,88.71109136257928
602.0,91.72661870503596,84.71760797342192,92.26618529384261
578.0,92.27941176470588,85.6655290102389,92.74821323081096
539.0,92.15876089060987,85.45780969479354,92.64741591379516
520.0,90.020366598778,81.85185185185185,90.82740177745607
502.0,84.84848484848484,73.68421052631578,86.70655765080399
445.0,74.02234636871509,58.758314855875824,79.19282575756466
368.0,62.172284644194754,45.108695652173914,72.35238821800858
503.0,36.156351791530945,22.067594433399602,60.64230615507991
208.0,85.9375,75.34246575342466,87.61724475409932
230.0,92.47787610619469,86.0082304526749,92.97009277151727
249.0,91.64969450101833,84.58646616541353,92.25219286329174
253.0,91.82879377431907,84.89208633093526,92.40399270491497
254.0,77.6735459662289,63.49693251533742,81.62939243189673
233.0,41.013824884792626,25.79710144927536,62.64299539091836
463.0,67.75067750677508,51.229508196721305,75.37640133627276
474.0,81.26463700234193,68.44181459566076,84.06035821998414
518.0,78.28877005347593,64.32337434094903,81.95791282797302
568.0,82.39771646051379,70.06472491909385,84.84640664666874
578.0,89.88361683079677,81.6260162601626,90.69926653488059
607.0,91.005291005291,83.49514563106796,91.64487446676233
630.0,85.76544315129811,75.07836990595611,87.37921553832525
652.0,90.15025041736226,82.06686930091185,90.9145693107831
656.0,88.81412952060556,79.87897125567322,89.80554266940928
635.0,90.56603773584906,82.75862068965517,91.26853045439897
619.0,91.36442141623489,84.10174880763115,91.9501633840158
583.0,92.88256227758008,86.71096345514951,93.27492426996811
535.0,91.10251450676982,83.65896980461812,91.73693888078205
513.0,89.95901639344262,81.75046554934823,90.77671456891181
499.0,86.38920134983127,76.03960396039604,87.89829651747309
450.0,72.80334728033473,57.23684210526315,78.42308898812192
370.0,64.22018348623854,47.2972972972973,73.45365254857064
537.0,36.28048780487805,22.160148975791433,60.6625504652815
210.0,88.22055137844612,78.9237668161435,89.41488340807174
232.0,92.07708779443254,85.31746031746032,92.62170127620179
257.0,91.94499017681729,85.0909090909091,92.50440693022088
262.0,92.77566539923954,86.52482269503547,93.22435959713722
257.0,79.62616822429906,66.14906832298136,82.96545344175807
240.0,44.345898004434595,28.49002849002849,63.994395185983976
473.0,67.02127659574468,50.4,74.95162246614855
539.0,81.82762201453791,69.24428822495607,84.44637777123019
535.0,79.21406411582213,65.58219178082192,82.58926029102952
583.0,82.33117483811286,69.9685534591195,84.79224359127578
593.0,90.86206896551724,83.25434439178515,91.5204228152404
609.0,91.41856392294221,84.19354838709677,91.99809130798026
632.0,86.09625668449198,75.5868544600939,87.63646347257608
652.0,90.51580698835274,82.67477203647417,91.22254075711523
660.0,88.55218855218855,79.45619335347432,89.59113796576032
642.0,90.52808046940486,82.69525267993875,91.23379766723184
625.0,91.87817258883248,84.97652582159625,92.39155306049692
592.0,93.90243902439023,88.50574712643679,94.1823616467045
546.0,91.25117591721543,83.91003460207612,91.86143898705767
519.0,91.12662013958126,83.69963369963371,91.76031384291807
500.0,86.83035714285714,76.72583826429981,88.24441430157164
457.0,74.18478260869566,58.963282937365015,79.29127215220855
372.0,65.46112115732369,48.655913978494624,74.13693788733713
503.0,36.422764227642276,22.266401590457257,60.74270063543317
213.0,86.5,76.2114537444934,88.05173011205231
234.0,91.70305676855895,84.67741935483872,92.30068381983621
257.0,91.699604743083,84.67153284671532,92.29371933061378
261.0,92.6923076923077,86.37992831541219,93.15191469340249
262.0,82.43992606284658,70.12578616352201,84.96780369774002
242.0,59.541984732824424,42.391304347826086,70.98373694000661
512.0,68.85644768856449,52.50463821892394,75.9957700945701
532.0,79.91452991452992,66.54804270462633,83.08527391245131
530.0,75.64102564102564,60.824742268041234,80.18355655411615
595.0,77.65151515151516,63.46749226006192,81.49663645676006
605.0,89.98272884283247,81.78963893249608,90.77801350511623
618.0,91.30434782608695,84.0,91.89929709371411
638.0,86.04240282685512,75.50387596899225,87.59294907346954
663.0,90.26982829108749,82.26527570789865,91.01273619346246
666.0,89.25619834710744,80.59701492537313,90.16755412236905
654.0,90.41322314049587,82.50377073906485,91.13501821524763
625.0,92.87510477787092,86.697965571205,93.26333529053983
598.0,92.80138768430182,86.56957928802589,93.20118939421943
548.0,90.77212806026365,83.10344827586206,91.45312068479787
516.0,92.10789210789211,85.37037037037038,92.60573230376107
502.0,87.58314855875831,77.90927021696253,88.84214239037595
467.0,73.45844504021449,58.05084745762712,78.827034886683
378.0,64.88413547237076,48.02110817941953,73.81353044687262
676.0,16.99346405228758,9.285714285714286,54.00926372025532
708.0,0.0,0.0,49.14301658163265
730.0,1.0624169986719787,0.5340453938584779,49.524576711120424
763.0,16.209773539928488,8.819714656290532,53.70837253529781
761.0,28.021978021978022,16.293929712460063,57.361326249988906
753.0,35.06711409395973,21.26144455747711,59.85621110136149
721.0,38.99581589958159,24.22037422037422,61.38035510169744
676.0,31.524008350730686,18.711276332094176,58.699966002129045
668.0,37.99126637554585,23.450134770889488,61.15709010453598
651.0,24.155844155844157,13.737075332348597,56.28550549957087
660.0,35.44303797468354,21.53846153846154,60.208477500668934
667.0,46.240179573512904,30.072992700729927,64.55720877782144
713.0,48.25523429710867,31.800262812089358,65.38044542054382
723.0,33.21799307958477,19.91701244813278,59.37987654705967
746.0,20.45728038507822,11.394101876675604,55.037251772819054
735.0,26.368715083798882,15.186615186615187,56.93507114758464
691.0,32.40843507214207,19.337748344370862,59.060239353076895
673.0,34.024896265560166,20.5,59.61415260337519
657.0,51.342812006319114,34.53772582359193,66.65102174511927
628.0,43.9888164026095,28.19593787335723,63.49624687019884
595.0,28.31168831168831,16.49016641452345,57.69382189741692
557.0,0.0,0.0,49.32537468112245
520.0,0.0,0.0,49.400111607142854
448.0,53.65853658536586,36.666666666666664,68.04839601954237
27.0,0.0,0.0,49.97309470663265
30.0,0.0,0.0,49.97010522959184
20.0,0.0,0.0,49.98007015306122
21.0,57.14285714285714,40.0,69.97906782026236
33.0,72.97297297297297,57.446808510638306,78.70346367823885
24.0,76.66666666666667,62.16216216216216,81.0671237903906
23.0,65.51724137931035,48.717948717948715,74.3390369623996
29.0,67.53246753246754,50.98039215686274,75.46527085410435
27.0,75.0,60.0,79.98404849258255
46.0,68.18181818181817,51.724137931034484,75.83415048747312
35.0,75.32467532467533,60.416666666666664,80.18938902958635
26.0,78.125,64.1025641025641,82.03732420398092
40.0,68.42105263157895,52.0,75.97607178464607
34.0,54.36893203883495,37.333333333333336,68.61980537608679
28.0,81.9672131147541,69.44444444444444,84.71125534219989
44.0,64.19753086419753,47.27272727272727,73.60745037614429
37.0,65.06024096385542,48.214285714285715,74.07822902037641
28.0,74.6268656716418,59.523809523809526,79.7449559473248
47.0,53.21100917431193,36.25,68.07414950046862
40.0,70.0,53.84615384615385,76.8991477534191
23.0,71.1864406779661,55.26315789473685,77.6146314845033
46.0,54.11764705882353,37.096774193548384,68.50950607270784
39.0,66.66666666666666,50.0,74.9730802209416
26.0,65.625,48.837209302325576,74.39667264039616
65.0,65.625,48.837209302325576,74.35275347482133
68.0,60.431654676258994,43.29896907216495,71.59463154210633
73.0,29.47368421052631,17.28395061728395,58.57519168757423
65.0,67.0967741935484,50.48543689320388,75.19184461370752
57.0,62.264150943396224,45.20547945205479,72.56285379977648
73.0,52.54237288135594,35.63218390804598,67.76025388442483
64.0,61.98830409356725,44.91525423728814,72.39278662625534
55.0,62.13592233009708,45.07042253521127,72.496323265053
71.0,44.85981308411215,28.915662650602407,64.39901014169935
65.0,69.31818181818183,53.04347826086957,76.46786304543029
59.0,67.6923076923077,51.162790697674424,75.53950593688477
73.0,59.25925925925925,42.10526315789473,70.98680010751424
63.0,63.095238095238095,46.08695652173913,72.9816304065911
62.0,53.79310344827586,36.79245283018868,68.32940949345961
70.0,64.0625,47.12643678160919,73.51734225636758
63.0,67.03296703296702,50.413223140495866,75.14674925357627
62.0,63.013698630136986,46.0,72.94614003590665
70.0,61.111111111111114,44.0,71.93016899104168
60.0,60.962566844919785,43.84615384615385,71.85025025055751
65.0,66.20689655172414,49.48453608247423,74.6933931609307
64.0,67.64705882352942,51.11111111111111,75.51166965888689
59.0,48.739495798319325,32.22222222222222,65.98939835321973
64.0,66.66666666666666,50.0,74.94912718204489
64.0,71.53284671532847,55.68181818181818,77.80200789993417
65.0,39.1025641025641,24.302788844621514,61.961830419517185
71.0,42.384105960264904,26.89075630252101,63.2717670401494
70.0,0.0,0.0,49.92625956632653
50.0,73.13432835820896,57.647058823529406,78.78762062009554
52.0,68.96551724137932,52.63157894736842,76.27090258863454
49.0,67.27272727272727,50.68493150684932,75.30656555597358
32.0,63.1578947368421,46.15384615384615,73.04202497936794
54.0,80.31496062992126,67.10526315789474,83.52769392308701
54.0,78.63247863247864,64.7887323943662,82.36943102862135
45.0,76.28865979381443,61.66666666666667,80.81039709607292
36.0,80.51948051948052,67.3913043478261,83.68069554812783
50.0,78.68852459016394,64.86486486486487,82.40649882247394
56.0,77.68595041322314,63.51351351351351,81.72982623749645
47.0,77.66990291262135,63.49206349206349,81.72309413633013
35.0,83.78378378378379,72.09302325581395,86.03454632727879
51.0,79.03225806451613,65.33333333333333,82.64073253935005
57.0,78.4,64.47368421052632,82.20991051151128
47.0,77.66990291262135,63.49206349206349,81.72309413633013
35.0,85.71428571428571,75.0,87.48903137028098
51.0,77.51937984496125,63.29113924050633,81.61664251655449
61.0,74.3801652892562,59.210526315789465,79.57434416565441
47.0,76.92307692307693,62.5,81.22606510292005
35.0,82.5,70.2127659574468,85.09242290453558
53.0,75.38461538461539,60.49382716049383,80.21499465431877
61.0,75.0,60.0,79.97007839460612
50.0,80.73394495412845,67.6923076923077,83.82520914017762
35.0,82.92682926829268,70.83333333333334,85.40270631406806
58.0,78.26086956521739,64.28571428571429,82.11293016468389
63.0,79.03225806451613,65.33333333333333,82.64073253935005
50.0,81.81818181818183,69.23076923076923,84.59543687845536
39.0,84.0909090909091,72.54901960784314,86.26054861602393
65.0,80.82191780821918,67.81609195402298,83.88011134405262
61.0,76.03305785123968,61.33333333333333,80.63774187113505
51.0,80.35714285714286,67.16417910447761,83.56014704161664
38.0,84.0909090909091,72.54901960784314,86.26054861602393
96.0,89.50276243093923,81.0,90.48103603154007
101.0,86.91099476439791,76.85185185185185,88.40097233959649
95.0,65.83850931677019,49.074074074074076,74.48217200501581
79.0,54.83870967741935,37.77777777777778,68.83304747849441
64.0,83.22147651006712,71.26436781609196,85.60724077838161
66.0,81.08108108108108,68.18181818181817,84.06297390055072
51.0,82.45614035087719,70.1492537313433,85.05467833288623
74.0,74.3801652892562,59.210526315789465,79.57434416565441
58.0,76.05633802816901,61.36363636363637,80.6479009398885
64.0,80.55555555555556,67.44186046511628,83.69299615697652
50.0,81.81818181818183,69.23076923076923,84.59543687845536
43.0,88.63636363636364,79.59183673469387,89.78594569247609
64.0,78.91156462585033,65.1685393258427,82.55334265067027
65.0,81.94444444444444,69.41176470588235,84.67994305090794
51.0,83.47826086956522,71.64179104477611,85.80194403818761
42.0,83.87096774193549,72.22222222222221,86.09615209880484
68.0,79.48717948717949,65.95744680851064,82.94679619828493
65.0,81.37931034482759,68.6046511627907,84.2753886138993
51.0,83.47826086956522,71.64179104477611,85.80194403818761
53.0,85.71428571428571,75.0,87.48503919730307
70.0,79.48717948717949,65.95744680851064,82.94679619828493
68.0,80.0,66.66666666666666,83.30340277223507
53.0,83.60655737704919,71.83098591549296,85.8955428330582
64.0,78.04878048780488,64.0,81.97306894350463
72.0,83.43558282208589,71.57894736842105,85.76253187851084
68.0,78.37837837837837,64.44444444444444,82.19029756441465
55.0,82.17054263565892,69.73684210526315,84.84547749378633
74.0,78.83211678832117,65.06024096385542,82.50119106969356
75.0,81.14285714285714,68.26923076923077,84.10168453939035
70.0,79.22077922077922,65.59139784946237,82.76377235583962
62.0,81.75182481751825,69.1358024691358,84.54296109091267
76.0,80.27210884353741,67.04545454545455,83.49379497430559
96.0,0.0,0.0,49.89536830357143
104.0,29.508196721311474,17.307692307692307,58.56811705778969
95.0,0.0,0.0,49.88739636479592
88.0,0.0,0.0,49.91230867346938
78.0,77.77777777777779,63.63636363636363,81.78625843430312
69.0,77.68595041322314,63.51351351351351,81.72982623749645
68.0,79.71014492753623,66.26506024096386,83.1045977168986
52.0,63.30935251798561,46.31578947368421,73.10702902232842
31.0,80.0,66.66666666666666,83.32236710930334
90.0,82.58706467661692,70.33898305084746,85.13455650456252
83.0,83.75,72.04301075268818,85.99556193305047
81.0,77.27272727272727,62.96296296296296,81.44156769525972
52.0,45.614035087719294,29.545454545454547,64.64903403196438
32.0,70.76923076923077,54.761904761904766,77.36201034358672
98.0,78.96995708154506,65.24822695035462,82.57519565711165
94.0,86.33879781420765,75.96153846153845,87.95581763686141
89.0,76.38190954773869,61.78861788617886,80.84740275546469
65.0,44.0,28.205128205128204,63.96290208464745
64.0,44.66019417475729,28.749999999999996,64.31817388790301
106.0,80.80000000000001,67.78523489932886,83.84468934182618
98.0,84.42211055276381,73.04347826086956,86.49079606567393
93.0,73.73271889400922,58.3941605839416,79.14018952224866
82.0,52.98507462686567,36.04060913705584,67.89456861403235
64.0,52.25225225225225,35.36585365853659,67.6300821925004
114.0,80.3030303030303,67.08860759493672,83.49237649569085
103.0,83.09178743961353,71.07438016528926,85.50225296944838
94.0,71.88940092165899,56.11510791366906,77.99667328295533
85.0,54.47761194029851,37.43589743589744,68.59619952129383
66.0,45.28301886792453,29.268292682926827,64.57632212707516
116.0,81.3953488372093,68.62745098039215,84.26579355354612
103.0,80.18867924528303,66.92913385826772,83.4226432302658
95.0,71.23287671232876,55.319148936170215,77.59669770653774
84.0,54.961832061068705,37.89473684210527,68.82961335159709
64.0,46.728971962616825,30.48780487804878,65.18707406072684
117.0,77.14285714285715,62.7906976744186,81.33143575899567
103.0,76.23318385650224,61.59420289855072,80.74419773403709
95.0,71.11111111111111,55.172413793103445,77.52133145739491
86.0,55.01858736059479,37.94871794871795,68.85360531183053
63.0,46.15384615384615,30.0,64.93718718219705
120.0,74.82993197278913,59.78260869565217,79.81740189905847
103.0,71.66666666666667,55.84415584415584,77.85420010215378
96.0,68.08510638297872,51.61290322580645,75.73159533695305
75.0,56.126482213438734,39.010989010989015,69.39472711701032
65.0,53.44827586206896,36.470588235294116,68.18145026482026
117.0,81.32780082987551,68.53146853146853,84.22080435639283
97.0,82.95454545454545,70.87378640776699,85.4069548768372
84.0,77.24137931034483,62.92134831460674,81.42775316767847
50.0,70.2127659574468,54.09836065573771,77.02126017949321
27.0,80.0,66.66666666666666,83.3233644362921
119.0,83.26530612244898,71.32867132867133,85.62339625466197
98.0,85.55555555555556,74.75728155339806,87.35269215497006
84.0,81.04575163398692,68.13186813186813,84.0370000355234
53.0,71.02803738317756,55.072463768115945,77.50531720856235
29.0,72.72727272727273,57.14285714285714,78.55647522586673
117.0,77.77777777777779,63.63636363636363,81.75826689736937
101.0,88.17204301075269,78.84615384615384,89.40111820546603
86.0,82.27848101265823,69.89247311827957,84.91829858145026
54.0,70.17543859649122,54.054054054054056,76.99311925616378
29.0,75.0,60.0,79.98604326587578
118.0,78.65168539325843,64.81481481481481,82.35048823263557
101.0,89.36170212765957,80.76923076923077,90.36465211702776
86.0,83.75,72.04301075268818,85.99556193305047
54.0,69.56521739130434,53.333333333333336,76.63176160842508
31.0,75.86206896551724,61.111111111111114,80.54159854315375
117.0,74.46808510638297,59.32203389830508,79.58911904417761
101.0,90.52631578947368,82.6923076923077,91.32818618793863
89.0,83.63636363636363,71.875,85.91055765661484
55.0,69.91869918699187,53.75,76.83809815889732
45.0,54.285714285714285,37.254901960784316,68.59555114587255
120.0,73.86759581881533,58.5635359116022,79.20687280900661
101.0,91.66666666666666,84.61538461538461,92.29172041821778
87.0,83.9506172839506,72.3404255319149,86.14426880491331
54.0,69.84126984126983,53.65853658536586,76.79136834853549
45.0,54.794520547945204,37.735849056603776,68.83502716806582
121.0,74.30555555555556,59.11602209944752,79.48411302899237
102.0,91.75257731958763,84.76190476190476,92.36498017259493
88.0,86.22754491017965,75.78947368421053,87.87178458280461
56.0,70.76923076923077,54.761904761904766,77.34305092473855
43.0,54.794520547945204,37.735849056603776,68.83502716806582
121.0,74.74048442906575,59.66850828729282,79.76135328880899
101.0,89.8989898989899,81.65137614678899,90.80572281294768
90.0,84.52380952380952,73.19587628865979,86.57199262991017
55.0,70.86614173228347,54.87804878048781,77.4021210769248
44.0,50.0,33.33333333333333,66.62878561317463
116.0,0.0,0.0,49.80269451530612
97.0,51.9774011299435,35.11450381679389,67.47247233528702
83.0,53.2258064516129,36.26373626373626,68.07403353880429
41.0,51.515151515151516,34.69387755102041,67.31504021293918
21.0,74.4186046511628,59.25925925925925,79.61866471734893
70.0,0.0,0.0,49.930245535714285
53.0,0.0,0.0,49.947185905612244
53.0,0.0,0.0,49.947185905612244
67.0,0.0,0.0,49.9332350127551
38.0,0.0,0.0,49.962133290816325
85.0,0.0,0.0,49.9152981505102
66.0,24.0,13.636363636363635,56.76137156442935
55.0,81.9047619047619,69.35483870967742,84.65846976075898
76.0,62.8099173553719,45.78313253012048,72.84669012321174
65.0,0.0,0.0,49.93423150510204
77.0,0.0,0.0,49.923270089285715
64.0,48.888888888888886,32.35294117647059,66.1306118332008
60.0,84.21052631578947,72.72727272727273,86.34568232597279
71.0,67.1875,50.588235294117645,75.25222907067202
71.0,49.54128440366973,32.926829268292686,66.40857804717551
79.0,37.254901960784316,22.89156626506024,61.38198346349091
73.0,72.6027397260274,56.98924731182796,78.454721814444
59.0,87.8048780487805,78.26086956521739,89.11547129352206
63.0,85.5072463768116,74.68354430379746,87.3218188426424
82.0,47.82608695652174,31.428571428571427,65.64249104703406
76.0,0.0,0.0,49.92426658163265
78.0,65.69343065693431,48.91304347826087,74.40964455734671
60.0,90.76923076923077,83.09859154929578,91.53732378909409
71.0,80.82191780821918,67.81609195402298,83.88011134405262
79.0,67.15328467153284,50.54945054945055,75.22984197131414
81.0,61.016949152542374,43.90243902439025,71.9053479525621
71.0,72.99270072992701,57.47126436781609,78.69872518953387
55.0,82.6923076923077,70.49180327868852,85.22794939232135
79.0,79.72027972027972,66.27906976744185,83.11060373984336
89.0,58.0246913580247,40.869565217391305,70.36695759722524
84.0,84.94623655913979,73.83177570093457,86.88794206529053
86.0,84.0,72.41379310344827,86.17495532358393
63.0,80.88235294117648,67.90123456790124,83.92468005205181
77.0,80.2547770700637,67.02127659574468,83.47970819989376
79.0,79.5031055900621,65.97938144329896,82.95676447643876
83.0,11.363636363636363,6.024096385542169,52.93431404356138
84.0,77.33333333333333,63.04347826086957,81.48781918151424
61.0,84.375,72.97297297297297,86.46653516770431
75.0,83.22147651006712,71.26436781609196,85.60724077838161
80.0,79.28994082840237,65.68627450980392,82.80821338892979
131.0,11.510791366906476,6.106870229007633,52.93084701053316
131.0,32.05128205128205,19.083969465648856,59.436303888972866
132.0,71.81818181818181,56.02836879432624,77.95230444427173
133.0,72.30046948356808,56.61764705882353,78.24994011856525
136.0,44.565217391304344,28.671328671328673,64.23393899408659
131.0,14.184397163120568,7.633587786259542,53.69619428383263
131.0,77.96610169491525,63.888888888888886,81.89253165792579
129.0,83.72093023255815,72.0,85.9580570424223
131.0,80.76923076923077,67.74193548387096,83.82103864125845
137.0,84.21052631578947,72.72727272727273,86.32469244288225
130.0,88.25910931174089,78.98550724637681,89.46379243118568
129.0,85.5072463768116,74.68354430379746,87.3018184981371
118.0,91.13924050632912,83.72093023255815,91.83949363749022
124.0,84.89795918367346,73.75886524822694,86.8424858275006
137.0,81.75182481751825,69.1358024691358,84.51796515275262
129.0,89.05109489051095,80.26315789473685,90.10161131241418
128.0,86.11111111111111,75.60975609756098,87.76491960556143
131.0,86.88524590163934,76.81159420289855,88.37384183881696
129.0,84.25196850393701,72.78911564625851,86.35461294705823
134.0,87.82287822878229,78.28947368421053,89.11177441926729
130.0,76.85185185185185,62.40601503759399,81.15310034613815
129.0,82.85714285714286,70.73170731707317,85.31791118949943
122.0,90.1639344262295,82.08955223880598,91.02080775764053
124.0,83.60655737704919,71.83098591549296,85.87555207025997
134.0,84.4106463878327,73.02631578947368,86.4722111255368
127.0,88.42105263157895,79.24528301886792,89.58967447646693
128.0,85.01742160278745,73.93939393939394,86.92674335959587
111.0,88.41201716738198,79.23076923076923,89.58842397791533
126.0,85.82995951417004,75.177304964539,87.55370141376541
137.0,81.04089219330855,68.125,84.01156824854694
130.0,90.45936395759718,82.58064516129032,91.26334847578583
128.0,83.72093023255815,72.0,85.95104895104895
118.0,86.36363636363636,76.0,87.96404458471497
125.0,88.63636363636364,79.59183673469387,89.76595372562417
137.0,84.3205574912892,72.89156626506023,86.40083257813995
117.0,85.49618320610686,74.66666666666667,87.29538191115373
125.0,81.58844765342961,68.90243902439023,84.40028369132942
114.0,86.99186991869918,76.97841726618705,88.4572527322367
121.0,90.32258064516128,82.35294117647058,91.15250126896396
137.0,85.40925266903915,74.53416149068323,87.22612661396876
127.0,44.06779661016949,28.26086956521739,63.833784829553295
130.0,47.882136279926335,31.476997578692494,65.45575891003521
132.0,60.13667425968109,42.99674267100978,71.32352520010404
130.0,72.72727272727273,57.14285714285714,78.47552064303981
130.0,53.36134453781513,36.38968481375358,67.97305975387673
12.0,37.5,23.076923076923077,61.518529308044954
13.0,40.816326530612244,25.64102564102564,62.791608781920935
13.0,29.411764705882355,17.24137931034483,58.59677145541558
7.0,0.0,0.0,49.99302455357143
13.0,52.38095238095239,35.483870967741936,67.72200126678734
13.0,51.162790697674424,34.375,67.1665690720622
14.0,37.93103448275862,23.404255319148938,61.66624606882394
7.0,0.0,0.0,49.97508769132653
13.0,53.65853658536586,36.666666666666664,68.3143958271039
16.0,54.54545454545454,37.5,68.73006538553544
15.0,46.15384615384615,30.0,64.97209153974963
8.0,0.0,0.0,49.95814732142857
13.0,55.00000000000001,37.93103448275862,68.94757644600405
16.0,53.333333333333336,36.36363636363637,68.1608868366304
15.0,47.05882352941176,30.76923076923077,65.35770365508824
10.0,15.789473684210526,8.571428571428571,54.25382462394401
14.0,48.888888888888886,32.35294117647059,66.15354623858913
16.0,55.319148936170215,38.23529411764706,69.09671529636913
15.0,46.15384615384615,30.0,64.97209153974963
11.0,0.0,0.0,49.97608418367347
12.0,52.63157894736842,35.714285714285715,67.83920241939617
17.0,56.52173913043478,39.39393939393939,69.67703468510837
17.0,56.00000000000001,38.88888888888889,69.4225154942431
12.0,31.372549019607842,18.6046511627907,59.26744278758256
15.0,51.06382978723404,34.285714285714285,67.11993233622292
17.0,52.0,35.13513513513514,67.54364555333397
18.0,53.84615384615385,36.84210526315789,68.3971301404502
15.0,42.5531914893617,27.027027027027028,63.48660285689349
17.0,56.41025641025641,39.285714285714285,69.62591305833607
20.0,62.5,45.45454545454545,72.70933050124056
18.0,53.06122448979592,36.11111111111111,68.03263029191501
15.0,44.44444444444444,28.57142857142857,64.26079701106612
16.0,0.0,0.0,49.984056122448976
13.0,38.46153846153847,23.809523809523807,61.88881643825736
13.0,0.0,0.0,49.97807716836735
27.0,0.0,0.0,49.96611926020408
15.0,50.0,33.33333333333333,66.64673284694813
13.0,50.0,33.33333333333333,66.64872658653431
13.0,38.46153846153847,23.809523809523807,61.87286779321225
11.0,0.0,0.0,49.98007015306122
13.0,45.83333333333333,29.72972972972973,64.83895038265615
14.0,53.06122448979592,36.11111111111111,68.03263029191501
13.0,45.83333333333333,29.72972972972973,64.83895038265615
14.0,0.0,0.0,49.9691087372449
14.0,50.0,33.33333333333333,66.64473902787468
14.0,52.17391304347826,35.294117647058826,67.6251307476184
14.0,50.0,33.33333333333333,66.6427451293092
13.0,0.0,0.0,49.97508769132653
16.0,47.05882352941176,30.76923076923077,65.35770365508824
15.0,57.14285714285714,40.0,69.97906782026236
14.0,50.0,33.33333333333333,66.6427451293092
13.0,0.0,0.0,49.9820631377551
14.0,47.82608695652174,31.428571428571427,65.69036465378537
17.0,54.90196078431373,37.83783783783784,68.89599319825388
17.0,57.14285714285714,40.0,69.97906782026236
15.0,28.57142857142857,16.666666666666664,58.30841854191997
14.0,53.06122448979592,36.11111111111111,68.03263029191501
17.0,57.14285714285714,40.0,69.97906782026236
17.0,53.84615384615385,36.84210526315789,68.3971301404502
14.0,33.33333333333333,20.0,59.97209432119437
19.0,56.00000000000001,38.88888888888889,69.4225154942431
19.0,64.0,47.05882352941176,73.51146918097382
17.0,53.84615384615385,36.84210526315789,68.3971301404502
14.0,40.909090909090914,25.71428571428571,62.83122940806278
29.0,1.532567049808429,0.7722007722007722,50.12999164452109
31.0,5.555555555555555,2.857142857142857,51.08969649335634
31.0,6.557377049180328,3.389830508474576,51.35403334689338
28.0,6.514657980456026,3.3670033670033668,51.397451370540715
52.0,75.0,60.0,79.97007839460612
61.0,72.44094488188976,56.79012345679012,78.36015249240862
63.0,72.44094488188976,56.79012345679012,78.36015249240862
66.0,70.83333333333334,54.83870967741935,77.37745957686428
73.0,73.05389221556887,57.54716981132076,78.72868816815664
67.0,71.42857142857143,55.55555555555556,77.73388400071826
57.0,74.07407407407408,58.82352941176471,79.37685268417705
41.0,67.2566371681416,50.66666666666667,75.2964351722579
23.0,50.0,33.33333333333333,66.62280177054672
52.0,77.06422018348624,62.68656716417911,81.31835040300949
63.0,70.86614173228347,54.87804878048781,77.4021210769248
69.0,71.875,56.09756097560976,78.01287384507599
71.0,76.05633802816901,61.36363636363637,80.6479009398885
75.0,79.01234567901234,65.3061224489796,82.61913721427267
69.0,79.73856209150327,66.30434782608695,83.12124504942979
59.0,77.86259541984732,63.74999999999999,81.846072319202
42.0,87.64044943820225,78.0,88.98903005764205
26.0,55.55555555555556,38.46153846153847,69.19886876023729
51.0,83.16831683168317,71.1864406779661,85.5762657772086
63.0,76.03305785123968,61.33333333333333,80.63774187113505
70.0,75.75757575757575,60.97560975609756,80.45588531534679
73.0,78.87323943661971,65.11627906976744,82.52821136249744
78.0,78.52760736196319,64.64646464646465,82.28831054800882
72.0,82.35294117647058,70.0,84.97306088240576
61.0,81.88976377952756,69.33333333333334,84.64372356555742
43.0,82.75862068965517,70.58823529411765,85.27915952978718
28.0,52.307692307692314,35.41666666666667,67.67743160084265
52.0,81.1881188118812,68.33333333333333,84.14771782852964
63.0,78.33333333333333,64.38356164383562,82.16584772929677
70.0,77.61194029850746,63.41463414634146,81.67739128911519
77.0,81.94444444444444,69.41176470588235,84.67994305090794
79.0,81.48148148148148,68.75,84.34506585511873
72.0,83.78378378378379,72.09302325581395,86.02256622342918
62.0,83.33333333333334,71.42857142857143,85.69433598759697
45.0,82.22222222222221,69.81132075471697,84.88970473404689
28.0,44.44444444444444,28.57142857142857,64.25082731948486
51.0,82.82828282828282,70.6896551724138,85.3278733626106
65.0,78.99159663865547,65.27777777777779,82.61395322290713
71.0,78.83211678832117,65.06024096385542,82.50119106969356
76.0,83.09859154929578,71.08433734939759,85.51822470359119
79.0,86.79245283018868,76.66666666666667,88.3123781773671
74.0,85.33333333333334,74.4186046511628,87.18735149544091
62.0,85.71428571428571,75.0,87.48304239401496
46.0,82.6086956521739,70.37037037037037,85.16922922363905
28.0,32.78688524590164,19.607843137254903,59.76305723820445
52.0,86.27450980392157,75.86206896551724,87.91707134544113
66.0,82.92682926829268,70.83333333333334,85.39571903574398
74.0,82.01438848920863,69.51219512195121,84.73115691970183
78.0,85.90604026845638,75.29411764705883,87.62610575839531
80.0,85.71428571428571,75.0,87.47704911489413
76.0,83.11688311688312,71.11111111111111,85.52961366538953
60.0,85.71428571428571,75.0,87.48304239401496
47.0,76.0,61.29032258064516,80.62122734800339
29.0,40.0,25.0,62.46112672687041
54.0,86.53846153846155,76.27118644067797,88.1216298044885
67.0,83.87096774193549,72.22222222222221,86.09116058840742
75.0,83.21167883211679,71.25,85.60205461002813
79.0,85.33333333333334,74.4186046511628,87.18735149544091
80.0,87.65432098765432,78.02197802197803,88.99103092297385
78.0,84.21052631578947,72.72727272727273,86.33969000348311
58.0,85.47008547008546,74.6268656716418,87.29647556813546
45.0,75.24752475247524,60.317460317460316,80.13379896881432
31.0,50.70422535211267,33.9622641509434,66.94624232707662
54.0,85.43689320388349,74.57627118644068,87.2731750889516
67.0,83.2,71.23287671232876,85.59549030732549
74.0,86.52482269503547,76.25,88.10604359972064
80.0,90.32258064516128,82.35294117647058,91.16150232096192
82.0,87.8048780487805,78.26086956521739,89.1104762962603
76.0,83.56164383561644,71.76470588235294,85.85840801450782
60.0,86.20689655172413,75.75757575757575,87.86282809743689
46.0,74.74747474747475,59.67741935483871,79.813778984745
32.0,48.64864864864865,32.142857142857146,66.03354827317106
64.0,71.55963302752293,55.714285714285715,77.82622756504321
67.0,75.38461538461539,60.49382716049383,80.21499465431877
73.0,74.28571428571429,59.09090909090909,79.50954360458789
74.0,73.97260273972603,58.69565217391305,79.3099185812704
77.0,76.19047619047619,61.53846153846154,80.72932016897533
69.0,82.11920529801324,69.66292134831461,84.80452209411979
59.0,83.60655737704919,71.83098591549296,85.8955428330582
47.0,79.56989247311827,66.07142857142857,83.01676695928177
68.0,34.78260869565217,21.052631578947366,60.46650717703349
54.0,83.63636363636363,71.875,85.91954667863556
64.0,79.03225806451613,65.33333333333333,82.64073253935005
72.0,75.55555555555556,60.71428571428571,80.32422515140719
75.0,79.72972972972973,66.29213483146067,83.11613745184583
78.0,83.33333333333334,71.42857142857143,85.68634494870874
72.0,84.9673202614379,73.86363636363636,86.90886912871608
62.0,84.5528455284553,73.23943661971832,86.60076531329064
48.0,76.08695652173914,61.40350877192983,80.67981625150409
35.0,58.82352941176471,41.66666666666667,70.79843871508047
54.0,86.23853211009175,75.80645161290323,87.88826440686255
64.0,80.0,66.66666666666666,83.3083961749724
72.0,79.1044776119403,65.4320987654321,82.68811809368705
78.0,80.82191780821918,67.81609195402298,83.88011134405262
79.0,84.21052631578947,72.72727272727273,86.33669240706602
73.0,84.81012658227847,73.62637362637363,86.78923901937732
61.0,86.1788617886179,75.71428571428571,87.84018457451812
49.0,76.08695652173914,61.40350877192983,80.67981625150409
37.0,48.10126582278481,31.666666666666664,65.79246167035508
55.0,84.90566037735849,73.77049180327869,86.86928771209594
65.0,81.9672131147541,69.44444444444444,84.7002775228646
72.0,81.48148148148148,68.75,84.35006035394346
76.0,83.91608391608392,72.28915662650603,86.12163154974435
80.0,86.3905325443787,76.04166666666666,87.99788061593118
73.0,85.71428571428571,75.0,87.47804829375374
63.0,84.12698412698413,72.6027397260274,86.2814189422787
53.0,74.74747474747475,59.67741935483871,79.813778984745
36.0,43.67816091954023,27.941176470588236,63.92174161368597
56.0,84.11214953271028,72.58064516129032,86.27336700425529
65.0,81.9672131147541,69.44444444444444,84.7002775228646
73.0,83.5820895522388,71.7948717948718,85.8754885710193
79.0,84.9673202614379,73.86363636363636,86.90886912871608
82.0,87.71929824561403,78.125,89.04154233448433
74.0,85.16129032258064,74.15730337078652,87.05570217431763
62.0,84.8,73.61111111111111,86.78660218085732
53.0,77.22772277227723,62.903225806451616,81.42867575102284
37.0,36.58536585365854,22.388059701492537,61.142196753319986
55.0,87.61904761904762,77.96610169491525,88.97008455980553
65.0,85.0,73.91304347826086,86.93856662691097
75.0,85.07462686567165,74.02597402597402,86.993034499968
78.0,86.09271523178808,75.5813953488372,87.76974419115146
82.0,87.71929824561403,78.125,89.04154233448433
78.0,84.472049689441,73.11827956989248,86.53419366855763
62.0,86.61417322834646,76.38888888888889,88.177485485126
55.0,76.92307692307693,62.5,81.22606510292005
36.0,37.64705882352941,23.18840579710145,61.541371957561886
56.0,87.85046728971963,78.33333333333333,89.15370012035615
66.0,85.9504132231405,75.36231884057972,87.66420147599172
75.0,86.76470588235294,76.62337662337663,88.29373033335762
78.0,87.74193548387098,78.16091954022988,89.06150072165961
82.0,87.57396449704143,77.89473684210526,88.92641117383695
77.0,84.27672955974843,72.82608695652173,86.38809785970932
60.0,84.8,73.61111111111111,86.78660218085732
52.0,70.9090909090909,54.929577464788736,77.43287617280762
36.0,36.95652173913043,22.666666666666664,61.27551718867335
56.0,88.88888888888889,80.0,89.98803064155761
67.0,83.60655737704919,71.83098591549296,85.8955428330582
74.0,88.40579710144928,79.22077922077922,89.59442632594383
79.0,90.56603773584906,82.75862068965517,91.36434148006629
83.0,88.23529411764706,78.94736842105263,89.45372452908283
77.0,84.07643312101911,72.52747252747253,86.23879114300188
63.0,86.61417322834646,76.38888888888889,88.177485485126
54.0,72.41379310344827,56.75675675675676,78.3464639091559
38.0,31.818181818181817,18.91891891891892,59.39965323163761
126.0,0.0,0.0,49.79571906887755
133.0,0.0,0.0,49.77479272959184
140.0,0.0,0.0,49.71599968112245
136.0,0.0,0.0,49.78176817602041
136.0,0.0,0.0,49.749880420918366
136.0,0.0,0.0,49.7379225127551
126.0,0.0,0.0,49.72397161989796
120.0,0.0,0.0,49.6940768494898
123.0,0.0,0.0,49.68311543367347
41.0,36.76470588235294,22.52252252252252,61.175520199268476
58.0,55.90062111801242,38.793103448275865,69.32573725803911
70.0,44.74885844748858,28.823529411764703,64.29107126721657
57.0,63.07692307692307,46.06741573033708,72.98583711619078
56.0,62.264150943396224,45.20547945205479,72.56285379977648
46.0,80.0,66.66666666666666,83.31737928100405
30.0,59.45945945945946,42.30769230769231,71.12393827012801
20.0,21.428571428571427,12.0,55.95614909308352
45.0,66.66666666666666,50.0,74.97208263539922
79.0,70.0,53.84615384615385,76.88118333279623
79.0,74.69879518072288,59.61538461538461,79.76578784985617
70.0,82.1917808219178,69.76744186046511,84.85778111061407
62.0,81.35593220338984,68.57142857142857,84.26377046190325
54.0,83.49514563106796,71.66666666666667,85.81637843336725
37.0,82.1917808219178,69.76744186046511,84.87075877971209
22.0,59.375,42.22222222222222,71.08519249556393
48.0,68.13186813186813,51.66666666666667,75.80441719014857
83.0,75.16778523489933,60.215053763440864,80.07061546911069
84.0,85.02994011976048,73.95833333333334,86.9542190566477
75.0,85.16129032258064,74.15730337078652,87.05570217431763
61.0,81.9672131147541,69.44444444444444,84.7002775228646
55.0,90.56603773584906,82.75862068965517,91.36933587945893
41.0,80.0,66.66666666666666,83.31638147660644
30.0,62.5,45.45454545454545,72.69736305448454
50.0,56.60377358490566,39.473684210526315,69.69097603419068
96.0,71.50837988826815,55.65217391304348,77.77520094119608
85.0,73.79679144385027,58.47457627118644,79.18839277167201
77.0,86.58536585365853,76.34408602150538,88.150089113936
70.0,78.1456953642384,64.13043478260869,82.03229443103139
58.0,85.0,73.91304347826086,86.93856662691097
44.0,82.75862068965517,70.58823529411765,85.27915952978718
27.0,60.75949367088608,43.63636363636363,71.7872757725605
60.0,73.87387387387388,58.57142857142858,79.25679237487356
100.0,72.3404255319149,56.666666666666664,78.28144541124504
93.0,67.2645739910314,50.67567567567568,75.26498500056913
81.0,77.720207253886,63.559322033898304,81.73674770184566
83.0,78.16091954022988,64.15094339622641,82.03755360120253
58.0,77.03703703703704,62.65060240963856,81.29437789462854
46.0,85.71428571428571,75.0,87.4870355226679
32.0,65.0,48.148148148148145,74.04615782282781
62.0,63.07692307692307,46.06741573033708,72.98583711619078
100.0,66.02870813397129,49.28571428571429,74.57200875839989
105.0,59.34065934065934,42.1875,70.98296050004991
84.0,83.87096774193549,72.22222222222221,86.08116979608855
86.0,78.02197802197803,63.96396396396396,81.94206580595164
61.0,75.52447552447552,60.67415730337079,80.30216384381659
49.0,85.1063829787234,74.07407407407408,87.0230750137404
29.0,67.53246753246754,50.98039215686274,75.46527085410435
72.0,73.17073170731707,57.692307692307686,78.8132400802206
102.0,62.03703703703704,44.966442953020135,72.40139984766097
107.0,79.63800904977376,66.16541353383458,83.0377858277702
82.0,84.91620111731844,73.7864077669903,86.86625777571071
88.0,82.02247191011236,69.52380952380952,84.72997054638873
61.0,76.47058823529412,61.904761904761905,80.92046011605505
50.0,83.16831683168317,71.1864406779661,85.5762657772086
35.0,66.66666666666666,50.0,74.9710850100704
71.0,69.29133858267717,53.01204819277109,76.46712678528684
106.0,44.11764705882353,28.30188679245283,63.99929521999527
111.0,43.58974358974359,27.86885245901639,63.75880557013245
89.0,55.51601423487544,38.42364532019704,69.08706718083788
88.0,75.75757575757575,60.97560975609756,80.43990164258442
81.0,78.10650887573965,64.07766990291263,82.00191617276941
50.0,81.13207547169812,68.25396825396825,84.10703718584756
34.0,65.93406593406593,49.18032786885246,74.55925419087738
156.0,41.62436548223351,26.282051282051285,63.02633530493309
137.0,62.0,44.927536231884055,72.38794100176236
89.0,79.5031055900621,65.97938144329896,82.95676447643876
81.0,82.51748251748252,70.23809523809523,85.0941059824772
92.0,64.74820143884892,47.87234042553192,73.8872982572893
145.0,52.04081632653062,35.172413793103445,67.49244131051681
174.0,34.70319634703196,20.994475138121548,60.35463116274221
174.0,0.0,0.0,49.78077168367347
153.0,43.87755102040816,28.104575163398692,63.94257940544817
115.0,71.35135135135135,55.46218487394958,77.6782087810179
93.0,82.75862068965517,70.58823529411765,85.26417991753623
83.0,85.71428571428571,75.0,87.47704911489413
89.0,72.48322147651007,56.84210526315789,78.3801524280755
75.0,79.71014492753623,66.26506024096386,83.1045977168986
50.0,83.16831683168317,71.1864406779661,85.5762657772086
179.0,16.877637130801688,9.216589861751153,54.41190765916332
152.0,51.707317073170735,34.868421052631575,67.33545346867757
127.0,74.52830188679245,59.3984962406015,79.64535267745987
107.0,85.85365853658537,75.21367521367522,87.57788855716502
92.0,84.7457627118644,73.52941176470588,86.73776031240423
90.0,75.90361445783132,61.165048543689316,80.54261446800135
94.0,75.0,60.0,79.95809470596451
55.0,84.68468468468468,73.4375,86.7017937471324
43.0,65.9090909090909,49.152542372881356,74.5463591278928
150.0,53.65853658536586,36.666666666666664,68.23856267831847
131.0,68.52589641434263,52.121212121212125,75.98174800510597
124.0,81.41592920353983,68.65671641791045,84.28642865061325
97.0,85.86387434554975,75.22935779816514,87.58772956383284
103.0,77.89473684210526,63.793103448275865,81.85463722970657
100.0,79.7872340425532,66.3716814159292,83.14791731322198
54.0,83.1858407079646,71.21212121212122,85.58710949991446
174.0,22.689075630252102,12.796208530805686,56.21465095626408
150.0,58.490566037735846,41.333333333333336,70.5788668502481
134.0,76.66666666666667,62.16216216216216,81.02517500329176
126.0,86.91983122362869,76.86567164179104,88.40188101491226
103.0,86.56716417910447,76.31578947368422,88.1309427114473
103.0,77.38693467336684,63.114754098360656,81.51246597311095
107.0,83.49514563106796,71.66666666666667,85.79939442337127
91.0,74.07407407407408,58.82352941176471,79.3698619203448
176.0,30.76923076923077,18.181818181818183,58.938342380367025
151.0,57.54716981132076,40.397350993377486,70.10888202168127
135.0,64.84375,47.97687861271676,73.89860639557244
129.0,84.38818565400844,72.99270072992701,86.45940651960844
116.0,83.56807511737088,71.7741935483871,85.8521575684116
112.0,82.94930875576037,70.86614173228347,85.39613439686889
116.0,86.23853211009175,75.80645161290323,87.87327492589571
74.0,72.25806451612902,56.56565656565656,78.2399312357413
180.0,14.0625,7.563025210084033,53.56220561513014
149.0,61.395348837209305,44.29530201342282,72.06483320587324
139.0,55.670103092783506,38.57142857142858,69.15695892090741
126.0,85.71428571428571,75.0,87.46605024563645
124.0,86.60714285714286,76.37795275590551,88.15902370317889
110.0,81.30841121495327,68.50393700787401,84.2120395774262
109.0,80.97560975609757,68.0327868852459,83.97746584794905
81.0,77.5,63.26530612244898,81.59673495450781
60.0,59.32203389830508,42.168674698795186,71.0364723287558
138.0,64.03940886699507,47.10144927536232,73.47788633870489
138.0,47.74193548387097,31.35593220338983,65.51629590888824
129.0,81.9672131147541,69.44444444444444,84.6782890007189
124.0,83.2579185520362,71.31782945736434,85.62197678442851
111.0,81.86046511627907,69.29133858267717,84.60673781074442
109.0,83.9622641509434,72.35772357723577,86.1449208458583
99.0,75.64766839378238,60.83333333333333,80.36976328762748
147.0,35.13513513513514,21.311475409836063,60.51213118677774
153.0,0.0,0.0,49.81265943877551
168.0,0.0,0.0,49.832589285714285
175.0,0.0,0.0,49.78077168367347
172.0,0.0,0.0,49.825613839285715
169.0,0.0,0.0,49.713010204081634
173.0,0.9803921568627451,0.49261083743842365,50.04500995284976
174.0,34.20074349442379,20.62780269058296,60.13736035187436
169.0,1.82648401826484,0.9216589861751152,50.24657509838114
27.0,66.66666666666666,50.0,74.98305388863415
30.0,55.26315789473685,38.18181818181819,69.05701416517886
51.0,65.54621848739495,48.75,74.3341120330295
64.0,73.23943661971832,57.77777777777777,78.85098289575187
69.0,75.81699346405229,61.05263157894737,80.48940290388367
78.0,85.0,73.91304347826086,86.93257346739738
66.0,66.27906976744185,49.56521739130435,74.72474640789703
57.0,69.76744186046511,53.57142857142857,76.74681619870225
35.0,53.125,36.17021276595745,68.0552014805684
33.0,73.68421052631578,58.333333333333336,79.15171302296216
40.0,76.92307692307693,62.5,81.23205240697165
63.0,75.2,60.256410256410255,80.09728490238773
76.0,73.29192546583852,57.84313725490197,78.87866901254985
79.0,79.04191616766467,65.34653465346535,82.63834415770454
81.0,81.65680473372781,69.0,84.46906619833557
69.0,73.93939393939394,58.65384615384615,79.28402174997507
57.0,64.66165413533834,47.77777777777778,73.84201357721794
42.0,41.269841269841265,26.0,62.96312022805653
33.0,71.1864406779661,55.26315789473685,77.6146314845033
41.0,68.88888888888889,52.54237288135594,76.24326740587888
70.0,73.75886524822694,58.42696629213483,79.17657467906558
82.0,79.3103448275862,65.71428571428571,82.82121973262932
88.0,83.5978835978836,71.81818181818181,85.87815093264521
82.0,81.14285714285714,68.26923076923077,84.10168453939035
74.0,76.92307692307693,62.5,81.21108638821816
63.0,0.0,0.0,49.886399872448976
47.0,0.0,0.0,49.908322704081634
34.0,58.82352941176471,41.66666666666667,70.80542042161788
46.0,73.33333333333333,57.89473684210527,78.92343686530208
74.0,73.10344827586206,57.608695652173914,78.76544353065373
92.0,82.90155440414507,70.79646017699115,85.3652933270775
93.0,84.97409326424871,73.87387387387388,86.90799135463168
86.0,82.16216216216216,69.72477064220183,84.82945118936439
80.0,62.66666666666667,45.63106796116505,72.75967808878336
68.0,0.0,0.0,49.87643494897959
49.0,0.0,0.0,49.908322704081634
36.0,63.63636363636363,46.666666666666664,73.3094075034061
48.0,62.0,44.927536231884055,72.42587799728612
81.0,74.02597402597402,58.76288659793815,79.34153827293105
98.0,82.4742268041237,70.17543859649122,85.0537844531482
104.0,82.0,69.49152542372882,84.70983026486476
88.0,81.28342245989305,68.46846846846847,84.19930409451368
83.0,28.125,16.363636363636363,58.090107986036855
75.0,0.0,0.0,49.86248405612245
59.0,0.0,0.0,49.89536830357143
35.0,51.94805194805194,35.08771929824561,67.50697473007025
59.0,54.385964912280706,37.34939759036144,68.62284915912528
84.0,71.69811320754717,55.88235294117647,77.89628331629545
100.0,81.63265306122449,68.96551724137932,84.44682760823356
105.0,85.57213930348259,74.78260869565217,87.36235645403492
92.0,82.82828282828282,70.6896551724138,85.31089138626278
87.0,67.03296703296702,50.413223140495866,75.14674925357627
76.0,0.0,0.0,49.87942442602041
57.0,0.0,0.0,49.906329719387756
38.0,51.94805194805194,35.08771929824561,67.50697473007025
64.0,47.863247863247864,31.46067415730337,65.66951710577142
95.0,70.76923076923077,54.761904761904766,77.32407410047261
101.0,82.0,69.49152542372882,84.70983026486476
107.0,82.92682926829268,70.83333333333334,85.38173025094329
101.0,82.62910798122066,70.39999999999999,85.16306500559017
98.0,71.95767195767195,56.19834710743802,78.04628778697517
76.0,0.0,0.0,49.87942442602041
61.0,0.0,0.0,49.90035076530612
45.0,50.0,33.33333333333333,66.62280177054672
62.0,47.45762711864407,31.11111111111111,65.49373853393953
90.0,71.50837988826815,55.65217391304348,77.77520094119608
102.0,75.51020408163265,60.65573770491803,80.2799665731089
108.0,81.4070351758794,68.64406779661016,84.28510406498839
105.0,82.0754716981132,69.6,84.76206751981472
102.0,72.03791469194313,56.2962962962963,78.08926591261921
81.0,0.0,0.0,49.869459502551024
82.0,0.0,0.0,49.87643494897959
35.0,74.28571428571429,59.09090909090909,79.5275083839391
37.0,65.93406593406593,49.18032786885246,74.55925419087738
63.0,72.72727272727273,57.14285714285714,78.53552049610141
82.0,73.37278106508876,57.943925233644855,78.92706498342656
71.0,77.41935483870968,63.1578947368421,81.5440283804731
81.0,81.17647058823529,68.31683168316832,84.1264841753499
75.0,71.51515151515152,55.660377358490564,77.78329840249289
58.0,72.58064516129032,56.9620253164557,78.44710150544813
42.0,60.86956521739131,43.75,71.84808344133187
35.0,72.46376811594203,56.81818181818182,78.39014811632507
42.0,65.3061224489796,48.484848484848484,74.2085218812245
73.0,69.44444444444444,53.191489361702125,76.55185528213583
86.0,77.59562841530054,63.39285714285714,81.65551449099749
92.0,77.55102040816327,63.33333333333333,81.62275449101797
82.0,83.61581920903954,71.84466019417476,85.89338913664668
77.0,72.51461988304094,56.88073394495413,78.39347388870806
60.0,63.23529411764706,46.236559139784944,73.06841221705102
45.0,46.15384615384615,30.0,64.96511233827077
37.0,76.05633802816901,61.36363636363637,80.66486869129993
57.0,51.2396694214876,34.44444444444444,67.16339282746702
78.0,69.28104575163398,53.0,76.45311533627277
94.0,78.81773399014779,65.04065040650406,82.4774076050406
98.0,81.51658767772511,68.8,84.36107007386704
87.0,84.04255319148936,72.47706422018348,86.20859019740236
87.0,71.875,56.09756097560976,77.99489580103457
70.0,63.41463414634146,46.42857142857143,73.15443414617462
47.0,36.666666666666664,22.448979591836736,61.18661478345948
37.0,53.01204819277109,36.0655737704918,67.9939066364123
62.0,43.69747899159664,27.956989247311824,63.911695022459504
81.0,68.67469879518072,52.293577981651374,76.09491245697625
100.0,75.77092511013215,60.99290780141844,80.4415527228294
103.0,82.1917808219178,69.76744186046511,84.84478789505307
89.0,82.29166666666666,69.91150442477876,84.92181804467475
89.0,70.83333333333334,54.83870967741935,77.36347553799921
74.0,63.58381502890174,46.61016949152542,73.24223683770022
52.0,6.666666666666667,3.4482758620689653,51.668332135203975
36.0,48.19277108433735,31.746031746031743,65.83014961573858
62.0,28.57142857142857,16.666666666666664,58.24860277650406
90.0,66.66666666666666,50.0,74.93514398036359
101.0,74.67811158798283,59.589041095890416,79.73562538134176
107.0,83.03571428571429,70.99236641221374,85.4582461815676
97.0,82.52427184466019,70.24793388429752,85.088032343119
89.0,70.83333333333334,54.83870967741935,77.36347553799921
76.0,67.01570680628272,50.39370078740157,75.13399119829849
53.0,0.0,0.0,49.93223852040816
44.0,40.0,25.0,62.446170102476174
65.0,28.333333333333332,16.50485436893204,58.16669979755639
94.0,64.0,47.05882352941176,73.4575726842461
104.0,73.8197424892704,58.50340136054422,79.19081028298723
106.0,83.70044052863436,71.96969696969697,85.94790832790274
98.0,80.56872037914692,67.46031746031747,83.68923321459705
90.0,73.58490566037736,58.2089552238806,79.04858715723154
82.0,32.83582089552239,19.642857142857142,59.73170492027413
53.0,0.0,0.0,49.92426658163265
45.0,40.0,25.0,62.446170102476174
67.0,7.2727272727272725,3.7735849056603774,51.78514212994093
97.0,55.60538116591929,38.50931677018634,69.15588359162228
104.0,71.07438016528926,55.12820512820513,77.49422833771007
108.0,84.070796460177,72.51908396946564,86.22360021040723
102.0,81.48148148148148,68.75,84.33507027631369
92.0,73.63636363636363,58.27338129496403,79.07880063849908
84.0,25.196850393700785,14.414414414414415,57.112510237510236
59.0,0.0,0.0,49.91430165816326
51.0,38.0,23.456790123456788,61.66658913234665
67.0,21.84873949579832,12.264150943396226,56.03937766654292
94.0,57.65765765765766,40.50632911392405,70.15937464636177
103.0,70.995670995671,55.033557046979865,77.4499042471295
109.0,81.77777777777779,69.17293233082707,84.54553492988921
104.0,80.71748878923766,67.66917293233082,83.79166029917265
92.0,71.62790697674419,55.79710144927537,77.83767126596585
86.0,35.9375,21.904761904761905,60.8706311069081
62.0,0.0,0.0,49.918287627551024
47.0,51.28205128205128,34.48275862068966,67.20349750158815
67.0,2.127659574468085,1.0752688172043012,50.4459552855329
92.0,17.647058823529413,9.67741935483871,54.75498930346835
104.0,64.73988439306359,47.863247863247864,73.87076998110518
104.0,72.82051282051282,57.25806451612904,78.57614332482432
101.0,50.96153846153846,34.193548387096776,66.99502449779993
95.0,52.87356321839081,35.9375,67.88696264711749
82.0,41.37931034482759,26.08695652173913,62.94176306342242
60.0,27.659574468085108,16.049382716049383,57.889098137685714
14.0,39.02439024390244,24.242424242424242,62.09629583991727
22.0,31.48148148148148,18.681318681318682,59.26689391471385
24.0,42.857142857142854,27.27272727272727,63.58053669986678
31.0,75.75757575757575,60.97560975609756,80.47185305256176
36.0,82.66666666666667,70.45454545454545,85.21431031825887
27.0,75.0,60.0,79.98205348062773
35.0,72.94117647058823,57.407407407407405,78.68077021083303
34.0,75.0,60.0,79.98005822996849
27.0,72.0,56.25,78.10406239406569
35.0,72.09302325581395,56.36363636363636,78.15788758056182
39.0,76.92307692307693,62.5,81.23205240697165
27.0,66.66666666666666,50.0,74.9730802209416
41.0,69.3069306930693,53.03030303030303,76.48423868932035
39.0,80.0,66.66666666666666,83.31638147660644
28.0,47.45762711864407,31.11111111111111,65.49373853393953
41.0,54.166666666666664,37.142857142857146,68.52756017661301
40.0,73.5632183908046,58.18181818181818,79.06797514068573
28.0,38.333333333333336,23.711340206185564,61.78189585230021
41.0,69.90291262135922,53.73134328358209,76.83475819942967
39.0,75.0,60.0,79.97806274056198
28.0,29.565217391304348,17.346938775510203,58.5927261512472
43.0,25.64102564102564,14.705882352941178,57.29513309928683
43.0,57.14285714285714,40.0,69.96710132791004
27.0,29.166666666666668,17.073170731707318,58.46880497432222
38.0,43.07692307692308,27.450980392156865,63.68860968892163
37.0,56.60377358490566,39.473684210526315,69.71391592755538
30.0,47.05882352941176,30.76923076923077,65.35770365508824
43.0,0.0,0.0,49.91230867346938
39.0,0.0,0.0,49.93921396683674
30.0,37.03703703703704,22.727272727272727,61.31280005654519
40.0,0.0,0.0,49.93223852040816
39.0,0.0,0.0,49.94618941326531
30.0,37.03703703703704,22.727272727272727,61.295847863755995
43.0,0.0,0.0,49.91430165816326
39.0,0.0,0.0,49.923270089285715
29.0,28.205128205128204,16.417910447761194,58.15313941604645
40.0,35.16483516483517,21.333333333333336,60.607854864433804
40.0,10.526315789473683,5.555555555555555,52.7100108958516
29.0,40.33613445378151,25.263157894736842,62.56079413320348
41.0,0.0,0.0,49.91729113520408
41.0,0.0,0.0,49.90533322704081
29.0,27.11864406779661,15.686274509803921,57.75741157707102
41.0,17.5,9.58904109589041,54.728742876474776
41.0,5.0,2.564102564102564,51.20631484485273
28.0,19.469026548672566,10.784313725490197,55.30145617501461
43.0,0.0,0.0,49.91430165816326
41.0,0.0,0.0,49.90234375
28.0,13.186813186813188,7.0588235294117645,53.45067945456038
47.0,0.0,0.0,49.913305165816325
38.0,21.428571428571427,12.0,55.912287696355946
30.0,14.5985401459854,7.874015748031496,53.820395028662325
17.0,52.63157894736842,35.714285714285715,67.8302295180946
22.0,61.29032258064516,44.18604651162791,72.06909837992424
29.0,63.888888888888886,46.93877551020408,73.44346707239113
32.0,70.27027027027027,54.166666666666664,77.06139913592556
28.0,66.66666666666666,50.0,74.97607273887382
23.0,62.96296296296296,45.94594594594595,72.95303637136608
30.0,64.1025641025641,47.16981132075472,73.55698996577506
32.0,69.33333333333334,53.06122448979592,76.5076810385171
21.0,18.51851851851852,10.204081632653061,55.05819078343901
22.0,67.85714285714286,51.35135135135135,75.6577320187584
23.0,67.85714285714286,51.35135135135135,75.6577320187584
28.0,73.68421052631578,58.333333333333336,79.15171302296216
29.0,75.40983606557377,60.526315789473685,80.24820365471132
30.0,74.6268656716418,59.523809523809526,79.7449559473248
26.0,70.76923076923077,54.761904761904766,77.36201034358672
28.0,70.4225352112676,54.347826086956516,77.15297627252653
32.0,68.35443037974683,51.92307692307693,75.93661274018808
19.0,60.37735849056604,43.24324324324324,71.60068860726756
25.0,66.66666666666666,50.0,74.97906489881368
29.0,74.19354838709677,58.97435897435898,79.47122829781893
28.0,81.9672131147541,69.44444444444444,84.71125534219989
28.0,81.25,68.42105263157895,84.1985622081125
27.0,74.28571428571429,59.09090909090909,79.5275083839391
27.0,65.82278481012658,49.056603773584904,74.50138264451927
33.0,69.76744186046511,53.57142857142857,76.75978998467332
33.0,66.66666666666666,50.0,74.9730802209416
33.0,40.67796610169492,25.53191489361702,62.73107187149554
27.0,66.66666666666666,50.0,74.97707016529421
27.0,79.36507936507937,65.78947368421053,82.88177598389706
30.0,80.59701492537313,67.5,83.7370386248978
36.0,78.48101265822784,64.58333333333334,82.27471582411007
28.0,73.97260273972603,58.69565217391305,79.32888253873024
31.0,65.93406593406593,49.18032786885246,74.55925419087738
34.0,64.64646464646465,47.76119402985074,73.84569752545505
42.0,73.46938775510205,58.06451612903226,79.0063306612453
36.0,48.717948717948715,32.20338983050847,66.06182012210473
28.0,60.46511627906976,43.333333333333336,71.63276836158192
30.0,75.36231884057972,60.46511627906976,80.21560898699252
35.0,78.37837837837837,64.44444444444444,82.20626912433002
35.0,77.64705882352942,63.46153846153846,81.71182341580004
31.0,72.28915662650603,56.60377358490566,78.27895375691661
29.0,58.58585858585859,41.42857142857143,70.67340590093696
34.0,58.92857142857143,41.77215189873418,70.84020713417854
41.0,67.27272727272727,50.68493150684932,75.30656555597358
35.0,41.73913043478261,26.373626373626376,63.12001624950261
27.0,51.546391752577314,34.72222222222222,67.31425262374296
31.0,73.52941176470588,58.139534883720934,79.05182163818756
33.0,77.14285714285715,62.7906976744186,81.37939637554506
33.0,79.48717948717949,65.95744680851064,82.96276967008441
29.0,69.04761904761905,52.72727272727272,76.33771257956154
33.0,68.75,52.38095238095239,76.160561745788
36.0,70.0,53.84615384615385,76.89316128517581
36.0,54.71698113207547,37.66233766233766,68.78330953749224
37.0,25.454545454545453,14.583333333333334,57.20993148864346
38.0,48.739495798319325,32.22222222222222,66.05028992539711
30.0,72.97297297297297,57.446808510638306,78.70346367823885
40.0,84.33734939759037,72.91666666666666,86.44536989024286
41.0,83.14606741573034,71.15384615384616,85.56196466131846
35.0,79.01234567901234,65.3061224489796,82.63611004388991
42.0,66.01941747572816,49.275362318840585,74.60278027792374
42.0,70.79646017699115,54.794520547945204,77.36434979048768
41.0,72.54901960784314,56.92307692307692,78.43361608574317
45.0,45.11278195488722,29.126213592233007,64.4903193355015
53.0,58.2089552238806,41.05263157894737,70.4704688101969
52.0,70.70707070707071,54.6875,77.31483155002891
48.0,77.41935483870968,63.1578947368421,81.55800600424075
53.0,79.20792079207921,65.57377049180327,82.7659422109567
61.0,75.92592592592592,61.19402985074627,80.57108493634351
60.0,74.3801652892562,59.210526315789465,79.57434416565441
52.0,71.31782945736434,55.42168674698795,77.6739393240226
48.0,58.730158730158735,41.57303370786517,70.7346610131699
41.0,45.3125,29.292929292929294,64.57666984318628
17.0,55.55555555555556,38.46153846153847,69.20684626272633
25.0,71.1864406779661,55.26315789473685,77.6146314845033
26.0,63.63636363636363,46.666666666666664,73.3094075034061
31.0,67.56756756756756,51.02040816326531,75.4862763434021
29.0,62.68656716417911,45.65217391304348,72.80116421701422
21.0,54.285714285714285,37.254901960784316,68.59555114587255
29.0,66.66666666666666,50.0,74.9710850100704
36.0,66.66666666666666,50.0,74.9730802209416
38.0,15.384615384615385,8.333333333333332,54.10089030629194
22.0,61.53846153846154,44.44444444444444,72.19729997961915
25.0,73.01587301587301,57.49999999999999,78.7330518613044
31.0,79.41176470588235,65.85365853658537,82.91287086433647
29.0,74.6268656716418,59.523809523809526,79.7449559473248
30.0,70.27027027027027,54.166666666666664,77.06139913592556
30.0,72.5,56.86274509803921,78.40943703941782
31.0,69.76744186046511,53.57142857142857,76.75978998467332
38.0,68.81720430107528,52.459016393442624,76.20059147687448
38.0,54.54545454545454,37.5,68.71510816468947
27.0,69.44444444444444,53.191489361702125,76.5738109208064
29.0,70.76923076923077,54.761904761904766,77.36201034358672
35.0,77.77777777777779,63.63636363636363,81.80222903840995
31.0,72.0,56.25,78.10406239406569
28.0,69.23076923076923,52.94117647058824,76.44665954279776
30.0,63.04347826086957,46.03174603174603,72.98197268285209
35.0,64.0,47.05882352941176,73.49351514696498
41.0,71.55963302752293,55.714285714285715,77.82622756504321
37.0,43.67816091954023,27.941176470588236,63.92174161368597
38.0,68.04123711340206,51.5625,75.75033840715554
33.0,72.0,56.25,78.10406239406569
39.0,80.0,66.66666666666666,83.31638147660644
33.0,72.09302325581395,56.36363636363636,78.15788758056182
30.0,66.66666666666666,50.0,74.97008734495274
36.0,64.22018348623854,47.2972972972973,73.60975831937719
38.0,62.18487394957983,45.1219512195122,72.51610036294224
44.0,68.25396825396825,51.80722891566265,75.86372057555818
45.0,49.6124031007752,32.98969072164948,66.43003202323699
29.0,48.214285714285715,31.76470588235294,65.8245252676436
34.0,75.9493670886076,61.224489795918366,80.59330021642926
36.0,79.01234567901234,65.3061224489796,82.63611004388991
39.0,78.72340425531915,64.91228070175438,82.43619579673769
32.0,67.3913043478261,50.81967213114754,75.37992281400332
34.0,55.73770491803278,38.63636363636363,69.26433474387285
36.0,54.54545454545454,37.5,68.69016753091344
44.0,66.66666666666666,50.0,74.95711407655637
39.0,30.88235294117647,18.26086956521739,59.036725282060395
61.0,63.576158940397356,46.601941747572816,73.2461113142588
49.0,77.55102040816327,63.33333333333333,81.64472721954073
38.0,76.19047619047619,61.53846153846154,80.74928820381916
41.0,76.28865979381443,61.66666666666667,80.81039709607292
30.0,64.51612903225806,47.61904761904761,73.77661988897182
37.0,56.92307692307692,39.784946236559136,69.83662836668898
46.0,62.5,45.45454545454545,72.67341383756376
46.0,74.3801652892562,59.210526315789465,79.57434416565441
39.0,30.4,17.92452830188679,58.87553647584321
59.0,63.85542168674698,46.902654867256636,73.39147467142334
53.0,77.87610619469027,63.76811594202898,81.85912379723328
56.0,84.95575221238938,73.84615384615385,86.9061203319502
61.0,83.60655737704919,71.83098591549296,85.8955428330582
60.0,84.8,73.61111111111111,86.78660218085732
37.0,59.199999999999996,42.04545454545455,70.97186865967157
43.0,59.72222222222222,42.57425742574257,71.22928258357521
45.0,76.52173913043478,61.97183098591549,80.95898658527403
50.0,56.774193548387096,39.63963963963964,69.75299623408617
61.0,61.627906976744185,44.537815126050425,72.20306952459974
58.0,78.63247863247864,64.7887323943662,82.36943102862135
57.0,80.0,66.66666666666666,83.31139126040586
61.0,80.64516129032258,67.56756756756756,83.7598441117573
61.0,82.92682926829268,70.83333333333334,85.39571903574398
60.0,76.92307692307693,62.5,81.21707966720535
53.0,65.38461538461539,48.57142857142857,74.23184894905593
50.0,76.92307692307693,62.5,81.22307055514553
52.0,53.65853658536586,36.666666666666664,68.25753344503843
66.0,21.951219512195124,12.32876712328767,56.10059661006211
64.0,0.0,0.0,49.79970503826531
66.0,0.0,0.0,49.71500318877551
66.0,0.0,0.0,49.68311543367347
28.0,0.0,0.0,49.749880420918366
41.0,0.0,0.0,49.72397161989796
69.0,1.257861635220126,0.6329113924050633,50.00354462672432
68.0,0.0,0.0,49.72397161989796
66.0,0.0,0.0,49.76084183673469
30.0,84.7457627118644,73.52941176470588,86.75573298051648
35.0,78.78787878787878,65.0,82.48604187437687
37.0,73.23943661971832,57.77777777777777,78.86994571840036
32.0,71.875,56.09756097560976,78.03083539977426
20.0,55.55555555555556,38.46153846153847,69.20684626272633
34.0,83.5820895522388,71.7948717948718,85.88646836134272
44.0,85.0,73.91304347826086,86.94455572261732
42.0,71.60493827160494,55.769230769230774,77.86168280639536
39.0,72.0,56.25,78.10406239406569
29.0,62.5,45.45454545454545,72.70334737437378
38.0,88.31168831168831,79.06976744186046,89.5259092085454
45.0,88.37209302325581,79.16666666666666,89.573360857367
56.0,74.22680412371135,59.01639344262295,79.48326652585874
41.0,67.5,50.943396226415096,75.44577536300315
31.0,64.61538461538461,47.72727272727273,73.84070744328943
49.0,86.5979381443299,76.36363636363637,88.16885292869655
59.0,74.76635514018692,59.70149253731343,79.82381950944178
43.0,69.04761904761905,52.72727272727272,76.33771257956154
32.0,63.76811594202898,46.808510638297875,73.37933208271714
5.0,13.636363636363635,7.317073170731707,53.62066761201365
42.0,92.85714285714286,86.66666666666667,93.32734972841082
50.0,87.75510204081633,78.18181818181819,89.07894092622715
62.0,77.47747747747748,63.23529411764706,81.59271338240282
46.0,65.9090909090909,49.152542372881356,74.5463591278928
33.0,64.70588235294117,47.82608695652174,73.88911717128634
52.0,87.37864077669903,77.58620689655173,88.78013741927185
62.0,78.57142857142857,64.70588235294117,82.32900436964063
46.0,68.88888888888889,52.54237288135594,76.24326740587888
34.0,67.6056338028169,51.06382978723404,75.50898460170443
8.0,20.51282051282051,11.428571428571429,55.68339198870172
53.0,87.37864077669903,77.58620689655173,88.78013741927185
64.0,81.73913043478261,69.11764705882352,84.53787756998707
45.0,68.18181818181817,51.724137931034484,75.83415048747312
33.0,64.7887323943662,47.91666666666667,73.93340959995747
7.0,12.76595744680851,6.8181818181818175,53.36823227994775
44.0,91.30434782608695,84.0,91.99202138269438
54.0,89.90825688073394,81.66666666666667,90.82236120254554
66.0,81.66666666666667,69.01408450704226,84.48509799194552
47.0,65.21739130434783,48.38709677419355,74.16164155504636
36.0,64.86486486486487,48.0,73.97407880044665
37.0,87.5,77.77777777777779,88.87891700958852
54.0,81.9047619047619,69.35483870967742,84.65846976075898
46.0,74.15730337078652,58.92857142857143,79.44135130669143
33.0,74.28571428571429,59.09090909090909,79.5275083839391
17.0,48.888888888888886,32.35294117647059,66.15354623858913
39.0,87.17948717948718,77.27272727272727,88.62639195593604
47.0,89.58333333333334,81.13207547169812,90.55606426528078
65.0,83.05084745762711,71.01449275362319,85.48729704810651
45.0,67.3913043478261,50.81967213114754,75.37992281400332
37.0,72.97297297297297,57.446808510638306,78.70346367823885
40.0,91.35802469135803,84.0909090909091,92.03847395150572
51.0,86.53846153846155,76.27118644067797,88.1216298044885
67.0,79.6875,66.23376623376623,83.09094795478835
53.0,74.76635514018692,59.70149253731343,79.82381950944178
36.0,70.27027027027027,54.166666666666664,77.06139913592556
43.0,91.95402298850574,85.1063829787234,92.54621047771339
56.0,88.49557522123894,79.36507936507937,89.66957236019199
68.0,81.53846153846153,68.83116883116884,84.39164331070242
54.0,74.54545454545455,59.42028985507246,79.68222032396586
38.0,71.05263157894737,55.10204081632652,77.52908577337494
43.0,89.8876404494382,81.63265306122449,90.80735094420727
60.0,85.71428571428571,75.0,87.48204381309604
70.0,84.67153284671532,73.41772151898735,86.68791020280744
57.0,79.3103448275862,65.71428571428571,82.83320509532359
40.0,70.12987012987013,54.0,76.97706833635766
66.0,85.29411764705883,74.35897435897436,87.15953426835745
70.0,83.45323741007195,71.60493827160494,85.77952328800326
57.0,79.3103448275862,65.71428571428571,82.83320509532359
40.0,71.7948717948718,56.00000000000001,77.97806492781368
31.0,64.61538461538461,47.72727272727273,73.84070744328943
52.0,82.6923076923077,70.49180327868852,85.22794939232135
67.0,85.1063829787234,74.07407407407408,87.01608564426826
72.0,83.68794326241135,71.95121951219512,85.95266345045277
61.0,79.33884297520662,65.75342465753424,82.85177616534548
39.0,70.12987012987013,54.0,76.97706833635766
60.0,80.0,66.66666666666666,83.31039297825653
69.0,82.51748251748252,70.23809523809523,85.0941059824772
73.0,85.1063829787234,74.07407407407408,87.01608564426826
61.0,78.33333333333333,64.38356164383562,82.16584772929677
41.0,69.1358024691358,52.83018867924528,76.39016812122908
58.0,67.08860759493672,50.476190476190474,75.18622284418426
64.0,72.72727272727273,57.14285714285714,78.53252505215636
58.0,75.96899224806202,61.25000000000001,80.59407854050711
35.0,72.72727272727273,57.14285714285714,78.55049054797799
31.0,39.62264150943396,24.705882352941178,62.289138963331325
22.0,0.0,0.0,49.97807716836735
39.0,0.0,0.0,49.96113679846938
52.0,0.0,0.0,49.85849808673469
66.0,0.0,0.0,49.81963488520408
57.0,0.0,0.0,49.94319993622449
60.0,0.0,0.0,49.9332350127551
27.0,0.0,0.0,49.97010522959184
49.0,0.0,0.0,49.935227997448976
58.0,53.80710659898477,36.80555555555556,68.31200108843356
72.0,47.2972972972973,30.973451327433626,65.33105568407366
78.0,85.54913294797689,74.74747474747475,87.34878826990918
79.0,79.22077922077922,65.59139784946237,82.76377235583962
85.0,81.65680473372781,69.0,84.46906619833557
80.0,86.90476190476191,76.84210526315789,88.39909785841166
80.0,83.87096774193549,72.22222222222221,86.08616648817403
53.0,80.0,66.66666666666666,83.31039297825653
76.0,79.58115183246073,66.08695652173913,83.00455610518094
83.0,80.3921568627451,67.21311475409836,83.56663243593847
89.0,84.05797101449275,72.5,86.21705863562859
89.0,83.51648351648352,71.69811320754717,85.81911648401311
88.0,83.14606741573034,71.15384615384616,85.54698415232924
83.0,83.33333333333334,71.42857142857143,85.68634494870874
64.0,80.0,66.66666666666666,83.3083961749724
47.0,68.88888888888889,52.54237288135594,76.24326740587888
68.0,81.21212121212122,68.36734693877551,84.15274090238383
79.0,79.7979797979798,66.38655462184873,83.15335476067186
86.0,80.56872037914692,67.46031746031747,83.68923321459705
87.0,81.59203980099502,68.90756302521008,84.41685094207763
88.0,86.95652173913044,76.92307692307693,88.43758445323441
92.0,83.97790055248619,72.38095238095238,86.16153407470773
87.0,81.11111111111111,68.22429906542055,84.07821942872448
65.0,78.19548872180451,64.19753086419753,82.0698371741784
78.0,78.57142857142857,64.70588235294117,82.31102417213916
83.0,76.27906976744187,61.65413533834586,80.77616336925676
91.0,79.13043478260869,65.46762589928058,82.68589441115572
93.0,82.51121076233184,70.22900763358778,85.0755692269049
91.0,84.5360824742268,73.21428571428571,86.57719915130981
96.0,81.44329896907216,68.69565217391305,84.31189579172926
81.0,79.3103448275862,65.71428571428571,82.82121973262932
67.0,77.37226277372264,63.095238095238095,81.51669512047981
83.0,76.41509433962264,61.832061068702295,80.86612535419344
89.0,76.72413793103449,62.23776223776224,81.0649749156747
92.0,79.3103448275862,65.71428571428571,82.80922336189487
94.0,84.26395939086294,72.80701754385966,86.37256632488133
96.0,82.29166666666666,69.91150442477876,84.92181804467475
83.0,81.81818181818183,69.23076923076923,84.58345103722718
66.0,79.36507936507937,65.78947368421053,82.86880219740989
50.0,61.386138613861384,44.285714285714285,72.10396991581555
79.0,76.23762376237624,61.6,80.75209485219266
88.0,76.31578947368422,61.702127659574465,80.79715977899764
91.0,80.1762114537445,66.91176470588235,83.41095872311189
102.0,85.04672897196261,73.98373983739837,86.95992422637615
105.0,79.43925233644859,65.89147286821705,82.9018163686277
100.0,81.02564102564102,68.10344827586206,84.01479577894746
73.0,80.51948051948052,67.3913043478261,83.6657204183158
58.0,75.21367521367522,60.273972602739725,80.10806265978366
90.0,79.46428571428571,65.92592592592592,82.91704286393527
93.0,79.82832618025752,66.42857142857143,83.16736360498716
92.0,77.11864406779661,62.758620689655174,81.32540198903244
109.0,87.78280542986425,78.2258064516129,89.08594581850997
101.0,80.0,66.66666666666666,83.2914104713993
98.0,82.58706467661692,70.33898305084746,85.13455650456252
71.0,77.77777777777779,63.63636363636363,81.78625843430312
51.0,61.386138613861384,44.285714285714285,72.10396991581555
75.0,20.87745839636914,11.655405405405405,55.30581953268654
81.0,25.724637681159418,14.760914760914762,56.971316576146435
86.0,29.15129151291513,17.062634989200866,58.148061012176335
84.0,22.04724409448819,12.389380530973451,55.799638389987926
97.0,17.76765375854214,9.75,54.51498643716217
92.0,23.958333333333336,13.609467455621301,56.51349095900954
95.0,41.40350877192983,26.10619469026549,62.886487212842304
62.0,81.88976377952756,69.33333333333334,84.64372356555742
70.0,37.67313019390582,23.208191126279864,61.37958051564253
83.0,65.83333333333333,49.06832298136646,74.45232026266558
87.0,66.11570247933885,49.382716049382715,74.60951516298583
90.0,48.56230031948881,32.06751054852321,65.87307663154704
104.0,51.22615803814714,34.43223443223443,67.03741029546708
88.0,80.20833333333334,66.95652173913044,83.4403359608844
94.0,81.72043010752688,69.0909090909091,84.511522409726
60.0,79.67479674796748,66.21621621621621,83.08317144722675
84.0,79.59183673469387,66.10169491525424,83.01092570426371
90.0,83.24324324324324,71.29629629629629,85.6172094068559
68.0,83.21167883211679,71.25,85.60205461002813
53.0,76.36363636363637,61.76470588235294,80.85642243493321
10.0,0.0,0.0,49.9870455994898
11.0,11.214953271028037,5.9405940594059405,52.8756189352242
8.0,0.0,0.0,49.9641262755102
47.0,0.0,0.0,49.803691007653065
88.0,74.8936170212766,59.863945578231295,79.87307644667834
92.0,67.9245283018868,51.42857142857142,75.62943166325348
95.0,59.79381443298969,42.64705882352941,71.20673730172058
108.0,60.23391812865497,43.09623430962343,71.41231542533674
89.0,81.81818181818183,69.23076923076923,84.57945288567107
98.0,83.07692307692308,71.05263157894737,85.4933783705696
73.0,75.67567567567568,60.86956521739131,80.39886880183212
44.0,72.91666666666666,57.377049180327866,78.66259770398297
90.0,59.863945578231295,42.71844660194174,71.24143061609625
94.0,64.76868327402136,47.89473684210526,73.84853643542819
96.0,63.05084745762712,46.03960396039604,72.9109826203354
110.0,63.47305389221557,46.49122807017544,73.12378459630202
102.0,86.48648648648648,76.19047619047619,88.06528601856078
97.0,84.42211055276381,73.04347826086956,86.49079606567393
72.0,75.16778523489933,60.215053763440864,80.07061546911069
47.0,78.0,63.934426229508205,81.94527323003823
76.0,70.69767441860465,54.67625899280576,77.27525524490588
90.0,72.42798353909465,56.774193548387096,78.32021448701897
92.0,66.91449814126395,50.27932960893855,75.05081762162376
97.0,63.48122866894198,46.5,73.14317732563944
110.0,67.3076923076923,50.72463768115942,75.26046347519855
104.0,83.40807174887892,71.53846153846153,85.73229208744254
99.0,83.83838383838383,72.17391304347827,86.05501593123746
72.0,80.82191780821918,67.81609195402298,83.88011134405262
74.0,48.322147651006716,31.858407079646017,65.77552319494036
85.0,39.523809523809526,24.629080118694365,62.0610116222402
91.0,64.72727272727272,47.8494623655914,73.82789966962862
88.0,57.42574257425742,40.27777777777778,70.01011810089153
103.0,61.25000000000001,44.14414414414414,71.9482652107757
102.0,76.44787644787645,61.875,80.87659379555485
112.0,85.34482758620689,74.43609022556392,87.18409739227154
78.0,77.30061349693251,63.0,81.46308343144493
80.0,48.297213622291025,31.83673469387755,65.75169402664655
90.0,40.182648401826484,25.142857142857146,62.30988888128323
92.0,45.91836734693878,29.80132450331126,64.68902626555173
96.0,66.90647482014388,50.27027027027027,75.04328760204007
106.0,68.43853820598007,52.02020202020202,75.91523950789423
99.0,74.60317460317461,59.49367088607595,79.68294023118541
111.0,83.98268398268398,72.38805970149254,86.15708821852517
75.0,76.92307692307693,62.5,81.2140833266821
94.0,4.40771349862259,2.2535211267605635,50.78092257900777
88.0,3.7209302325581395,1.8957345971563981,50.74157693742058
66.0,61.72839506172839,44.642857142857146,72.25958441869346
64.0,0.0,0.0,49.918287627551024
31.0,0.0,0.0,49.93622448979592
12.0,0.0,0.0,49.88241390306122
45.0,0.0,0.0,49.90433673469388
29.0,0.0,0.0,49.803691007653065
44.0,23.10030395136778,13.058419243986256,56.27690598004491
52.0,52.22222222222223,35.338345864661655,67.58339424135355
63.0,89.60000000000001,81.15942028985508,90.56674127022681
70.0,78.33333333333333,64.38356164383562,82.16584772929677
51.0,72.52747252747253,56.896551724137936,78.42334715816214
46.0,71.07438016528926,55.12820512820513,77.52919541711356
60.0,86.1788617886179,75.71428571428571,87.84018457451812
74.0,85.71428571428571,75.0,87.47704911489413
76.0,84.35374149659864,72.94117647058823,86.4476405560029
60.0,75.47169811320755,60.60606060606061,80.2771008311937
49.0,75.86206896551724,61.111111111111114,80.52762928092059
63.0,88.18897637795276,78.87323943661971,89.42165563211672
75.0,91.61290322580645,84.52380952380952,92.24893200469491
82.0,84.4155844155844,73.03370786516854,86.49290709456467
58.0,78.89908256880734,65.15151515151516,82.55281859345051
53.0,80.0,66.66666666666666,83.31139126040586
63.0,84.84848484848484,73.68421052631578,86.82215314823371
77.0,88.19875776397515,78.88888888888889,89.42548426083003
82.0,83.66013071895425,71.91011235955057,85.93011205461563
65.0,80.64516129032258,67.56756756756756,83.7598441117573
55.0,80.34188034188034,67.14285714285714,83.54848775872534
69.0,89.23076923076924,80.55555555555556,90.26381073998697
81.0,88.34355828220859,79.12087912087912,89.54147899840859
84.0,84.4155844155844,73.03370786516854,86.49290709456467
65.0,79.36507936507937,65.78947368421053,82.86880219740989
67.0,88.37209302325581,79.16666666666666,89.56836894856907
88.0,88.75739644970415,79.7872340425532,89.87465532390529
82.0,85.33333333333334,74.4186046511628,87.18735149544091
65.0,82.17054263565892,69.73684210526315,84.84547749378633
22.0,47.05882352941176,30.76923076923077,65.3666756620831
72.0,84.05797101449275,72.5,86.2280517977573
86.0,91.12426035502959,83.69565217391305,91.83285572826674
92.0,85.71428571428571,75.0,87.47604981638193
63.0,76.92307692307693,62.5,81.22007540996688
48.0,23.728813559322035,13.461538461538462,56.685920818403034
60.0,78.125,64.1025641025641,82.02335243391781
70.0,85.71428571428571,75.0,87.48004629260116
84.0,88.48484848484848,79.34782608695652,89.65495210301562
97.0,87.00564971751412,77.0,88.47704545000899
81.0,79.73856209150327,66.30434782608695,83.12124504942979
61.0,89.07563025210085,80.3030303030303,90.13854705303741
72.0,88.05970149253731,78.66666666666666,89.31737068592827
83.0,82.1917808219178,69.76744186046511,84.85778111061407
65.0,69.64285714285714,53.42465753424658,76.67842167256238
25.0,48.275862068965516,31.818181818181817,65.87918779517999
54.0,85.98130841121495,75.40983606557377,87.68995693164983
66.0,92.1875,85.5072463768116,92.74364653377762
87.0,85.71428571428571,75.0,87.47704911489413
84.0,85.18518518518519,74.19354838709677,87.07282544387269
67.0,72.26890756302521,56.57894736842105,78.25656123133517
57.0,87.5,77.77777777777779,88.87492435879533
72.0,85.92592592592592,75.32467532467533,87.64338239676441
90.0,84.33734939759037,72.91666666666666,86.43238833672613
89.0,87.86127167630057,78.35051546391753,89.15429964812643
78.0,74.07407407407408,58.82352941176471,79.37685268417705
62.0,83.05084745762711,71.01449275362319,85.48729704810651
77.0,87.67123287671232,78.04878048780488,89.00643047378749
88.0,85.36585365853658,74.46808510638297,87.21009332555407
91.0,87.35632183908046,77.55102040816327,88.75355411625728
83.0,79.16666666666666,65.51724137931035,82.72869192012665
79.0,89.04109589041096,80.24691358024691,90.10749223144371
92.0,85.20710059171599,74.22680412371135,87.08845395392018
98.0,85.0828729281768,74.03846153846155,86.99228412358914
82.0,76.05633802816901,61.36363636363637,80.6479009398885
52.0,14.87603305785124,8.035714285714286,53.915200017655316
66.0,81.30081300813008,68.4931506849315,84.2236331567737
82.0,86.27450980392157,75.86206896551724,87.91008058134173
94.0,84.21052631578947,72.72727272727273,86.33669240706602
99.0,86.63101604278076,76.41509433962264,88.18259457973248
90.0,74.66666666666667,59.57446808510638,79.74932502419725
71.0,81.25,68.42105263157895,84.18658568854505
80.0,87.24832214765101,77.38095238095238,88.671518277044
98.0,82.02247191011236,69.52380952380952,84.72997054638873
100.0,89.00523560209425,80.18867924528303,90.07337777320747
91.0,74.83870967741936,59.79381443298969,79.85799903979188
72.0,80.3030303030303,67.08860759493672,83.51836760051286
76.0,85.13513513513513,74.11764705882354,87.03687313729795
92.0,82.14285714285714,69.6969696969697,84.81854891139024
98.0,87.56756756756758,77.88461538461539,88.91935130943516
99.0,76.64670658682635,62.13592233009708,81.0290483297995
92.0,81.11111111111111,68.22429906542055,84.07821942872448
96.0,80.64516129032258,67.56756756756756,83.74785635718551
101.0,88.65979381443299,79.62962962962963,89.79285434366288
87.0,47.76119402985074,31.372549019607842,65.58154262343304
29.0,0.0,0.0,49.913305165816325
25.0,85.71428571428571,75.0,87.4930216329379
37.0,85.71428571428571,75.0,87.48903137028098
45.0,85.0574712643678,74.0,86.98703603980933
39.0,83.11688311688312,71.11111111111111,85.542592888038
28.0,77.96610169491525,63.888888888888886,81.93148410308899
13.0,75.86206896551724,61.111111111111114,80.54857857957629
30.0,83.33333333333334,71.42857142857143,85.70431582335631
43.0,86.41975308641975,76.08695652173914,88.03250919363916
47.0,87.91208791208791,78.43137254901961,89.20471611334817
43.0,83.14606741573034,71.15384615384616,85.56196466131846
30.0,76.92307692307693,62.5,81.23504516360592
15.0,70.96774193548387,55.00000000000001,77.49102960231238
29.0,88.13559322033898,78.78787878787878,89.38696033112782
41.0,82.35294117647058,70.0,84.98504218104944
45.0,82.22222222222221,69.81132075471697,84.88970473404689
39.0,79.51807228915662,66.0,82.98304848134336
30.0,71.875,56.09756097560976,78.03083539977426
18.0,68.42105263157895,52.0,75.9880389928832
34.0,73.01587301587301,57.49999999999999,78.7330518613044
42.0,91.56626506024097,84.44444444444444,92.21524148904578
44.0,89.36170212765957,80.76923076923077,90.37464211298337
41.0,82.6086956521739,70.37037037037037,85.16922922363905
33.0,74.66666666666667,59.57446808510638,79.7682901165741
19.0,64.0,47.05882352941176,73.51146918097382
32.0,81.25,68.42105263157895,84.1985622081125
43.0,89.41176470588236,80.85106382978722,90.4165566865239
46.0,90.52631578947368,82.6923076923077,91.33717772264238
42.0,83.87096774193549,72.22222222222221,86.09615209880484
36.0,71.23287671232876,55.319148936170215,77.63863727965041
22.0,70.58823529411765,54.54545454545454,77.2577745234151
31.0,82.53968253968253,70.27027027027027,85.12416803643124
44.0,85.71428571428571,75.0,87.4870355226679
47.0,90.9090909090909,83.33333333333334,91.6576901850485
44.0,82.97872340425532,70.9090909090909,85.43858917475208
37.0,75.32467532467533,60.416666666666664,80.18938902958635
25.0,70.17543859649122,54.054054054054056,77.01007990205693
33.0,87.32394366197182,77.5,88.74102602452886
45.0,85.41666666666666,74.54545454545455,87.2587649709421
47.0,90.0,81.81818181818183,90.8991170406263
43.0,84.5360824742268,73.21428571428571,86.59218324808731
36.0,75.9493670886076,61.224489795918366,80.59330021642926
25.0,72.72727272727273,57.14285714285714,78.55647522586673
35.0,83.78378378378379,72.09302325581395,86.03454632727879
51.0,86.27450980392157,75.86206896551724,87.91707134544113
47.0,86.27450980392157,75.86206896551724,87.91707134544113
45.0,81.25,68.42105263157895,84.19257550102193
39.0,74.69879518072288,59.61538461538461,79.786753031593
29.0,72.1311475409836,56.41025641025641,78.1881804043546
31.0,84.84848484848484,73.68421052631578,86.83213477580047
40.0,87.8048780487805,78.26086956521739,89.12046270442761
46.0,88.63636363636364,79.59183673469387,89.78594569247609
42.0,82.35294117647058,70.0,84.98504218104944
33.0,79.41176470588235,65.85365853658537,82.91287086433647
37.0,65.75342465753424,48.97959183673469,74.46487168802759
31.0,84.05797101449275,72.5,86.23903224519911
44.0,93.33333333333333,87.5,93.74401603702078
47.0,90.9090909090909,83.33333333333334,91.6576901850485
44.0,88.42105263157895,79.24528301886792,89.61167091063874
36.0,80.0,66.66666666666666,83.31837700580971
34.0,73.23943661971832,57.77777777777777,78.86994571840036
37.0,90.66666666666666,82.92682926829268,91.45643445784704
45.0,89.13043478260869,80.3921568627451,90.18610535866884
49.0,89.32038834951457,80.7017543859649,90.33990571881529
43.0,84.5360824742268,73.21428571428571,86.59218324808731
36.0,77.5,63.26530612244898,81.61470511028223
33.0,70.58823529411765,54.54545454545454,77.25278788845546
37.0,85.71428571428571,75.0,87.48803350618269
44.0,89.79591836734694,81.48148148148148,90.73076707122824
49.0,87.61904761904762,77.96610169491525,88.97008455980553
46.0,83.01886792452831,70.96774193548387,85.46591836261945
39.0,75.55555555555556,60.71428571428571,80.33520516020216
34.0,64.1025641025641,47.16981132075472,73.55698996577506
41.0,84.78260869565217,73.58490566037736,86.77849108536948
48.0,91.2621359223301,83.92857142857143,91.95530887453228
50.0,84.68468468468468,73.4375,86.7017937471324
50.0,80.73394495412845,67.6923076923077,83.82520914017762
41.0,80.43478260869566,67.27272727272727,83.61841353763809
35.0,67.56756756756756,51.02040816326531,75.4862763434021
42.0,81.1881188118812,68.33333333333333,84.14771782852964
54.0,84.7457627118644,73.52941176470588,86.74675112833307
56.0,79.03225806451613,65.33333333333333,82.64073253935005
53.0,78.63247863247864,64.7887323943662,82.36943102862135
43.0,77.08333333333334,62.71186440677966,81.33399319383639
35.0,62.7906976744186,45.76271186440678,72.84945100887491
72.0,88.27586206896552,79.01234567901234,89.48921083439761
64.0,87.21804511278195,77.33333333333333,88.6497066922064
58.0,79.06976744186046,65.38461538461539,82.66537502397851
53.0,79.33884297520662,65.75342465753424,82.85177616534548
43.0,79.16666666666666,65.51724137931035,82.73867573772252
36.0,66.66666666666666,50.0,74.9730802209416
69.0,79.22077922077922,65.59139784946237,82.76377235583962
68.0,84.76821192052981,73.5632183908046,86.75866060025544
53.0,77.16535433070865,62.82051282051282,81.38132988363402
53.0,76.03305785123968,61.33333333333333,80.63774187113505
45.0,74.28571428571429,59.09090909090909,79.51852832330324
38.0,60.78431372549019,43.66197183098591,71.7911015800657
75.0,25.938566552901023,14.901960784313726,57.23457766368744
72.0,33.77483443708609,20.318725099601593,59.95986130291801
68.0,33.59375,20.187793427230048,59.92434771395412
54.0,32.388663967611336,19.32367149758454,59.49528875661101
49.0,20.05420054200542,11.144578313253012,55.278106983068994
31.0,20.0,11.11111111111111,55.39605320289586
10.0,0.0,0.0,49.99003507653062
17.0,0.0,0.0,49.98305963010204
15.0,0.0,0.0,49.984056122448976
17.0,65.0,48.148148148148145,74.06011956577115
19.0,76.19047619047619,61.53846153846154,80.7592626671574
20.0,62.5,45.45454545454545,72.70933050124056
18.0,68.29268292682927,51.85185185185185,75.91296790989786
19.0,78.04878048780488,64.0,81.99102870813397
19.0,63.63636363636363,46.666666666666664,73.31738500591418
18.0,73.17073170731707,57.692307692307686,78.83518915246752
18.0,78.04878048780488,64.0,81.99102870813397
22.0,62.22222222222222,45.16129032258064,72.56370006340747
18.0,64.0,47.05882352941176,73.51146918097382
18.0,70.83333333333334,54.83870967741935,77.40539921758484
22.0,68.08510638297872,51.61290322580645,75.79149945979317
18.0,68.08510638297872,51.61290322580645,75.79149945979317
19.0,70.58823529411765,54.54545454545454,77.2577745234151
20.0,62.22222222222222,45.16129032258064,72.56370006340747
20.0,68.0,51.515151515151516,75.74162647629025
21.0,69.0909090909091,52.77777777777778,76.37194210180034
23.0,64.15094339622641,47.22222222222222,73.59217133958457
20.0,70.58823529411765,54.54545454545454,77.2577745234151
19.0,67.85714285714286,51.35135135135135,75.6577320187584
25.0,67.85714285714286,51.35135135135135,75.6577320187584
12.0,34.78260869565217,21.052631578947366,60.48146290692843
15.0,35.294117647058826,21.428571428571427,60.659462245854066
25.0,54.347826086956516,37.3134328358209,68.614842876007
18.0,56.25,39.130434782608695,69.5373055925883
18.0,46.15384615384615,30.0,64.95813230192591
25.0,53.333333333333336,36.36363636363637,68.13994547484738
18.0,56.25,39.130434782608695,69.5373055925883
18.0,48.0,31.57894736842105,65.75059653599887
27.0,53.76344086021505,36.76470588235294,68.33948241018008
20.0,58.82352941176471,41.66666666666667,70.80542042161788
18.0,50.0,33.33333333333333,66.63078006831745
26.0,53.333333333333336,36.36363636363637,68.13994547484738
22.0,56.41025641025641,39.285714285714285,69.60896154130991
19.0,44.70588235294118,28.78787878787879,64.34708651198872
33.0,60.952380952380956,43.83561643835616,71.87692596008426
23.0,58.97435897435898,41.81818181818181,70.87718853036979
21.0,46.666666666666664,30.434782608695656,65.16953964449337
33.0,60.550458715596335,43.42105263157895,71.66764894506974
23.0,56.09756097560976,38.983050847457626,69.45563524766756
29.0,54.71698113207547,37.66233766233766,68.78330953749224
33.0,57.89473684210527,40.74074074074074,70.32250725886927
25.0,53.191489361702125,36.231884057971016,68.07207450889618
31.0,55.35714285714286,38.2716049382716,69.08594704985173
38.0,64.95726495726495,48.10126582278481,74.00974575993044
25.0,39.6551724137931,24.731182795698924,62.29580494439703
51.0,56.043956043956044,38.93129770992366,69.38584835620871
50.0,66.18705035971223,49.46236559139785,74.68430467880285
100.0,68.63905325443787,52.25225225225225,76.07325091163233
184.0,78.75,64.94845360824742,82.40629473619164
264.0,86.06060606060606,75.53191489361703,87.69690634899612
336.0,91.76829268292683,84.78873239436619,92.34023085883723
392.0,92.54901960784314,86.13138686131386,93.00848978568081
475.0,88.76529477196885,79.80000000000001,89.7985475219479
557.0,87.93619142572282,78.46975088967972,89.11323072783975
609.0,77.07707707707708,62.70358306188925,81.12183029296989
631.0,76.25482625482626,61.62246489859594,80.56415022917382
647.0,80.51470588235294,67.38461538461539,83.47919096063372
611.0,89.80322003577818,81.4935064935065,90.63200508876315
548.0,87.857847976308,78.34507042253522,89.04886989184914
440.0,85.58030480656507,74.79508196721312,87.2740742794649
320.0,81.28834355828221,68.47545219638242,84.11550855095713
214.0,89.26829268292683,80.61674008810573,90.26436388319034
150.0,79.84189723320159,66.44736842105263,83.17276059594818
82.0,83.33333333333334,71.42857142857143,85.68834330643116
204.0,83.37730870712402,71.49321266968326,85.68362900667977
297.0,92.12730318257957,85.40372670807453,92.65477010941291
365.0,93.07479224376732,87.04663212435233,93.4731555485325
421.0,93.23671497584542,87.33031674208145,93.6089221790343
519.0,90.30927835051547,82.33082706766918,91.07091837922442
586.0,93.20214669051879,87.26968174204355,93.55831282752163
624.0,91.00257069408741,83.49056603773585,91.63953218796854
650.0,90.80459770114942,83.15789473684211,91.46609647266708
654.0,92.35772357723577,85.80060422960725,92.80555933138159
625.0,92.16354344122658,85.46603475513427,92.64034083883439
560.0,87.77120315581854,78.20738137082601,88.97901995689357
451.0,86.3013698630137,75.90361445783132,87.83132046237884
346.0,83.78378378378379,72.09302325581395,85.92618916370292
212.0,89.086859688196,80.32128514056225,90.1116190389861
160.0,89.44099378881988,80.89887640449437,90.4154599483297
132.0,85.35564853556485,74.45255474452554,87.19132909571206
228.0,91.11617312072893,83.68200836820083,91.8019854551105
329.0,91.1544227886057,83.7465564738292,91.8141268092598
381.0,94.13298565840938,88.91625615763546,94.4129609604799
450.0,93.47079037800687,87.74193548387098,93.8137020290276
540.0,90.7514450867052,83.06878306878306,91.43782177279813
599.0,93.15525876460768,87.1875,93.51111869684388
640.0,93.98907103825137,88.65979381443299,94.25223522972426
651.0,94.14556962025317,88.93871449925261,94.39473188910515
655.0,93.81362568519968,88.34808259587021,94.09436725553641
619.0,93.96984924623115,88.62559241706161,94.24023750652538
555.0,91.04618284637135,83.56401384083046,91.6864200168272
435.0,88.81650380021715,79.8828125,89.83792402282134
309.0,83.5130970724191,71.6931216931217,85.73935715955554
209.0,87.5,77.77777777777779,88.8328664799253
147.0,90.42904290429043,82.53012048192771,91.236082843334
156.0,81.02189781021897,68.09815950920245,83.99714726683531
258.0,89.1566265060241,80.43478260869566,90.16334157860013
349.0,91.22302158273381,83.86243386243386,91.87004442474868
391.0,94.73684210526315,90.0,94.95884112674926
468.0,92.88061336254107,86.70756646216769,93.28845922400875
550.0,90.48507462686567,82.62350936967631,91.2091204049887
606.0,92.59868421052632,86.21745788667687,93.01802690959728
643.0,94.30523917995444,89.22413793103449,94.53639547141978
657.0,94.27917620137299,89.17748917748918,94.51307567555196
655.0,94.74485910129474,90.01447178002894,94.93761487052059
623.0,94.6938775510204,89.92248062015504,94.8957108318938
554.0,90.84181313598519,83.22033898305085,91.51054183730383
426.0,88.62405200433369,79.57198443579766,89.68050062708564
292.0,86.40776699029125,76.06837606837607,87.95003487543912
203.0,86.22222222222223,75.78125,87.8286026719619
146.0,89.58333333333334,81.13207547169812,90.53606590936596
166.0,80.53691275167785,67.41573033707866,83.64993005586552
267.0,89.87108655616943,81.60535117056857,90.74760068341774
352.0,90.83094555873924,83.2020997375328,91.5368688783735
402.0,95.38077403245943,91.16945107398568,95.54757246634176
472.0,92.67241379310344,86.34538152610442,93.10434355925692
564.0,88.35930339138405,79.14614121510674,89.44528858155425
607.0,88.41413311421529,79.23416789396171,89.47505566219903
653.0,92.41172051089407,85.89385474860335,92.8450327394073
660.0,93.46504559270517,87.7318116975749,93.77914408046155
657.0,94.92039423805913,90.33189033189034,95.0983366896586
622.0,95.10825982357657,90.67278287461774,95.27487841873395
549.0,92.80575539568345,86.57718120805369,93.20804287950007
426.0,88.69752421959096,79.69052224371373,89.73976317153134
302.0,85.21462639109699,74.23822714681441,87.025942137966
212.0,88.19599109131403,78.88446215139442,89.38920774543189
151.0,92.51700680272108,86.07594936708861,93.01599226947556
173.0,80.0,66.66666666666666,83.27340045815353
273.0,89.45454545454545,80.92105263157895,90.4024450019501
362.0,91.9889502762431,85.16624040920716,92.52493751094549
411.0,94.45129469790382,89.48598130841121,94.69780357971722
479.0,92.61603375527426,86.2475442043222,93.05340195518802
573.0,91.28919860627178,83.97435897435898,91.88647860906782
612.0,92.20883534136546,85.54396423248882,92.6742038008539
649.0,94.10007468259896,88.85754583921015,94.3490490266571
659.0,94.44444444444444,89.47368421052632,94.66216553554148
657.0,94.64958553127354,89.84263233190272,94.84966847078708
626.0,95.25341914722446,90.93701996927803,95.40901498625244
558.0,93.01503094606542,86.94214876033057,93.39151748187727
426.0,88.96247240618102,80.11928429423459,89.95918607655695
312.0,85.26645768025078,74.31693989071039,87.064289118167
210.0,87.20173535791757,77.3076923076923,88.59481663908878
151.0,89.419795221843,80.8641975308642,90.40112664034467
184.0,79.64071856287424,66.16915422885572,83.01663554417827
290.0,90.69767441860465,82.97872340425532,91.43325285095638
365.0,92.03296703296702,85.24173027989822,92.56268011155883
429.0,91.65659008464328,84.59821428571429,92.2298258608522
501.0,90.53069719042664,82.69961977186313,91.25833605146904
580.0,86.48648648648648,76.19047619047619,87.9443205163585
616.0,89.3854748603352,80.8080808080808,90.27001105866795
658.0,91.8106686701728,84.86111111111111,92.3205989329388
667.0,92.86250939143501,86.67601683029453,93.24216112510328
656.0,93.81598793363499,88.35227272727273,94.09339834046972
628.0,95.00396510705788,90.4833836858006,95.1781543154178
552.0,92.9453262786596,86.82042833607908,93.329648597736
417.0,86.48648648648648,76.19047619047619,87.97473680989106
291.0,88.56209150326796,79.47214076246334,89.66593712805062
207.0,86.99551569506725,76.98412698412699,88.43404260454399
153.0,90.78498293515358,83.125,91.53552320004796
181.0,78.343949044586,64.3979057591623,82.13102488325725
282.0,90.81455805892547,83.17460317460318,91.53421027023624
364.0,91.56293222683264,84.43877551020408,92.15819806706914
411.0,94.00244798041616,88.68360277136259,94.29259669416459
488.0,92.76859504132231,86.51252408477842,93.18587774412066
576.0,88.02129547471162,78.6053882725832,89.16682457107422
613.0,89.91121872477804,81.67155425219941,90.70981731231869
660.0,90.78549848942599,83.12586445366529,91.43988633676709
672.0,91.64785553047405,84.58333333333333,92.17969700943505
664.0,93.27286470143613,87.39376770538244,93.60709188755875
630.0,94.12685982772122,88.90532544378699,94.37701975668926
560.0,92.46753246753246,85.99033816425121,92.90754166985373
433.0,87.93103448275862,78.46153846153847,89.11824712821337
323.0,84.46455505279035,73.10704960835508,86.45031011762953
217.0,87.6068376068376,77.9467680608365,88.91535037089572
152.0,92.85714285714286,86.66666666666667,93.31134784375645
96.0,83.13253012048193,71.1340206185567,85.53907010132338
205.0,83.5978835978836,71.81818181818181,85.8471132210586
332.0,91.49922720247295,84.33048433048434,92.11010984768002
383.0,91.47496617050066,84.28927680798004,92.0814336204915
439.0,92.08972845336481,85.33916849015317,92.60229625246824
532.0,89.69465648854961,81.31487889273356,90.5488006502456
593.0,88.02129547471162,78.6053882725832,89.16682457107422
637.0,86.59611992945327,76.36080870917574,88.02744068345976
655.0,83.56643356643356,71.77177177177178,85.69674346566777
669.0,90.14539579967689,82.05882352941177,90.9064725087907
633.0,91.70896785109983,84.6875,92.24502735020349
586.0,91.10907424381301,83.67003367003367,91.73739007119308
483.0,91.60467587672689,84.50980392156863,92.17549699546117
384.0,77.26708074534162,62.955465587044536,81.29423735584052
238.0,90.35087719298247,82.39999999999999,91.15597358415049
173.0,91.8429003021148,84.91620111731844,92.4311135124414
145.0,72.17391304347827,56.4625850340136,78.16741133600347
215.0,85.14851485148515,74.13793103448276,87.00897031685741
335.0,91.53046062407132,84.38356164383562,92.13462994359904
389.0,93.14359637774902,87.16707021791767,93.53033934856056
447.0,92.9316338354577,86.7965367965368,93.33699265743465
545.0,91.87145557655954,84.96503496503497,92.39598095605342
602.0,89.65517241379311,81.25,90.50416868052199
642.0,90.50736497545007,82.66068759342302,91.21346251182345
660.0,90.36437246963563,82.42245199409159,91.09130983758753
670.0,93.21901792673421,87.2992700729927,93.56189450642253
633.0,93.02325581395348,86.95652173913044,93.3936107566984
579.0,90.80779944289694,83.16326530612244,91.48200900904972
472.0,91.90371991247265,85.02024291497976,92.43575856658225
372.0,79.56469165659009,66.06425702811245,82.86260978675067
230.0,89.6842105263158,81.29770992366412,90.59981867497979
170.0,91.76470588235294,84.78260869565217,92.36331554334788
156.0,76.74418604651163,62.264150943396224,81.07216772962092
236.0,86.56036446469248,76.30522088353415,88.09359391714018
347.0,90.51724137931035,82.67716535433071,91.27239868566899
397.0,91.91270860077022,85.03562945368171,92.45458456906655
466.0,91.84357541899442,84.91735537190083,92.38533296576554
553.0,88.00755429650614,78.58347386172007,89.16399603365626
606.0,87.2852233676976,77.4390243902439,88.57052290624381
643.0,90.25157232704403,82.23495702005731,90.99248355014801
658.0,90.40880503144653,82.49641319942612,91.12522520820885
665.0,93.71165644171779,88.16738816738817,94.00097442264294
633.0,93.43185550082102,87.67334360554699,93.75603802125072
569.0,93.77817853922453,88.28522920203736,94.07313659231882
458.0,91.29511677282377,83.984375,91.9097688130704
350.0,78.75507442489851,64.95535714285714,82.32031663898395
222.0,89.50749464668094,81.0077519379845,90.45484360763375
159.0,92.35474006116208,85.79545454545455,92.8727397664804
166.0,76.36363636363637,61.76470588235294,80.81744511029632
243.0,87.79443254817987,78.2442748091603,89.06510432539423
358.0,90.3409090909091,82.38341968911918,91.12351617453672
407.0,91.87817258883248,84.97652582159625,92.42402394183358
476.0,90.72847682119205,83.03030303030303,91.4307548508292
558.0,86.09523809523809,75.58528428093646,87.64583174709682
614.0,85.52074513124471,74.70414201183432,87.17993837319385
645.0,89.67136150234741,81.27659574468085,90.50524140398166
664.0,88.47058823529412,79.32489451476793,89.51429761616814
666.0,93.30323551542513,87.44710860366713,93.6337569009134
636.0,93.63416599516519,88.03030303030303,93.93550638963482
577.0,94.02319357716324,88.72053872053873,94.29279569514016
456.0,88.41025641025641,79.22794117647058,89.50039133403888
338.0,81.25894134477825,68.43373493975903,84.08558389736288
221.0,89.40677966101694,80.84291187739464,90.37142091418016
153.0,94.83870967741936,90.1840490797546,95.07603381449803
166.0,80.13698630136986,66.85714285714286,83.37063978790742
264.0,91.5057915057915,84.34163701067615,92.12676475976849
361.0,90.80622347949081,83.16062176165802,91.51512183258912
411.0,92.15189873417722,85.44600938967136,92.66077069499629
478.0,90.67245119305856,82.93650793650794,91.38183570385428
564.0,85.12628624883068,74.1042345276873,86.8922250653762
614.0,84.98293515358361,73.88724035608308,86.76647939137541
650.0,86.0062893081761,75.44827586206897,87.5448072977354
666.0,86.73946957878314,76.5840220385675,88.12070912488632
670.0,93.44262295081968,87.6923076923077,93.75735286127019
638.0,94.05233941316415,88.77245508982035,94.31059678436725
578.0,94.53262786596119,89.63210702341136,94.75360387431648
456.0,89.0020366598778,80.18348623853211,89.98317640099668
340.0,82.8080229226361,70.6601466992665,85.20980153533293
223.0,89.97867803837953,81.78294573643412,90.84443994517093
161.0,94.0809968847352,88.8235294117647,94.39277420113473
170.0,79.18088737201366,65.5367231638418,82.70743469418618
267.0,89.70873786407768,81.33802816901408,90.61595572030643
363.0,89.36170212765957,80.76923076923077,90.30940630336953
412.0,92.40506329113924,85.88235294117646,92.88094881003133
481.0,91.45299145299145,84.25196850393701,92.0455790095467
570.0,86.21004566210046,75.76243980738363,87.72932066017016
614.0,84.76595744680851,73.55982274741507,86.59975114181414
654.0,86.58346333853353,76.34112792297113,87.99725024350326
670.0,88.0184331797235,78.60082304526749,89.14316296911883
672.0,93.27420546932743,87.3961218836565,93.60622523691353
643.0,93.7251787132645,88.19133034379672,94.01600559056492
574.0,94.15929203539824,88.96321070234113,94.41513206134702
456.0,91.005291005291,83.49514563106796,91.66213881078988
345.0,81.98581560283688,69.47115384615384,84.60828925294241
220.0,91.86813186813187,84.95934959349594,92.44265036062012
159.0,93.41692789968651,87.6470588235294,93.80254074564441
172.0,81.55339805825243,68.85245901639344,84.36928645125366
279.0,91.30434782608695,84.0,91.95192692893197
364.0,91.54929577464789,84.4155844155844,92.14761287337565
420.0,90.81761006289308,83.17972350230414,91.51659064807068
497.0,88.98305084745762,80.1526717557252,89.97182586901944
576.0,82.3747680890538,70.03154574132492,84.82474898262257
618.0,82.9896907216495,70.92511013215858,85.2633318354432
656.0,83.99366085578447,72.40437158469946,85.99874543461698
674.0,85.202492211838,74.21981004070555,86.91848468143803
671.0,92.18168279970216,85.49723756906077,92.6426801683914
638.0,93.90625,88.51251840942562,94.1775905209004
574.0,93.84885764499121,88.41059602649007,94.13479319877341
453.0,89.62655601659752,81.203007518797,90.50098912446765
326.0,84.05365126676601,72.49357326478149,86.13955931046826
224.0,91.50326797385621,84.33734939759037,92.12964816074931
161.0,93.41692789968651,87.6470588235294,93.80254074564441
170.0,79.46127946127946,65.92178770949721,82.8999645327621
273.0,91.24767225325886,83.9041095890411,91.90498984489007
365.0,90.29535864978902,82.3076923076923,91.08464547186841
418.0,89.59390862944161,81.14942528735632,90.49242133243636
486.0,89.05742145178765,80.2734375,90.03524180837437
575.0,84.19117647058823,72.6984126984127,86.17623076692227
617.0,84.47098976109216,73.11669128508123,86.37517702677202
656.0,84.08551068883611,72.54098360655738,86.06805449841414
674.0,83.50116189000775,71.67553191489363,85.62320826862597
677.0,89.94082840236686,81.72043010752688,90.7230297729371
645.0,93.52068696330991,87.82991202346041,93.83124784060246
580.0,94.51114922813036,89.59349593495935,94.73226434027563
463.0,91.20992761116857,83.84030418250951,91.83469919088279
364.0,83.85345997286295,72.19626168224299,85.97881345687941
229.0,92.11087420042644,85.37549407114624,92.65071741187415
167.0,91.61676646706587,84.5303867403315,92.23720624424368
100.0,78.82352941176471,65.0485436893204,82.48835015394596
234.0,69.10994764397905,52.800000000000004,76.28210374870115
355.0,59.171597633136095,42.016806722689076,70.80151094540082
409.0,74.80916030534351,59.756097560975604,79.71282076582757
478.0,64.8951048951049,48.033126293995856,73.7652817117905
566.0,65.14285714285715,48.30508474576271,73.84687602023257
621.0,51.99063231850117,35.12658227848101,67.15291359189695
709.0,43.69565217391304,27.955493741307368,63.45948774108891
724.0,48.582995951417004,32.0855614973262,65.5341296752892
746.0,64.21861656703672,47.29559748427673,73.22711601121468
683.0,69.6551724137931,53.43915343915344,76.36596424670041
637.0,61.016949152542374,43.90243902439025,71.58239334157292
528.0,39.23076923076923,24.401913875598087,61.727174877546766
430.0,44.44444444444444,28.57142857142857,63.880827653971174
274.0,73.75415282392026,58.42105263157895,79.05238082193513
182.0,83.6461126005362,71.88940092165899,85.8837248510734
108.0,82.96943231441048,70.8955223880597,85.4088242718438
115.0,82.5278810408922,70.25316455696202,85.07964329915414
127.0,76.07361963190185,61.386138613861384,80.61515034265354
131.0,78.37837837837837,64.44444444444444,82.15829893017268
134.0,80.65573770491802,67.58241758241759,83.7322712649866
127.0,61.24401913875598,44.13793103448276,71.98814655172414
116.0,69.10994764397905,52.800000000000004,76.34112951506685
75.0,74.80916030534351,59.756097560975604,79.84513238812441
117.0,85.0,73.91304347826086,86.92057494039256
126.0,87.01754385964912,77.01863354037268,88.4723552102087
133.0,86.95652173913044,76.92307692307693,88.4225743085592
143.0,88.32807570977917,79.09604519774011,89.51104921970305
148.0,90.42904290429043,82.53012048192771,91.236082843334
135.0,84.55882352941177,73.24840764331209,86.58225499921942
122.0,83.76068376068376,72.05882352941177,85.99147095237312
71.0,73.8255033557047,58.51063829787234,79.21641330108797
117.0,85.20179372197309,74.21875,87.07642837353488
122.0,88.9763779527559,80.1418439716312,90.04295722141875
133.0,88.51351351351352,79.39393939393939,89.66300026945446
152.0,77.96610169491525,63.888888888888886,81.86650367942585
158.0,88.18443804034582,78.8659793814433,89.39200854205004
143.0,84.69055374592834,73.44632768361582,86.67620704206367
125.0,83.20610687022901,71.24183006535948,85.57697391377907
84.0,75.97765363128491,61.261261261261254,80.58772331044224
116.0,87.55760368663594,77.8688524590164,88.907469898764
127.0,91.76470588235294,84.78260869565217,92.37032909862015
150.0,85.35825545171339,74.45652173913044,87.1812975009927
158.0,72.35023041474655,56.678700361010826,78.219395763184
171.0,71.68141592920354,55.86206896551724,77.80307031272623
160.0,73.33333333333333,57.89473684210527,78.83541767937898
134.0,70.78651685393258,54.78260869565217,77.28740824392997
119.0,78.59649122807018,64.73988439306359,82.30902017671715
118.0,89.38053097345133,80.80000000000001,90.37603594608088
136.0,91.04477611940298,83.56164383561644,91.75684780984483
141.0,88.50174216027874,79.375,89.65453230833782
155.0,88.47352024922118,79.3296089385475,89.62782961217657
163.0,88.31908831908832,79.08163265306123,89.49983353930125
151.0,87.22741433021807,77.34806629834254,88.63306264793216
140.0,86.01398601398601,75.4601226993865,87.69010370479684
108.0,74.8898678414097,59.859154929577464,79.87268101632495
119.0,88.69565217391305,79.6875,89.81778842313376
129.0,89.47368421052632,80.95238095238095,90.44822235984311
140.0,87.66233766233766,78.03468208092485,88.97937217493217
154.0,81.94070080862534,69.40639269406392,84.63622849160257
171.0,80.68459657701712,67.62295081967213,83.73249278601331
158.0,80.41237113402062,67.24137931034483,83.54472004301728
167.0,86.72566371681415,76.5625,88.23627608487077
129.0,78.4,64.47368421052632,82.18292621405345
126.0,88.06584362139918,78.67647058823529,89.30927525896615
133.0,90.42145593869732,82.51748251748252,91.23377022514023
140.0,89.45454545454545,80.92105263157895,90.43155702323958
155.0,89.09657320872275,80.33707865168539,90.13356241060674
174.0,87.33153638814017,77.51196172248804,88.70899401756024
168.0,84.7645429362881,73.5576923076923,86.72387144221351
161.0,85.71428571428571,75.0,87.45303287698611
144.0,78.13620071684588,64.11764705882354,81.99790516002675
128.0,80.0,66.66666666666666,83.28741048372068
142.0,86.56716417910447,76.31578947368422,88.12193788506424
146.0,86.80555555555556,76.68711656441718,88.30559700271368
153.0,80.1186943620178,66.83168316831683,83.34889647914453
170.0,85.19480519480518,74.2081447963801,87.04708607490763
162.0,79.19799498746866,65.56016597510373,82.69711285679894
163.0,88.0466472303207,78.64583333333334,89.28193715642179
138.0,79.1044776119403,65.4320987654321,82.66012767310951
109.0,88.88888888888889,80.0,89.97603833865814
118.0,87.8048780487805,78.26086956521739,89.10047552719607
126.0,86.98884758364312,76.97368421052632,88.4518833565866
137.0,86.62420382165605,76.40449438202246,88.16028076415272
145.0,87.8688524590164,78.3625730994152,89.14431760362231
130.0,80.83333333333333,67.83216783216784,83.87015648143067
106.0,82.88288288288288,70.76923076923077,85.34667911754407
120.0,58.5635359116022,41.40625,70.62830904724377
113.0,88.49557522123894,79.36507936507937,89.65657914256045
123.0,85.60311284046692,74.82993197278913,87.37801476201075
134.0,86.92579505300353,76.875,88.40053917847082
138.0,88.0,78.57142857142857,89.2497459378604
151.0,83.13253012048193,71.1340206185567,85.51105283695732
136.0,79.05405405405406,65.36312849162012,82.619637319583
110.0,77.95275590551181,63.87096774193548,81.87956997836235
111.0,64.83516483516483,47.96747967479675,73.91988924777809
115.0,88.10572687224669,78.74015748031496,89.34311971787136
123.0,87.6923076923077,78.08219178082192,89.0091355212687
133.0,88.19444444444444,78.88198757763976,89.40702707619825
140.0,83.9506172839506,72.3404255319149,86.11825433270405
154.0,84.2406876790831,72.77227722772277,86.33117049537012
138.0,88.05460750853243,78.65853658536585,89.29430116178597
113.0,86.5546218487395,76.29629629629629,88.11619480003638
91.0,69.18238993710692,52.88461538461539,76.39342598603687
111.0,90.9090909090909,83.33333333333334,91.64569644438232
121.0,87.15953307392996,77.24137931034483,88.58773184117433
133.0,85.71428571428571,75.0,87.45704038204087
144.0,74.61139896373057,59.50413223140496,79.65412879558735
160.0,71.72413793103448,55.91397849462365,77.8340384276397
150.0,73.79134860050891,58.46774193548387,79.13093478817326
127.0,74.68354430379746,59.59595959595959,79.71807249045652
150.0,67.75244299674267,51.231527093596064,75.51690590180682
118.0,87.17948717948718,77.27272727272727,88.60640797074875
126.0,88.7218045112782,79.72972972972973,89.83489962454362
138.0,86.98630136986301,76.96969696969697,88.44688568838902
137.0,81.41025641025641,68.64864864864865,84.26638110867566
150.0,82.89855072463767,70.79207920792079,85.33707851827694
150.0,85.88588588588588,75.26315789473685,87.58460994690873
129.0,86.98884758364312,76.97368421052632,88.4518833565866
104.0,72.63157894736842,57.02479338842975,78.4605077365842
114.0,89.7119341563786,81.34328358208955,90.64667524621484
129.0,86.2453531598513,75.81699346405229,87.87154107881
132.0,83.87096774193549,72.22222222222221,86.06115706883001
136.0,77.71428571428571,63.55140186915887,81.69776328469935
163.0,78.51851851851852,64.63414634146342,82.23010274067792
146.0,76.8,62.33766233766234,81.08188681321876
162.0,85.63049853372434,74.87179487179488,87.38692681826801
146.0,74.50980392156863,59.375,79.6226051296899
121.0,88.70967741935483,79.71014492753623,89.82710937504524
130.0,88.05970149253731,78.66666666666666,89.30137041032403
136.0,87.67123287671232,78.04878048780488,88.98842477075665
147.0,84.4311377245509,73.05699481865285,86.47653378386426
171.0,83.81962864721486,72.14611872146118,86.01208131282783
162.0,84.38356164383562,72.98578199052133,86.43591606423031
150.0,82.73615635179154,70.55555555555556,85.22482966692641
147.0,70.83333333333334,54.83870967741935,77.3494820072629
120.0,84.67741935483872,73.42657342657343,86.67534059677216
131.0,87.27272727272727,77.41935483870968,88.67471657549996
142.0,84.35374149659864,72.94117647058823,86.4246360255922
138.0,81.59509202453987,68.9119170984456,84.39601010488494
166.0,84.3501326259947,72.93577981651376,86.4089099614388
153.0,80.21390374331551,66.96428571428571,83.40818131714364
136.0,79.38461538461539,65.81632653061224,82.84122618616053
118.0,79.82456140350878,66.42335766423358,83.1657568994024
113.0,32.35294117647059,19.298245614035086,59.51151636145187
127.0,30.0,17.647058823529413,58.68393702154415
137.0,13.157894736842104,7.042253521126761,53.38956355042105
149.0,0.0,0.0,49.85152264030612
159.0,54.7486033519553,37.69230769230769,68.68440617252472
143.0,56.54450261780105,39.416058394160586,69.54225465046369
131.0,42.758620689655174,27.192982456140353,63.430868847098786
115.0,0.0,0.0,49.771803252551024
49.0,69.76744186046511,53.57142857142857,76.75978998467332
53.0,71.42857142857143,55.55555555555556,77.74985651573674
77.0,78.82352941176471,65.0485436893204,82.48835015394596
111.0,85.23206751054853,74.26470588235294,87.09740536254442
134.0,89.89547038327527,81.64556962025317,90.79381204452625
166.0,86.28571428571429,75.87939698492463,87.8917224804683
146.0,82.84789644012946,70.71823204419888,85.30616685330149
128.0,83.51648351648352,71.69811320754717,85.80411233466727
112.0,86.66666666666667,76.47058823529412,88.20334013138726
82.0,69.93006993006993,53.76344086021505,76.83882851772672
42.0,83.54430379746836,71.73913043478261,85.85660229135975
64.0,75.63025210084034,60.810810810810814,80.376481186858
108.0,74.14634146341463,58.91472868217055,79.40447012950843
122.0,85.30465949820788,74.375,87.14654668677709
148.0,88.95899053627761,80.11363636363636,90.02184266468018
184.0,89.47368421052632,80.95238095238095,90.43619527561455
166.0,87.93103448275862,78.46153846153847,89.18878854188613
145.0,84.0,72.41379310344827,86.15894450377209
116.0,85.49019607843137,74.65753424657534,87.29181663693937
103.0,81.91489361702128,69.36936936936937,84.65075187165448
56.0,73.26732673267327,57.8125,78.87932485191169
90.0,72.04968944099379,56.310679611650485,78.11044575578335
117.0,77.4468085106383,63.19444444444444,81.54431216931218
139.0,86.95652173913044,76.92307692307693,88.4225743085592
154.0,87.13450292397661,77.2020725388601,88.55706001660657
189.0,89.72431077694235,81.36363636363636,90.64081572167058
182.0,87.83068783068782,78.30188679245283,89.10495259438679
166.0,87.27272727272727,77.41935483870968,88.66770428216265
131.0,85.5072463768116,74.68354430379746,87.3018184981371
109.0,86.23853211009175,75.80645161290323,87.87327492589571
57.0,74.76635514018692,59.70149253731343,79.82381950944178
93.0,69.8224852071006,53.63636363636364,76.76730087957814
125.0,81.50943396226415,68.78980891719745,84.34597100809141
150.0,87.30650154798761,77.47252747252747,88.69529241618778
166.0,86.02739726027397,75.48076923076923,87.689403988023
199.0,88.15165876777252,78.8135593220339,89.35676965901655
187.0,89.69072164948454,81.30841121495327,90.61420720741265
163.0,88.02395209580838,78.6096256684492,89.2648360207764
132.0,85.1985559566787,74.21383647798741,87.06596574388803
110.0,88.68778280542986,79.67479674796748,89.8124373132385
62.0,75.21367521367522,60.273972602739725,80.10806265978366
103.0,71.73913043478261,55.932203389830505,77.91421584378773
133.0,84.67153284671532,73.41772151898735,86.66691109908616
157.0,86.98224852071006,76.96335078534031,88.43770089787714
176.0,88.77005347593582,79.8076923076923,89.86185455216649
197.0,89.26014319809069,80.60344827586206,90.25671423575255
194.0,89.22305764411027,80.54298642533936,90.22849149260088
181.0,87.57062146892656,77.88944723618091,88.90074209033212
137.0,86.11111111111111,75.60975609756098,87.76491960556143
116.0,86.69527896995707,76.51515151515152,88.22662218793023
84.0,73.10344827586206,57.608695652173914,78.76544353065373
112.0,69.34673366834171,53.07692307692308,76.47759179970248
149.0,83.1081081081081,71.09826589595376,85.49918589185637
167.0,88.31908831908832,79.08163265306123,89.49983353930125
179.0,87.0886075949367,77.13004484304933,88.51402650119829
204.0,89.04428904428904,80.25210084033614,90.0790363159368
204.0,88.99521531100478,80.17241379310344,90.04019769471135
183.0,90.41095890410958,82.5,91.21500769830637
148.0,88.66666666666667,79.64071856287424,89.78638849631233
117.0,88.88888888888889,80.0,89.97303667012862
85.0,74.32432432432432,59.13978494623656,79.53198421111234
114.0,71.81818181818181,56.02836879432624,77.95230444427173
150.0,84.59016393442623,73.29545454545455,86.60077141123708
177.0,89.13043478260869,80.3921568627451,90.15608802906911
186.0,88.83248730964468,79.90867579908677,89.91033877952577
198.0,89.95215311004785,81.73913043478261,90.82755513497153
200.0,90.60240963855422,82.81938325991189,91.37068226770901
186.0,89.97289972899729,81.77339901477832,90.84970690590946
145.0,88.59060402684564,79.51807228915662,89.72506603827186
117.0,84.97854077253218,73.88059701492537,86.90535232458431
99.0,73.49397590361446,58.0952380952381,79.00372001539317
114.0,72.14611872146118,56.42857142857143,78.15340382515063
150.0,83.38762214983714,71.50837988826815,85.70323885717755
179.0,88.17204301075269,78.84615384615384,89.37908748054313
187.0,87.84119106699751,78.31858407079646,89.11029105537864
200.0,88.99297423887587,80.16877637130801,90.03737502196817
203.0,90.64748201438849,82.89473684210526,91.40835827841555
191.0,90.23746701846966,82.21153846153845,91.06877293039926
152.0,90.22082018927445,82.18390804597702,91.06097446949381
119.0,86.88524590163934,76.81159420289855,88.37384183881696
98.0,59.45945945945946,42.30769230769231,71.09400413677123
94.0,64.0,47.05882352941176,73.47554965171514
118.0,76.41509433962264,61.832061068702295,80.86612535419344
115.0,89.25619834710744,80.59701492537313,90.27254277466228
145.0,91.33333333333333,84.04907975460122,91.99856014149455
173.0,90.7514450867052,83.06878306878306,91.50240368977249
162.0,88.4272997032641,79.25531914893617,89.58868062310181
151.0,88.59934853420195,79.53216374269006,89.73110984896293
122.0,89.49416342412452,80.98591549295774,90.46599064634104
151.0,67.52136752136752,50.967741935483865,75.40801812226216
92.0,63.013698630136986,46.0,72.94614003590665
97.0,65.83850931677019,49.074074074074076,74.48217200501581
123.0,76.23318385650224,61.59420289855072,80.74419773403709
133.0,87.05035971223022,77.07006369426752,88.49907140362163
160.0,88.69047619047619,79.67914438502673,89.80159270143855
185.0,90.23746701846966,82.21153846153845,91.06877293039926
179.0,88.88888888888889,80.0,89.95800671892498
171.0,87.24035608308606,77.36842105263158,88.64123545185898
137.0,88.48920863309353,79.35483870967742,89.64545323892159
117.0,82.81938325991189,70.67669172932331,85.29940971993899
96.0,63.63636363636363,46.666666666666664,73.27747521295909
108.0,69.94535519125684,53.78151260504202,76.83587922716978
131.0,78.36734693877551,64.42953020134227,82.16184976520789
158.0,88.17891373801918,78.85714285714286,89.39159952721646
172.0,89.25619834710744,80.59701492537313,90.25951837962982
188.0,89.5,80.99547511312217,90.45573503640988
193.0,89.55223880597015,81.08108108108108,90.49853718027173
178.0,87.74928774928775,78.1725888324873,89.04331332792252
149.0,89.10891089108911,80.35714285714286,90.14559846640041
149.0,81.18081180811808,68.32298136645963,84.11055791448456
92.0,67.11409395973155,50.505050505050505,75.20364842213783
111.0,68.08510638297872,51.61290322580645,75.74658571252009
138.0,82.5278810408922,70.25316455696202,85.07964329915414
178.0,86.36363636363636,76.0,87.95202302894612
180.0,88.83116883116882,79.90654205607477,89.91027532760742
194.0,88.78281622911695,79.82832618025752,89.86715368824838
209.0,86.85446009389672,76.76348547717843,88.32573265677448
178.0,87.53462603878116,77.83251231527095,88.87127235180556
148.0,90.19607843137256,82.14285714285714,91.04145135411372
161.0,81.66089965397923,69.00584795321637,84.44998538537402
95.0,67.53246753246754,50.98039215686274,75.44031977167214
112.0,69.0721649484536,52.75590551181102,76.31808327138177
142.0,87.05035971223022,77.07006369426752,88.49907140362163
174.0,89.26553672316385,80.61224489795919,90.26813612405657
184.0,90.53708439897699,82.71028037383178,91.31813944690109
210.0,89.24485125858124,80.57851239669421,90.24223833155773
196.0,88.62559241706161,79.57446808510639,89.73922348022948
186.0,89.06666666666668,80.28846153846155,90.10323814790262
169.0,86.74698795180723,76.59574468085107,88.25390048241466
156.0,80.0,66.66666666666666,83.27640392579868
98.0,68.32298136645963,51.886792452830186,75.89251934845976
114.0,70.70707070707071,54.6875,77.28587269987625
150.0,80.98591549295774,68.04733727810651,83.96973443877759
180.0,87.22222222222223,77.33990147783251,88.62396821227638
209.0,88.88888888888889,80.0,89.95298871729216
222.0,90.625,82.85714285714286,91.38654873631762
213.0,87.33031674208145,77.51004016064257,88.69900103384548
206.0,84.98727735368958,73.89380530973452,86.887913272956
181.0,86.7816091954023,76.6497461928934,88.27889608495245
164.0,81.75675675675676,69.14285714285714,84.51748790616035
103.0,70.23809523809523,54.12844036697248,77.01433691034538
117.0,71.62790697674419,55.79710144927537,77.83767126596585
150.0,84.38538205980066,72.98850574712644,86.44729888846861
182.0,88.1542699724518,78.81773399014779,89.3658807506721
207.0,88.36104513064133,79.14893617021276,89.525458283146
222.0,90.7488986784141,83.06451612903226,91.49023284938706
214.0,88.49557522123894,79.36507936507937,89.63051471055311
206.0,86.5,76.2114537444934,88.05173011205231
176.0,85.96491228070175,75.38461538461539,87.64433551616986
165.0,78.04878048780488,64.0,81.93708053691276
106.0,70.52023121387283,54.46428571428571,77.18125988797195
115.0,73.68421052631578,58.333333333333336,79.11177535147075
147.0,83.38983050847457,71.51162790697676,85.70686583849027
189.0,87.3015873015873,77.46478873239437,88.6844049238745
208.0,87.90697674418605,78.42323651452283,89.15960473374528
228.0,90.23861171366593,82.21343873517787,91.06169054914513
215.0,87.66519823788546,78.03921568627452,88.9635820712822
207.0,86.63366336633663,76.41921397379913,88.15560806687796
189.0,84.03361344537815,72.46376811594203,86.17491368256623
168.0,81.1881188118812,68.33333333333333,84.10972702268928
101.0,0.0,0.0,49.77279974489796
88.0,0.0,0.0,49.78774713010204
134.0,39.130434782608695,24.324324324324326,62.05047488653393
175.0,40.896358543417364,25.704225352112676,62.641546442497464
202.0,49.471458773784356,32.86516853932584,66.19386595727154
214.0,38.095238095238095,23.52941176470588,61.518198896324996
210.0,63.22869955156951,46.22950819672131,72.95086881805688
206.0,67.47967479674797,50.920245398773,75.30015469298779
184.0,66.93386773547094,50.30120481927711,74.98563210429351
169.0,53.101736972704714,36.14864864864865,67.88558478488875
35.0,74.07407407407408,58.82352941176471,79.39082584734926
43.0,75.47169811320755,60.60606060606061,80.2771008311937
46.0,81.08108108108108,68.18181818181817,84.06996396713338
37.0,74.74747474747475,59.67741935483871,79.813778984745
21.0,50.0,33.33333333333333,66.6427451293092
35.0,81.92771084337349,69.38775510204081,84.67892003037902
46.0,83.01886792452831,70.96774193548387,85.46591836261945
51.0,85.71428571428571,75.0,87.48404085541014
43.0,81.1881188118812,68.33333333333333,84.14771782852964
23.0,72.1311475409836,56.41025641025641,78.1881804043546
37.0,81.81818181818183,69.23076923076923,84.59942929029486
46.0,76.78571428571429,62.31884057971014,81.13348926637752
55.0,84.375,72.97297297297297,86.46653516770431
48.0,82.45614035087719,70.1492537313433,85.05467833288623
35.0,71.26436781609196,55.35714285714286,77.6536437189294
38.0,77.89473684210526,63.793103448275865,81.87560994229146
49.0,81.35593220338984,68.57142857142857,84.26377046190325
58.0,87.5,77.77777777777779,88.87292719694955
51.0,84.7457627118644,73.52941176470588,86.74675112833307
37.0,76.19047619047619,61.53846153846154,80.74928820381916
41.0,82.82828282828282,70.6896551724138,85.3278733626106
52.0,82.25806451612904,69.86301369863014,84.90956171215795
61.0,87.4074074074074,77.63157894736842,88.79882916081631
56.0,85.71428571428571,75.0,87.48204381309604
40.0,78.57142857142857,64.70588235294117,82.33499250965768
48.0,84.11214953271028,72.58064516129032,86.27336700425529
57.0,87.02290076335878,77.02702702702703,88.49655387744735
68.0,89.20863309352518,80.51948051948052,90.24477438194165
56.0,86.1788617886179,75.71428571428571,87.84018457451812
40.0,78.48101265822784,64.58333333333334,82.27471582411007
53.0,80.0,66.66666666666666,83.3083961749724
60.0,86.56716417910447,76.31578947368422,88.13993711682535
68.0,89.5104895104895,81.0126582278481,90.49136263882826
63.0,89.05109489051095,80.26315789473685,90.11661336820052
54.0,77.31092436974791,63.013698630136986,81.47991933302181
60.0,83.33333333333334,71.42857142857143,85.69233882575595
64.0,85.92592592592592,75.32467532467533,87.64338239676441
73.0,89.79591836734694,81.48148148148148,90.7257736683001
64.0,87.32394366197182,77.5,88.73204094664166
52.0,73.50427350427351,58.108108108108105,79.02313629529236
47.0,80.0,66.66666666666666,83.31238946290608
47.0,85.18518518518519,74.19354838709677,87.08081568566888
49.0,85.96491228070175,75.38461538461539,87.67634822934363
39.0,81.81818181818183,69.23076923076923,84.59942929029486
24.0,13.793103448275861,7.4074074074074066,53.67879040199366
46.0,86.27450980392157,75.86206896551724,87.91707134544113
52.0,87.39495798319328,77.61194029850746,88.79100725722596
57.0,88.0,78.57142857142857,89.27075049808036
50.0,86.72566371681415,76.5625,88.26628800347119
30.0,67.6923076923077,51.162790697674424,75.5604598302345
44.0,84.0,72.41379310344827,86.1909393171129
52.0,87.39495798319328,77.61194029850746,88.79100725722596
59.0,89.23076923076924,80.55555555555556,90.26381073998697
51.0,83.76068376068376,72.05882352941177,86.01045990243605
34.0,71.05263157894737,55.10204081632652,77.52908577337494
55.0,82.64462809917356,70.4225352112676,85.19032039261062
60.0,90.07633587786259,81.94444444444444,90.95925257120561
64.0,93.33333333333333,87.5,93.74102029413524
55.0,86.4,76.05633802816901,88.01121039311965
44.0,71.26436781609196,55.35714285714286,77.6536437189294
62.0,86.33093525179856,75.9493670886076,87.95572752227491
65.0,91.97080291970804,85.13513513513513,92.55659237151066
65.0,91.42857142857143,84.21052631578947,92.0932899778181
63.0,88.40579710144928,79.22077922077922,89.59442632594383
45.0,70.45454545454545,54.385964912280706,77.16705763811264
65.0,77.77777777777779,63.63636363636363,81.78226299472284
66.0,89.85507246376811,81.57894736842105,90.77550553159848
68.0,91.66666666666666,84.61538461538461,92.2957186497398
64.0,89.20863309352518,80.51948051948052,90.24477438194165
37.0,69.04761904761905,52.72727272727272,76.33771257956154
80.0,69.1588785046729,52.85714285714286,76.362705794465
68.0,87.32394366197182,77.5,88.73204094664166
68.0,91.97080291970804,85.13513513513513,92.55659237151066
67.0,85.52631578947368,74.71264367816092,87.33437057089584
51.0,64.12213740458014,47.19101123595505,73.548631241307
72.0,68.59903381642512,52.20588235294118,76.0380773904213
67.0,87.32394366197182,77.5,88.73204094664166
68.0,91.97080291970804,85.13513513513513,92.55659237151066
71.0,85.0,73.91304347826086,86.93257346739738
53.0,67.9245283018868,51.42857142857142,75.68038064847
90.0,51.85185185185185,35.0,67.35728258049063
93.0,49.44649446494465,32.84313725490196,66.28486663778844
91.0,0.0,0.0,49.84454719387755
64.0,0.0,0.0,49.86547353316326
26.0,0.0,0.0,49.92526307397959
108.0,80.75117370892019,67.71653543307087,83.81734138393412
141.0,85.30465949820788,74.375,87.14654668677709
155.0,86.98630136986301,76.96969696969697,88.44688568838902
153.0,84.51612903225806,73.18435754189943,86.54422193210468
153.0,82.67477203647417,70.46632124352331,85.1762061853108
175.0,82.92682926829268,70.83333333333334,85.353695633342
191.0,83.37236533957847,71.4859437751004,85.67196904743659
207.0,90.02217294900223,81.85483870967742,90.88239504170963
208.0,86.81818181818181,76.70682730923694,88.2953962493969
190.0,85.71428571428571,75.0,87.4409988199764
166.0,89.7590361445783,81.4207650273224,90.67640086375215
120.0,86.4,76.05633802816901,87.99421519128352
83.0,84.13793103448276,72.61904761904762,86.28657658813302
117.0,84.38818565400844,72.99270072992701,86.45940651960844
155.0,85.62300319488818,74.86033519553072,87.38520536604003
162.0,87.5,77.77777777777779,88.8489176681678
169.0,86.53295128939828,76.26262626262627,88.084336619569
172.0,82.09366391184572,69.62616822429906,84.74811919320577
192.0,80.68459657701712,67.62295081967213,83.73249278601331
199.0,84.21052631578947,72.72727272727273,86.29462532186969
218.0,88.51063829787233,79.38931297709924,89.64062190641705
228.0,88.88888888888889,80.0,89.94796669868717
220.0,88.55291576673866,79.45736434108527,89.67565141270309
187.0,92.18328840970351,85.5,92.72100289971003
134.0,89.39393939393939,80.82191780821918,90.38299134647644
90.0,81.81818181818183,69.23076923076923,84.58744775269429
125.0,84.16666666666667,72.66187050359713,86.29299216642661
160.0,86.06811145510835,75.54347826086956,87.726772405811
168.0,86.82634730538922,76.71957671957672,88.31581562288524
171.0,86.03351955307262,75.49019607843137,87.69512002953994
186.0,81.98433420365535,69.46902654867256,84.66553948437647
207.0,81.41176470588235,68.65079365079364,84.24640156511245
204.0,84.9438202247191,73.828125,86.84704507546962
226.0,89.44099378881988,80.89887640449437,90.39839736958106
234.0,90.45643153526972,82.57575757575758,91.2418401153939
231.0,88.98128898128898,80.14981273408239,90.02186605640512
205.0,93.46246973365618,87.72727272727273,93.83662718051411
141.0,90.32258064516128,82.35294117647058,91.14949756126227
89.0,84.61538461538461,73.33333333333333,86.64271935076165
132.0,84.70588235294117,73.46938775510205,86.6957468455146
160.0,85.97560975609755,75.40106951871658,87.65456693683406
177.0,84.81375358166189,73.6318407960199,86.76295006139844
185.0,85.9375,75.34246575342466,87.61724475409932
193.0,83.20802005012531,71.24463519313305,85.55533099388705
210.0,81.30841121495327,68.50393700787401,84.171971703809
221.0,86.14072494669509,75.65543071161048,87.7626815382201
238.0,90.36144578313254,82.41758241758241,91.16074412264679
244.0,90.76305220883533,83.08823529411765,91.49807160101278
242.0,89.50495049504951,81.00358422939068,90.44873906164229
212.0,92.95774647887323,86.8421052631579,93.39103942576838
147.0,93.15068493150685,87.17948717948718,93.56975957695381
95.0,87.91208791208791,78.43137254901961,89.19372843356442
132.0,85.39325842696628,74.50980392156863,87.21595026089219
166.0,85.62874251497006,74.86910994764398,87.38658663292698
177.0,84.15300546448088,72.64150943396226,86.26278022575727
191.0,85.56962025316456,74.77876106194691,87.3323885098564
197.0,84.00954653937947,72.42798353909465,86.14699176954733
210.0,81.83908045977012,69.26070038910505,84.55134703442613
237.0,88.88888888888889,80.0,89.94495155737049
240.0,88.3629191321499,79.15194346289752,89.5169150370221
255.0,90.34749034749035,82.3943661971831,91.14712503123341
258.0,89.18406072106262,80.47945205479452,90.1826586879367
215.0,92.23744292237443,85.59322033898306,92.76259248029315
141.0,91.54929577464789,84.4155844155844,92.18381426749728
87.0,88.75739644970415,79.7872340425532,89.87465532390529
143.0,83.27402135231317,71.34146341463415,85.6237871019514
169.0,86.80351906158357,76.68393782383419,88.296994097813
193.0,88.14432989690721,78.80184331797236,89.35492625852622
199.0,85.23002421307507,74.26160337552743,87.06980168776371
202.0,82.56880733944955,70.3125,85.08024391951356
228.0,81.6414686825054,68.97810218978103,84.40402898914301
239.0,88.4920634920635,79.35943060498221,89.62166073119408
249.0,88.212927756654,78.91156462585033,89.39371279506516
269.0,89.62962962962962,81.20805369127517,90.54795282793422
275.0,89.65517241379311,81.25,90.56791894490176
221.0,91.66666666666666,84.61538461538461,92.26966721112856
161.0,93.20388349514563,87.27272727272727,93.61537706776754
104.0,87.87878787878788,78.37837837837837,89.1652318332827
146.0,84.91228070175438,73.78048780487805,86.84729115046619
170.0,85.54572271386431,74.74226804123711,87.32216438179464
186.0,85.11749347258485,74.0909090909091,86.98846936160236
196.0,86.28428927680798,75.87719298245614,87.8835997910301
212.0,83.97291196388262,72.37354085603113,86.115756225175
228.0,81.62393162393163,68.95306859205776,84.39050848828656
239.0,87.82435129740519,78.29181494661923,89.08485374602961
255.0,89.98109640831758,81.78694158075601,90.84040498878403
270.0,89.78102189781022,81.45695364238411,90.67239831127819
276.0,89.96415770609319,81.75895765472313,90.82339470117229
229.0,91.17043121149896,83.77358490566039,91.84375285640147
163.0,92.92307692307692,86.7816091954023,93.36781609195401
103.0,86.73469387755102,76.57657657657657,88.26233552232235
151.0,85.91065292096219,75.30120481927712,87.60964418702561
171.0,86.13569321533923,75.64766839378238,87.77686237998135
197.0,85.12820512820512,74.10714285714286,86.9955830262519
205.0,85.5106888361045,74.68879668049793,87.28339345985854
217.0,85.08771929824562,74.04580152671755,86.9548762745428
233.0,81.83716075156576,69.25795053003534,84.5419404510921
245.0,88.46153846153845,79.3103448275862,89.59510754373345
269.0,90.34608378870675,82.39202657807309,91.14293685897725
276.0,90.74733096085409,83.06188925081433,91.47886233538894
280.0,90.52631578947368,82.6923076923077,91.29206514067685
230.0,92.0892494929006,85.33834586466166,92.6301331117138
171.0,94.46064139941691,89.50276243093923,94.73238653398045
104.0,88.23529411764706,78.94736842105263,89.44972541964663
113.0,85.21739130434783,74.24242424242425,87.08726507859859
148.0,87.91946308724832,78.44311377245509,89.18558925709377
158.0,86.53846153846155,76.27118644067797,88.09362763212133
167.0,86.80351906158357,76.68393782383419,88.296994097813
160.0,82.73809523809523,70.55837563451777,85.22123070552156
189.0,83.02872062663185,70.98214285714286,85.42609352105998
193.0,84.9514563106796,73.83966244725738,86.85783246360388
227.0,90.36402569593149,82.421875,91.16590597793454
227.0,89.82300884955751,81.52610441767068,90.71702735541449
222.0,90.625,82.85714285714286,91.38654873631762
205.0,91.41414141414141,84.18604651162791,92.05901985547392
167.0,87.29641693811075,77.45664739884393,88.68935643192665
218.0,52.20338983050847,35.321100917431195,67.51982908703154
124.0,85.02024291497976,73.94366197183099,86.93488345141449
155.0,87.66233766233766,78.03468208092485,88.97937217493217
170.0,84.86646884272997,73.71134020618557,86.80470374089184
173.0,84.5303867403315,73.20574162679426,86.54689656155298
181.0,80.55555555555556,67.44186046511628,83.6509736056668
201.0,81.59203980099502,68.90756302521008,84.37979926834367
201.0,86.87350835322196,76.79324894514767,88.34161787178174
231.0,90.22869022869024,82.1969696969697,91.05144627685611
235.0,90.2542372881356,82.23938223938224,91.07365705448287
238.0,90.12345679012346,82.02247191011236,90.96319463952483
216.0,93.05555555555556,87.01298701298701,93.47647849898975
174.0,89.29663608562691,80.66298342541437,90.29651270011473
183.0,66.66666666666666,50.0,74.9081543007747
129.0,84.25196850393701,72.78911564625851,86.35461294705823
159.0,86.85015290519877,76.75675675675676,88.33540759850868
173.0,84.7953216374269,73.60406091370558,86.75006267687637
182.0,83.87096774193549,72.22222222222221,86.05113510151494
186.0,80.42895442359249,67.2645739910314,83.55932493578675
209.0,82.23844282238443,69.83471074380165,84.84436559047023
213.0,86.23853211009175,75.80645161290323,87.84321140299478
236.0,90.61224489795919,82.83582089552239,91.37186808879095
245.0,89.7119341563786,81.34328358208955,90.62159975573512
260.0,89.48374760994264,80.96885813148789,90.42936519164999
224.0,92.87257019438445,86.69354838709677,93.31374843345552
186.0,89.65517241379311,81.25,90.5890143942423
173.0,68.93939393939394,52.601156069364166,76.21871719810427
134.0,85.15625,74.14965986394559,87.0368807838313
161.0,86.85015290519877,76.75675675675676,88.33540759850868
184.0,83.33333333333334,71.42857142857143,85.65431689807015
190.0,84.31876606683805,72.88888888888889,86.38345908093169
191.0,83.46456692913385,71.62162162162163,85.74783222353048
222.0,82.05128205128204,69.56521739130434,84.70560869565217
226.0,86.5934065934066,76.35658914728683,88.1172689428785
243.0,90.1010101010101,81.98529411764706,90.94360095548639
257.0,92.1259842519685,85.40145985401459,92.66068347312078
272.0,90.40590405904058,82.49158249158249,91.19371938662559
226.0,91.75475687103594,84.765625,92.34378049375488
190.0,90.75630252100841,83.07692307692308,91.50547077587507
212.0,66.45962732919256,49.76744186046512,74.77586976484079
136.0,82.70676691729322,70.51282051282051,85.21047089636552
172.0,87.57396449704143,77.89473684210526,88.9053919278888
188.0,83.87096774193549,72.22222222222221,86.05113510151494
195.0,85.21303258145363,74.235807860262,87.0589110092815
199.0,84.0,72.41379310344827,86.142906790086
225.0,81.00686498855835,68.07692307692308,83.95545987842834
228.0,87.87878787878788,78.37837837837837,89.13315893285076
253.0,89.84375,81.56028368794325,90.72808562325325
270.0,89.272030651341,80.62283737024222,90.25535477226046
276.0,90.21739130434783,82.17821782178217,91.03502995561638
233.0,92.05702647657841,85.28301886792453,92.60247039492322
194.0,88.64265927977839,79.60199004975125,89.76000814067856
204.0,66.88102893890675,50.24154589371981,75.01792105358622
153.0,84.06779661016948,72.51461988304094,86.21035877073808
177.0,87.5,77.77777777777779,88.84490824037424
218.0,80.0,66.66666666666666,83.25235600698471
222.0,83.72093023255815,72.0,85.92999439955196
213.0,83.41232227488152,71.54471544715447,85.70235772357724
232.0,81.69642857142857,69.0566037735849,84.44629040518504
248.0,84.88612836438924,73.7410071942446,86.79746123255086
258.0,90.63097514340345,82.86713286713287,91.38450658054576
277.0,90.57301293900186,82.77027027027027,91.33406465787652
286.0,89.94708994708994,81.73076923076923,90.80829441286463
243.0,91.94499017681729,85.0909090909091,92.50440693022088
210.0,86.44501278772378,76.12612612612612,88.0100704820244
212.0,68.50152905198776,52.093023255813954,75.94364329936751
145.0,81.66089965397923,69.00584795321637,84.44998538537402
176.0,87.5,77.77777777777779,88.84490824037424
202.0,82.86445012787725,70.74235807860262,85.30419779404998
219.0,83.29411764705881,71.37096774193549,85.61448245093935
209.0,83.01886792452831,70.96774193548387,85.41187096774195
231.0,81.79775280898876,69.20152091254754,84.51975073510722
243.0,85.1153039832285,74.08759124087592,86.97275725972318
264.0,88.7189292543021,79.72508591065292,89.80347680123388
280.0,91.20879120879121,83.83838383838383,91.87112173672551
290.0,90.59233449477352,82.80254777070064,91.34718301268424
252.0,91.69811320754717,84.66898954703834,92.29043573440676
228.0,86.810551558753,76.69491525423729,88.29245212656859
227.0,66.66666666666666,50.0,74.88514012904257
159.0,85.06493506493507,74.01129943502825,86.95969108028763
188.0,86.25336927223721,75.82938388625593,87.86370825790723
228.0,79.90430622009569,66.53386454183267,83.18294738819523
234.0,80.9090909090909,67.93893129770993,83.88546228872056
211.0,83.49056603773585,71.65991902834008,85.75995811414204
238.0,81.6414686825054,68.97810218978103,84.40402898914301
256.0,85.3118712273642,74.3859649122807,87.11992985826988
269.0,88.80597014925374,79.86577181208054,89.87281141366972
293.0,90.0709219858156,81.93548387096774,90.91165443898934
295.0,91.40893470790378,84.17721518987342,92.03851743264458
282.0,90.0709219858156,81.93548387096774,90.91165443898934
237.0,86.77494199535964,76.63934426229508,88.26265958838813
225.0,67.44186046511628,50.877192982456144,75.32673073014138
269.0,33.33333333333333,20.0,59.748568235787126
289.0,0.0,0.0,49.701052295918366
260.0,0.0,0.0,49.70204878826531
233.0,0.0,0.0,49.679129464285715
232.0,14.973262032085561,8.092485549132949,53.72918127660046
242.0,6.349206349206349,3.278688524590164,51.345320421446694
253.0,20.652173913043477,11.515151515151516,55.32061572245933
269.0,47.950819672131146,31.536388140161726,65.5144934368281
305.0,55.66218809980806,38.56382978723404,69.05105802487564
322.0,86.10634648370498,75.6024096385542,87.72008313675332
322.0,43.83116883116883,28.06652806652807,63.68754752080426
346.0,13.479052823315119,7.2265625,53.13959808918707
254.0,46.74329501915709,30.5,64.97229991609062
49.0,19.51219512195122,10.81081081081081,55.339626422787006
58.0,31.775700934579437,18.88888888888889,59.3716758485793
110.0,64.83516483516483,47.96747967479675,73.91988924777809
106.0,66.27906976744185,49.56521739130435,74.72474640789703
97.0,66.22516556291392,49.504950495049506,74.70160344446846
102.0,54.666666666666664,37.61467889908257,68.73952255515613
92.0,62.16216216216216,45.09803921568628,72.49316483026485
90.0,56.934306569343065,39.795918367346935,69.83912040193543
84.0,53.333333333333336,36.36363636363637,68.1189940892773
82.0,73.33333333333333,57.89473684210527,78.90746498736216
81.0,75.64102564102564,60.824742268041234,80.37445984643357
81.0,80.23255813953489,66.99029126213593,83.46121823569406
72.0,80.26315789473685,67.03296703296702,83.48655235814768
53.0,76.10619469026548,61.42857142857143,80.68735734375134
53.0,71.42857142857143,55.55555555555556,77.74586458167119
75.0,54.385964912280706,37.34939759036144,68.62284915912528
59.0,32.55813953488372,19.444444444444446,59.66440953532776
107.0,61.53846153846154,44.44444444444444,72.14739581947659
116.0,37.83783783783784,23.333333333333332,61.574938182978386
111.0,44.75524475524475,28.82882882882883,64.33564128103853
116.0,59.30232558139535,42.14876033057851,71.00455472888028
108.0,65.86826347305389,49.107142857142854,74.49670903556252
101.0,80.8080808080808,67.79661016949152,83.860377904931
95.0,76.36363636363637,61.76470588235294,80.84344088242923
89.0,69.50354609929079,53.2608695652174,76.58754372589276
89.0,81.92771084337349,69.38775510204081,84.6639422113541
87.0,81.05263157894737,68.14159292035397,84.03486759932149
79.0,80.85106382978722,67.85714285714286,83.89264328485886
73.0,77.10843373493977,62.745098039215684,81.33463394936518
57.0,73.52941176470588,58.139534883720934,79.03385793382073
72.0,29.88505747126437,17.56756756756757,58.72298199760672
56.0,0.0,0.0,49.9382174744898
117.0,48.38709677419355,31.914893617021278,65.86169767125027
110.0,81.98198198198197,69.46564885496184,84.6928923120771
122.0,87.06896551724138,77.09923664122137,88.51966325321179
118.0,71.875,56.09756097560976,77.99489580103457
114.0,69.94535519125684,53.78151260504202,76.83587922716978
102.0,71.51515151515152,55.660377358490564,77.78329840249289
108.0,60.37735849056604,43.24324324324324,71.55878248979909
98.0,32.55813953488372,19.444444444444446,59.635491088736025
95.0,57.77777777777777,40.625,70.25565575323614
96.0,68.0,51.515151515151516,75.70969545832389
84.0,82.97872340425532,70.9090909090909,85.42260805185474
81.0,80.21978021978022,66.97247706422019,83.45031253965455
70.0,82.1917808219178,69.76744186046511,84.85778111061407
73.0,17.28395061728395,9.45945945945946,54.66295542687338
80.0,0.0,0.0,49.9202806122449
117.0,25.157232704402517,14.388489208633093,57.075614729525896
108.0,51.533742331288344,34.710743801652896,67.27658305493344
120.0,78.64077669902912,64.8,82.35608344146122
119.0,76.09756097560975,61.417322834645674,80.65975726945265
121.0,74.25742574257426,59.055118110236215,79.47566388336504
119.0,67.37967914438502,50.806451612903224,75.34236335559056
119.0,51.24999999999999,34.45378151260504,67.14910078921366
106.0,25.396825396825395,14.545454545454545,57.17902711323764
98.0,62.93706293706294,45.91836734693878,72.90632217060688
95.0,60.99290780141844,43.87755102040816,71.8839214220785
91.0,90.69767441860465,82.97872340425532,91.4733930007823
89.0,85.22727272727273,74.25742574257426,87.1027652854106
81.0,86.07594936708861,75.55555555555556,87.75582519535581
73.0,60.0,42.857142857142854,71.3846969096954
80.0,0.0,0.0,49.9202806122449
114.0,25.882352941176475,14.864864864864865,57.3068193208162
113.0,56.25,39.130434782608695,69.48142185241922
117.0,82.62910798122066,70.39999999999999,85.16306500559017
124.0,70.35175879396985,54.263565891472865,77.07290776112781
127.0,63.91752577319587,46.96969696969697,73.41500772178826
123.0,53.80116959064327,36.8,68.3212048673449
119.0,34.177215189873415,20.610687022900763,60.20165251063282
120.0,0.0,0.0,49.8664700255102
112.0,38.84892086330935,24.107142857142858,61.96882397598015
97.0,53.333333333333336,36.36363636363637,68.1189940892773
99.0,79.76190476190477,66.33663366336634,83.13439079045305
90.0,85.38011695906432,74.48979591836735,87.21994935331176
86.0,83.33333333333334,71.42857142857143,85.68634494870874
74.0,19.51219512195122,10.81081081081081,55.339626422787006
81.0,0.0,0.0,49.91928411989796
118.0,30.303030303030305,17.857142857142858,58.81391768288341
109.0,60.73298429319372,43.609022556390975,71.72968786145898
115.0,79.81220657276995,66.40625,83.16020311782556
130.0,70.81339712918661,54.81481481481482,77.34653159406662
133.0,64.35643564356435,47.44525547445255,73.6507872231675
131.0,41.91616766467065,26.515151515151516,63.160848528362145
121.0,24.113475177304963,13.709677419354838,56.74817789108055
123.0,0.0,0.0,49.86148756377551
115.0,32.11678832116788,19.130434782608695,59.47250295177808
99.0,44.61538461538462,28.71287128712871,64.28464670304946
103.0,52.112676056338024,35.23809523809524,67.55123613497335
95.0,82.35294117647058,70.0,84.97006346545324
87.0,83.52941176470588,71.71717171717171,85.83064453536463
73.0,43.75,28.000000000000004,63.946166882663746
87.0,0.0,0.0,49.89935427295919
122.0,30.18867924528302,17.77777777777778,58.77822530618032
101.0,62.03208556149733,44.96124031007752,72.40978732052821
109.0,77.83251231527095,63.70967741935484,81.80992584064334
138.0,68.20276497695853,51.74825174825175,75.80526634756006
131.0,65.02463054187191,48.175182481751825,74.01674709799026
124.0,38.961038961038966,24.193548387096776,62.003047874400295
135.0,8.187134502923977,4.2682926829268295,51.97767521387466
123.0,0.0,0.0,49.839564732142854
118.0,4.615384615384616,2.3622047244094486,51.057529922844914
101.0,43.28358208955223,27.61904761904762,63.73374659453588
104.0,66.25,49.532710280373834,74.71248765420245
90.0,84.02366863905326,72.44897959183673,86.1975463770979
87.0,86.51685393258427,76.23762376237624,88.09485930728445
80.0,0.0,0.0,49.9202806122449
103.0,0.0,0.0,49.86547353316326
117.0,42.10526315789473,26.666666666666668,63.23460975934051
93.0,74.48979591836735,59.34959349593496,79.62489953622367
129.0,77.41935483870968,63.1578947368421,81.53003736283134
130.0,64.0,47.05882352941176,73.4575726842461
138.0,68.54460093896714,52.142857142857146,76.00456630769187
123.0,52.69461077844312,35.77235772357724,67.80738687263998
126.0,0.0,0.0,49.86248405612245
124.0,0.0,0.0,49.8405612244898
124.0,0.0,0.0,49.85550860969388
104.0,47.482014388489205,31.132075471698112,65.49324592044113
101.0,69.87951807228916,53.70370370370371,76.80196957402752
92.0,84.78260869565217,73.58490566037736,86.7645076028343
88.0,86.04651162790698,75.51020408163265,87.73115090114126
54.0,26.08695652173913,15.0,57.4322223108205
109.0,31.57894736842105,18.75,59.284281228192604
122.0,41.25,25.984251968503933,62.8983940575623
116.0,66.66666666666666,50.0,74.93314574228182
109.0,64.32748538011695,47.41379310344828,73.64604381534618
109.0,62.857142857142854,45.83333333333333,72.85182358691965
95.0,64.55696202531645,47.66355140186916,73.7759153518074
90.0,69.76744186046511,53.57142857142857,76.73383464647732
87.0,71.42857142857143,55.55555555555556,77.72589296206866
86.0,77.45664739884393,63.20754716981132,81.56485841996523
83.0,78.04878048780488,64.0,81.96408045977012
78.0,80.72289156626506,67.67676767676768,83.80645344663785
79.0,79.01234567901234,65.3061224489796,82.61913721427267
62.0,73.50427350427351,58.108108108108105,79.02313629529236
58.0,68.62745098039215,52.23880597014925,76.08749297131342
83.0,67.54966887417218,51.0,75.45112219451372
104.0,47.12643678160919,30.82706766917293,65.32178156571243
120.0,75.2,60.256410256410255,80.06630664172296
123.0,70.04608294930875,53.90070921985816,76.88548435044804
114.0,71.875,56.09756097560976,77.99489580103457
111.0,67.0391061452514,50.42016806722689,75.15122059678689
101.0,70.52023121387283,54.46428571428571,77.18125988797195
101.0,79.0,65.28925619834712,82.60270942140842
97.0,75.78947368421053,61.016949152542374,80.46257005766988
93.0,79.09604519774011,65.42056074766354,82.67335864789077
88.0,83.9080459770115,72.27722772277228,86.1106714228096
85.0,85.71428571428571,75.0,87.4740508603138
84.0,83.14606741573034,71.15384615384616,85.54698415232924
75.0,81.33333333333333,68.53932584269663,84.24172717356822
60.0,76.63551401869158,62.121212121212125,81.03567337884681
87.0,62.5,45.45454545454545,72.67940293311284
105.0,8.333333333333332,4.3478260869565215,52.064287961259446
121.0,69.56521739130434,53.333333333333336,76.59680080911318
126.0,75.33632286995515,60.431654676258994,80.1609283522635
118.0,78.67298578199052,64.84375,82.37695854460702
117.0,76.61691542288557,62.096774193548384,81.0014799728795
111.0,64.32748538011695,47.41379310344828,73.64604381534618
104.0,73.74301675977654,58.4070796460177,79.15664299602821
105.0,79.34782608695652,65.76576576576578,82.8449610019576
94.0,69.86301369863014,53.68421052631579,76.79821498884368
98.0,83.69565217391305,71.96261682242991,85.95136769383535
95.0,83.14606741573034,71.15384615384616,85.54698415232924
83.0,88.75739644970415,79.7872340425532,89.87465532390529
81.0,88.48484848484848,79.34782608695652,89.65495210301562
75.0,76.19047619047619,61.53846153846154,80.7393073731248
89.0,69.01408450704226,52.68817204301075,76.30019749835417
100.0,15.126050420168067,8.181818181818182,53.99024530794419
119.0,32.608695652173914,19.480519480519483,59.616620766064386
126.0,78.51239669421489,64.62585034013605,82.26100927381995
124.0,75.92592592592592,61.19402985074627,80.54511250192921
125.0,71.49758454106279,55.639097744360896,77.76066898714592
124.0,73.17073170731707,57.692307692307686,78.79126472218427
108.0,72.0,56.25,78.07611049029194
115.0,72.1311475409836,56.41025641025641,78.15424015883006
105.0,63.63636363636363,46.666666666666664,73.27747521295909
97.0,77.5,63.26530612244898,81.59673495450781
98.0,82.75862068965517,70.58823529411765,85.26417991753623
92.0,78.98089171974523,65.26315789473685,82.59865401621146
84.0,88.60759493670885,79.54545454545455,89.75476535199923
83.0,86.66666666666667,76.47058823529412,88.21533841929738
90.0,67.6056338028169,51.06382978723404,75.4860323529212
100.0,0.0,0.0,49.89237882653062
123.0,15.476190476190476,8.38709677419355,54.052009802881315
123.0,62.0,44.927536231884055,72.38794100176236
123.0,73.07692307692307,57.57575757575758,78.7319905643259
130.0,75.57603686635944,60.74074074074074,80.31746982339867
129.0,71.42857142857143,55.55555555555556,77.71789873344733
119.0,69.14893617021278,52.84552845528455,76.36489270242825
116.0,66.28571428571428,49.572649572649574,74.72746369849207
110.0,64.67065868263472,47.78761061946903,73.8349489193271
113.0,64.28571428571429,47.368421052631575,73.62435656996928
102.0,77.38095238095238,63.10679611650486,81.51548223138806
99.0,74.53416149068323,59.4059405940594,79.6620651968621
93.0,85.38011695906432,74.48979591836735,87.21994935331176
86.0,86.62420382165605,76.40449438202246,88.18129245324481
92.0,64.74820143884892,47.87234042553192,73.8872982572893
100.0,0.0,0.0,49.891382334183675
125.0,25.730994152046783,14.76510067114094,57.25594029449697
125.0,73.21428571428571,57.74647887323944,78.81335202495366
125.0,57.77777777777777,40.625,70.23668801372595
130.0,77.33333333333333,63.04347826086957,81.4708297491335
131.0,62.944162436548226,45.925925925925924,72.89012902434303
119.0,60.57142857142858,43.44262295081967,71.65248079887412
115.0,64.73988439306359,47.863247863247864,73.87076998110518
119.0,61.71428571428571,44.62809917355372,72.24721266885659
114.0,42.857142857142854,27.27272727272727,63.54861459861161
103.0,60.75949367088608,43.63636363636363,71.75634013289614
104.0,51.24999999999999,34.45378151260504,67.14910078921366
101.0,77.10843373493977,62.745098039215684,81.33463394936518
87.0,85.18518518518519,74.19354838709677,87.07282544387269
94.0,61.87050359712231,44.79166666666667,72.34297393932141
114.0,0.0,0.0,49.8714524872449
128.0,18.666666666666668,10.294117647058822,55.0254528269583
126.0,66.02870813397129,49.28571428571429,74.57200875839989
132.0,57.75401069518716,40.6015037593985,70.22194417050966
138.0,56.852791878172596,39.71631205673759,69.77335953994101
135.0,42.10526315789473,26.666666666666668,63.23460975934051
125.0,27.586206896551722,16.0,57.87438187908758
127.0,24.120603015075375,13.714285714285715,56.70660050589067
122.0,14.814814814814813,8.0,53.839519955344684
116.0,4.9079754601226995,2.515723270440252,51.10339300730017
103.0,42.944785276073624,27.34375,63.57913652250653
104.0,39.75903614457831,24.81203007518797,62.30630022196668
96.0,85.54913294797689,74.74747474747475,87.34878826990918
86.0,85.18518518518519,74.19354838709677,87.07282544387269
92.0,0.0,0.0,49.886399872448976
125.0,0.0,0.0,49.84654017857143
127.0,32.53012048192771,19.424460431654676,59.600562984177664
134.0,57.868020304568525,40.714285714285715,70.27433992811393
134.0,73.0593607305936,57.55395683453237,78.71809148018538
135.0,69.1588785046729,52.85714285714286,76.362705794465
130.0,60.10362694300518,42.96296296296296,71.40466277363201
118.0,55.757575757575765,38.655462184873954,69.2549204002367
129.0,47.45762711864407,31.11111111111111,65.4628041293777
122.0,2.312138728323699,1.1695906432748537,50.41638140207749
123.0,14.117647058823529,7.59493670886076,53.65194566883912
106.0,63.2258064516129,46.22641509433962,73.05635196036032
106.0,55.865921787709496,38.759689922480625,69.30104354081978
91.0,88.50574712643679,79.38144329896907,89.67076117123148
85.0,82.11920529801324,69.66292134831461,84.80452209411979
125.0,0.0,0.0,49.86547353316326
128.0,0.0,0.0,49.852519132653065
138.0,0.0,0.0,49.8176419005102
121.0,0.0,0.0,49.859494579081634
124.0,0.0,0.0,49.82959980867347
124.0,0.0,0.0,49.793726084183675
120.0,2.247191011235955,1.1363636363636365,50.39478523827988
132.0,0.0,0.0,49.81166294642857
134.0,0.0,0.0,49.83856823979592
137.0,0.0,0.0,49.86248405612245
119.0,0.0,0.0,49.881417410714285
111.0,0.0,0.0,49.8893893494898
112.0,0.0,0.0,49.87942442602041
81.0,0.0,0.0,49.87643494897959
75.0,0.0,0.0,49.87344547193878
161.0,23.52941176470588,13.333333333333334,56.49817215021602
242.0,54.310344827586206,37.278106508875744,68.42726504264967
341.0,49.00181488203267,32.45192307692308,65.94519176967195
380.0,85.89108910891089,75.27114967462039,87.52118361934475
379.0,88.0,78.57142857142857,89.18937517203413
404.0,88.50726552179657,79.38388625592417,89.60466558537667
389.0,81.98581560283688,69.47115384615384,84.60828925294241
395.0,72.8125,57.24815724815725,78.44988003769014
386.0,44.61538461538462,28.71287128712871,64.06878082934142
338.0,66.66666666666666,50.0,74.82801375889929
299.0,80.15873015873017,66.88741721854305,83.34365658221745
251.0,87.2651356993737,77.4074074074074,88.64266341711455
190.0,89.61748633879782,81.1881188118812,90.55606852375232
120.0,85.33333333333334,74.4186046511628,87.17635504123635
58.0,80.35714285714286,67.16417910447761,83.56014704161664
182.0,35.714285714285715,21.73913043478261,60.69001767719261
268.0,44.397463002114165,28.532608695652172,64.00367727826486
372.0,38.146167557932266,23.568281938325992,61.43761916924688
394.0,81.42857142857143,68.67469879518072,84.2070653784286
405.0,89.30669800235017,80.67940552016985,90.24832995905673
408.0,89.769820971867,81.4385150812065,90.6389765571612
426.0,76.90140845070422,62.47139588100686,81.07137916207327
413.0,0.0,0.0,49.566525829081634
407.0,0.0,0.0,49.58047672193878
359.0,13.51981351981352,7.249999999999999,53.25508754262468
307.0,70.7112970711297,54.69255663430421,77.2062979144085
278.0,87.45098039215686,77.70034843205575,88.78611399942426
214.0,86.20689655172413,75.75757575757575,87.82278899876547
151.0,78.9272030651341,65.18987341772153,82.54001689179368
70.0,81.81818181818183,69.23076923076923,84.591443032846
190.0,29.1970802919708,17.094017094017094,58.35353479561235
281.0,43.86317907444668,28.09278350515464,63.767765112275335
385.0,42.225859247135844,26.763485477178424,63.02907424697133
410.0,40.074906367041194,25.05854800936768,62.209714996115665
415.0,88.36104513064133,79.14893617021276,89.47608241327279
427.0,89.1891891891892,80.48780487804879,90.15557208349472
428.0,59.17721518987342,42.02247191011236,70.75317918256623
420.0,0.0,0.0,49.52666613520408
414.0,0.0,0.0,49.56851881377551
368.0,13.807531380753138,7.415730337078652,53.297040128154826
314.0,59.91561181434599,42.77108433734939,71.1956712808784
285.0,84.8,73.61111111111111,86.72950079612878
224.0,90.69212410501193,82.96943231441048,91.44570523414679
172.0,81.48148148148148,68.75,84.32006043352312
76.0,86.48648648648648,76.19047619047619,88.07528279511038
209.0,9.961685823754788,5.241935483870968,52.38673135256483
316.0,47.60213143872114,31.23543123543124,65.32296320973832
421.0,44.92131616595136,28.96678966789668,64.09854107837546
424.0,14.37371663244353,7.7433628318584065,53.45585404910366
449.0,87.816091954023,78.27868852459017,89.03290573556495
437.0,82.78580814717476,70.62780269058297,85.1825361500487
436.0,21.96078431372549,12.334801762114537,55.770353794066054
438.0,0.0,0.0,49.52168367346938
424.0,0.0,0.0,49.55556441326531
383.0,0.8350730688935281,0.41928721174004197,49.73629087337908
331.0,20.175438596491226,11.219512195121952,55.246700043302056
286.0,58.454106280193244,41.29692832764505,70.4766531559312
229.0,64.9746192893401,48.1203007518797,73.92228272888102
179.0,79.24528301886792,65.625,82.74656593406593
91.0,83.52941176470588,71.71717171717171,85.83064453536463
218.0,8.75912408759124,4.580152671755725,52.04089365507091
348.0,55.24691358024691,38.16631130063966,68.79313824927577
442.0,45.75539568345324,29.66417910447761,64.45521768867242
457.0,12.167300380228136,6.477732793522267,52.778193135752836
449.0,84.09893992932862,72.5609756097561,86.14499732935666
447.0,55.29953917050692,38.21656050955414,68.81725697291452
444.0,0.0,0.0,49.54559948979592
445.0,0.0,0.0,49.51470822704081
428.0,0.0,0.0,49.532645089285715
386.0,0.0,0.0,49.50673628826531
333.0,0.8830022075055187,0.4434589800443459,49.77428659130969
289.0,38.59649122807017,23.91304347826087,61.71200588053046
237.0,19.078947368421055,10.545454545454545,55.027448392634746
201.0,69.02654867256636,52.702702702702695,76.24647510532166
117.0,76.0,61.29032258064516,80.59725709870582
257.0,20.385674931129476,11.349693251533742,55.38664781845121
429.0,60.273972602739725,43.13725490196079,71.24920581442014
451.0,47.093023255813954,30.798479087452474,65.03534143519663
464.0,64.84268125854993,47.97570850202429,73.73054032802611
467.0,79.42925089179548,65.87771203155819,82.76530760279405
441.0,49.57555178268252,32.95711060948081,66.18173339788451
433.0,0.0,0.0,49.554567920918366
429.0,0.0,0.0,49.53364158163265
413.0,0.0,0.0,49.55257493622449
365.0,0.0,0.0,49.50374681122449
316.0,0.0,0.0,49.560546875
287.0,0.0,0.0,49.63926977040816
223.0,0.0,0.0,49.73194355867347
201.0,70.76923076923077,54.761904761904766,77.28606813972667
141.0,68.20276497695853,51.74825174825175,75.80526634756006
265.0,1.1363636363636365,0.5714285714285714,49.938921125910404
432.0,48.598130841121495,32.098765432098766,65.66433651050471
449.0,22.818791946308725,12.878787878787879,55.98038539784369
458.0,26.37729549248748,15.192307692307692,57.156007729619915
459.0,77.70859277708593,63.543788187372705,81.5924058857608
455.0,5.338809034907597,2.7426160337552745,50.91180599347393
459.0,0.0,0.0,49.4319993622449
429.0,0.0,0.0,49.4319993622449
408.0,0.0,0.0,49.46787308673469
361.0,0.0,0.0,49.50474330357143
309.0,0.0,0.0,49.561543367346935
270.0,0.0,0.0,49.6402662627551
224.0,0.0,0.0,49.72696109693878
173.0,53.01204819277109,36.0655737704918,67.91604372020899
109.0,72.1311475409836,56.41025641025641,78.15424015883006
264.0,19.338422391857506,10.704225352112676,55.035985187923586
445.0,41.14441416893733,25.900514579759864,62.518473181933906
456.0,43.75876577840112,28.007181328545784,63.60275100013855
471.0,0.0,0.0,49.48182397959184
472.0,74.29245283018868,59.09943714821764,79.33111084462084
470.0,0.39215686274509803,0.19646365422396855,49.59200362581652
483.0,0.0,0.0,49.44296077806122
441.0,0.0,0.0,49.48680644132653
428.0,0.0,0.0,49.51969068877551
374.0,0.0,0.0,49.50374681122449
332.0,0.0,0.0,49.5296556122449
297.0,0.0,0.0,49.59044164540816
238.0,0.0,0.0,49.706034757653065
203.0,40.70175438596491,25.55066079295154,62.60672829742953
138.0,70.3862660944206,54.3046357615894,77.08344735737873
218.0,54.40806045340051,37.37024221453287,68.50436693294351
285.0,53.333333333333336,36.36363636363637,67.95803301557777
421.0,76.15384615384615,61.49068322981367,80.55889040297396
405.0,86.97729988052568,76.95560253699789,88.36838988168452
425.0,91.37529137529138,84.12017167381974,91.98576476990038
417.0,87.54914809960681,77.85547785547784,88.83243777609975
428.0,85.30183727034121,74.37070938215103,87.07301993349795
426.0,6.751054852320674,3.4934497816593884,51.30613477918695
410.0,40.232108317214696,25.181598062954,62.28224335165594
355.0,69.05187835420394,52.732240437158474,76.19306137857363
302.0,84.03041825095056,72.45901639344262,86.14543252862002
262.0,85.47368421052632,74.63235294117648,87.24713919045696
208.0,90.14778325123153,82.0627802690583,90.99138453374505
172.0,77.35191637630662,63.06818181818182,81.46917529938354
142.0,56.00000000000001,38.88888888888889,69.35665513877805
240.0,42.51497005988024,26.996197718631176,63.30650121436998
364.0,44.44444444444444,28.57142857142857,63.95600443038698
433.0,45.645645645645644,29.571984435797667,64.42416589453404
431.0,76.84210526315789,62.39316239316239,81.02017192707595
436.0,92.02733485193622,85.23206751054853,92.54571309305454
437.0,87.0886075949367,77.13004484304933,88.46267854610325
437.0,78.35616438356165,64.41441441441441,82.0488588408011
433.0,0.0,0.0,49.50972576530612
421.0,0.0,0.0,49.571508290816325
364.0,41.54175588865097,26.216216216216214,62.83553876766601
315.0,66.2420382165605,49.523809523809526,74.60296833647493
277.0,72.93577981651376,57.400722021660656,78.58240111719417
218.0,78.9873417721519,65.27196652719665,82.55301645032364
185.0,77.95527156549521,63.87434554973822,81.86824721447434
145.0,63.926940639269404,46.97986577181208,73.41110001159956
249.0,31.23123123123123,18.505338078291814,59.0242355541886
373.0,46.275752773375594,30.103092783505154,64.71274966978575
446.0,44.25531914893617,28.415300546448087,63.81480741036918
461.0,62.88798920377868,45.86614173228347,72.65775700834385
463.0,89.67032967032968,81.27490039840637,90.54301200598667
453.0,88.56799037304452,79.48164146868251,89.64545452810933
465.0,76.98309492847855,62.579281183932345,81.11221476999344
445.0,0.0,0.0,49.500757334183675
424.0,0.0,0.0,49.56552933673469
370.0,27.88844621513944,16.203703703703702,57.74061766832094
320.0,49.78540772532189,33.14285714285714,66.33770903487243
279.0,36.57142857142857,22.377622377622377,60.967307357393565
223.0,77.89473684210526,63.793103448275865,81.81259873781028
190.0,79.7583081570997,66.33165829145729,83.09888805388947
149.0,72.19917012448133,56.493506493506494,78.17987229484764
267.0,14.15929203539823,7.6190476190476195,53.51940576836892
384.0,45.89147286821705,29.77867203219316,64.54053134671143
455.0,45.49237170596394,29.443447037701976,64.32881781621961
473.0,54.52091767881242,37.47680890538033,68.40122912151796
474.0,88.22222222222223,78.92644135188867,89.3567500758921
469.0,84.22330097087378,72.74633123689728,86.24271949269857
472.0,57.5107296137339,40.36144578313253,69.88357431727911
447.0,0.0,0.0,49.50175382653062
428.0,0.0,0.0,49.53663105867347
375.0,11.740890688259109,6.236559139784946,52.6835576523301
328.0,21.96796338672769,12.339331619537274,55.82953654069747
290.0,24.2603550295858,13.804713804713806,56.647046241142185
235.0,0.0,0.0,49.74091198979592
200.0,79.03225806451613,65.33333333333333,82.58871188044267
156.0,74.61538461538461,59.50920245398773,79.68870534249137
281.0,17.56373937677054,9.627329192546584,54.52350605603997
437.0,51.68539325842697,34.84848484848485,67.08018737543462
459.0,51.02319236016372,34.24908424908425,66.76546312716269
478.0,61.016949152542374,43.90243902439025,71.65187226939346
486.0,83.53863381858902,71.73076923076923,85.7178031443889
479.0,80.545229244114,67.42738589211619,83.55622368766808
478.0,1.2244897959183674,0.6160164271047228,49.82567707927696
453.0,0.0,0.0,49.495774872448976
428.0,0.0,0.0,49.56353635204081
380.0,0.0,0.0,49.50972576530612
331.0,12.86031042128603,6.872037914691943,53.04417099036889
292.0,17.12538226299694,9.364548494983277,54.41207404010551
239.0,0.0,0.0,49.74689094387755
204.0,76.53061224489795,61.98347107438017,80.89978335232621
159.0,79.13669064748201,65.47619047619048,82.68017169716926
310.0,53.86221294363257,36.857142857142854,68.20777897347922
471.0,51.62907268170426,34.7972972972973,67.01241690960522
464.0,55.2,38.12154696132597,68.72456503142446
483.0,70.83825265643448,54.844606946983546,77.17468939056612
483.0,83.51126927639383,71.69042769857434,85.70572284093778
479.0,78.73417721518987,64.92693110647181,82.29501072520021
477.0,52.986217457886674,36.041666666666664,67.71385175222821
446.0,0.0,0.0,49.50175382653062
423.0,0.0,0.0,49.52865911989796
366.0,0.0,0.0,49.50872927295919
322.0,0.9803921568627451,0.49261083743842365,49.84370646308482
281.0,0.0,0.0,49.701052295918366
240.0,0.0,0.0,49.72995057397959
196.0,83.65650969529086,71.9047619047619,85.89341043763832
153.0,73.53951890034365,58.152173913043484,78.99919307008503
336.0,27.25060827250608,15.774647887323944,57.58903982554545
485.0,39.14780292942743,24.337748344370862,61.71213907853974
470.0,44.266666666666666,28.424657534246577,63.79441235040664
481.0,61.18500604594922,44.076655052264805,71.71683242367462
486.0,81.10047846889952,68.2092555331992,83.94611100194683
485.0,70.83888149134488,54.84536082474227,77.20328550153162
473.0,0.0,0.0,49.4499362244898
441.0,0.0,0.0,49.478834502551024
422.0,0.0,0.0,49.50275031887755
367.0,0.0,0.0,49.500757334183675
314.0,0.0,0.0,49.57748724489796
269.0,0.0,0.0,49.69507334183674
241.0,0.0,0.0,49.727957589285715
189.0,77.09497206703911,62.727272727272734,81.28169863630914
143.0,54.24657534246575,37.21804511278196,68.44227934094278
344.0,46.90431519699813,30.637254901960787,65.03591581684721
487.0,48.92268694550063,32.38255033557047,65.7881381011826
473.0,48.50136239782017,32.014388489208635,65.62917912399949
492.0,61.40567200986437,44.30604982206406,71.83956726286571
493.0,72.06982543640898,56.33528265107213,77.94313393884214
490.0,53.293413173652695,36.3265306122449,67.85125282562323
488.0,0.4024144869215292,0.20161290322580644,49.60753290901201
458.0,0.0,0.0,49.4808274872449
429.0,0.0,0.0,49.49677136479592
366.0,0.0,0.0,49.527662627551024
333.0,0.0,0.0,49.55556441326531
285.0,0.0,0.0,49.64126275510204
248.0,0.0,0.0,49.713010204081634
197.0,76.84210526315789,62.39316239316239,81.1086339649202
155.0,65.2439024390244,48.41628959276018,74.09430189957767
540.0,34.60949464012251,20.925925925925924,60.036500305910856
533.0,39.94038748137109,24.953445065176908,62.07406076847032
531.0,54.69387755102041,37.640449438202246,68.48705813580948
535.0,53.56695869837297,36.58119658119658,67.9193161161457
528.0,45.75342465753425,29.66252220248668,64.43533236841525
519.0,55.4089709762533,38.32116788321168,68.82235394520829
497.0,6.237816764132553,3.2193158953722336,51.13019223795725
477.0,0.0,0.0,49.5246731505102
443.0,1.1111111111111112,0.5586592178770949,49.74717087814709
369.0,25.573770491803277,14.661654135338345,56.87771516699449
321.0,45.42124542124542,29.383886255924168,64.39425272598015
268.0,50.09560229445506,33.41836734693878,66.44841836224948
241.0,39.14473684210527,24.335378323108383,61.798110481249736
181.0,27.232142857142854,15.762273901808785,57.55588503032173
134.0,16.470588235294116,8.974358974358974,54.062318115655174
52.0,60.16260162601627,43.02325581395349,71.462763749335
70.0,71.62162162162163,55.78947368421052,77.85283990856178
68.0,80.0,66.66666666666666,83.30540037243948
77.0,84.61538461538461,73.33333333333333,86.64271935076165
83.0,88.09523809523809,78.72340425531915,89.34174284459702
91.0,88.23529411764706,78.94736842105263,89.45372452908283
85.0,87.27272727272727,77.41935483870968,88.68872100868901
86.0,86.74698795180723,76.59574468085107,88.27591800544229
79.0,84.61538461538461,73.33333333333333,86.64271935076165
67.0,80.2919708029197,67.07317073170732,83.50965054811259
58.0,77.31092436974791,63.013698630136986,81.47991933302181
55.0,77.66990291262135,63.49206349206349,81.72309413633013
59.0,66.19718309859155,49.473684210526315,74.68896562657817
81.0,74.39024390243902,59.22330097087378,79.56974686376674
80.0,82.71604938271605,70.52631578947368,85.2352188019591
84.0,83.33333333333334,71.42857142857143,85.68434619212049
93.0,89.8989898989899,81.65137614678899,90.80572281294768
97.0,89.75609756097562,81.41592920353983,90.6869998225989
92.0,84.46601941747572,73.10924369747899,86.52267870753084
91.0,84.15841584158416,72.64957264957265,86.29284445898209
88.0,87.83068783068782,78.30188679245283,89.12798609680334
78.0,83.43558282208589,71.57894736842105,85.76253187851084
67.0,84.05797101449275,72.5,86.2280517977573
72.0,77.6978417266187,63.52941176470588,81.73378133824058
63.0,70.19867549668875,54.08163265306123,76.99592675487688
86.0,75.14450867052022,60.18518518518518,80.04968784114081
87.0,83.61581920903954,71.84466019417476,85.89338913664668
92.0,84.5771144278607,73.27586206896551,86.60698735198491
101.0,85.71428571428571,75.0,87.46805111821085
103.0,84.48275862068965,73.13432835820896,86.53122025163134
101.0,80.3347280334728,67.13286713286713,83.51950864630578
97.0,81.9047619047619,69.35483870967742,84.63948763193994
96.0,85.29411764705883,74.35897435897436,87.14954048460407
96.0,82.0,69.49152542372882,84.70983026486476
85.0,84.52380952380952,73.19587628865979,86.57199262991017
90.0,81.92771084337349,69.38775510204081,84.6639422113541
66.0,69.56521739130434,53.333333333333336,76.61778398510242
93.0,74.5945945945946,59.48275862068966,79.69447967556327
89.0,83.24324324324324,71.29629629629629,85.6172094068559
101.0,83.10502283105022,71.09375,85.50993779325147
108.0,86.5546218487395,76.29629629629629,88.11619480003638
110.0,84.42622950819673,73.04964539007092,86.48687809415276
106.0,81.6,68.91891891891892,84.41352743884995
104.0,82.44897959183673,70.13888888888889,85.02650884783935
100.0,87.61061946902655,77.95275590551181,88.94842100645322
100.0,83.78378378378379,72.09302325581395,86.01057128886977
95.0,84.31372549019608,72.88135593220339,86.40873546260799
93.0,83.06010928961749,71.02803738317756,85.48308056783628
66.0,70.65868263473054,54.629629629629626,77.26592920713678
95.0,75.53191489361703,60.68376068376068,80.29597673944545
96.0,82.05128205128204,69.56521739130434,84.74767576687543
109.0,85.83690987124464,75.18796992481202,87.56103504627852
110.0,83.06451612903226,71.03448275862068,85.47530260991365
111.0,81.42292490118577,68.66666666666667,84.2864018532942
103.0,75.65543071161048,60.8433734939759,80.356784100957
108.0,80.31496062992126,67.10526315789474,83.50270546958922
101.0,83.54430379746836,71.73913043478261,85.83062518504111
102.0,79.49790794979079,65.97222222222221,82.9371903627235
103.0,81.77777777777779,69.17293233082707,84.54553492988921
96.0,80.20833333333334,66.95652173913044,83.4403359608844
71.0,78.26086956521739,64.28571428571429,82.10793606449425
100.0,74.87179487179488,59.83606557377049,79.8691335193763
102.0,86.1244019138756,75.63025210084034,87.78617584477388
112.0,85.24590163934425,74.28571428571429,87.10690890831488
114.0,81.53846153846153,68.83116883116884,84.36765152163595
122.0,82.9090909090909,70.80745341614907,85.35678491589684
110.0,80.75471698113208,67.72151898734177,83.80982977668032
109.0,81.88976377952756,69.33333333333334,84.62073281141822
106.0,82.5910931174089,70.34482758620689,85.12947733905544
109.0,80.81632653061224,67.8082191780822,83.85718185774729
106.0,82.6086956521739,70.37037037037037,85.14524988037897
98.0,78.39195979899498,64.46280991735537,82.18848907381202
70.0,74.55621301775149,59.43396226415094,79.67407809294392
103.0,79.60199004975125,66.11570247933885,83.01692980881666
107.0,86.99551569506725,76.98412698412699,88.4631092397821
114.0,81.99233716475096,69.48051948051948,84.6933245108763
120.0,82.48175182481752,70.1863354037267,85.04522810575446
126.0,79.72972972972973,66.29213483146067,83.08613693508788
122.0,78.66666666666666,64.83516483516483,82.35365657156379
121.0,81.58844765342961,68.90243902439023,84.40028369132942
112.0,80.45977011494253,67.3076923076923,83.60291847115558
120.0,77.82101167315176,63.69426751592356,81.79022026646885
113.0,80.83333333333333,67.83216783216784,83.87015648143067
110.0,78.37837837837837,64.44444444444444,82.17430751040925
103.0,74.54545454545455,59.42028985507246,79.65425000998123
110.0,78.9237668161435,65.18518518518519,82.54567516726118
117.0,85.94377510040161,75.35211267605634,87.64110457146602
117.0,81.48148148148148,68.75,84.32506591299484
128.0,84.21052631578947,72.72727272727273,86.31868670725152
129.0,81.87919463087249,69.31818181818183,84.60514916617325
124.0,83.45323741007195,71.60493827160494,85.75652426964186
115.0,82.26415094339623,69.87179487179486,84.88896033161717
122.0,79.85865724381625,66.47058823529412,83.17836584726774
124.0,79.8507462686567,66.45962732919256,83.1758880819004
115.0,79.16666666666666,65.51724137931035,82.7087015586474
95.0,79.38144329896907,65.8119658119658,82.86606194947679
58.0,63.07692307692307,46.06741573033708,72.98583711619078
68.0,69.33333333333334,53.06122448979592,76.48472604267947
71.0,81.33333333333333,68.53932584269663,84.24172717356822
79.0,87.8048780487805,78.26086956521739,89.1104762962603
84.0,90.10989010989012,82.0,90.98203377650019
90.0,90.9090909090909,83.33333333333334,91.64969755045817
87.0,87.91208791208791,78.43137254901961,89.19372843356442
85.0,90.3954802259887,82.4742268041237,91.22014597951315
81.0,89.1566265060241,80.43478260869566,90.19942794959152
65.0,82.85714285714286,70.73170731707317,85.3419101651809
60.0,77.41935483870968,63.1578947368421,81.55101886538881
70.0,73.91304347826086,58.620689655172406,79.2744346031473
61.0,66.18705035971223,49.46236559139785,74.68430467880285
82.0,74.69879518072288,59.61538461538461,79.76578784985617
84.0,81.25,68.42105263157895,84.18059276826497
82.0,87.71929824561403,78.125,89.04154233448433
94.0,89.8989898989899,81.65137614678899,90.80572281294768
97.0,89.32038834951457,80.7017543859649,90.32891409099379
96.0,86.51162790697674,76.22950819672131,88.08580215858069
92.0,85.02415458937197,73.94957983193278,86.9438443801095
90.0,86.01036269430051,75.45454545454545,87.70032285403695
81.0,81.60919540229885,68.93203883495146,84.43408647665146
65.0,78.62068965517241,64.77272727272727,82.35543724118418
88.0,76.82926829268293,62.37623762376238,81.15020449823004
63.0,66.66666666666666,50.0,74.95312094795428
89.0,72.94117647058823,57.407407407407405,78.65780834512127
89.0,79.3103448275862,65.71428571428571,82.82121973262932
97.0,87.56218905472637,77.87610619469027,88.91309702004119
101.0,89.90825688073394,81.66666666666667,90.81136759987753
101.0,86.36363636363636,76.0,87.97004852139534
103.0,83.68200836820083,71.94244604316546,85.93228221161388
100.0,85.84905660377359,75.20661157024794,87.57335669857112
99.0,87.37864077669903,77.58620689655173,88.76714809148953
98.0,84.61538461538461,73.33333333333333,86.6347228877176
88.0,81.56424581005587,68.86792452830188,84.40103010440004
94.0,81.56424581005587,68.86792452830188,84.40103010440004
68.0,74.66666666666667,59.57446808510638,79.74932502419725
95.0,74.19354838709677,58.97435897435898,79.43928198782811
96.0,83.42245989304813,71.55963302752293,85.74887715490482
98.0,84.76190476190476,73.55371900826447,86.74491508741731
100.0,85.71428571428571,75.0,87.46805111821085
108.0,85.83690987124464,75.18796992481202,87.56103504627852
108.0,84.8,73.61111111111111,86.76760868117968
106.0,86.5546218487395,76.29629629629629,88.11619480003638
98.0,86.7579908675799,76.61290322580645,88.27749851691871
106.0,82.05128205128204,69.56521739130434,84.74067578830393
95.0,79.8076923076923,66.4,83.15807797496657
97.0,83.7696335078534,72.07207207207207,86.00509544197664
64.0,71.62162162162163,55.78947368421052,77.85283990856178
96.0,70.2127659574468,54.09836065573771,76.99330325742383
97.0,82.16216216216216,69.72477064220183,84.82945118936439
110.0,85.71428571428571,75.0,87.46705074185755
105.0,83.47107438016529,71.63120567375887,85.77566274701422
113.0,84.8,73.61111111111111,86.76760868117968
107.0,83.00395256916995,70.94594594594594,85.43003394639072
108.0,82.07171314741036,69.5945945945946,84.75236290151513
105.0,84.03361344537815,72.46376811594203,86.19394173030905
115.0,80.47808764940238,67.33333333333333,83.6177400565818
106.0,81.03448275862068,68.11594202898551,84.01404305634412
99.0,77.94871794871796,63.86554621848739,81.88985893758701
68.0,75.47169811320755,60.60606060606061,80.26412057360257
99.0,71.50259067357513,55.64516129032258,77.76769809382115
103.0,80.78817733990148,67.76859504132231,83.8453707030782
117.0,87.09677419354838,77.14285714285715,88.53947203232175
112.0,84.25196850393701,72.78911564625851,86.35461294705823
127.0,89.05660377358491,80.27210884353741,90.10708802279153
122.0,85.92592592592592,75.32467532467533,87.62438320768324
118.0,87.25868725868726,77.3972602739726,88.66567166466143
120.0,84.25196850393701,72.78911564625851,86.35461294705823
120.0,82.35294117647058,70.0,84.95506380939067
108.0,79.66804979253112,66.20689655172414,83.05452655062246
103.0,77.07317073170732,62.698412698412696,81.30229735265965
69.0,75.30864197530865,60.396039603960396,80.15811159086577
96.0,72.63157894736842,57.02479338842975,78.4605077365842
103.0,84.05797101449275,72.5,86.21705863562859
119.0,87.15953307392996,77.24137931034483,88.58773184117433
119.0,83.63636363636363,71.875,85.8925548331036
136.0,86.3013698630137,75.90361445783132,87.91184718895562
126.0,83.56164383561644,71.76470588235294,85.83440472524968
124.0,84.05797101449275,72.5,86.20605273671593
130.0,85.61151079136691,74.84276729559748,87.38142919587392
127.0,83.82352941176471,72.15189873417721,86.03200385951799
113.0,80.15873015873017,66.88741721854305,83.39378349694002
108.0,78.73303167420815,64.92537313432835,82.41577007851397
71.0,72.31638418079096,56.63716814159292,78.26969358548357
108.0,75.23809523809524,60.30534351145038,80.10077244039692
114.0,82.45614035087719,70.1492537313433,85.0346923582638
115.0,86.04651162790698,75.51020408163265,87.7191487800553
122.0,84.89208633093526,73.75,86.83304866355029
135.0,86.98630136986301,76.96969696969697,88.44688568838902
126.0,86.73835125448028,76.58227848101265,88.25417989578553
125.0,86.83274021352312,76.72955974842768,88.32781979110361
127.0,85.2112676056338,74.23312883435584,87.07461056641375
126.0,83.15412186379928,71.16564417177914,85.5358784182907
115.0,78.43137254901961,64.51612903225806,82.20314798924989
103.0,77.72511848341233,63.565891472868216,81.73603393062902
107.0,0.0,0.0,49.815648915816325
114.0,0.0,0.0,49.85849808673469
114.0,0.0,0.0,49.8714524872449
121.0,0.0,0.0,49.825613839285715
120.0,0.0,0.0,49.80668048469388
133.0,0.0,0.0,49.82162786989796
136.0,0.0,0.0,49.8046875
129.0,0.0,0.0,49.8176419005102
127.0,0.0,0.0,49.78974011479592
126.0,0.0,0.0,49.8046875
105.0,0.0,0.0,49.79472257653062
99.0,26.81992337164751,15.486725663716813,57.552899937221284
24.0,36.36363636363637,22.22222222222222,61.090182269173695
33.0,39.130434782608695,24.324324324324326,62.13425537084516
37.0,41.509433962264154,26.190476190476193,63.06434005875848
41.0,40.74074074074074,25.581395348837212,62.7588029270848
67.0,30.952380952380953,18.30985915492958,59.097118043066935
70.0,59.61538461538461,42.465753424657535,71.19099816013014
83.0,68.75,52.38095238095239,76.15058151242624
81.0,75.0,60.0,79.96608478802992
78.0,73.52941176470588,58.139534883720934,79.03385793382073
89.0,63.30935251798561,46.31578947368421,73.10702902232842
93.0,59.863945578231295,42.71844660194174,71.3003786508472
116.0,56.81818181818182,39.682539682539684,69.76546087985261
90.0,51.798561151079134,34.95145631067961,67.40891523152648
85.0,51.61290322580645,34.78260869565217,67.33147665159125
85.0,52.991452991452995,36.04651162790697,67.968414852741
74.0,51.92307692307693,35.064935064935064,67.48261608976678
52.0,70.73170731707317,54.71698113207547,77.33456091919943
55.0,65.11627906976744,48.275862068965516,74.10801957241048
54.0,48.717948717948715,32.20338983050847,66.06182012210473
46.0,36.666666666666664,22.448979591836736,61.18661478345948
41.0,23.52941176470588,13.333333333333334,56.627798817354325
51.0,25.396825396825395,14.545454545454545,57.225884663892955
33.0,42.5531914893617,27.027027027027028,63.48660285689349
37.0,55.172413793103445,38.095238095238095,69.02170198222831
47.0,55.55555555555556,38.46153846153847,69.19886876023729
69.0,50.526315789473685,33.80281690140845,66.85455089766546
79.0,62.8099173553719,45.78313253012048,72.84669012321174
91.0,71.72413793103448,55.91397849462365,77.91609067576925
96.0,74.02597402597402,58.76288659793815,79.34153827293105
90.0,82.27848101265823,69.89247311827957,84.91829858145026
95.0,78.88888888888889,65.13761467889908,82.53088697222071
121.0,70.70707070707071,54.6875,77.28587269987625
110.0,64.77272727272727,47.89915966386555,73.88772704157383
125.0,60.51282051282051,43.38235294117647,71.61435622995133
110.0,62.14689265536724,45.08196721311475,72.47414535512584
99.0,61.935483870967744,44.85981308411215,72.371057196381
88.0,65.67164179104478,48.888888888888886,74.398565564687
85.0,62.5,45.45454545454545,72.67940293311284
53.0,78.72340425531915,64.91228070175438,82.43619579673769
64.0,69.23076923076923,52.94117647058824,76.43867758511462
61.0,71.15384615384616,55.223880597014926,77.58202346729823
51.0,78.0,63.934426229508205,81.94527323003823
49.0,70.47619047619048,54.41176470588235,77.17496829402496
51.0,71.15384615384616,55.223880597014926,77.58202346729823
38.0,46.42857142857143,30.23255813953488,65.08637655197545
48.0,55.26315789473685,38.18181818181819,69.05701416517886
73.0,52.72727272727272,35.80246913580247,67.84938699975159
86.0,54.83870967741935,37.77777777777778,68.83304747849441
89.0,67.13286713286713,50.526315789473685,75.21627790750416
103.0,73.17073170731707,57.692307692307686,78.8022556898764
99.0,77.30061349693251,63.0,81.46308343144493
100.0,80.0,66.66666666666666,83.29940661504483
114.0,78.21782178217822,64.22764227642277,82.06990633293363
125.0,72.11538461538461,56.390977443609025,78.13760564561841
133.0,66.01941747572816,49.275362318840585,74.56783203353221
130.0,63.46153846153846,46.478873239436616,73.16360345268578
118.0,70.05076142131979,53.90625,76.89425099038058
101.0,65.0,48.148148148148145,74.01821261050372
98.0,66.66666666666666,50.0,74.9481286409704
86.0,69.50354609929079,53.2608695652174,76.58754372589276
65.0,71.42857142857143,55.55555555555556,77.74586458167119
68.0,72.56637168141593,56.94444444444444,78.44130569684076
63.0,78.63247863247864,64.7887323943662,82.36943102862135
57.0,76.19047619047619,61.53846153846154,80.7442985847725
53.0,63.1578947368421,46.15384615384615,73.04202497936794
55.0,69.64285714285714,53.42465753424658,76.67842167256238
43.0,53.73134328358209,36.734693877551024,68.33644459019702
52.0,60.46511627906976,43.333333333333336,71.63276836158192
84.0,53.96825396825397,36.95652173913043,68.42042512308521
100.0,55.94405594405595,38.83495145631068,69.35464662332049
98.0,68.38709677419355,51.9607843137255,75.93151240106202
105.0,78.16091954022988,64.15094339622641,82.03755360120253
108.0,77.77777777777779,63.63636363636363,81.77826643878615
110.0,82.90155440414507,70.79646017699115,85.3652933270775
134.0,79.65367965367966,66.18705035971223,83.0466040074258
132.0,74.33628318584071,59.154929577464785,79.51957131272825
140.0,69.91150442477876,53.74149659863946,76.80287996389046
130.0,65.13761467889908,48.29931972789115,74.07381912948794
127.0,70.47619047619048,54.41176470588235,77.14400857544726
111.0,67.0391061452514,50.42016806722689,75.15122059678689
103.0,71.08433734939759,55.140186915887845,77.5222055157287
90.0,68.02721088435374,51.546391752577314,75.72631401857011
82.0,67.6923076923077,51.162790697674424,75.53950593688477
70.0,72.72727272727273,57.14285714285714,78.53851546203737
69.0,77.6978417266187,63.52941176470588,81.73378133824058
57.0,72.41379310344827,56.75675675675676,78.3464639091559
59.0,75.0,60.0,79.97007839460612
56.0,70.6896551724138,54.666666666666664,77.29942488614074
66.0,50.526315789473685,33.80281690140845,66.85455089766546
75.0,63.86554621848739,46.913580246913575,73.41390847680157
90.0,60.0,42.857142857142854,71.37272110743208
110.0,58.38509316770186,41.228070175438596,70.54720750288817
107.0,68.26347305389223,51.81818181818182,75.85621674959052
115.0,75.93582887700535,61.206896551724135,80.55854257782794
112.0,78.53403141361257,64.65517241379311,82.28666885993741
115.0,84.31372549019608,72.88135593220339,86.40873546260799
137.0,80.16877637130801,66.90140845070422,83.4037802422048
136.0,77.63713080168776,63.44827586206897,81.67122682169816
144.0,70.88607594936708,54.90196078431373,77.3821071189795
134.0,66.07929515418502,49.34210526315789,74.59420785802153
128.0,67.3076923076923,50.72463768115942,75.29446269560705
117.0,69.79166666666666,53.6,76.74212616496038
103.0,72.09302325581395,56.36363636363636,78.1339273728626
92.0,70.12987012987013,54.0,76.95411196680101
81.0,67.1875,50.588235294117645,75.25222907067202
74.0,71.54471544715447,55.69620253164557,77.81319342252908
71.0,77.27272727272727,62.96296296296296,81.45155629444906
58.0,72.26890756302521,56.57894736842105,78.25656123133517
63.0,70.79646017699115,54.794520547945204,77.36434979048768
61.0,62.96296296296296,45.94594594594595,72.93308625126264
84.0,46.715328467153284,30.476190476190478,65.16530487434284
82.0,66.66666666666666,50.0,74.95711407655637
95.0,69.0909090909091,52.77777777777778,76.3380099806904
110.0,70.39106145251397,54.310344827586206,77.10229192370072
112.0,75.82417582417582,61.06194690265486,80.48706741025534
117.0,78.57142857142857,64.70588235294117,82.31102417213916
124.0,80.95238095238095,68.0,83.9600726677447
127.0,82.35294117647058,70.0,84.96106618748128
142.0,79.33884297520662,65.75342465753424,82.8267922009716
142.0,78.36734693877551,64.42953020134227,82.16184976520789
144.0,72.5,56.86274509803921,78.36548982027676
134.0,65.19823788546255,48.36601307189542,74.10416736785062
133.0,67.57990867579909,51.03448275862069,75.44638592443829
122.0,73.6318407960199,58.26771653543307,79.08096616760076
111.0,75.0,60.0,79.95409822978826
97.0,75.7396449704142,60.952380952380956,80.43528211092867
87.0,70.0,53.84615384615385,76.88118333279623
83.0,68.14814814814815,51.68539325842697,75.7998081392873
73.0,75.18796992481202,60.24096385542169,80.08756487867441
56.0,72.88135593220339,57.333333333333336,78.63475156084814
62.0,66.08695652173913,49.35064935064935,74.63643201905597
60.0,63.793103448275865,46.835443037974684,73.37583795529441
94.0,36.99421965317919,22.69503546099291,61.23883074900316
92.0,50.28571428571429,33.587786259541986,66.70712220501235
103.0,55.35714285714286,38.2716049382716,69.03602995047834
113.0,69.61325966850829,53.38983050847458,76.64003927395274
113.0,75.67567567567568,60.86956521739131,80.38987780687552
118.0,76.28865979381443,61.66666666666667,80.78742698228947
122.0,82.85714285714286,70.73170731707317,85.32991762467685
137.0,81.17154811715481,68.30985915492957,84.110000565304
144.0,79.67479674796748,66.21621621621621,83.05818598661763
142.0,77.17842323651453,62.83783783783784,81.36401006761209
146.0,71.900826446281,56.12903225806451,77.99663695396389
137.0,68.96551724137932,52.63157894736842,76.24392744877204
138.0,63.39285714285714,46.40522875816993,73.12078621822278
132.0,72.97297297297297,57.446808510638306,78.66351803912991
111.0,75.40983606557377,60.526315789473685,80.21825398909492
103.0,70.85714285714285,54.86725663716814,77.38274433406876
93.0,70.19867549668875,54.08163265306123,76.99592675487688
88.0,68.08510638297872,51.61290322580645,75.76156651874427
86.0,71.23287671232876,55.319148936170215,77.61767837040735
60.0,75.96899224806202,61.25000000000001,80.59407854050711
60.0,73.4375,58.0246913580247,78.97843317327715
60.0,66.11570247933885,49.382716049382715,74.6504692421798
106.0,38.38383838383838,23.75,61.75333579321074
109.0,47.22222222222222,30.909090909090907,65.34082974382225
113.0,54.826254826254825,37.765957446808514,68.76622390851553
116.0,75.37688442211056,60.483870967741936,80.19303426433444
118.0,81.59203980099502,68.90756302521008,84.41685094207763
125.0,80.0,66.66666666666666,83.2914104713993
123.0,84.7926267281106,73.6,86.767055347017
141.0,81.45161290322581,68.70748299319727,84.30781039325366
146.0,81.53846153846153,68.83116883116884,84.36765152163595
152.0,81.91881918819189,69.375,84.6385636172975
155.0,70.54263565891473,54.49101796407185,77.16963796276868
145.0,71.83673469387755,56.05095541401274,77.95659893364748
136.0,64.93506493506493,48.07692307692308,73.95762482861544
136.0,66.38297872340425,49.681528662420384,74.76191886831747
124.0,71.35678391959799,55.46875,77.67749444915677
110.0,69.23076923076923,52.94117647058824,76.41471450991348
92.0,70.51282051282051,54.45544554455446,77.18183382353318
91.0,67.13286713286713,50.526315789473685,75.21627790750416
93.0,71.05263157894737,55.10204081632652,77.50712750684248
64.0,78.19548872180451,64.19753086419753,82.0698371741784
65.0,73.6,58.22784810126582,79.08100962813141
61.0,67.76859504132231,51.24999999999999,75.58610501645558
98.0,28.57142857142857,16.666666666666664,58.24860277650406
38.0,50.0,33.33333333333333,66.63676295661304
49.0,56.00000000000001,38.88888888888889,69.41154642829451
76.0,55.04587155963303,37.9746835443038,68.93848443557471
80.0,70.92198581560284,54.94505494505495,77.43163053281555
96.0,72.39263803680981,56.730769230769226,78.32048966955784
98.0,78.82352941176471,65.0485436893204,82.48835015394596
98.0,83.87096774193549,72.22222222222221,86.08116979608855
94.0,83.61581920903954,71.84466019417476,85.89338913664668
114.0,72.04301075268818,56.30252100840336,78.09937361761445
105.0,62.42774566473989,45.378151260504204,72.62423384421004
120.0,62.88659793814433,45.86466165413533,72.86049604706169
108.0,61.72839506172839,44.642857142857146,72.25958441869346
99.0,58.44155844155844,41.284403669724774,70.5783690766888
94.0,58.82352941176471,41.66666666666667,70.7774852401468
84.0,63.63636363636363,46.666666666666664,73.28546162949961
73.0,61.94690265486725,44.871794871794876,72.39301835490583
63.0,66.0,49.25373134328358,74.5929626343285
55.0,63.91752577319587,46.96969696969697,73.44994969134963
53.0,58.139534883720934,40.98360655737705,70.4559116713427
44.0,38.70967741935484,24.0,61.96212423251735
53.0,43.58974358974359,27.86885245901639,63.89056570597303
115.0,25.0,14.285714285714285,57.041180474662
48.0,56.41025641025641,39.285714285714285,69.60896154130991
77.0,50.877192982456144,34.11764705882353,67.00298768678907
81.0,60.65573770491803,43.529411764705884,71.71683895241816
83.0,72.72727272727273,57.14285714285714,78.53252505215636
100.0,77.90697674418605,63.8095238095238,81.86684456456354
106.0,80.21978021978022,66.97247706422019,83.45031253965455
102.0,88.2051282051282,78.89908256880734,89.42658261001756
111.0,82.92682926829268,70.83333333333334,85.38173025094329
125.0,73.58490566037736,58.2089552238806,79.04858715723154
124.0,67.33668341708542,50.75757575757576,75.31392927055383
125.0,63.0,45.98540145985402,72.91886759281687
118.0,63.0,45.98540145985402,72.91886759281687
104.0,64.28571428571429,47.368421052631575,73.62435656996928
97.0,62.06896551724138,45.0,72.44514372344457
87.0,67.15328467153284,50.54945054945055,75.22984197131414
72.0,70.0,53.84615384615385,76.88717314520163
70.0,71.30434782608695,55.4054054054054,77.66979156278049
63.0,72.07207207207207,56.33802816901409,78.1380981757788
53.0,68.04123711340206,51.5625,75.75033840715554
47.0,61.904761904761905,44.827586206896555,72.3818888163097
53.0,68.75,52.38095238095239,76.160561745788
125.0,29.333333333333332,17.1875,58.48807547752921
74.0,58.4070796460177,41.25,70.57813403665516
83.0,58.46153846153847,41.30434782608695,70.59832254282527
89.0,64.23357664233576,47.31182795698925,73.60704299788343
100.0,76.47058823529412,61.904761904761905,80.91246955568164
111.0,77.89473684210526,63.793103448275865,81.85463722970657
109.0,81.91489361702128,69.36936936936937,84.65075187165448
108.0,89.10891089108911,80.35714285714286,90.15660920359838
128.0,80.88888888888889,67.91044776119402,83.91229685653792
129.0,74.2081447963801,58.992805755395686,79.43950983661507
137.0,68.77828054298642,52.41379310344828,76.13803427627504
130.0,64.15094339622641,47.22222222222222,73.53527491728977
125.0,66.33663366336634,49.629629629629626,74.74696273235459
108.0,67.04545454545455,50.427350427350426,75.15581061683183
100.0,68.78980891719745,52.42718446601942,76.16471150199338
88.0,71.32867132867133,55.434782608695656,77.67649354873684
78.0,68.75,52.38095238095239,76.15058151242624
72.0,73.94957983193278,58.666666666666664,79.30241495784462
70.0,74.4186046511628,59.25925925925925,79.59671389391306
57.0,69.81132075471697,53.62318840579711,76.77968291627538
58.0,58.06451612903226,40.909090909090914,70.41566132923887
56.0,63.04347826086957,46.03174603174603,72.98197268285209
138.0,32.94117647058823,19.718309859154928,59.745491373702855
91.0,60.431654676258994,43.29896907216495,71.59463154210633
87.0,63.30935251798561,46.31578947368421,73.10702902232842
108.0,63.80368098159509,46.846846846846844,73.36456938144752
105.0,77.59562841530054,63.39285714285714,81.65551449099749
117.0,77.83251231527095,63.70967741935484,81.80992584064334
120.0,83.09178743961353,71.07438016528926,85.50225296944838
116.0,86.51162790697674,76.22950819672131,88.08580215858069
133.0,83.33333333333334,71.42857142857143,85.67434642200998
133.0,78.8135593220339,65.03496503496503,82.46756537993085
142.0,72.03389830508475,56.29139072847682,78.07981526601718
130.0,65.76576576576578,48.99328859060403,74.42080053345143
130.0,66.3594470046083,49.6551724137931,74.7547377317249
114.0,67.74193548387096,51.21951219512195,75.549891391796
106.0,67.87878787878789,51.37614678899083,75.63520028994633
89.0,70.27027027027027,54.166666666666664,77.0394421833852
82.0,69.62962962962963,53.40909090909091,76.66365096233537
78.0,69.23076923076923,52.94117647058824,76.43069276143562
70.0,73.84615384615385,58.536585365853654,79.2343795006734
61.0,69.56521739130434,53.333333333333336,76.63176160842508
62.0,68.57142857142857,52.17391304347826,76.05404866374153
57.0,65.38461538461539,48.57142857142857,74.24981623617498
144.0,41.711229946524064,26.351351351351347,63.06697351958337
98.0,67.0967741935484,50.48543689320388,75.19184461370752
102.0,70.37037037037037,54.285714285714285,77.0949711116115
115.0,67.03296703296702,50.413223140495866,75.14674925357627
113.0,74.3455497382199,59.166666666666664,79.53443601769617
121.0,79.8076923076923,66.4,83.15807797496657
123.0,83.01886792452831,70.96774193548387,85.44793421642424
132.0,81.89655172413794,69.34306569343066,84.62960077666881
140.0,80.65843621399176,67.58620689655173,83.74617665407482
137.0,76.47058823529412,61.904761904761905,80.89647599081562
147.0,72.1311475409836,56.41025641025641,78.13724767486147
135.0,65.48672566371681,48.68421052631579,74.26426405921393
132.0,64.48598130841121,47.58620689655172,73.7172657409695
122.0,72.27722772277228,56.58914728682171,78.2386887662578
110.0,69.71428571428572,53.50877192982456,76.70150758518565
90.0,73.33333333333333,57.89473684210527,78.90746498736216
86.0,67.15328467153284,50.54945054945055,75.22984197131414
82.0,69.23076923076923,52.94117647058824,76.43069276143562
71.0,73.77049180327869,58.44155844155844,79.18886284169243
70.0,66.66666666666666,50.0,74.95911040191483
61.0,64.07766990291263,47.14285714285714,73.53453408964647
60.0,52.74725274725275,35.82089552238806,67.86757808500963
148.0,45.45454545454545,29.411764705882355,64.59816457352325
144.0,52.475247524752476,35.57046979865772,67.68947047980089
139.0,63.84976525821596,46.89655172413793,73.37144182359208
122.0,71.92118226600985,56.15384615384615,78.02004025553512
120.0,78.4688995215311,64.56692913385827,82.23854900817958
123.0,80.55555555555556,67.44186046511628,83.6790048597218
127.0,83.63636363636363,71.875,85.90156037856401
140.0,83.26530612244898,71.32867132867133,85.62339625466197
143.0,80.46875,67.3202614379085,83.61020361252963
142.0,76.30522088353415,61.68831168831169,80.78525126956669
147.0,72.35772357723577,56.68789808917197,78.27606715906678
141.0,66.94915254237289,50.318471337579616,75.08138669579742
137.0,66.95652173913044,50.326797385620914,75.08754887544885
129.0,73.58490566037736,58.2089552238806,79.04858715723154
117.0,68.81720430107528,52.459016393442624,76.17163782635095
94.0,70.06369426751591,53.92156862745098,76.91389777913919
85.0,68.57142857142857,52.17391304347826,76.04306887411705
84.0,70.1492537313433,54.02298850574713,76.97159718730273
102.0,61.146496815286625,44.03669724770643,71.95750438510441
68.0,65.0,48.148148148148145,74.03218883961648
64.0,63.06306306306306,46.05263157894737,72.98543108434215
67.0,53.84615384615385,36.84210526315789,68.37319429226332
150.0,40.35087719298245,25.274725274725274,62.50171532038677
138.0,56.730769230769226,39.59731543624161,69.70886782646728
139.0,66.66666666666666,50.0,74.92615065266855
130.0,72.81105990783409,57.2463768115942,78.56430264417465
117.0,80.0,66.66666666666666,83.29241026869485
122.0,71.1864406779661,55.26315789473685,77.56370383757046
129.0,84.84848484848484,73.68421052631578,86.80715977811457
135.0,84.4621513944223,73.10344827586206,86.5127786615979
150.0,80.0,66.66666666666666,83.28040742959855
147.0,76.98412698412699,62.58064516129033,81.23241407608236
155.0,73.72549019607844,58.38509316770186,79.12565628394277
142.0,66.94915254237289,50.318471337579616,75.08138669579742
139.0,66.95278969957081,50.32258064516129,75.08444094735609
136.0,73.12775330396477,57.638888888888886,78.75855769380064
121.0,70.46632124352331,54.400000000000006,77.143122854634
106.0,66.26506024096386,49.549549549549546,74.71890996760811
93.0,63.013698630136986,46.0,72.94614003590665
87.0,66.17647058823529,49.45054945054945,74.67939493033747
109.0,62.27544910179641,45.21739130434783,72.54585150565728
75.0,72.3404255319149,56.666666666666664,78.29443059019118
72.0,67.17557251908397,50.57471264367817,75.24446954293539
70.0,58.119658119658126,40.963855421686745,70.43306647674821
151.0,36.92307692307693,22.641509433962266,61.15717348493517
148.0,49.01185770750988,32.460732984293195,66.10165994307847
148.0,60.40816326530612,43.27485380116959,71.5406243777314
132.0,73.77777777777777,58.45070422535211,79.16646164893861
123.0,81.27853881278538,68.46153846153847,84.18984044685325
125.0,80.0,66.66666666666666,83.28841060043392
135.0,82.84518828451883,70.71428571428572,85.31620590005677
146.0,82.75862068965517,70.58823529411765,85.24917876393987
150.0,80.0,66.66666666666666,83.27740492170021
150.0,76.69172932330827,62.19512195121951,81.03565260000565
160.0,72.93233082706767,57.396449704142015,78.62633843261375
145.0,68.85245901639344,52.5,76.17413958316696
146.0,65.33864541832669,48.5207100591716,74.17351828267
145.0,68.54838709677419,52.14723926380368,75.99576133400402
130.0,68.62745098039215,52.23880597014925,76.05553837804153
109.0,66.26506024096386,49.549549549549546,74.71890996760811
97.0,65.78947368421053,49.01960784313725,74.4579346321779
111.0,53.84615384615385,36.84210526315789,68.34924507582836
116.0,57.647058823529406,40.49586776859504,70.17611630095921
81.0,71.32867132867133,55.434782608695656,77.67649354873684
75.0,69.23076923076923,52.94117647058824,76.43069276143562
73.0,59.01639344262295,41.86046511627907,70.88037216723407
144.0,0.0,0.0,49.4808274872449
162.0,8.501118568232663,4.439252336448598,51.81190640827056
179.0,3.7422037422037424,1.9067796610169492,50.49193110265949
167.0,12.698412698412698,6.779661016949152,52.95109406941906
164.0,22.641509433962266,12.76595744680851,56.014876891873186
179.0,5.118110236220472,2.6262626262626263,50.832697527273204
181.0,10.547667342799189,5.567451820128479,52.34404495293563
179.0,37.13527851458886,22.80130293159609,61.164152842878636
169.0,28.78411910669975,16.81159420289855,58.11947282673759
166.0,16.237623762376238,8.836206896551724,53.99624247290935
159.0,15.0,8.108108108108109,53.64719326426546
155.0,12.915129151291513,6.903353057199212,52.981003825622
152.0,10.9375,5.785123966942149,52.437907759972624
147.0,4.21455938697318,2.152641878669276,50.57796551224404
142.0,0.3629764065335753,0.18181818181818182,49.543823889115366
133.0,0.0,0.0,49.53762755102041
118.0,0.0,0.0,49.65122767857143
118.0,14.988290398126464,8.10126582278481,53.6886753491716
99.0,0.0,0.0,49.713010204081634
77.0,0.0,0.0,49.66119260204081
67.0,0.0,0.0,49.63329081632653
80.0,0.0,0.0,49.647241709183675
15.0,86.66666666666667,76.47058823529412,88.23130711527479
11.0,80.0,66.66666666666666,83.3283498784037
15.0,84.84848484848484,73.68421052631578,86.8371214108394
15.0,78.78787878787878,65.0,82.49302274584853
17.0,84.21052631578947,72.72727272727273,86.35765550239233
16.0,88.23529411764706,78.94736842105263,89.46969704918584
20.0,82.92682926829268,70.83333333333334,85.40968885610425
16.0,83.33333333333334,71.42857142857143,85.708304972275
21.0,76.59574468085107,62.06896551724138,81.0235174091251
18.0,75.55555555555556,60.71428571428571,80.34617772625907
24.0,85.71428571428571,75.0,87.4930216329379
19.0,78.04878048780488,64.0,81.99102870813397
24.0,84.61538461538461,73.33333333333333,86.65869123100849
19.0,75.0,60.0,79.98803780055026
27.0,84.21052631578947,72.72727272727273,86.35466364071405
23.0,86.27450980392157,75.86206896551724,87.92405597655772
17.0,72.22222222222221,56.52173913043478,78.25090205928673
14.0,66.66666666666666,50.0,74.99102995993383
21.0,76.59574468085107,62.06896551724138,81.0235174091251
16.0,75.0,60.0,79.99202615421417
22.0,73.46938775510205,58.06451612903226,79.01929901511224
18.0,64.86486486486487,48.0,73.98704250059805
28.0,72.72727272727273,57.14285714285714,78.55647522586673
18.0,66.66666666666666,50.0,74.98704224229013
29.0,72.41379310344827,56.75675675675676,78.36242782509356
18.0,68.18181818181817,51.724137931034484,75.84811390082555
28.0,68.96551724137932,52.63157894736842,76.29784545900999
18.0,55.81395348837209,38.70967741935484,69.3359008259361
29.0,68.96551724137932,52.63157894736842,76.29784545900999
19.0,58.333333333333336,41.17647058823529,70.5682998848437
29.0,66.66666666666666,50.0,74.98006220591753
21.0,55.319148936170215,38.23529411764706,69.09671529636913
29.0,4.580152671755725,2.34375,50.92272211979271
20.0,0.0,0.0,49.896364795918366
24.0,40.0,25.0,62.47608036995695
41.0,64.51612903225806,47.61904761904761,73.7875922360331
47.0,61.97183098591549,44.89795918367347,72.4220624964904
47.0,65.78947368421053,49.01960784313725,74.48388220515221
43.0,73.68421052631578,58.333333333333336,79.14672569195183
42.0,82.1917808219178,69.76744186046511,84.87075877971209
39.0,72.46376811594203,56.81818181818182,78.39014811632507
37.0,65.57377049180327,48.78048780487805,74.36930921865243
18.0,60.0,42.857142857142854,71.41262373699978
29.0,63.829787234042556,46.875,73.42055456430295
42.0,75.36231884057972,60.46511627906976,80.21560898699252
51.0,70.73170731707317,54.71698113207547,77.33456091919943
48.0,84.33734939759037,72.91666666666666,86.44536989024286
45.0,77.64705882352942,63.46153846153846,81.71182341580004
51.0,78.35051546391753,64.40677966101694,82.18244763097917
44.0,81.25,68.42105263157895,84.19257550102193
34.0,67.3469387755102,50.76923076923077,75.35270664361464
26.0,66.66666666666666,50.0,74.98006220591753
39.0,64.51612903225806,47.61904761904761,73.7875922360331
46.0,75.67567567567568,60.86956521739131,80.4168357314523
53.0,72.09302325581395,56.36363636363636,78.15788758056182
52.0,83.14606741573034,71.15384615384616,85.56196466131846
48.0,82.22222222222221,69.81132075471697,84.88970473404689
54.0,84.40366972477065,73.01587301587301,86.49098059331453
47.0,76.78571428571429,62.31884057971014,81.13348926637752
45.0,76.78571428571429,62.31884057971014,81.13348926637752
28.0,69.84126984126983,53.65853658536586,76.81032663299476
37.0,63.33333333333333,46.34146341463415,73.14880057108485
44.0,81.57894736842105,68.88888888888889,84.4304849270449
51.0,81.3953488372093,68.62745098039215,84.29777048331547
54.0,78.72340425531915,64.91228070175438,82.43619579673769
53.0,81.25,68.42105263157895,84.19257550102193
52.0,84.90566037735849,73.77049180327869,86.86928771209594
55.0,82.05128205128204,69.56521739130434,84.761662318378
50.0,80.0,66.66666666666666,83.31039297825653
34.0,78.87323943661971,65.11627906976744,82.5431838038476
36.0,66.66666666666666,50.0,74.98006220591753
48.0,81.48148148148148,68.75,84.36004277765589
54.0,80.0,66.66666666666666,83.31538359260736
55.0,80.0,66.66666666666666,83.3143856289973
53.0,84.84848484848484,73.68421052631578,86.82714535570986
57.0,83.76068376068376,72.05882352941177,86.01045990243605
52.0,79.03225806451613,65.33333333333333,82.64073253935005
52.0,78.99159663865547,65.27777777777779,82.61395322290713
31.0,73.68421052631578,58.333333333333336,79.14672569195183
38.0,66.66666666666666,50.0,74.97806755194003
50.0,85.0574712643678,74.0,86.98703603980933
54.0,82.10526315789474,69.64285714285714,84.80447502414812
55.0,85.14851485148515,74.13793103448276,87.05400531138895
58.0,85.18518518518519,74.19354838709677,87.08081568566888
59.0,86.4,76.05633802816901,88.01121039311965
56.0,80.59701492537313,67.5,83.72406328558317
54.0,76.11940298507463,61.44578313253012,80.69097136676382
33.0,75.32467532467533,60.416666666666664,80.18938902958635
39.0,69.44444444444444,53.191489361702125,76.5738109208064
49.0,81.81818181818183,69.23076923076923,84.59942929029486
56.0,81.25,68.42105263157895,84.19257550102193
57.0,84.31372549019608,72.88135593220339,86.42472041319242
60.0,85.96491228070175,75.38461538461539,87.67634822934363
63.0,82.35294117647058,70.0,84.97605746209098
61.0,83.45323741007195,71.60493827160494,85.77952328800326
56.0,74.82014388489209,59.77011494252874,79.8501440565329
35.0,76.5432098765432,62.0,80.98105494067205
45.0,70.0,53.84615384615385,76.8991477534191
51.0,83.51648351648352,71.69811320754717,85.83409788982408
55.0,79.59183673469387,66.10169491525424,83.03090210788542
56.0,83.49514563106796,71.66666666666667,85.81637843336725
61.0,84.7457627118644,73.52941176470588,86.74675112833307
64.0,72.61146496815286,56.99999999999999,78.45710209700911
61.0,74.35897435897436,59.183673469387756,79.55193091243441
59.0,71.3375796178344,55.44554455445545,77.67788001864831
46.0,74.22680412371135,59.01639344262295,79.48326652585874
27.0,44.44444444444444,28.57142857142857,64.26578126067841
38.0,75.40983606557377,60.526315789473685,80.24820365471132
45.0,75.0,60.0,79.98205348062773
47.0,74.66666666666667,59.57446808510638,79.7682901165741
46.0,77.92207792207793,63.829787234042556,81.8979431124945
46.0,78.57142857142857,64.70588235294117,82.33499250965768
45.0,81.81818181818183,69.23076923076923,84.59942929029486
45.0,74.07407407407408,58.82352941176471,79.38384065928909
41.0,61.53846153846154,44.44444444444444,72.18732551647125
29.0,63.829787234042556,46.875,73.42055456430295
41.0,79.41176470588235,65.85365853658537,82.91287086433647
44.0,81.57894736842105,68.88888888888889,84.4304849270449
49.0,80.95238095238095,68.0,83.98404531131587
49.0,78.57142857142857,64.70588235294117,82.33499250965768
49.0,84.21052631578947,72.72727272727273,86.34867705296139
46.0,78.84615384615384,65.07936507936508,82.5177417797344
43.0,63.49206349206349,46.51162790697674,73.20993873408514
32.0,61.36363636363637,44.26229508196721,72.09724855994709
33.0,64.15094339622641,47.22222222222222,73.59217133958457
44.0,78.37837837837837,64.44444444444444,82.20626912433002
48.0,80.48780487804879,67.3469387755102,83.65751501725474
51.0,83.14606741573034,71.15384615384616,85.56196466131846
49.0,80.89887640449437,67.9245283018868,83.94531161803553
53.0,85.43689320388349,74.57627118644068,87.2731750889516
47.0,75.22935779816514,60.29411764705882,80.12013152722942
55.0,72.99270072992701,57.47126436781609,78.69872518953387
36.0,69.87951807228916,53.70370370370371,76.8269251363953
30.0,60.37735849056604,43.24324324324324,71.60068860726756
43.0,80.0,66.66666666666666,83.31837700580971
46.0,85.71428571428571,75.0,87.48803350618269
54.0,80.0,66.66666666666666,83.3143856289973
57.0,81.1881188118812,68.33333333333333,84.14771782852964
56.0,83.92857142857143,72.3076923076923,86.13589247433929
52.0,75.0,60.0,79.9680817108203
51.0,69.62962962962963,53.40909090909091,76.66365096233537
38.0,75.0,60.0,79.97806274056198
34.0,65.51724137931035,48.717948717948715,74.3390369623996
46.0,81.0126582278481,68.08510638297872,84.02759626743065
49.0,84.0909090909091,72.54901960784314,86.26054861602393
51.0,82.97872340425532,70.9090909090909,85.43858917475208
55.0,87.37864077669903,77.58620689655173,88.78013741927185
62.0,87.60330578512396,77.94117647058823,88.95562504474287
57.0,74.12587412587412,58.88888888888889,79.4075352410847
55.0,72.72727272727273,57.14285714285714,78.53252505215636
47.0,69.23076923076923,52.94117647058824,76.43867758511462
35.0,64.51612903225806,47.61904761904761,73.7875922360331
46.0,83.9506172839506,72.3404255319149,86.15724958140159
52.0,84.78260869565217,73.58490566037736,86.77849108536948
53.0,83.33333333333334,71.42857142857143,85.69832911623242
57.0,84.90566037735849,73.77049180327869,86.86928771209594
61.0,87.09677419354838,77.14285714285715,88.55546751640284
55.0,73.75886524822694,58.42696629213483,79.17657467906558
60.0,76.19047619047619,61.53846153846154,80.73431456811345
48.0,71.15384615384616,55.223880597014926,77.58202346729823
37.0,67.6923076923077,51.162790697674424,75.5604598302345
47.0,81.92771084337349,69.38775510204081,84.67892003037902
50.0,84.78260869565217,73.58490566037736,86.77849108536948
53.0,83.33333333333334,71.42857142857143,85.69832911623242
60.0,84.68468468468468,73.4375,86.7017937471324
64.0,85.49618320610686,74.66666666666667,87.31437882415536
61.0,70.88607594936708,54.90196078431373,77.40509052783125
60.0,72.15189873417721,56.43564356435643,78.17392625353638
49.0,71.84466019417476,56.060606060606055,78.00138342680076
37.0,73.52941176470588,58.139534883720934,79.05182163818756
48.0,81.3953488372093,68.62745098039215,84.29777048331547
53.0,86.5979381443299,76.36363636363637,88.16885292869655
53.0,84.5360824742268,73.21428571428571,86.59218324808731
62.0,85.96491228070175,75.38461538461539,87.67634822934363
63.0,81.15942028985508,68.29268292682927,84.1204037140132
61.0,69.56521739130434,53.333333333333336,76.61778398510242
59.0,67.46987951807229,50.90909090909091,75.40067474425017
53.0,70.79646017699115,54.794520547945204,77.36434979048768
24.0,61.904761904761905,44.827586206896555,72.3978450939592
42.0,45.87155963302752,29.761904761904763,64.82213002446896
44.0,41.55844155844156,26.229508196721312,63.025012554008384
49.0,22.30769230769231,12.554112554112553,56.07564841616729
55.0,21.132075471698116,11.814345991561181,55.69878981001046
63.0,6.470588235294119,3.343465045592705,51.35477847116673
60.0,0.0,0.0,49.55058195153062
64.0,0.0,0.0,49.61734693877551
67.0,0.0,0.0,49.70902423469388
35.0,81.57894736842105,68.88888888888889,84.4304849270449
43.0,82.75862068965517,70.58823529411765,85.27915952978718
40.0,80.95238095238095,68.0,83.98404531131587
35.0,72.22222222222221,56.52173913043478,78.24092938575578
40.0,75.29411764705883,60.37735849056604,80.16773955160083
48.0,72.72727272727273,57.14285714285714,78.54450396033961
41.0,64.28571428571429,47.368421052631575,73.65429966069533
42.0,68.96551724137932,52.63157894736842,76.28886808414168
30.0,67.6923076923077,51.162790697674424,75.5604598302345
25.0,65.38461538461539,48.57142857142857,74.26777134426808
14.0,47.368421052631575,31.03448275862069,65.49730795694106
44.0,80.0,66.66666666666666,83.31638147660644
50.0,87.75510204081633,78.18181818181819,89.07894092622715
48.0,82.4742268041237,70.17543859649122,85.07076541281398
42.0,74.07407407407408,58.82352941176471,79.39082584734926
46.0,73.5632183908046,58.18181818181818,79.06797514068573
58.0,79.3103448275862,65.71428571428571,82.83320509532359
64.0,75.0,60.0,79.97007839460612
54.0,74.54545454545455,59.42028985507246,79.68222032396586
45.0,75.0,60.0,79.97606701236538
31.0,67.64705882352942,51.11111111111111,75.53362267018478
25.0,54.90196078431373,37.83783783783784,68.89599319825388
46.0,80.95238095238095,68.0,83.98404531131587
56.0,85.43689320388349,74.57627118644068,87.2731750889516
59.0,88.49557522123894,79.36507936507937,89.66957236019199
46.0,77.27272727272727,62.96296296296296,81.46153812062632
47.0,71.42857142857143,55.55555555555556,77.75384765373997
65.0,73.33333333333333,57.89473684210527,78.91545267861268
62.0,80.0,66.66666666666666,83.30739765381853
64.0,72.44094488188976,56.79012345679012,78.36015249240862
50.0,75.47169811320755,60.60606060606061,80.2771008311937
44.0,79.54545454545455,66.0377358490566,83.00091854178763
36.0,73.68421052631578,58.333333333333336,79.14672569195183
50.0,72.94117647058823,57.407407407407405,78.68077021083303
57.0,77.66990291262135,63.49206349206349,81.72309413633013
62.0,84.03361344537815,72.46376811594203,86.2129318176167
48.0,84.0,72.41379310344827,86.1909393171129
48.0,72.28915662650603,56.60377358490566,78.27895375691661
59.0,76.78571428571429,62.31884057971014,81.13348926637752
63.0,81.15942028985508,68.29268292682927,84.1204037140132
67.0,74.6268656716418,59.523809523809526,79.72799022653389
52.0,71.9298245614035,56.16438356164384,78.05027794817008
45.0,77.41935483870968,63.1578947368421,81.55800600424075
37.0,77.5,63.26530612244898,81.61470511028223
54.0,65.26315789473685,48.4375,74.18584542327251
61.0,80.0,66.66666666666666,83.31039297825653
61.0,83.46456692913385,71.62162162162163,85.78986234403907
52.0,82.14285714285714,69.6969696969697,84.82853671363546
47.0,67.44186046511628,50.877192982456144,75.41067856991673
53.0,75.72815533980582,60.9375,80.44381831282287
66.0,77.55102040816327,63.33333333333333,81.63374502018529
70.0,72.72727272727273,57.14285714285714,78.53252505215636
54.0,66.11570247933885,49.382716049382715,74.6504692421798
51.0,74.07407407407408,58.82352941176471,79.38384065928909
40.0,74.69879518072288,59.61538461538461,79.786753031593
52.0,63.04347826086957,46.03174603174603,72.98197268285209
59.0,76.52173913043478,61.97183098591549,80.95898658527403
62.0,80.62015503875969,67.53246753246754,83.74129561285415
55.0,80.34188034188034,67.14285714285714,83.54848775872534
49.0,69.66292134831461,53.44827586206896,76.69721600462107
54.0,72.91666666666666,57.377049180327866,78.66259770398297
67.0,78.62068965517241,64.77272727272727,82.35543724118418
70.0,72.22222222222221,56.52173913043478,78.22096851981
62.0,67.17557251908397,50.57471264367817,75.24446954293539
50.0,75.67567567567568,60.86956521739131,80.40785477528918
41.0,75.29411764705883,60.37735849056604,80.16773955160083
54.0,65.26315789473685,48.4375,74.18584542327251
62.0,72.88135593220339,57.333333333333336,78.63475156084814
67.0,77.6978417266187,63.52941176470588,81.73378133824058
57.0,80.95238095238095,68.0,83.97605985037406
50.0,72.52747252747253,56.896551724137936,78.42334715816214
54.0,75.0,60.0,79.97407104533578
69.0,75.86206896551724,61.111111111111114,80.5206400510764
71.0,75.67567567567568,60.86956521739131,80.39886880183212
62.0,66.15384615384615,49.42528735632184,74.66876040766046
52.0,67.88990825688074,51.388888888888886,75.65954147470033
42.0,79.06976744186046,65.38461538461539,82.67435866753804
56.0,59.57446808510638,42.42424242424242,71.17423336016302
68.0,71.875,56.09756097560976,78.01287384507599
66.0,78.01418439716312,63.95348837209303,81.94581902493641
62.0,78.46153846153847,64.55696202531645,82.25055083809464
44.0,71.42857142857143,55.55555555555556,77.75384765373997
56.0,72.38095238095238,56.71641791044776,78.32928877492151
70.0,74.02597402597402,58.76288659793815,79.34153827293105
72.0,72.36842105263158,56.70103092783505,78.30861685854254
63.0,66.15384615384615,49.42528735632184,74.66876040766046
51.0,74.28571428571429,59.09090909090909,79.51852832330324
42.0,77.10843373493977,62.745098039215684,81.35360358246682
45.0,77.64705882352942,63.46153846153846,81.71182341580004
48.0,82.10526315789474,69.64285714285714,84.80447502414812
45.0,77.77777777777779,63.63636363636363,81.79823805958108
40.0,72.72727272727273,57.14285714285714,78.55049054797799
41.0,73.80952380952381,58.490566037735846,79.22334663438293
50.0,73.26732673267327,57.8125,78.87932485191169
52.0,72.54901960784314,56.92307692307692,78.43361608574317
46.0,72.16494845360825,56.451612903225815,78.1988823775019
37.0,74.66666666666667,59.57446808510638,79.7682901165741
30.0,64.28571428571429,47.368421052631575,73.6642735272329
22.0,53.06122448979592,36.11111111111111,68.03263029191501
50.0,78.72340425531915,64.91228070175438,82.43619579673769
55.0,84.90566037735849,73.77049180327869,86.86928771209594
50.0,83.16831683168317,71.1864406779661,85.5762657772086
44.0,74.69879518072288,59.61538461538461,79.786753031593
48.0,76.92307692307693,62.5,81.22905905346923
60.0,82.35294117647058,70.0,84.97905320485965
65.0,81.25,68.42105263157895,84.18658568854505
54.0,73.39449541284404,57.971014492753625,78.95658591240522
48.0,68.04123711340206,51.5625,75.75033840715554
40.0,30.76923076923077,18.181818181818183,58.992213074639196
30.0,64.28571428571429,47.368421052631575,73.6642735272329
64.0,72.89719626168224,57.35294117647059,78.64754983110981
56.0,83.1858407079646,71.21212121212122,85.58710949991446
58.0,84.7457627118644,73.52941176470588,86.74675112833307
48.0,77.77777777777779,63.63636363636363,81.79823805958108
48.0,76.74418604651163,62.264150943396224,81.11213250857266
65.0,78.4,64.47368421052632,82.20991051151128
69.0,78.26086956521739,64.28571428571429,82.11293016468389
65.0,72.44094488188976,56.79012345679012,78.36015249240862
55.0,40.19138755980861,25.149700598802394,62.45018440400087
46.0,70.2127659574468,54.09836065573771,77.02126017949321
37.0,72.22222222222221,56.52173913043478,78.24092938575578
63.0,72.22222222222221,56.52173913043478,78.23095154060482
56.0,80.0,66.66666666666666,83.31039297825653
60.0,83.87096774193549,72.22222222222221,86.09116058840742
50.0,83.16831683168317,71.1864406779661,85.5762657772086
49.0,77.27272727272727,62.96296296296296,81.46153812062632
66.0,76.42276422764228,61.8421052631579,80.8921272590401
65.0,81.11888111888112,68.23529411764706,84.09071062879838
68.0,76.92307692307693,62.5,81.22007540996688
55.0,73.87387387387388,58.57142857142858,79.25679237487356
47.0,77.27272727272727,62.96296296296296,81.46153812062632
39.0,47.45762711864407,31.11111111111111,65.49373853393953
63.0,69.0909090909091,52.77777777777778,76.35498247060335
65.0,75.0,60.0,79.97007839460612
61.0,82.53968253968253,70.27027027027027,85.11318956016108
51.0,83.49514563106796,71.66666666666667,85.81637843336725
50.0,75.55555555555556,60.71428571428571,80.33520516020216
64.0,73.94957983193278,58.666666666666664,79.30241495784462
68.0,77.12418300653596,62.76595744680851,81.34806043220566
70.0,75.0,60.0,79.96608478802992
56.0,37.03703703703704,22.727272727272727,61.22800528018335
48.0,62.5,45.45454545454545,72.68539083421116
42.0,72.5,56.86274509803921,78.40943703941782
61.0,70.9090909090909,54.929577464788736,77.43287617280762
57.0,82.75862068965517,70.58823529411765,85.27416871632153
64.0,81.53846153846153,68.83116883116884,84.39164331070242
52.0,82.2429906542056,69.84126984126983,84.9016849485612
49.0,72.72727272727273,57.14285714285714,78.54749749293464
61.0,75.0,60.0,79.97207483943032
68.0,73.8255033557047,58.51063829787234,79.21641330108797
71.0,76.2589928057554,61.627906976744185,80.78103446915937
57.0,71.7948717948718,56.00000000000001,77.96708820361431
51.0,75.51020408163265,60.65573770491803,80.30393538749163
44.0,67.44186046511628,50.877192982456144,75.41067856991673
65.0,67.85714285714286,51.35135135135135,75.63977476219688
60.0,79.67479674796748,66.21621621621621,83.08317144722675
65.0,76.47058823529412,61.904761904761905,80.92046011605505
53.0,85.45454545454545,74.60317460317461,87.28562847535896
52.0,76.59574468085107,62.06896551724138,81.01254418662229
58.0,77.77777777777779,63.63636363636363,81.79424596626495
69.0,73.68421052631578,58.333333333333336,79.12676243681831
71.0,70.27027027027027,54.166666666666664,77.0394421833852
64.0,69.91869918699187,53.75,76.83809815889732
54.0,77.55102040816327,63.33333333333333,81.64472721954073
44.0,73.80952380952381,58.490566037735846,79.22334663438293
63.0,69.0909090909091,52.77777777777778,76.35498247060335
62.0,81.6,68.91891891891892,84.43651681606794
61.0,73.52941176470588,58.139534883720934,79.03385793382073
52.0,84.40366972477065,73.01587301587301,86.49098059331453
49.0,74.15730337078652,58.92857142857143,79.44135130669143
57.0,78.50467289719626,64.61538461538461,82.28475378293865
70.0,70.44025157232704,54.36893203883495,77.13757854934565
73.0,72.36842105263158,56.70103092783505,78.30861685854254
62.0,71.7948717948718,56.00000000000001,77.96708820361431
54.0,75.51020408163265,60.65573770491803,80.30393538749163
43.0,70.58823529411765,54.54545454545454,77.24780006018788
62.0,27.205882352941174,15.74468085106383,57.67488933955094
55.0,27.00729927007299,15.611814345991561,57.60646163160086
57.0,20.77922077922078,11.594202898550725,55.55380215125366
48.0,16.3265306122449,8.88888888888889,54.2400820550992
50.0,14.37908496732026,7.746478873239436,53.61204391881456
60.0,16.10738255033557,8.75912408759124,54.13031974039795
74.0,13.200000000000001,7.066381156316917,53.100428278335954
59.0,4.040404040404041,2.0618556701030926,50.55749961673636
51.0,0.0,0.0,49.50175382653062
43.0,0.0,0.0,49.47484853316326
36.0,0.0,0.0,49.451929209183675
54.0,42.66666666666667,27.11864406779661,63.51645919498283
61.0,52.083333333333336,35.2112676056338,67.55977230454168
58.0,64.76190476190476,47.88732394366197,73.90676675424892
68.0,72.72727272727273,57.14285714285714,78.53851546203737
70.0,73.01587301587301,57.49999999999999,78.71608817075604
90.0,64.90066225165563,48.03921568627451,73.96674212206878
104.0,68.13186813186813,51.66666666666667,75.77546527251201
96.0,71.91011235955057,56.14035087719298,78.02028718827721
82.0,78.70967741935485,64.8936170212766,82.41388423646889
67.0,77.86259541984732,63.74999999999999,81.846072319202
47.0,73.7864077669903,58.46153846153847,79.20384354566013
64.0,62.8099173553719,45.78313253012048,72.84669012321174
71.0,63.565891472868216,46.590909090909086,73.24858110374716
76.0,70.1492537313433,54.02298850574713,76.97159718730273
75.0,77.94117647058823,63.85542168674698,81.897784462271
83.0,78.98089171974523,65.26315789473685,82.59865401621146
106.0,78.07486631016043,64.03508771929825,81.97662814601921
113.0,80.3921568627451,67.21311475409836,83.56663243593847
104.0,77.94871794871796,63.86554621848739,81.88985893758701
82.0,81.52866242038218,68.81720430107528,84.37966696535246
71.0,79.1044776119403,65.4320987654321,82.68811809368705
56.0,77.06422018348624,62.68656716417911,81.31835040300949
69.0,72.3076923076923,56.62650602409639,78.27734565303446
77.0,80.53691275167785,67.41573033707866,83.67893229281101
83.0,78.98089171974523,65.26315789473685,82.59865401621146
85.0,79.22077922077922,65.59139784946237,82.76377235583962
95.0,79.54545454545455,66.0377358490566,82.98294408307218
109.0,79.80295566502463,66.39344262295081,83.15579906374609
120.0,78.76106194690266,64.96350364963503,82.43383519974515
121.0,78.57142857142857,64.70588235294117,82.30502550804701
95.0,81.52173913043478,68.80733944954129,84.36973826631672
76.0,81.57894736842105,68.88888888888889,84.41650813922035
73.0,75.55555555555556,60.71428571428571,80.32422515140719
89.0,79.53216374269006,66.01941747572816,82.97478417492003
85.0,82.55813953488372,70.29702970297029,85.1185777194624
90.0,81.87134502923976,69.3069306930693,84.622530927503
89.0,80.92485549132948,67.96116504854369,83.94765233627042
100.0,81.63265306122449,68.96551724137932,84.44682760823356
120.0,85.35564853556485,74.45255474452554,87.19132909571206
120.0,86.05577689243027,75.52447552447552,87.72728529758969
114.0,86.22222222222223,75.78125,87.85967390273368
90.0,82.68156424581005,70.47619047619048,85.20715834934829
73.0,84.35374149659864,72.94117647058823,86.4476405560029
72.0,72.3076923076923,56.62650602409639,78.27734565303446
88.0,79.56989247311827,66.07142857142857,82.99779164789544
94.0,78.91891891891892,65.17857142857143,82.55036588912554
93.0,80.66298342541437,67.5925925925926,83.76136824807563
106.0,84.5771144278607,73.27586206896551,86.60698735198491
110.0,81.22270742358079,68.38235294117648,84.14824773229381
131.0,86.76470588235294,76.62337662337663,88.27573002330284
128.0,84.32835820895522,72.90322580645162,86.40966575663052
109.0,80.37383177570094,67.1875,83.55182546416451
86.0,78.82352941176471,65.0485436893204,82.48835015394596
71.0,77.55102040816327,63.33333333333333,81.63374502018529
67.0,69.29133858267717,53.01204819277109,76.46712678528684
86.0,78.72340425531915,64.91228070175438,82.4162217847521
87.0,81.08108108108108,68.18181818181817,84.05597964838299
110.0,82.2429906542056,69.84126984126983,84.88270168313292
106.0,87.67123287671232,78.04878048780488,88.99743337489285
112.0,83.89830508474576,72.26277372262774,86.09344529133165
120.0,81.64794007490637,68.9873417721519,84.44473645820929
126.0,80.55555555555556,67.44186046511628,83.6649973520148
117.0,85.03937007874016,73.97260273972603,86.94835297967367
98.0,82.52427184466019,70.24793388429752,85.088032343119
89.0,80.66298342541437,67.5925925925926,83.76136824807563
88.0,72.94117647058823,57.407407407407405,78.65780834512127
99.0,79.41176470588235,65.85365853658537,82.88490891696021
102.0,84.05797101449275,72.5,86.21705863562859
114.0,86.22222222222223,75.78125,87.85967390273368
139.0,84.84848484848484,73.68421052631578,86.80215639770567
134.0,87.36462093862815,77.56410256410257,88.7470897397478
144.0,85.61872909698997,74.85380116959064,87.38394182520453
137.0,82.87671232876713,70.76023391812866,85.33017189863081
122.0,79.36507936507937,65.78947368421053,82.8428157621468
108.0,72.6457399103139,57.04225352112676,78.46024244077098
106.0,69.74358974358974,53.54330708661418,76.71278070862999
97.0,69.74358974358974,53.54330708661418,76.71278070862999
96.0,80.59701492537313,67.5,83.71107395947699
95.0,77.31958762886599,63.02521008403361,81.46869374284114
97.0,82.17821782178217,69.74789915966386,84.83801641551756
111.0,83.03571428571429,70.99236641221374,85.4582461815676
123.0,81.99233716475096,69.48051948051948,84.6933245108763
149.0,87.78877887788778,78.23529411764706,89.08067885148185
140.0,86.68941979522185,76.50602409638554,88.21405023077385
114.0,84.48275862068965,73.13432835820896,86.53122025163134
104.0,82.35294117647058,70.0,84.96406611834225
88.0,75.86206896551724,61.111111111111114,80.51364775272178
75.0,71.32867132867133,55.434782608695656,77.67649354873684
82.0,71.52317880794702,55.670103092783506,77.79215621101008
82.0,73.10344827586206,57.608695652173914,78.76544353065373
83.0,67.62589928057554,51.08695652173913,75.49859406210238
82.0,70.83333333333334,54.83870967741935,77.37745957686428
79.0,78.32167832167832,64.36781609195403,82.15298226784454
107.0,73.51351351351352,58.119658119658126,79.01093467170742
112.0,74.03846153846155,58.778625954198475,79.33541968581598
106.0,75.49019607843137,60.629921259842526,80.26505943428862
94.0,78.4090909090909,64.48598130841121,82.20507180055242
87.0,76.92307692307693,62.5,81.2140833266821
60.0,70.58823529411765,54.54545454545454,77.23782082201518
79.0,76.82926829268293,62.37623762376238,81.15020449823004
82.0,79.06976744186046,65.38461538461539,82.65638528470811
91.0,82.55813953488372,70.29702970297029,85.1185777194624
94.0,76.74418604651163,62.264150943396224,81.0921632785231
91.0,82.79569892473118,70.64220183486239,85.28916415222629
121.0,77.39130434782608,63.12056737588653,81.50837401078152
124.0,76.72413793103449,62.23776223776224,81.0649749156747
108.0,78.30188679245283,64.34108527131784,82.12462803681278
89.0,82.22222222222221,69.81132075471697,84.8737255244584
77.0,79.48717948717949,65.95744680851064,82.94679619828493
63.0,72.1311475409836,56.41025641025641,78.17121772878575
80.0,76.0233918128655,61.32075471698113,80.61946817687375
98.0,75.37688442211056,60.483870967741936,80.19303426433444
91.0,85.41666666666666,74.54545454545455,87.24477981394978
98.0,80.41237113402062,67.24137931034483,83.58276398947717
100.0,84.5771144278607,73.27586206896551,86.60698735198491
127.0,77.11864406779661,62.758620689655174,81.32540198903244
128.0,79.83870967741935,66.44295302013423,83.17155339166945
121.0,78.29787234042553,64.33566433566433,82.11691770413118
98.0,82.6530612244898,70.43478260869566,85.18345578184059
84.0,80.0,66.66666666666666,83.29940661504483
75.0,75.52447552447552,60.67415730337079,80.30216384381659
87.0,77.41935483870968,63.1578947368421,81.53703454708943
86.0,81.28342245989305,68.46846846846847,84.19930409451368
91.0,81.05263157894737,68.14159292035397,84.03486759932149
100.0,85.14851485148515,74.13793103448276,87.03901942021604
124.0,79.32489451476793,65.73426573426573,82.81821309555825
130.0,84.21052631578947,72.72727272727273,86.32169005491153
128.0,82.26415094339623,69.87179487179486,84.88896033161717
117.0,79.13043478260869,65.46762589928058,82.68589441115572
95.0,83.5978835978836,71.81818181818181,85.87815093264521
85.0,78.3625730994152,64.42307692307693,82.17461894608216
93.0,65.45454545454545,48.64864864864865,74.26746306579514
95.0,78.21782178217822,64.22764227642277,82.06990633293363
96.0,78.0,63.934426229508205,81.92329918605435
110.0,79.45205479452055,65.9090909090909,82.90962541222079
114.0,79.47598253275109,65.94202898550725,82.92409425715415
132.0,79.70479704797047,66.25766871165644,83.07390905423838
130.0,83.98576512455516,72.39263803680981,86.15137115792307
133.0,81.88405797101449,69.32515337423312,84.61263960783646
112.0,81.05726872246696,68.14814814814815,84.03114619291442
111.0,78.64077669902912,64.8,82.35608344146122
102.0,71.73913043478261,55.932203389830505,77.91421584378773
89.0,65.47619047619048,48.67256637168141,74.27842320698952
87.0,77.720207253886,63.559322033898304,81.73674770184566
89.0,78.1725888324873,64.16666666666667,82.04041830508926
102.0,82.2429906542056,69.84126984126983,84.88270168313292
112.0,81.05726872246696,68.14814814814815,84.03114619291442
130.0,81.91881918819189,69.375,84.6385636172975
128.0,82.56227758007117,70.3030303030303,85.10257388103972
127.0,82.68551236749117,70.48192771084338,85.1920216072745
127.0,81.56862745098039,68.87417218543047,84.39015367539618
109.0,82.2429906542056,69.84126984126983,84.88270168313292
107.0,76.32850241545893,61.71875,80.81046987594067
107.0,72.72727272727273,57.14285714285714,78.51754065828791
90.0,74.25742574257426,59.055118110236215,79.47566388336504
94.0,78.84615384615384,65.07936507936508,82.49576510446074
119.0,82.05128205128204,69.56521739130434,84.74067578830393
127.0,83.26848249027238,71.33333333333334,85.62372592489031
143.0,84.72222222222221,73.49397590361446,86.703035420541
140.0,82.43243243243244,70.11494252873564,85.00552736378046
142.0,84.13793103448276,72.61904761904762,86.2635734359273
121.0,77.82426778242679,63.6986301369863,81.79640290268838
116.0,73.87387387387388,58.57142857142858,79.22782312110375
123.0,70.58823529411765,54.54545454545454,77.20785442351173
107.0,65.3658536585366,48.55072463768116,74.20451676215416
89.0,78.75647668393782,64.95726495726495,82.43771431495983
96.0,83.74384236453201,72.03389830508475,85.98400910343176
105.0,83.56807511737088,71.7741935483871,85.8521575684116
108.0,82.96943231441048,70.8955223880597,85.4088242718438
137.0,84.50704225352112,73.17073170731707,86.54141507852668
139.0,85.90604026845638,75.29411764705883,87.60509910485933
137.0,86.89655172413792,76.82926829268293,88.37667210837942
123.0,81.81818181818183,69.23076923076923,84.57145227119467
107.0,80.56872037914692,67.46031746031747,83.68923321459705
105.0,75.25773195876289,60.33057851239669,80.11738793292429
99.0,67.41573033707866,50.847457627118644,75.3658630621027
153.0,14.785992217898833,7.9831932773109235,53.7732821461619
150.0,0.0,0.0,49.69806281887755
141.0,0.684931506849315,0.3436426116838488,49.88283276573231
140.0,0.0,0.0,49.74589445153062
144.0,0.0,0.0,49.761838329081634
140.0,0.0,0.0,49.75386639030612
136.0,0.0,0.0,49.79472257653062
130.0,31.802120141342755,18.907563025210084,59.26128585123782
123.0,0.0,0.0,49.79970503826531
110.0,0.0,0.0,49.8046875
96.0,0.0,0.0,49.82362085459184
42.0,73.23943661971832,57.77777777777777,78.86994571840036
68.0,80.64516129032258,67.56756756756756,83.7598441117573
90.0,87.5,77.77777777777779,88.86693236281053
105.0,84.82142857142857,73.64341085271317,86.7877604172713
118.0,83.66533864541833,71.91780821917808,85.91796224703387
114.0,88.13559322033898,78.78787878787878,89.36597965596208
107.0,88.47926267281106,79.33884297520662,89.64446142370555
112.0,86.91983122362869,76.86567164179104,88.40188101491226
98.0,86.3849765258216,76.03305785123968,87.98757756390752
73.0,85.90604026845638,75.29411764705883,87.62610575839531
58.0,82.45614035087719,70.1492537313433,85.05467833288623
36.0,78.78787878787878,65.0,82.48604187437687
13.0,72.72727272727273,57.14285714285714,78.56245799491953
48.0,83.51648351648352,71.69811320754717,85.83409788982408
73.0,86.13138686131386,75.64102564102564,87.80155717671929
94.0,88.77005347593582,79.8076923076923,89.88288514132944
114.0,85.58558558558559,74.80314960629921,87.36962655930463
122.0,87.4493927125506,77.6978417266187,88.81796296604962
128.0,83.87096774193549,72.22222222222221,86.07116862828637
119.0,85.20179372197309,74.21875,87.07642837353488
122.0,87.06896551724138,77.09923664122137,88.51966325321179
113.0,86.08695652173914,75.57251908396947,87.75430874621023
82.0,80.7017543859649,67.64705882352942,83.79059988096063
58.0,80.59701492537313,67.5,83.72406328558317
39.0,78.48101265822784,64.58333333333334,82.27471582411007
20.0,66.66666666666666,50.0,74.98205670082538
50.0,83.87096774193549,72.22222222222221,86.09615209880484
79.0,86.62420382165605,76.40449438202246,88.18129245324481
102.0,90.38461538461539,82.45614035087719,91.20810292173466
117.0,85.83690987124464,75.18796992481202,87.56103504627852
125.0,86.85258964143426,76.76056338028168,88.34732585096535
129.0,87.05882352941177,77.08333333333334,88.50870951096907
125.0,85.58951965065502,74.80916030534351,87.37163155248804
126.0,81.77777777777779,69.17293233082707,84.54553492988921
115.0,84.16289592760181,72.65625,86.29318300371384
90.0,83.8323353293413,72.16494845360825,86.05553134571204
64.0,83.96946564885496,72.36842105263158,86.1632612236283
41.0,80.0,66.66666666666666,83.31737928100405
24.0,55.69620253164557,38.59649122807017,69.26335308303058
65.0,81.81818181818183,69.23076923076923,84.59543687845536
102.0,84.26966292134831,72.81553398058253,86.37982343627039
120.0,82.6923076923077,70.49180327868852,85.20996632291384
122.0,84.68468468468468,73.4375,86.68480566870332
122.0,84.44444444444444,73.07692307692307,86.5035181467561
126.0,79.63800904977376,66.16541353383458,83.0377858277702
108.0,82.97872340425532,70.9090909090909,85.42260805185474
112.0,80.8080808080808,67.79661016949152,83.860377904931
85.0,79.51807228915662,66.0,82.96607463580123
79.0,75.0,60.0,79.96209022526386
51.0,80.0,66.66666666666666,83.31139126040586
39.0,85.36585365853658,74.46808510638297,87.22207629803106
53.0,0.0,0.0,49.9332350127551
83.0,82.51748251748252,70.23809523809523,85.0941059824772
110.0,85.56701030927834,74.77477477477478,87.35943937069844
131.0,84.5528455284553,73.23943661971832,86.58177295117567
132.0,81.30081300813008,68.4931506849315,84.20064515634864
130.0,84.67741935483872,73.42657342657343,86.67534059677216
132.0,83.68200836820083,71.94244604316546,85.93228221161388
124.0,80.56872037914692,67.46031746031747,83.68923321459705
108.0,78.0,63.934426229508205,81.92329918605435
82.0,77.01863354037268,62.62626262626263,81.27621548122805
73.0,78.98089171974523,65.26315789473685,82.59865401621146
52.0,75.59055118110236,60.75949367088608,80.3488259928002
41.0,76.92307692307693,62.5,81.22905905346923
32.0,0.0,0.0,49.94120695153062
93.0,89.26553672316385,80.61224489795919,90.28715923760964
119.0,87.1559633027523,77.23577235772358,88.58993146549744
130.0,80.93385214007782,67.97385620915033,83.93799856311487
138.0,76.19047619047619,61.53846153846154,80.70932661587614
130.0,82.86852589641434,70.74829931972789,85.33121149082736
125.0,85.71428571428571,75.0,87.46705074185755
121.0,82.88288288288288,70.76923076923077,85.34667911754407
105.0,73.40425531914893,57.98319327731093,78.94170341016445
85.0,72.5,56.86274509803921,78.38747614453419
75.0,76.31578947368422,61.702127659574465,80.81514858975372
44.0,71.7948717948718,56.00000000000001,77.96708820361431
46.0,55.670103092783506,38.57142857142858,69.24284204499163
21.0,3.225806451612903,1.639344262295082,50.75988139871107
103.0,87.12871287128714,77.19298245614034,88.57053690767407
125.0,79.83539094650206,66.43835616438356,83.17025538006115
125.0,73.17073170731707,57.692307692307686,78.7802671712347
124.0,76.47058823529412,61.904761904761905,80.89647599081562
134.0,84.7328244274809,73.50993377483444,86.71501881990497
124.0,84.070796460177,72.51908396946564,86.22360021040723
116.0,81.86046511627907,69.29133858267717,84.60673781074442
93.0,71.76470588235294,55.96330275229357,77.93376152280946
83.0,66.2420382165605,49.523809523809526,74.70903587673997
67.0,65.75342465753424,48.97959183673469,74.43992359152406
39.0,62.5,45.45454545454545,72.68539083421116
44.0,19.444444444444446,10.76923076923077,55.326810764232285
16.0,0.0,0.0,49.94419642857143
113.0,85.20179372197309,74.21875,87.07642837353488
125.0,81.78438661710037,69.18238993710692,84.5422595632884
117.0,71.96652719665272,56.209150326797385,78.03769554670875
123.0,78.51239669421489,64.62585034013605,82.26100927381995
133.0,81.74603174603175,69.12751677852349,84.51782545135109
128.0,82.5531914893617,70.28985507246377,85.10399221404094
111.0,78.84615384615384,65.07936507936508,82.49576510446074
89.0,69.51219512195121,53.271028037383175,76.58563273614405
78.0,68.4931506849315,52.083333333333336,75.99578229528255
67.0,65.24822695035462,48.421052631578945,74.16165338540847
37.0,63.1578947368421,46.15384615384615,73.04202497936794
42.0,17.91044776119403,9.836065573770492,54.86321915323964
14.0,0.0,0.0,49.94917889030612
53.0,82.10526315789474,69.64285714285714,84.80447502414812
72.0,89.1891891891892,80.48780487804879,90.22793756175437
91.0,86.73469387755102,76.57657657657657,88.26233552232235
111.0,87.34693877551021,77.53623188405797,88.73715866307394
116.0,84.52830188679246,73.20261437908496,86.56035960245396
110.0,85.82995951417004,75.177304964539,87.55370141376541
112.0,87.33624454148472,77.51937984496125,88.7307339355807
114.0,87.65957446808511,78.03030303030303,88.98619379342523
107.0,88.78923766816143,79.83870967741935,89.89439327951084
74.0,84.66257668711657,73.40425531914893,86.67718104532895
60.0,79.43262411347519,65.88235294117646,82.91224590394816
38.0,72.46376811594203,56.81818181818182,78.39014811632507
45.0,64.91228070175438,48.05194805194805,73.98608491769504
50.0,85.41666666666666,74.54545454545455,87.2587649709421
76.0,88.31168831168831,79.06976744186046,89.51692251713044
98.0,88.11881188118812,78.76106194690266,89.35657266091515
115.0,88.23529411764706,78.94736842105263,89.44572391414718
123.0,88.63636363636364,79.59183673469387,89.76595372562417
126.0,88.03088803088804,78.62068965517241,89.27938321997964
118.0,90.43478260869566,82.53968253968253,91.24787290428766
121.0,88.88888888888889,80.0,89.97403738616391
115.0,85.84070796460178,75.1937984496124,87.56494970504743
92.0,83.69565217391305,71.96261682242991,85.95136769383535
62.0,78.87323943661971,65.11627906976744,82.52821136249744
39.0,69.1588785046729,52.85714285714286,76.39566291424127
56.0,69.6969696969697,53.48837209302325,76.70428977681284
56.0,88.46153846153845,79.3103448275862,89.64320353288346
82.0,89.82035928143712,81.52173913043478,90.74390383599042
105.0,90.09009009009009,81.9672131147541,90.9616399466254
119.0,88.6178861788618,79.56204379562044,89.7530593676007
123.0,88.88888888888889,80.0,89.97103475829005
131.0,88.47583643122677,79.33333333333333,89.63570196642495
124.0,92.05020920502092,85.27131782945736,92.61668396166672
123.0,89.17748917748918,80.46875,90.2094114467877
115.0,85.97285067873304,75.39682539682539,87.66746283718788
92.0,82.02247191011236,69.52380952380952,84.72997054638873
80.0,78.48101265822784,64.58333333333334,82.25774401032314
45.0,69.0909090909091,52.77777777777778,76.35498247060335
57.0,73.75886524822694,58.42696629213483,79.17657467906558
74.0,82.17054263565892,69.73684210526315,84.84547749378633
102.0,86.0,75.43859649122807,87.69134855505703
120.0,89.83050847457628,81.53846153846153,90.74526432225653
126.0,89.14728682170544,80.41958041958041,90.18182432816579
132.0,85.60606060606061,74.83443708609272,87.37926636279347
138.0,86.27450980392157,75.86206896551724,87.896080621855
115.0,88.88888888888889,80.0,89.97603833865814
116.0,84.93150684931507,73.80952380952381,86.8718165939778
100.0,82.90155440414507,70.79646017699115,85.3652933270775
87.0,78.85714285714286,65.09433962264151,82.51024882223739
80.0,77.38095238095238,63.10679611650486,81.51548223138806
64.0,67.64705882352942,51.11111111111111,75.51166965888689
63.0,63.2183908045977,46.21848739495798,73.04539820357424
82.0,89.6103896103896,81.17647058823529,90.57226946100052
108.0,87.08133971291866,77.11864406779661,88.53236785600073
132.0,88.62745098039215,79.5774647887324,89.75976888838375
140.0,84.21052631578947,72.72727272727273,86.31868670725152
135.0,86.34686346863468,75.97402597402598,87.9500565955549
133.0,86.95652173913044,76.92307692307693,88.42858196411505
121.0,86.34361233480176,75.96899224806202,87.9535444087069
117.0,82.1917808219178,69.76744186046511,84.84478789505307
95.0,79.14438502673798,65.48672566371681,82.70444222988644
85.0,80.0,66.66666666666666,83.29840737636212
58.0,79.43262411347519,65.88235294117646,82.91224590394816
49.0,73.17073170731707,57.692307692307686,78.8132400802206
54.0,43.56435643564357,27.848101265822784,63.867225653846916
96.0,87.43169398907104,77.66990291262135,88.81199553168597
118.0,88.59649122807018,79.52755905511812,89.73781846914667
132.0,87.4074074074074,77.63157894736842,88.78182886798682
144.0,83.04498269896193,71.00591715976331,85.45401339848482
136.0,86.98884758364312,76.97368421052632,88.4518833565866
128.0,85.94377510040161,75.35211267605634,87.64110457146602
121.0,85.58951965065502,74.80916030534351,87.37163155248804
107.0,84.05797101449275,72.5,86.21705863562859
91.0,76.40449438202246,61.81818181818181,80.86718143355807
82.0,79.53216374269006,66.01941747572816,82.97478417492003
71.0,74.35897435897436,59.183673469387756,79.55193091243441
66.0,70.0,53.84615384615385,76.88118333279623
40.0,35.44303797468354,21.53846153846154,60.7183954755822
104.0,86.27450980392157,75.86206896551724,87.90308367617821
124.0,86.99186991869918,76.97841726618705,88.4572527322367
128.0,84.01486988847584,72.43589743589743,86.17500282976782
141.0,85.6140350877193,74.84662576687117,87.38235711566477
135.0,87.08487084870849,77.12418300653596,88.52713205622655
132.0,85.6,74.82517482517483,87.3766370241235
118.0,86.34361233480176,75.96899224806202,87.9535444087069
106.0,79.7979797979798,66.38655462184873,83.15335476067186
90.0,74.69879518072288,59.61538461538461,79.76578784985617
77.0,76.92307692307693,62.5,81.21108638821816
63.0,71.42857142857143,55.55555555555556,77.73787832440028
52.0,65.60000000000001,48.80952380952381,74.36187769213599
23.0,42.10526315789473,26.666666666666668,63.30044121946682
111.0,86.7579908675799,76.61290322580645,88.27749851691871
128.0,87.87878787878788,78.37837837837837,89.15722754316442
141.0,80.41958041958041,67.2514619883041,83.56979923090321
136.0,86.64259927797833,76.43312101910828,88.17960190319327
132.0,86.15384615384616,75.67567567567568,87.80188385893084
136.0,85.71428571428571,75.0,87.46304803755119
115.0,85.20179372197309,74.21875,87.07642837353488
102.0,80.61224489795919,67.52136752136752,83.72275733794388
87.0,74.84662576687117,59.80392156862745,79.86105486792144
75.0,78.78787878787878,65.0,82.4650775278881
58.0,68.61313868613139,52.22222222222223,76.06822176562247
48.0,61.53846153846154,44.44444444444444,72.18233709139898
21.0,37.735849056603776,23.25581395348837,61.5950161742086
135.0,48.8,32.27513227513227,66.00985986199994
137.0,67.51054852320675,50.955414012738856,75.40085456306058
148.0,86.2876254180602,75.88235294117646,87.90021497439466
149.0,88.1578947368421,78.82352941176471,89.37579492050207
149.0,89.6103896103896,81.17647058823529,90.55625959564848
146.0,86.83274021352312,76.72955974842768,88.32781979110361
138.0,87.74703557312253,78.16901408450704,89.05354728993153
130.0,84.12698412698413,72.6027397260274,86.26142578472331
115.0,82.3045267489712,69.93006993006993,84.92210022583855
103.0,76.36363636363637,61.76470588235294,80.83044844544861
84.0,63.63636363636363,46.666666666666664,73.26149568641537
72.0,68.63905325443787,52.25225225225225,76.07325091163233
64.0,70.58823529411765,54.54545454545454,77.23282941125265
43.0,81.48148148148148,68.75,84.36004277765589
52.0,84.61538461538461,73.33333333333333,86.65070879544669
65.0,80.2919708029197,67.07317073170732,83.50965054811259
95.0,84.61538461538461,73.33333333333333,86.63872199711238
110.0,88.9908256880734,80.16528925619835,90.05868248828008
113.0,89.38053097345133,80.80000000000001,90.37603594608088
115.0,89.45147679324894,80.91603053435115,90.43305021824408
110.0,87.28813559322035,77.44360902255639,88.69184824742342
109.0,85.71428571428571,75.0,87.46605024563645
99.0,84.31372549019608,72.88135593220339,86.40873546260799
68.0,78.98089171974523,65.26315789473685,82.59865401621146
42.0,55.639097744360896,38.54166666666667,69.21199689862183
41.0,80.0,66.66666666666666,83.31737928100405
55.0,86.53846153846155,76.27118644067797,88.1216298044885
66.0,85.07462686567165,74.02597402597402,86.993034499968
96.0,89.47368421052632,80.95238095238095,90.45622681006282
114.0,90.7488986784141,83.06451612903226,91.5112886798178
125.0,91.66666666666666,84.61538461538461,92.28771867289025
119.0,87.28813559322035,77.44360902255639,88.69184824742342
115.0,89.91596638655463,81.67938931297711,90.81572773084594
112.0,87.28813559322035,77.44360902255639,88.69184824742342
99.0,88.03827751196172,78.63247863247864,89.29128124579766
63.0,85.5072463768116,74.68354430379746,87.3218188426424
34.0,56.17977528089888,39.0625,69.49236742537536
43.0,81.92771084337349,69.38775510204081,84.67892003037902
54.0,84.90566037735849,73.77049180327869,86.86928771209594
66.0,87.87878787878788,78.37837837837837,89.17322686028541
97.0,87.95811518324608,78.50467289719626,89.22937869087235
111.0,91.8918918918919,85.0,92.48202660063107
122.0,91.13924050632912,83.72093023255815,91.83949363749022
120.0,88.79310344827587,79.84496124031007,89.89651852481424
117.0,89.45147679324894,80.91603053435115,90.43305021824408
121.0,86.29032258064517,75.88652482269504,87.90930926668715
104.0,86.3849765258216,76.03305785123968,87.98757756390752
67.0,83.11688311688312,71.11111111111111,85.52961366538953
39.0,56.56565656565656,39.436619718309856,69.67543676351802
45.0,83.14606741573034,71.15384615384616,85.56196466131846
57.0,84.95575221238938,73.84615384615385,86.9061203319502
65.0,85.71428571428571,75.0,87.48104511263193
100.0,87.5,77.77777777777779,88.86493296778373
112.0,89.90825688073394,81.66666666666667,90.81136759987753
121.0,89.83050847457628,81.53846153846153,90.74526432225653
121.0,85.71428571428571,75.0,87.46805111821085
116.0,85.3211009174312,74.4,87.16805303196693
118.0,80.67226890756302,67.6056338028169,83.75689038383656
109.0,81.51658767772511,68.8,84.36107007386704
72.0,82.05128205128204,69.56521739130434,84.75467127547338
41.0,60.416666666666664,43.28358208955223,71.60390243728216
49.0,80.41237113402062,67.24137931034483,83.6017415729178
58.0,85.24590163934425,74.28571428571429,87.12490167242382
66.0,84.05797101449275,72.5,86.2280517977573
103.0,86.29441624365482,75.89285714285714,87.91947762215624
116.0,88.07339449541286,78.68852459016394,89.31830382862829
121.0,87.55364806866953,77.86259541984732,88.90234056649592
119.0,80.56872037914692,67.46031746031747,83.68923321459705
118.0,81.69014084507043,69.04761904761905,84.48487882046149
123.0,82.5,70.2127659574468,85.06444755926937
112.0,82.2429906542056,69.84126984126983,84.88270168313292
78.0,87.01298701298701,77.01149425287356,88.48579063159553
44.0,52.52525252525253,35.61643835616438,67.76135975634739
57.0,81.48148148148148,68.75,84.35505266097503
61.0,88.0,78.57142857142857,89.27075049808036
65.0,88.05970149253731,78.66666666666666,89.31737068592827
101.0,86.73469387755102,76.57657657657657,88.26233552232235
120.0,92.18106995884774,85.49618320610686,92.72911589196363
112.0,88.98305084745762,80.1526717557252,90.05037274551053
106.0,84.16666666666667,72.66187050359713,86.29299216642661
119.0,86.74698795180723,76.59574468085107,88.26491715947162
129.0,86.44688644688645,76.12903225806451,88.02755899930274
120.0,89.49416342412452,80.98591549295774,90.46599064634104
100.0,81.27853881278538,68.46153846153847,84.18984044685325
71.0,69.35483870967742,53.086419753086425,76.50531068838372
45.0,69.1358024691358,52.83018867924528,76.39016812122908
55.0,81.9047619047619,69.35483870967742,84.65846976075898
58.0,91.80327868852459,84.84848484848484,92.41426636678034
79.0,87.17948717948718,77.27272727272727,88.61640674325275
100.0,90.32258064516128,82.35294117647058,91.15850364740642
100.0,89.65517241379311,81.25,90.604035639413
83.0,80.64516129032258,67.56756756756756,83.74785635718551
102.0,81.15942028985508,68.29268292682927,84.10741309161874
106.0,80.38277511961722,67.2,83.55907530144535
100.0,81.4070351758794,68.64406779661016,84.28510406498839
93.0,82.05128205128204,69.56521739130434,84.74767576687543
58.0,70.47619047619048,54.41176470588235,77.17496829402496
48.0,73.91304347826086,58.620689655172406,79.28641279456
54.0,81.9047619047619,69.35483870967742,84.65846976075898
62.0,86.66666666666667,76.47058823529412,88.2193336994841
84.0,85.88957055214725,75.26881720430107,87.61145725899802
96.0,87.2340425531915,77.35849056603774,88.65529031835244
101.0,85.44600938967136,74.59016393442623,87.26413457777515
84.0,80.41237113402062,67.24137931034483,83.58276398947717
110.0,78.87323943661971,65.11627906976744,82.51322218281155
115.0,84.44444444444444,73.07692307692307,86.5035181467561
111.0,85.97285067873304,75.39682539682539,87.66746283718788
86.0,85.1063829787234,74.07407407407408,87.00909069401564
61.0,73.50427350427351,58.108108108108105,79.02313629529236
44.0,78.04878048780488,64.0,81.98205169112956
53.0,82.6923076923077,70.49180327868852,85.22794939232135
63.0,84.67153284671532,73.41772151898735,86.68791020280744
93.0,87.15083798882681,77.22772277227723,88.59090637795465
107.0,88.57142857142857,79.48717948717949,89.71962951756494
111.0,88.78923766816143,79.83870967741935,89.89439327951084
113.0,88.60759493670885,79.54545454545455,89.74576555836167
109.0,87.61061946902655,77.95275590551181,88.94842100645322
112.0,88.31168831168831,79.06976744186046,89.50792362187683
97.0,85.16746411483254,74.16666666666667,87.05238717964076
69.0,80.0,66.66666666666666,83.30340277223507
40.0,45.714285714285715,29.629629629629626,64.73903306625068
42.0,81.48148148148148,68.75,84.36004277765589
53.0,81.9047619047619,69.35483870967742,84.65846976075898
67.0,84.84848484848484,73.68421052631578,86.82215314823371
96.0,89.83957219251337,81.55339805825243,90.75773392491794
110.0,89.0909090909091,80.32786885245902,90.1399718079141
121.0,90.2127659574468,82.17054263565892,91.06230347281247
118.0,87.55364806866953,77.86259541984732,88.90234056649592
117.0,88.70292887029288,79.69924812030075,89.82266180730436
112.0,85.83690987124464,75.18796992481202,87.56103504627852
101.0,87.85046728971963,78.33333333333333,89.14070923685156
69.0,90.9090909090909,83.33333333333334,91.65369546273938
37.0,46.75324675324675,30.508474576271187,65.21336644001565
45.0,82.35294117647058,70.0,84.98504218104944
56.0,85.71428571428571,75.0,87.48404085541014
66.0,87.02290076335878,77.02702702702703,88.49655387744735
96.0,86.33879781420765,75.96153846153845,87.95581763686141
111.0,89.40092165898618,80.83333333333333,90.39370294934004
120.0,89.83050847457628,81.53846153846153,90.74526432225653
118.0,87.93103448275862,78.46153846153847,89.20281060952865
116.0,89.91596638655463,81.67938931297711,90.81572773084594
116.0,87.55364806866953,77.86259541984732,88.90234056649592
100.0,82.45614035087719,70.1492537313433,85.0346923582638
69.0,80.2547770700637,67.02127659574468,83.47970819989376
42.0,36.144578313253014,22.058823529411764,60.97658187694448
45.0,81.81818181818183,69.23076923076923,84.59942929029486
58.0,88.69565217391305,79.6875,89.83078241895261
68.0,86.15384615384616,75.67567567567568,87.81988093440607
99.0,88.88888888888889,80.0,89.97903856903298
110.0,90.32258064516128,82.35294117647058,91.1555032972093
120.0,90.67796610169492,82.94573643410853,91.4508985352152
120.0,89.36170212765957,80.76923076923077,90.35965083427686
114.0,87.82608695652175,78.29457364341084,89.11932875879978
118.0,86.95652173913044,76.92307692307693,88.43158399233167
105.0,87.85046728971963,78.33333333333333,89.14070923685156
74.0,85.52631578947368,74.71264367816092,87.33437057089584
39.0,54.347826086956516,37.3134328358209,68.614842876007
45.0,83.51648351648352,71.69811320754717,85.83409788982408
59.0,90.5982905982906,82.8125,91.39527699359576
67.0,85.92592592592592,75.32467532467533,87.64338239676441
101.0,87.62886597938144,77.98165137614679,88.96686928872022
110.0,90.65420560747664,82.90598290598291,91.43302300314222
121.0,90.75630252100841,83.07692307692308,91.5164914178256
123.0,88.98305084745762,80.1526717557252,90.05037274551053
114.0,87.89237668161435,78.4,89.17304205439514
119.0,87.65957446808511,78.03030303030303,88.98619379342523
107.0,84.82142857142857,73.64341085271317,86.7877604172713
77.0,85.35031847133759,74.44444444444444,87.19927225315479
41.0,51.61290322580645,34.78260869565217,67.34644073321451
56.0,78.84615384615384,65.07936507936508,82.5177417797344
58.0,87.39495798319328,77.61194029850746,88.79100725722596
63.0,89.39393939393939,80.82191780821918,90.39699158763015
97.0,89.36170212765957,80.76923076923077,90.36465211702776
116.0,89.95633187772926,81.74603174603175,90.85004940406054
116.0,92.24489795918367,85.60606060606061,92.78405421290387
115.0,88.18897637795276,78.87323943661971,89.4066580692207
122.0,88.03088803088804,78.62068965517241,89.27938321997964
129.0,91.5129151291513,84.35374149659864,92.15389464344837
108.0,85.48387096774194,74.64788732394366,87.28799399151048
90.0,88.17204301075269,78.84615384615384,89.40111820546603
58.0,64.28571428571429,47.368421052631575,73.64432221359142
50.0,73.33333333333333,57.89473684210527,78.92343686530208
53.0,84.90566037735849,73.77049180327869,86.86928771209594
60.0,89.60000000000001,81.15942028985508,90.56674127022681
73.0,89.6103896103896,81.17647058823529,90.57226946100052
100.0,87.75510204081633,78.18181818181819,89.06695221328881
106.0,91.1504424778761,83.73983739837398,91.84994785661715
104.0,85.83690987124464,75.18796992481202,87.56103504627852
106.0,82.35294117647058,70.0,84.95806541794799
113.0,86.30705394190872,75.91240875912408,87.92325183123164
106.0,87.78280542986425,78.2258064516129,89.08594581850997
88.0,85.71428571428571,75.0,87.4740508603138
65.0,70.3125,54.21686746987952,77.07053303477419
49.0,73.11827956989248,57.6271186440678,78.78863012096492
53.0,75.24752475247524,60.317460317460316,80.13379896881432
59.0,85.47008547008546,74.6268656716418,87.29647556813546
84.0,81.21212121212122,68.36734693877551,84.15274090238383
99.0,87.5,77.77777777777779,88.86493296778373
111.0,91.07142857142857,83.60655737704919,91.78330824478134
107.0,89.95633187772926,81.74603174603175,90.85004940406054
113.0,85.84070796460178,75.1937984496124,87.56494970504743
119.0,88.70967741935483,79.71014492753623,89.82710937504524
113.0,87.13692946058092,77.20588235294117,88.57198513405082
84.0,78.39195979899498,64.46280991735537,82.18848907381202
59.0,62.60869565217392,45.56962025316456,72.74193019040358
46.0,73.68421052631578,58.333333333333336,79.14672569195183
53.0,78.65168539325843,64.81481481481481,82.3884608367367
63.0,77.35849056603774,63.07692307692307,81.51452616397266
88.0,78.43137254901961,64.51612903225806,82.22514089892096
99.0,84.32432432432432,72.89719626168224,86.41965485965265
108.0,62.39316239316239,45.3416149068323,72.58298836074705
107.0,51.162790697674424,34.375,67.0617765914987
113.0,46.206896551724135,30.04484304932735,64.86676086490195
112.0,43.804034582132566,28.044280442804425,63.8275294429591
100.0,30.158730158730158,17.75700934579439,58.702989095889734
67.0,11.76470588235294,6.25,52.94558846981899
44.0,0.0,0.0,49.776785714285715
67.0,68.71165644171779,52.336448598130836,76.11734640600875
86.0,74.25149700598801,59.04761904761905,79.48090734078681
84.0,75.82417582417582,61.06194690265486,80.48706741025534
54.0,50.0,33.33333333333333,66.56092678677122
30.0,24.539877300613497,13.986013986013987,56.87038955939985
79.0,69.8224852071006,53.63636363636364,76.76730087957814
95.0,72.41379310344827,56.75675675675676,78.3304866137664
93.0,75.25773195876289,60.33057851239669,80.11738793292429
94.0,67.74193548387096,51.21951219512195,75.52990302721042
39.0,30.76923076923077,18.181818181818183,58.95630214319642
87.0,73.91304347826086,58.620689655172406,79.2624482841201
97.0,75.67567567567568,60.86956521739131,80.38987780687552
89.0,78.07486631016043,64.03508771929825,81.97662814601921
102.0,70.35573122529645,54.268292682926834,77.05927661478783
108.0,68.18181818181817,51.724137931034484,75.77821319743833
92.0,79.18781725888326,65.54621848739495,82.73218944649999
98.0,75.78947368421053,61.016949152542374,80.46257005766988
94.0,82.17821782178217,69.74789915966386,84.83801641551756
101.0,67.95366795366795,51.461988304093566,75.64813997539768
105.0,67.93893129770993,51.445086705202314,75.6386892587245
96.0,77.77777777777779,63.63636363636363,81.77426876602509
105.0,80.0,66.66666666666666,83.29241026869485
114.0,81.41592920353983,68.65671641791045,84.28642865061325
103.0,69.6969696969697,53.48837209302325,76.66432022109832
113.0,67.89667896678966,51.39664804469274,75.61146993720939
98.0,78.60696517412936,64.75409836065575,82.33413243880644
106.0,81.3397129186603,68.54838709677419,84.23526439943818
113.0,80.71748878923766,67.66917293233082,83.79166029917265
102.0,70.76923076923077,54.761904761904766,77.30507984680975
109.0,70.37037037037037,54.285714285714285,77.06298653324471
103.0,80.0,66.66666666666666,83.2914104713993
109.0,84.90566037735849,73.77049180327869,86.8533008471331
111.0,82.88288288288288,70.76923076923077,85.34667911754407
107.0,70.8955223880597,54.91329479768786,77.37877355447182
114.0,70.96774193548387,55.00000000000001,77.41912454819578
102.0,78.4688995215311,64.56692913385827,82.23854900817958
111.0,84.25925925925925,72.8,86.36605770190675
117.0,83.11688311688312,71.11111111111111,85.51661785587504
104.0,70.1492537313433,54.02298850574713,76.93162523805785
124.0,71.91780821917808,56.14973262032086,77.99298258505009
171.0,83.43558282208589,71.57894736842105,85.73551684967815
106.0,78.22222222222223,64.23357664233576,82.06787440965215
134.0,85.50185873605948,74.67532467532467,87.29870985968546
147.0,74.47447447447448,59.33014354066985,79.58016007849444
183.0,78.5,64.60905349794238,82.21855941655751
155.0,83.72093023255815,72.0,85.95104895104895
100.0,78.67298578199052,64.84375,82.37695854460702
132.0,85.17110266159695,74.17218543046357,87.04714257141588
106.0,65.94982078853047,49.19786096256685,74.50408981360512
164.0,77.33333333333333,63.04347826086957,81.43679179778103
151.0,83.61204013377926,71.83908045977012,85.8705901589574
99.0,77.14285714285715,62.7906976744186,81.34743986425791
129.0,84.16988416988417,72.66666666666667,86.29238819981225
104.0,66.18705035971223,49.46236559139785,74.6373404508383
168.0,77.04485488126649,62.66094420600859,81.24352427170307
158.0,80.13245033112582,66.85082872928176,83.36548029212065
101.0,78.67298578199052,64.84375,82.37695854460702
124.0,83.00395256916995,70.94594594594594,85.43003394639072
107.0,68.53146853146853,52.12765957446809,75.97396996855119
164.0,77.33333333333333,63.04347826086957,81.43679179778103
135.0,79.42238267148014,65.86826347305389,82.87720687734107
104.0,80.93023255813954,67.96875,83.94344785032641
128.0,84.7328244274809,73.50993377483444,86.71501881990497
137.0,75.23510971786834,60.30150753768844,80.07184214985749
173.0,77.77777777777779,63.63636363636363,81.7302205211525
152.0,83.49514563106796,71.66666666666667,85.78238122831206
108.0,82.51121076233184,70.22900763358778,85.0755692269049
135.0,83.51648351648352,71.69811320754717,85.80411233466727
110.0,67.34006734006735,50.76142131979695,75.28385787612982
167.0,77.04485488126649,62.66094420600859,81.24352427170307
149.0,81.48148148148148,68.75,84.32006043352312
106.0,79.82062780269058,66.4179104477612,83.16403338787525
130.0,84.9624060150376,73.8562091503268,86.8881549117393
139.0,74.61773700305811,59.512195121951216,79.67318710426885
171.0,76.41025641025641,61.82572614107884,80.8209127237267
158.0,80.51948051948052,67.3913043478261,83.63571450908447
113.0,81.03448275862068,68.11594202898551,84.01404305634412
133.0,84.05797101449275,72.5,86.20605273671593
143.0,75.7396449704142,60.952380952380956,80.39426912069176
177.0,77.85888077858881,63.745019920318725,81.78153907084395
207.0,0.0,0.0,49.72895408163265
198.0,73.90180878552972,58.606557377049185,79.20234530455801
222.0,78.04878048780488,64.0,81.91002879078695
203.0,55.72755417956656,38.62660944206009,69.17055025870525
178.0,46.09665427509294,29.951690821256037,64.8311752585747
94.0,76.71232876712328,62.22222222222222,81.06020477876264
94.0,85.14851485148515,74.13793103448276,87.03901942021604
91.0,82.05128205128204,69.56521739130434,84.74767576687543
126.0,83.59375,71.81208053691275,85.8640981485818
120.0,80.46875,67.3202614379085,83.61020361252963
151.0,84.98402555910543,73.88888888888889,86.89748482971311
145.0,87.66233766233766,78.03468208092485,88.97937217493217
139.0,85.90163934426229,75.28735632183908,87.60071682612086
142.0,84.11214953271028,72.58064516129032,86.23936436638087
130.0,85.23489932885906,74.26900584795322,87.09054600176039
113.0,84.8249027237354,73.64864864864865,86.78537651438964
89.0,82.4742268041237,70.17543859649122,85.0537844531482
38.0,58.620689655172406,41.46341463414634,70.68384325102076
93.0,78.0,63.934426229508205,81.92329918605435
94.0,79.43925233644859,65.89147286821705,82.9018163686277
98.0,74.49392712550608,59.354838709677416,79.61452501732573
127.0,81.45454545454545,68.71165644171779,84.30489341740733
147.0,79.86348122866895,66.47727272727273,83.17970590158158
162.0,82.25352112676056,69.85645933014354,84.86526744240537
161.0,82.4468085106383,70.13574660633483,85.00190101152991
149.0,82.77945619335347,70.61855670103093,85.2523227758637
154.0,79.10863509749304,65.43778801843318,82.64394497456016
138.0,84.90566037735849,73.77049180327869,86.83728522939059
120.0,83.87096774193549,72.22222222222221,86.06616414852695
91.0,81.4070351758794,68.64406779661016,84.28510406498839
67.0,67.53246753246754,50.98039215686274,75.44031977167214
98.0,79.16666666666666,65.51724137931035,82.71870052997453
102.0,82.6086956521739,70.37037037037037,85.14524988037897
99.0,71.81467181467181,56.024096385542165,77.93916917194565
141.0,84.56375838926175,73.25581395348837,86.58195293079014
152.0,82.31292517006803,69.94219653179191,84.91915540304508
170.0,83.24324324324324,71.29629629629629,85.58617541615023
173.0,82.38213399503722,70.042194092827,84.95011124357407
154.0,81.76795580110497,69.1588785046729,84.51347619165044
160.0,79.34782608695652,65.76576576576578,82.80692845553929
149.0,81.87134502923976,69.3069306930693,84.59150995441698
129.0,85.52188552188552,74.70588235294117,87.30998327521382
98.0,80.37383177570094,67.1875,83.55182546416451
72.0,70.73170731707317,54.71698113207547,77.31060357932637
99.0,79.8076923076923,66.4,83.15807797496657
113.0,80.3088803088803,67.0967741935484,83.49746043117266
96.0,68.46153846153847,52.046783625730995,75.94153424503352
144.0,77.25631768953069,62.94117647058823,81.40767505548226
158.0,84.9673202614379,73.86363636363636,86.88586046291957
174.0,82.63157894736842,70.4035874439462,85.13581879244632
183.0,81.49882903981265,68.77470355731225,84.30835493852973
163.0,80.31088082901555,67.09956709956711,83.47381545638278
162.0,79.35656836461126,65.77777777777779,82.8119319847552
165.0,82.09366391184572,69.62616822429906,84.74811919320577
138.0,84.61538461538461,73.33333333333333,86.61870886952813
108.0,84.97854077253218,73.88059701492537,86.90535232458431
76.0,72.94117647058823,57.407407407407405,78.65780834512127
99.0,80.97560975609757,68.0327868852459,83.97746584794905
114.0,81.27490039840637,68.45637583892618,84.18125737666642
102.0,67.37588652482269,50.80213903743316,75.30921831766229
149.0,83.60128617363344,71.8232044198895,85.86064908681803
160.0,85.71428571428571,75.0,87.45403493345057
174.0,80.9278350515464,67.96536796536796,83.90871209200243
187.0,82.05128205128204,69.56521739130434,84.70560869565217
169.0,81.0,68.0672268907563,83.95763471942142
166.0,80.0,66.66666666666666,83.25636719843268
170.0,81.40161725067385,68.63636363636364,84.24921630094045
146.0,85.36585365853658,74.46808510638297,87.1860770883262
118.0,84.89795918367346,73.75886524822694,86.8424858275006
78.0,73.25581395348837,57.798165137614674,78.85318629438754
102.0,82.2429906542056,69.84126984126983,84.88270168313292
116.0,81.85328185328186,69.28104575163398,84.59358858382578
73.0,47.61904761904761,31.25,65.48231675679989
119.0,70.71428571428572,54.69613259668509,77.26619238417037
162.0,84.84848484848484,73.68421052631578,86.79214123725654
182.0,80.09708737864078,66.80161943319838,83.31882775263126
190.0,80.62360801781738,67.53731343283582,83.68164801554782
177.0,80.47058823529412,67.32283464566929,83.57842562200473
167.0,79.69543147208121,66.24472573839662,83.0423932576507
172.0,80.41237113402062,67.24137931034483,83.54472004301728
149.0,83.08605341246292,71.06598984771574,85.47603593433033
125.0,85.71428571428571,75.0,87.46304803755119
81.0,71.5909090909091,55.75221238938053,77.82621893988613
104.0,81.65137614678899,68.9922480620155,84.4561935101141
116.0,79.40074906367042,65.83850931677019,82.8643315507358
68.0,39.482200647249186,24.596774193548388,62.11181620981421
120.0,69.6551724137931,53.43915343915344,76.63170852187328
164.0,83.04093567251462,71.0,85.44203941319903
184.0,77.61904761904762,63.42412451361867,81.61808669045658
158.0,68.85245901639344,52.5,76.11707709528474
178.0,81.14558472553699,68.27309236947792,84.05755566360149
172.0,80.09950248756219,66.80497925311202,83.32251361935818
177.0,77.41935483870968,63.1578947368421,81.48798375386687
147.0,80.58823529411765,67.48768472906403,83.67789380440891
127.0,84.4106463878327,73.02631578947368,86.4722111255368
83.0,73.44632768361582,58.03571428571429,78.97096125173545
103.0,82.4074074074074,70.07874015748031,85.00143608389119
119.0,79.8507462686567,66.45962732919256,83.1758880819004
102.0,53.75722543352601,36.75889328063241,68.21971180015088
105.0,65.0,48.148148148148145,73.97624039133473
167.0,81.4404432132964,68.69158878504673,84.27883322999763
187.0,74.32432432432432,59.13978494623656,79.4559175476019
165.0,69.44444444444444,53.191489361702125,76.46381328517681
178.0,79.03614457831326,65.33864541832669,82.58234358415335
170.0,80.20304568527918,66.94915254237289,83.39660434108127
182.0,77.96610169491525,63.888888888888886,81.85347173625689
161.0,82.09366391184572,69.62616822429906,84.74811919320577
133.0,85.30465949820788,74.375,87.14654668677709
90.0,71.95767195767195,56.19834710743802,78.04628778697517
91.0,75.11737089201877,60.150375939849624,80.02228953492002
99.0,78.53881278538812,64.66165413533834,82.2839115156628
93.0,81.3397129186603,68.54838709677419,84.23526439943818
133.0,80.0,66.66666666666666,83.27940667359059
131.0,79.3220338983051,65.73033707865169,82.80424043448956
153.0,82.79883381924198,70.64676616915423,85.26442317731406
152.0,82.85714285714286,70.73170731707317,85.30589083548688
143.0,81.63265306122449,68.96551724137932,84.41980394805395
143.0,78.18696883852692,64.18604651162791,82.01608173137252
145.0,78.71720116618076,64.90384615384616,82.3789828878781
125.0,86.21908127208481,75.77639751552795,87.84924083232345
100.0,83.33333333333334,71.42857142857143,85.6783475279662
67.0,67.07317073170732,50.45871559633027,75.175488162683
92.0,79.80295566502463,66.39344262295081,83.15579906374609
101.0,81.81818181818183,69.23076923076923,84.5754532972518
96.0,70.27027027027027,54.166666666666664,77.00646401118098
140.0,80.54607508532423,67.42857142857143,83.65735175767539
150.0,84.48844884488449,73.14285714285714,86.52447364815492
165.0,83.15217391304348,71.16279069767441,85.51942385572404
171.0,82.46913580246914,70.16806722689076,85.0130463911454
150.0,80.65395095367847,67.57990867579909,83.7189940756464
155.0,77.41935483870968,63.1578947368421,81.49500109403665
152.0,79.09604519774011,65.42056074766354,82.63633361549778
123.0,85.51236749116607,74.69135802469135,87.3047240627902
93.0,81.1881188118812,68.33333333333333,84.12873797261149
72.0,69.1358024691358,52.83018867924528,76.36521405231218
95.0,80.3921568627451,67.21311475409836,83.56663243593847
103.0,82.81938325991189,70.67669172932331,85.29940971993899
100.0,59.86842105263158,42.72300469483568,71.23970939543621
143.0,81.52866242038218,68.81720430107528,84.3506577771361
157.0,86.34920634920636,75.97765363128491,87.94586118814445
172.0,83.06878306878306,71.04072398190046,85.45638630171214
178.0,83.7772397094431,72.08333333333333,85.97467068642548
155.0,79.79002624671917,66.37554585152839,83.1108098680319
159.0,79.05759162303664,65.36796536796537,82.60402266399267
160.0,79.67032967032966,66.21004566210046,83.03106868262226
132.0,87.16216216216216,77.24550898203593,88.5847901774727
96.0,80.55555555555556,67.44186046511628,83.6790048597218
75.0,73.05389221556887,57.54716981132076,78.72868816815664
97.0,82.0754716981132,69.6,84.76206751981472
110.0,82.44897959183673,70.13888888888889,85.02650884783935
99.0,54.54545454545454,37.5,68.60025755700197
147.0,77.77777777777779,63.63636363636363,81.74224712202052
159.0,86.6043613707165,76.37362637362637,88.1438449832838
179.0,84.1025641025641,72.56637168141593,86.22120071713762
183.0,83.93285371702638,72.31404958677686,86.09002613336163
163.0,78.71287128712872,64.89795918367346,82.3630088218985
163.0,79.38931297709924,65.82278481012658,82.83042479210847
165.0,81.16710875331566,68.30357142857143,84.08081835926902
136.0,86.55737704918033,76.30057803468208,88.10932506561855
104.0,79.29515418502203,65.69343065693431,82.7997960296611
79.0,69.36416184971098,53.09734513274337,76.49579524176477
98.0,81.13207547169812,68.25396825396825,84.08705599761699
114.0,81.74603174603175,69.12751677852349,84.51782545135109
102.0,52.69121813031161,35.76923076923077,67.71789214519282
149.0,76.70454545454545,62.21198156682027,81.0240579683185
162.0,86.30952380952381,75.91623036649214,87.91214368557463
181.0,83.41708542713567,71.55172413793103,85.70987526632605
187.0,82.74231678486997,70.56451612903226,85.20925952448692
170.0,80.2919708029197,67.07317073170732,83.45560318193412
166.0,80.40712468193384,67.23404255319149,83.54004898662014
172.0,81.7258883248731,69.09871244635193,84.47737781669791
142.0,84.3076923076923,72.87234042553192,86.38520996176173
118.0,80.64516129032258,67.56756756756756,83.73585663305289
83.0,70.39106145251397,54.310344827586206,77.10229192370072
106.0,80.18018018018019,66.9172932330827,83.41472304355835
113.0,75.8364312267658,61.07784431137725,80.47401821352302
101.0,50.41551246537396,33.7037037037037,66.67315563541977
151.0,79.66573816155989,66.20370370370371,83.02890000007403
162.0,84.72622478386167,73.5,86.69703072218114
182.0,78.4869976359338,64.59143968871595,82.20473804071871
186.0,81.54897494305239,68.84615384615384,84.3420720627853
173.0,79.24528301886792,65.625,82.72451407774757
168.0,80.7017543859649,67.64705882352942,83.74655250483679
172.0,79.11547911547912,65.4471544715447,82.63860272812464
146.0,82.24852071005917,69.84924623115577,84.8646674827462
125.0,83.5249042145594,71.71052631578947,85.81232070078725
91.0,70.65217391304348,54.621848739495796,77.2570439842038
106.0,81.57894736842105,68.88888888888889,84.40251404890104
115.0,75.18248175182481,60.23391812865497,80.04905819959001
103.0,51.12359550561798,34.33962264150943,66.99610661874813
153.0,70.70217917675545,54.68164794007491,77.21989652650358
163.0,83.24022346368714,71.29186602870813,85.58596539686751
184.0,76.36363636363637,61.76470588235294,80.7783695785145
190.0,78.7746170678337,64.98194945848375,82.39396696862103
174.0,79.33491686460808,65.74803149606299,82.78703140521321
177.0,81.55339805825243,68.85245901639344,84.35024166625142
176.0,80.48192771084337,67.33870967741935,83.58836941608574
148.0,81.15942028985508,68.29268292682927,84.08138822974288
130.0,81.04089219330855,68.125,84.01156824854694
88.0,70.71823204419888,54.700854700854705,77.29754580508892
108.0,82.6086956521739,70.37037037037037,85.14524988037897
119.0,73.30960854092527,57.865168539325836,78.85769361002599
103.0,51.38121546961326,34.572490706319705,67.110537028978
152.0,68.88361045130641,52.53623188405797,76.13719711170378
167.0,81.4621409921671,68.72246696035242,84.29026186882076
185.0,72.49466950959487,56.85618729096989,78.29910912362756
191.0,78.94736842105263,65.21739130434783,82.51268797155946
175.0,79.61630695443645,66.13545816733067,82.98274608026601
179.0,82.03883495145631,69.54732510288066,84.69967290999014
177.0,79.62085308056872,66.14173228346458,82.98487989953104
155.0,80.45325779036827,67.29857819905213,83.58033598764214
133.0,82.6086956521739,70.37037037037037,85.13724463147179
91.0,74.31693989071039,59.130434782608695,79.51831869249378
94.0,65.51724137931035,48.717948717948715,74.29911681991732
110.0,68.57142857142857,52.17391304347826,76.01009794152672
96.0,61.71003717472119,44.623655913978496,72.209019181312
139.0,76.03833865814697,61.34020618556701,80.5951884954245
154.0,79.76539589442815,66.34146341463415,83.10178686319237
180.0,81.55844155844156,68.85964912280701,84.35885153115501
180.0,86.51399491094148,76.23318385650224,88.063598287488
173.0,86.38743455497382,76.036866359447,87.96644461720726
171.0,85.49222797927462,74.6606334841629,87.27432905937165
171.0,80.61224489795919,67.52136752136752,83.68471111083771
143.0,87.37201365187714,77.57575757575758,88.7509142738123
122.0,73.64016736401673,58.27814569536424,79.07618353287617
90.0,42.857142857142854,27.27272727272727,63.5565965562376
39.0,67.41573033707866,50.847457627118644,75.39481324701363
60.0,66.66666666666666,50.0,74.96310257484194
52.0,58.333333333333336,41.17647058823529,70.5283956643255
62.0,65.54621848739495,48.75,74.3341120330295
62.0,76.52173913043478,61.97183098591549,80.95898658527403
67.0,74.19354838709677,58.97435897435898,79.45526247142047
79.0,74.07407407407408,58.82352941176471,79.3698619203448
81.0,73.61963190184049,58.252427184466015,79.08331312132552
55.0,70.10309278350515,53.96825396825397,76.95520911088698
25.0,72.41379310344827,56.75675675675676,78.36242782509356
32.0,53.01204819277109,36.0655737704918,67.9939066364123
43.0,69.56521739130434,53.333333333333336,76.63874707509041
62.0,80.0,66.66666666666666,83.31039297825653
61.0,82.2429906542056,69.84126984126983,84.9016849485612
63.0,80.0,66.66666666666666,83.31139126040586
72.0,82.70676691729322,70.51282051282051,85.23346578203824
80.0,83.13253012048193,71.1340206185567,85.53907010132338
87.0,80.23255813953489,66.99029126213593,83.46121823569406
72.0,80.2547770700637,67.02127659574468,83.47970819989376
72.0,68.33333333333333,51.89873417721519,75.91146941233353
42.0,83.54430379746836,71.73913043478261,85.85660229135975
44.0,63.63636363636363,46.666666666666664,73.30142777378958
46.0,77.77777777777779,63.63636363636363,81.79424596626495
65.0,82.70676691729322,70.51282051282051,85.23346578203824
74.0,83.33333333333334,71.42857142857143,85.69233882575595
70.0,80.31496062992126,67.10526315789474,83.52769392308701
85.0,83.33333333333334,71.42857142857143,85.68834330643116
83.0,83.79888268156425,72.11538461538461,86.02875076959926
92.0,81.67539267015707,69.02654867256636,84.4783428020902
84.0,81.56424581005587,68.86792452830188,84.40103010440004
85.0,78.98089171974523,65.26315789473685,82.59865401621146
47.0,82.97872340425532,70.9090909090909,85.43858917475208
59.0,65.0,48.148148148148145,74.03218883961648
50.0,78.99159663865547,65.27777777777779,82.61395322290713
67.0,83.07692307692308,71.05263157894737,85.50436933881329
75.0,84.05797101449275,72.5,86.2280517977573
75.0,85.07462686567165,74.02597402597402,86.993034499968
88.0,85.88957055214725,75.26881720430107,87.61145725899802
90.0,83.5978835978836,71.81818181818181,85.87815093264521
99.0,79.0,65.28925619834712,82.60270942140842
94.0,79.78142076502732,66.36363636363637,83.14489424512776
87.0,80.0,66.66666666666666,83.30240385254952
62.0,75.22935779816514,60.29411764705882,80.12013152722942
87.0,59.541984732824424,42.391304347826086,71.14279699709752
74.0,77.55102040816327,63.33333333333333,81.63374502018529
73.0,82.85714285714286,70.73170731707317,85.3419101651809
80.0,90.66666666666666,82.92682926829268,91.44944480896872
79.0,92.81045751633987,86.58536585365853,93.28170597842093
87.0,90.05847953216374,81.91489361702128,90.94048040199554
96.0,85.12820512820512,74.10714285714286,87.02462526842929
109.0,80.75117370892019,67.71653543307087,83.81734138393412
88.0,84.94623655913979,73.83177570093457,86.88794206529053
84.0,80.79470198675497,67.77777777777779,83.85995543583093
58.0,79.62962962962963,66.15384615384615,83.05498144167285
83.0,64.74820143884892,47.87234042553192,73.8872982572893
73.0,77.02702702702703,62.637362637362635,81.28476204654899
76.0,85.90604026845638,75.29411764705883,87.62610575839531
82.0,88.0503144654088,78.65168539325843,89.30688289141627
84.0,94.61077844311377,89.77272727272727,94.87738106255682
89.0,89.53488372093024,81.05263157894737,90.50835135904593
100.0,85.14851485148515,74.13793103448276,87.03901942021604
109.0,81.86046511627907,69.29133858267717,84.60673781074442
93.0,81.95121951219512,69.42148760330579,84.67381175661576
86.0,86.06060606060606,75.53191489361703,87.74300564559108
77.0,73.75886524822694,58.42696629213483,79.17657467906558
92.0,67.9245283018868,51.42857142857142,75.66340985139118
87.0,82.95454545454545,70.87378640776699,85.4069548768372
78.0,88.48484848484848,79.34782608695652,89.65495210301562
87.0,91.11111111111111,83.6734693877551,91.82076471743326
83.0,89.01098901098901,80.19801980198021,90.07904782892702
102.0,87.62886597938144,77.98165137614679,88.96686928872022
105.0,86.63594470046083,76.42276422764228,88.18242959595045
114.0,81.41592920353983,68.65671641791045,84.28642865061325
95.0,84.05797101449275,72.5,86.21705863562859
88.0,83.61581920903954,71.84466019417476,85.89338913664668
78.0,76.51006711409396,61.95652173913043,80.94334397178193
101.0,70.39106145251397,54.310344827586206,77.10229192370072
89.0,83.79888268156425,72.11538461538461,86.02875076959926
88.0,89.77272727272727,81.44329896907216,90.70368433692245
88.0,90.10989010989012,82.0,90.98203377650019
95.0,89.55223880597015,81.08108108108108,90.51957659852081
106.0,87.12871287128714,77.19298245614034,88.57053690767407
110.0,84.95575221238938,73.84615384615385,86.88913123617597
117.0,85.0,73.91304347826086,86.92057494039256
98.0,84.25925925925925,72.8,86.36605770190675
98.0,85.0,73.91304347826086,86.92657623993895
96.0,73.33333333333333,57.89473684210527,78.89947378924262
109.0,71.69811320754717,55.88235294117647,77.88129623106728
49.0,69.1588785046729,52.85714285714286,76.39566291424127
60.0,74.01574803149606,58.75,79.34208492090407
65.0,82.25806451612904,69.86301369863014,84.90956171215795
73.0,80.91603053435115,67.94871794871796,83.94942032344024
71.0,87.5,77.77777777777779,88.8709294771594
79.0,77.5,63.26530612244898,81.59673495450781
88.0,81.63265306122449,68.96551724137932,84.44682760823356
89.0,70.35175879396985,54.263565891472865,77.07290776112781
76.0,75.34246575342466,60.43956043956044,80.1838671294588
48.0,78.26086956521739,64.28571428571429,82.12291298649497
93.0,57.534246575342465,40.38461538461539,70.13047340818913
55.0,76.92307692307693,62.5,81.22307055514553
66.0,79.36507936507937,65.78947368421053,82.86880219740989
71.0,81.25,68.42105263157895,84.18658568854505
76.0,85.91549295774648,75.30864197530865,87.6343668820971
86.0,88.50574712643679,79.38144329896907,89.67076117123148
84.0,82.72251308900523,70.53571428571429,85.23492103889882
95.0,84.11214953271028,72.58064516129032,86.25638096023226
89.0,75.24752475247524,60.317460317460316,80.10882995912935
79.0,78.52760736196319,64.64646464646465,82.28831054800882
75.0,72.85714285714285,57.30337078651685,78.6137801563507
103.0,61.07784431137725,43.96551724137931,71.91792071545274
67.0,73.75886524822694,58.42696629213483,79.17657467906558
71.0,79.19463087248322,65.55555555555556,82.74685014843045
78.0,82.35294117647058,70.0,84.97306088240576
84.0,85.02994011976048,73.95833333333334,86.9542190566477
90.0,88.42105263157895,79.24528301886792,89.60068191508756
87.0,82.0,69.49152542372882,84.70983026486476
99.0,85.45454545454545,74.60317460317461,87.26963969566101
94.0,78.37837837837837,64.44444444444444,82.17430751040925
93.0,74.03846153846155,58.778625954198475,79.33541968581598
71.0,76.92307692307693,62.5,81.2140833266821
110.0,69.26829268292683,52.98507462686567,76.42966933618506
72.0,72.72727272727273,57.14285714285714,78.5295291300878
71.0,78.62068965517241,64.77272727272727,82.35543724118418
81.0,86.79245283018868,76.66666666666667,88.3123781773671
87.0,88.50574712643679,79.38144329896907,89.67076117123148
93.0,92.85714285714286,86.66666666666667,93.319357092942
96.0,85.18518518518519,74.19354838709677,87.06482786338306
100.0,84.34782608695653,72.93233082706767,86.4302222038052
98.0,78.76106194690266,64.96350364963503,82.43383519974515
89.0,72.80701754385966,57.24137931034483,78.55880476107544
100.0,77.77777777777779,63.63636363636363,81.77426876602509
107.0,70.70707070707071,54.6875,77.28587269987625
83.0,81.35593220338984,68.57142857142857,84.25278278323944
81.0,83.9506172839506,72.3404255319149,86.14426880491331
84.0,89.82035928143712,81.52173913043478,90.74390383599042
89.0,86.45833333333334,76.14678899082568,88.04744276563024
95.0,85.84474885844749,75.2,87.56905075675891
100.0,86.46288209606988,76.15384615384615,88.04597074351652
109.0,82.67716535433071,70.46979865771812,85.19096172026326
99.0,78.18930041152264,64.1891891891892,82.04168031572637
95.0,75.22935779816514,60.29411764705882,80.09316015302994
91.0,74.0,58.730158730158735,79.31318522911673
113.0,64.34108527131784,47.42857142857143,73.62245651659343
85.0,84.61538461538461,73.33333333333333,86.63872199711238
84.0,88.09523809523809,78.72340425531915,89.34174284459702
86.0,90.3954802259887,82.4742268041237,91.22014597951315
99.0,88.07339449541286,78.68852459016394,89.31830382862829
99.0,86.22222222222223,75.78125,87.85967390273368
105.0,85.0,73.91304347826086,86.92057494039256
112.0,83.33333333333334,71.42857142857143,85.67234526971701
96.0,76.03305785123968,61.33333333333333,80.60876394324201
96.0,77.25321888412017,62.93706293706294,81.4156224720055
82.0,68.24644549763033,51.798561151079134,75.83241964627244
105.0,67.15867158671587,50.55555555555556,75.1889288210043
97.0,87.12871287128714,77.19298245614034,88.57053690767407
88.0,87.70053475935828,78.0952380952381,89.02466220648039
89.0,89.44723618090453,80.9090909090909,90.43358193107629
98.0,79.66101694915254,66.19718309859155,83.05067014040634
104.0,85.83333333333333,75.18248175182481,87.55729044354366
108.0,82.35294117647058,70.0,84.95506380939067
114.0,83.65019011406845,71.89542483660131,85.90476910347621
104.0,76.6798418972332,62.17948717948718,81.03083666268833
98.0,73.01587301587301,57.49999999999999,78.68211404839869
83.0,64.62882096069869,47.74193548387097,73.79013264553215
120.0,66.66666666666666,50.0,74.89715016076528
96.0,87.8048780487805,78.26086956521739,89.10547770877568
91.0,88.88888888888889,80.0,89.97903856903298
93.0,87.61904761904762,77.96610169491525,88.9570944541983
105.0,84.16666666666667,72.66187050359713,86.29299216642661
105.0,83.9506172839506,72.3404255319149,86.13127040065808
109.0,82.49027237354085,70.19867549668875,85.05440066026767
114.0,81.78438661710037,69.18238993710692,84.5422595632884
106.0,76.80608365019012,62.34567901234568,81.1119308691284
99.0,73.35907335907336,57.92682926829268,78.89452623335562
88.0,66.66666666666666,50.0,74.92215258094134
197.0,78.3068783068783,64.34782608695652,82.09195893777745
143.0,36.734693877551024,22.5,60.90952433252791
155.0,43.57976653696498,27.860696517412936,63.640718984177866
161.0,63.81909547738693,46.86346863468634,73.28787529918097
167.0,49.56063268892794,32.94392523364486,66.1851633762908
170.0,77.43732590529248,63.18181818181819,81.50996898658629
160.0,75.52083333333334,60.66945606694561,80.2407862773616
158.0,63.17907444668008,46.1764705882353,72.90530480770249
157.0,55.44933078393881,38.35978835978836,68.94703855038448
125.0,52.723311546840954,35.798816568047336,67.68264672174217
120.0,40.17278617710583,25.135135135135133,62.291026625531345
92.0,40.53156146179402,25.416666666666664,62.52974408859623
48.0,0.0,0.0,49.89935427295919
40.0,64.7887323943662,47.91666666666667,73.93340959995747
38.0,79.48717948717949,65.95744680851064,82.96276967008441
32.0,56.666666666666664,39.53488372093023,69.74152427837616
45.0,0.0,0.0,49.955157844387756
36.0,0.0,0.0,49.94818239795919
54.0,33.33333333333333,20.0,59.95215692528506
51.0,86.27450980392157,75.86206896551724,87.91707134544113
38.0,67.64705882352942,51.11111111111111,75.53362267018478
31.0,0.0,0.0,49.95814732142857
42.0,0.0,0.0,49.95814732142857
62.0,9.090909090909092,4.761904761904762,52.32115926513311
55.0,89.47368421052632,80.95238095238095,90.46422040137752
48.0,73.17073170731707,57.692307692307686,78.82421789911919
31.0,28.915662650602407,16.901408450704224,58.39189711268167
46.0,0.0,0.0,49.95416135204081
66.0,9.433962264150944,4.9504950495049505,52.379574725725156
56.0,77.77777777777779,63.63636363636363,81.78625843430312
48.0,71.11111111111111,55.172413793103445,77.56028156151662
30.0,34.48275862068966,20.833333333333336,60.35984961756478
37.0,0.0,0.0,49.96312978316326
64.0,53.70370370370371,36.708860759493675,68.30457694883371
58.0,68.23529411764706,51.78571428571429,75.83898428280686
50.0,75.86206896551724,61.111111111111114,80.52762928092059
32.0,55.172413793103445,38.095238095238095,69.00873724828901
41.0,0.0,0.0,49.95914381377551
66.0,65.08875739644971,48.24561403508772,74.06394945285042
58.0,52.25225225225225,35.36585365853659,67.5771764002807
51.0,73.17073170731707,57.692307692307686,78.8132400802206
32.0,52.63157894736842,35.714285714285715,67.81227834796059
43.0,0.0,0.0,49.957150829081634
66.0,64.321608040201,47.40740740740741,73.63286238825032
60.0,48.78048780487805,32.25806451612903,66.00332390145186
50.0,71.11111111111111,55.172413793103445,77.54730648161396
33.0,46.464646464646464,30.263157894736842,65.07874063261157
45.0,0.0,0.0,49.955157844387756
65.0,47.65625,31.28205128205128,65.50733313379227
67.0,36.51226158038147,22.333333333333332,60.93417350176615
53.0,53.68421052631579,36.69064748201439,68.25754319237876
33.0,48.35164835164835,31.88405797101449,65.89517330101549
54.0,0.0,0.0,49.94419642857143
60.0,33.33333333333333,20.0,59.95215692528506
66.0,72.48322147651007,56.84210526315789,78.3801524280755
50.0,0.0,0.0,49.91729113520408
58.0,0.0,0.0,49.90234375
56.0,0.0,0.0,49.93622448979592
61.0,52.56410256410257,35.65217391304348,67.75228621851436
69.0,73.33333333333333,57.89473684210527,78.89947378924262
52.0,0.0,0.0,49.91131218112245
46.0,0.0,0.0,49.90533322704081
56.0,0.0,0.0,49.94319993622449
70.0,54.166666666666664,37.142857142857146,68.48364627153232
66.0,62.80193236714976,45.774647887323944,72.81049450501577
64.0,0.0,0.0,49.89536830357143
45.0,0.0,0.0,49.89536830357143
55.0,0.0,0.0,49.94319993622449
69.0,66.66666666666666,50.0,74.93814103843238
66.0,63.41463414634146,46.42857142857143,73.13945184547448
65.0,0.0,0.0,49.896364795918366
45.0,0.0,0.0,49.898357780612244
56.0,10.16949152542373,5.357142857142857,52.62575417626441
70.0,50.23255813953489,33.54037267080746,66.66344677991911
65.0,42.62295081967213,27.083333333333332,63.36705430610711
65.0,0.0,0.0,49.89237882653062
49.0,0.0,0.0,49.89237882653062
55.0,43.18181818181818,27.536231884057973,63.718272450592096
73.0,44.24778761061947,28.40909090909091,64.07886217640637
66.0,38.70967741935484,24.0,61.79145879066055
65.0,0.0,0.0,49.88241390306122
44.0,0.0,0.0,49.89337531887755
56.0,0.0,0.0,49.94419642857143
71.0,47.5609756097561,31.2,65.51423499611066
72.0,45.714285714285715,29.629629629629626,64.64416975653604
65.0,0.0,0.0,49.87942442602041
45.0,0.0,0.0,49.89437181122449
57.0,34.66666666666667,20.967741935483872,60.43503018868167
74.0,41.9753086419753,26.5625,63.140601620947635
68.0,35.69553805774278,21.72523961661342,60.618147867698426
65.0,0.0,0.0,49.874441964285715
58.0,0.0,0.0,49.87942442602041
49.0,0.0,0.0,49.89935427295919
55.0,0.0,0.0,49.88540338010204
63.0,2.1052631578947367,1.0638297872340425,50.439239258340486
46.0,0.0,0.0,49.92127710459184
29.0,0.0,0.0,49.93124202806122
71.0,78.32167832167832,64.36781609195403,82.15298226784454
117.0,85.71428571428571,75.0,87.46504962952606
123.0,83.66533864541833,71.91780821917808,85.91796224703387
116.0,84.87394957983193,73.72262773722628,86.82536778773446
83.0,74.50980392156863,59.375,79.64859259961293
31.0,70.0,53.84615384615385,76.9051325506315
77.0,80.89887640449437,67.9245283018868,83.92833472415113
126.0,87.15953307392996,77.24137931034483,88.58773184117433
130.0,82.5278810408922,70.25316455696202,85.07964329915414
124.0,81.36882129277566,68.58974358974359,84.24593932168479
94.0,79.58115183246073,66.08695652173913,83.00455610518094
41.0,79.48717948717949,65.95744680851064,82.96276967008441
87.0,84.78260869565217,73.58490566037736,86.7645076028343
132.0,85.82375478927203,75.16778523489933,87.54693991690637
131.0,85.71428571428571,75.0,87.46204706164356
136.0,87.5,77.77777777777779,88.8549276047528
111.0,86.22222222222223,75.78125,87.85967390273368
44.0,78.57142857142857,64.70588235294117,82.33499250965768
97.0,84.8780487804878,73.72881355932203,86.83346186161513
137.0,85.92057761732852,75.31645569620254,87.61927225747458
135.0,87.4074074074074,77.63157894736842,88.78182886798682
141.0,89.20863309352518,80.51948051948052,90.22977142732597
117.0,84.97854077253218,73.88059701492537,86.90535232458431
52.0,76.59574468085107,62.06896551724138,81.01254418662229
98.0,84.61538461538461,73.33333333333333,86.6347228877176
140.0,86.83274021352312,76.72955974842768,88.32781979110361
141.0,87.05035971223022,77.07006369426752,88.49907140362163
148.0,89.419795221843,80.8641975308642,90.40112664034467
121.0,86.66666666666667,76.47058823529412,88.20334013138726
57.0,80.37383177570094,67.1875,83.5728057118066
101.0,83.72093023255815,72.0,85.96506009663378
148.0,87.97250859106529,78.52760736196319,89.22883724875653
146.0,89.82456140350877,81.52866242038218,90.73535902349033
150.0,89.63210702341136,81.21212121212122,90.57508662420537
122.0,85.94377510040161,75.35211267605634,87.64110457146602
59.0,81.81818181818183,69.23076923076923,84.59543687845536
114.0,80.88888888888889,67.91044776119402,83.91229685653792
153.0,87.33333333333333,77.51479289940828,88.71943061895182
147.0,89.19860627177701,80.50314465408806,90.22060205850183
152.0,90.78947368421053,83.13253012048193,91.53828632408046
131.0,85.71428571428571,75.0,87.46304803755119
65.0,84.29752066115702,72.85714285714285,86.40961881011756
110.0,80.7017543859649,67.64705882352942,83.77960320778739
152.0,86.48648648648648,76.19047619047619,88.05527645840945
157.0,87.45762711864407,77.71084337349397,88.8184564340845
156.0,90.96774193548387,83.4319526627219,91.68799591765054
136.0,86.2453531598513,75.81699346405229,87.87154107881
71.0,80.62015503875969,67.53246753246754,83.74129561285415
81.0,78.52760736196319,64.64646464646465,82.28831054800882
131.0,83.73983739837398,72.02797202797203,85.97404432884632
128.0,88.52459016393442,79.41176470588235,89.6779203812227
119.0,92.3076923076923,85.71428571428571,92.83816638796463
97.0,80.19801980198021,66.94214876033058,83.43115023603913
229.0,30.656934306569344,18.103448275862068,58.862231976922544
80.0,81.65680473372781,69.0,84.46906619833557
134.0,85.14056224899599,74.12587412587412,87.02598879051845
129.0,89.68253968253968,81.29496402877699,90.62151473316284
131.0,92.42424242424242,85.91549295774648,92.9377680555704
109.0,79.11111111111111,65.44117647058823,82.6736698732441
235.0,32.50883392226148,19.40928270042194,59.51413666239929
82.0,83.9080459770115,72.27722772277228,86.1106714228096
139.0,85.60606060606061,74.83443708609272,87.37926636279347
129.0,88.28125,79.02097902097903,89.48052726292144
138.0,92.3076923076923,85.71428571428571,92.83616383616383
115.0,83.40425531914893,71.53284671532847,85.72748410290167
235.0,0.0,0.0,49.61734693877551
89.0,82.35294117647058,70.0,84.96706521088245
142.0,86.12099644128114,75.625,87.77354285286185
137.0,88.14814814814815,78.80794701986756,89.37200994839394
149.0,91.22807017543859,83.87096774193549,91.9105068498272
130.0,83.79446640316206,72.10884353741497,86.01347908845983
238.0,0.0,0.0,49.59941007653062
91.0,81.08108108108108,68.18181818181817,84.05597964838299
148.0,86.3013698630137,75.90361445783132,87.91184718895562
146.0,87.05035971223022,77.07006369426752,88.49907140362163
151.0,91.40893470790378,84.17721518987342,92.06362907646259
128.0,84.8,73.61111111111111,86.76760868117968
197.0,0.0,0.0,49.61933992346938
101.0,77.94871794871796,63.86554621848739,81.88985893758701
152.0,86.75496688741721,76.60818713450293,88.2641295348806
151.0,87.10801393728222,77.1604938271605,88.54328461512468
156.0,91.2751677852349,83.9506172839506,91.94932942534861
184.0,75.48387096774194,60.62176165803109,80.23497040331786
224.0,0.0,0.0,49.58446269132653
107.0,80.0,66.66666666666666,83.2934099861599
152.0,86.09271523178808,75.5813953488372,87.74873627890247
157.0,86.68941979522185,76.50602409638554,88.21405023077385
160.0,90.13157894736842,82.03592814371258,90.98798745361852
198.0,74.54545454545455,59.42028985507246,79.62623387325377
232.0,0.0,0.0,49.55257493622449
106.0,79.7979797979798,66.38655462184873,83.15335476067186
153.0,87.5,77.77777777777779,88.85092154080823
159.0,85.8108108108108,75.14792899408283,87.5320056167441
163.0,89.32038834951457,80.7017543859649,90.31790225393613
198.0,76.47058823529412,61.904761904761905,80.8724544847312
232.0,0.0,0.0,49.55556441326531
113.0,24.0,13.636363636363635,56.7045409234093
171.0,72.2972972972973,56.613756613756614,78.22499131093271
198.0,75.36231884057972,60.46511627906976,80.147636267657
236.0,73.54497354497354,58.15899581589959,78.97957185323028
223.0,55.82329317269076,38.71866295264624,69.13949415594021
239.0,0.0,0.0,49.466876594387756
74.0,47.540983606557376,31.182795698924732,65.52758545789358
98.0,58.06451612903226,40.909090909090914,70.38971530952541
92.0,63.1578947368421,46.15384615384615,73.02106607085861
79.0,54.700854700854705,37.64705882352941,68.77068161342392
67.0,57.943925233644855,40.78947368421053,70.3498669647496
41.0,58.666666666666664,41.509433962264154,70.72381216795665
41.0,37.03703703703704,22.727272727272727,61.329748870114855
75.0,41.07142857142857,25.842696629213485,62.855549658494446
98.0,54.65116279069767,37.6,68.72220072213689
97.0,72.39263803680981,56.730769230769226,78.32048966955784
77.0,66.66666666666666,50.0,74.95711407655637
82.0,62.99212598425197,45.97701149425287,72.94163324034488
60.0,63.55140186915887,46.57534246575342,73.24878167920913
58.0,33.33333333333333,20.0,59.95215692528506
78.0,45.90163934426229,29.78723404255319,64.82781180471761
97.0,36.477987421383645,22.30769230769231,61.05314222340166
97.0,62.0253164556962,44.95412844036697,72.41721623406822
80.0,57.14285714285714,40.0,69.9461507778221
84.0,59.84251968503938,42.69662921348314,71.29745497931327
80.0,50.0,33.33333333333333,66.60684135657215
65.0,21.333333333333336,11.940298507462686,55.9113468298755
74.0,2.2222222222222223,1.1235955056179776,50.474104678568835
84.0,1.7857142857142856,0.9009009009009009,50.340834107650245
101.0,15.384615384615385,8.333333333333332,54.0679962259387
93.0,49.333333333333336,32.743362831858406,66.29589211019913
80.0,2.4096385542168677,1.2195121951219512,50.529038608771735
75.0,4.705882352941177,2.4096385542168677,51.124100179567876
68.0,0.0,0.0,49.9202806122449
78.0,0.0,0.0,49.91230867346938
81.0,0.0,0.0,49.88739636479592
99.0,0.0,0.0,49.88241390306122
95.0,0.0,0.0,49.903340242346935
84.0,0.0,0.0,49.913305165816325
72.0,0.0,0.0,49.92825255102041
84.0,0.0,0.0,49.906329719387756
66.0,0.0,0.0,49.9332350127551
82.0,0.0,0.0,49.8893893494898
86.0,0.0,0.0,49.89736128826531
95.0,0.0,0.0,49.90533322704081
84.0,0.0,0.0,49.916294642857146
79.0,0.0,0.0,49.92127710459184
74.0,0.0,0.0,49.92227359693878
76.0,0.0,0.0,49.898357780612244
78.0,0.0,0.0,49.88739636479592
67.0,0.0,0.0,49.90931919642857
64.0,0.0,0.0,49.93124202806122
86.0,0.0,0.0,49.91031568877551
77.0,0.0,0.0,49.91430165816326
86.0,0.0,0.0,49.89437181122449
79.0,0.0,0.0,49.8664700255102
82.0,0.0,0.0,49.88241390306122
49.0,0.0,0.0,49.916294642857146
78.0,33.92857142857143,20.43010752688172,60.14128539611426
83.0,0.0,0.0,49.91729113520408
81.0,0.0,0.0,49.901347257653065
84.0,0.0,0.0,49.89437181122449
76.0,39.21568627450981,24.390243902439025,62.133314789563876
93.0,52.85714285714286,35.92233009708738,67.89534801988336
99.0,63.08724832214765,46.07843137254902,72.98435722111462
75.0,52.72727272727272,35.80246913580247,67.84938699975159
66.0,46.808510638297875,30.555555555555557,65.2279313049142
54.0,56.470588235294116,39.34426229508197,69.63524328663813
52.0,17.543859649122805,9.615384615384617,54.76085249983518
80.0,0.0,0.0,49.913305165816325
101.0,21.238938053097346,11.881188118811881,55.85188502503866
100.0,63.1578947368421,46.15384615384615,73.02106607085861
78.0,61.53846153846154,44.44444444444444,72.1773478704073
79.0,27.368421052631582,15.853658536585366,57.85805347737109
65.0,53.608247422680414,36.61971830985916,68.26499375114095
52.0,0.0,0.0,49.94818239795919
77.0,11.38211382113821,6.0344827586206895,52.90860855824554
100.0,0.0,0.0,49.88739636479592
101.0,46.715328467153284,30.476190476190478,65.16530487434284
86.0,52.54237288135594,35.63218390804598,67.76025388442483
81.0,28.865979381443296,16.867469879518072,58.36495777776389
78.0,29.78723404255319,17.5,58.68421314939596
55.0,0.0,0.0,49.94419642857143
75.0,1.4388489208633095,0.7246376811594203,50.2257966681831
90.0,0.0,0.0,49.89337531887755
109.0,0.0,0.0,49.891382334183675
91.0,58.666666666666664,41.509433962264154,70.69288023015466
81.0,0.0,0.0,49.908322704081634
81.0,0.0,0.0,49.91430165816326
88.0,0.0,0.0,49.908322704081634
78.0,0.0,0.0,49.8844068877551
84.0,0.0,0.0,49.89437181122449
110.0,0.0,0.0,49.8893893494898
98.0,12.962962962962962,6.9306930693069315,53.3716631843774
83.0,0.0,0.0,49.91729113520408
90.0,0.0,0.0,49.86547353316326
91.0,0.0,0.0,49.896364795918366
75.0,5.063291139240507,2.5974025974025974,51.149215529746506
86.0,3.5398230088495577,1.8018018018018018,50.79227890544509
108.0,1.694915254237288,0.8547008547008548,50.31175501130658
102.0,27.11864406779661,15.686274509803921,57.75741157707102
81.0,0.0,0.0,49.91928411989796
93.0,0.0,0.0,49.88341039540816
96.0,0.0,0.0,49.896364795918366
77.0,0.0,0.0,49.84654017857143
88.0,0.0,0.0,49.881417410714285
109.0,0.0,0.0,49.87942442602041
99.0,3.7735849056603774,1.9230769230769231,50.85989219056146
82.0,0.0,0.0,49.913305165816325
93.0,0.0,0.0,49.847536670918366
94.0,0.0,0.0,49.891382334183675
81.0,1.1428571428571428,0.5747126436781609,50.11495970998059
89.0,1.6129032258064515,0.8130081300813009,50.284929575753154
109.0,0.0,0.0,49.867466517857146
104.0,3.149606299212598,1.6,50.67742655558656
88.0,0.0,0.0,49.89337531887755
101.0,0.0,0.0,49.820631377551024
98.0,0.0,0.0,49.8714524872449
79.0,0.0,0.0,49.90732621173469
93.0,0.0,0.0,49.89237882653062
110.0,0.0,0.0,49.867466517857146
100.0,0.0,0.0,49.89237882653062
86.0,0.0,0.0,49.89536830357143
91.0,0.0,0.0,49.842554209183675
82.0,0.0,0.0,49.857501594387756
24.0,34.78260869565217,21.052631578947366,60.48146290692843
30.0,37.68115942028986,23.214285714285715,61.564282581640995
33.0,56.33802816901409,39.21568627450981,69.57693955642709
37.0,65.0,48.148148148148145,74.04615782282781
42.0,62.264150943396224,45.20547945205479,72.56285379977648
47.0,73.94957983193278,58.666666666666664,79.30241495784462
74.0,85.02994011976048,73.95833333333334,86.9542190566477
82.0,76.68393782383419,62.18487394957983,81.04752858789918
93.0,81.1881188118812,68.33333333333333,84.12873797261149
98.0,81.28342245989305,68.46846846846847,84.19930409451368
78.0,78.1456953642384,64.13043478260869,82.03229443103139
54.0,68.65671641791045,52.27272727272727,76.09447255317991
44.0,70.0,53.84615384615385,76.8991477534191
44.0,75.0,60.0,79.98005822996849
30.0,58.536585365853654,41.37931034482759,70.6557582191517
26.0,34.92063492063492,21.153846153846153,60.536057931901645
39.0,30.303030303030305,17.857142857142858,58.882723643218796
33.0,58.06451612903226,40.909090909090914,70.42862735573769
38.0,63.013698630136986,46.0,72.97308236795405
48.0,68.88888888888889,52.54237288135594,76.24326740587888
73.0,83.33333333333334,71.42857142857143,85.68834330643116
79.0,74.22680412371135,59.01639344262295,79.45830050544049
95.0,72.9064039408867,57.36434108527132,78.62728251421365
108.0,81.44796380090497,68.70229007633588,84.31021543708181
107.0,78.4688995215311,64.56692913385827,82.23854900817958
79.0,72.5,56.86274509803921,78.38747614453419
56.0,67.22689075630252,50.63291139240506,75.27756148844762
53.0,66.66666666666666,50.0,74.9660962865462
49.0,75.51020408163265,60.65573770491803,80.30393538749163
41.0,69.47368421052632,53.2258064516129,76.58398592927453
27.0,42.62295081967213,27.083333333333332,63.50678039590933
40.0,50.66666666666667,33.92857142857143,66.92740153062242
36.0,61.29032258064516,44.18604651162791,72.06909837992424
47.0,60.75949367088608,43.63636363636363,71.7872757725605
52.0,70.45454545454545,54.385964912280706,77.16705763811264
77.0,80.26315789473685,67.03296703296702,83.48655235814768
83.0,57.6271186440678,40.476190476190474,70.16328227051419
101.0,49.35064935064935,32.758620689655174,66.30152503229019
117.0,71.55963302752293,55.714285714285715,77.79526413942958
106.0,74.22680412371135,59.01639344262295,79.45830050544049
67.0,61.417322834645674,44.31818181818182,72.11022480222373
61.0,79.06976744186046,65.38461538461539,82.66537502397851
61.0,70.27027027027027,54.166666666666664,77.05042350625952
50.0,76.47058823529412,61.904761904761905,80.92844653269091
39.0,71.73913043478261,55.932203389830505,77.94017584285216
31.0,26.229508196721312,15.09433962264151,57.502320504990024
41.0,60.273972602739725,43.13725490196079,71.53971649671952
39.0,65.67164179104478,48.888888888888886,74.4215150669272
43.0,71.7948717948718,56.00000000000001,77.97806492781368
56.0,68.81720430107528,52.459016393442624,76.20059147687448
78.0,73.61111111111111,58.24175824175825,79.08297237148264
89.0,11.38211382113821,6.0344827586206895,52.90860855824554
109.0,40.27777777777778,25.217391304347824,62.52294775100336
123.0,53.333333333333336,36.36363636363637,68.09803267272147
110.0,73.57512953367875,58.19672131147541,79.04746753129903
73.0,64.12213740458014,47.19101123595505,73.548631241307
66.0,70.96774193548387,55.00000000000001,77.46409478975505
62.0,70.6896551724138,54.666666666666664,77.29942488614074
50.0,76.92307692307693,62.5,81.22606510292005
40.0,67.44186046511628,50.877192982456144,75.41067856991673
40.0,25.0,14.285714285714285,57.095017882771025
45.0,59.45945945945946,42.30769230769231,71.12393827012801
41.0,63.76811594202898,46.808510638297875,73.37933208271714
48.0,65.0,48.148148148148145,74.04615782282781
58.0,65.93406593406593,49.18032786885246,74.55925419087738
80.0,55.35714285714286,38.2716049382716,69.08594704985173
88.0,0.0,0.0,49.89038584183674
113.0,34.48275862068966,20.833333333333336,60.321952702837436
130.0,45.19774011299435,29.1970802919708,64.5018032702873
121.0,64.21052631578948,47.286821705426355,73.57556689381863
77.0,64.61538461538461,47.72727272727273,73.81775931412903
63.0,73.01587301587301,57.49999999999999,78.71608817075604
66.0,70.49180327868852,54.43037974683544,77.17928537937189
55.0,76.78571428571429,62.31884057971014,81.13348926637752
41.0,64.44444444444444,47.540983606557376,73.73858560749429
46.0,5.970149253731343,3.076923076923077,51.47568001815222
50.0,60.46511627906976,43.333333333333336,71.63276836158192
52.0,63.41463414634146,46.42857142857143,73.18437544509328
51.0,60.75949367088608,43.63636363636363,71.7872757725605
58.0,43.58974358974359,27.86885245901639,63.89056570597303
82.0,22.0,12.359550561797752,56.10203183427275
91.0,0.0,0.0,49.89038584183674
113.0,35.61643835616438,21.666666666666668,60.73961448986373
128.0,40.69767441860465,25.547445255474454,62.672009458873426
121.0,60.63829787234043,43.51145038167939,71.68190089266933
86.0,55.223880597014926,38.144329896907216,69.01233128603512
72.0,65.625,48.837209302325576,74.37472225598188
68.0,69.29133858267717,53.01204819277109,76.46712678528684
58.0,76.42276422764228,61.8421052631579,80.8921272590401
47.0,68.75,52.38095238095239,76.160561745788
49.0,13.88888888888889,7.462686567164178,53.66955460087694
48.0,61.53846153846154,44.44444444444444,72.1923131458145
54.0,68.23529411764706,51.78571428571429,75.86593629016407
51.0,64.28571428571429,47.368421052631575,73.65429966069533
63.0,42.42424242424242,26.923076923076923,63.4047146154613
82.0,31.372549019607842,18.6046511627907,59.232548866881785
92.0,0.0,0.0,49.8893893494898
118.0,24.113475177304963,13.709677419354838,56.74817789108055
131.0,39.548022598870055,24.647887323943664,62.21724455345784
122.0,57.608695652173914,40.458015267175576,70.15119904272132
87.0,35.11450381679389,21.296296296296298,60.56340745467019
72.0,65.15151515151516,48.31460674157304,74.11142540617239
72.0,64.12213740458014,47.19101123595505,73.548631241307
57.0,75.21367521367522,60.273972602739725,80.10806265978366
47.0,69.47368421052632,53.2258064516129,76.58398592927453
50.0,40.0,25.0,62.452153110047846
54.0,49.48453608247423,32.87671232876712,66.38950467291762
58.0,67.41573033707866,50.847457627118644,75.39481324701363
53.0,56.41025641025641,39.285714285714285,69.60896154130991
61.0,27.27272727272727,15.789473684210526,57.83094607581868
84.0,9.900990099009901,5.208333333333334,52.51347682592201
94.0,0.0,0.0,49.88241390306122
117.0,34.899328859060404,21.138211382113823,60.472395820668076
128.0,41.61849710982659,26.277372262773724,63.037968141757815
131.0,48.64864864864865,32.142857142857146,65.97667682101466
91.0,18.75,10.344827586206897,55.06875379788776
81.0,67.12328767123287,50.51546391752577,75.20985356987066
74.0,63.38028169014085,46.391752577319586,73.14401217264376
61.0,74.80916030534351,59.756097560975604,79.84513238812441
51.0,67.28971962616822,50.70422535211267,75.31721040242252
45.0,20.689655172413794,11.538461538461538,55.70046046205673
48.0,42.42424242424242,26.923076923076923,63.4047146154613
45.0,61.97183098591549,44.89795918367347,72.4220624964904
38.0,64.70588235294117,47.82608695652174,73.88911717128634
44.0,70.37037037037037,54.285714285714285,77.11094521976487
67.0,76.36363636363637,61.76470588235294,80.84344088242923
77.0,75.24752475247524,60.317460317460316,80.10882995912935
90.0,78.87323943661971,65.11627906976744,82.51322218281155
101.0,81.44796380090497,68.70229007633588,84.31021543708181
96.0,82.58706467661692,70.33898305084746,85.13455650456252
75.0,74.50980392156863,59.375,79.64859259961293
69.0,77.03703703703704,62.65060240963856,81.29437789462854
53.0,70.0,53.84615384615385,76.89316128517581
47.0,76.76767676767676,62.295081967213115,81.124604288884
44.0,71.11111111111111,55.172413793103445,77.56028156151662
47.0,43.01075268817204,27.397260273972602,63.64579498266778
51.0,50.48543689320388,33.76623376623377,66.83226942548977
49.0,65.0,48.148148148148145,74.04615782282781
40.0,70.88607594936708,54.90196078431373,77.4280482712348
49.0,77.35849056603774,63.07692307692307,81.51452616397266
76.0,77.41935483870968,63.1578947368421,81.53703454708943
87.0,73.0593607305936,57.55395683453237,78.71809148018538
98.0,68.14159292035397,51.67785234899329,75.76706845278564
111.0,80.17241379310344,66.90647482014388,83.4073136435244
109.0,81.65137614678899,68.9922480620155,84.4561935101141
81.0,70.3030303030303,54.20560747663551,77.0539191060499
66.0,74.82014388489209,59.77011494252874,79.8501440565329
61.0,69.49152542372882,53.246753246753244,76.58747356164331
50.0,72.56637168141593,56.94444444444444,78.44130569684076
46.0,66.66666666666666,50.0,74.96809189534142
52.0,62.745098039215684,45.714285714285715,72.81925198286079
50.0,57.99999999999999,40.845070422535215,70.38065832930059
48.0,70.0,53.84615384615385,76.8991477534191
47.0,66.66666666666666,50.0,74.97208263539922
51.0,83.80952380952381,72.1311475409836,86.04861853232057
79.0,74.19354838709677,58.97435897435898,79.43928198782811
87.0,71.84466019417476,56.060606060606055,77.97242110942162
106.0,59.375,42.22222222222222,71.03329631033695
113.0,74.13793103448276,58.9041095890411,79.39216260046985
106.0,79.02439024390245,65.32258064516128,82.61837186764502
78.0,70.06369426751591,53.92156862745098,76.91389777913919
72.0,75.52447552447552,60.67415730337079,80.30216384381659
64.0,69.23076923076923,52.94117647058824,76.43069276143562
52.0,71.66666666666667,55.84415584415584,77.88816812214574
42.0,61.111111111111114,44.0,71.95811977743654
49.0,67.3913043478261,50.81967213114754,75.37992281400332
49.0,58.58585858585859,41.42857142857143,70.67340590093696
49.0,71.60493827160494,55.769230769230774,77.86168280639536
44.0,71.42857142857143,55.55555555555556,77.75384765373997
52.0,75.86206896551724,61.111111111111114,80.52762928092059
79.0,73.46938775510205,58.06451612903226,78.9803660000103
91.0,70.27027027027027,54.166666666666664,77.01746244028371
114.0,40.64171122994652,25.503355704697988,62.640983369122694
115.0,60.51282051282051,43.38235294117647,71.61435622995133
112.0,72.27722772277228,56.58914728682171,78.2386887662578
78.0,68.42105263157895,52.0,75.95211874551113
69.0,72.18045112781954,56.470588235294116,78.19838859578303
73.0,65.21739130434783,48.38709677419355,74.14567381846659
53.0,71.54471544715447,55.69620253164557,77.81319342252908
43.0,58.58585858585859,41.42857142857143,70.67340590093696
52.0,67.36842105263158,50.79365079365079,75.36591442043739
49.0,65.93406593406593,49.18032786885246,74.55925419087738
50.0,73.17073170731707,57.692307692307686,78.82421789911919
47.0,68.96551724137932,52.63157894736842,76.28886808414168
52.0,72.88135593220339,57.333333333333336,78.63475156084814
80.0,75.40983606557377,60.526315789473685,80.21825398909492
90.0,69.44444444444444,53.191489361702125,76.52987773208757
114.0,45.5026455026455,29.45205479452055,64.6233006504069
124.0,54.166666666666664,37.142857142857146,68.48364627153232
116.0,70.0,53.84615384615385,76.86320385398339
87.0,55.12820512820513,38.05309734513274,68.95673437858835
71.0,70.4225352112676,54.347826086956516,77.1320186174319
76.0,61.224489795918366,44.11764705882353,72.00197247916343
58.0,73.2824427480916,57.831325301204814,78.8807520218121
45.0,54.20560747663551,37.17948717948718,68.54088722744874
54.0,76.76767676767676,62.295081967213115,81.124604288884
51.0,64.0,47.05882352941176,73.49351514696498
54.0,70.45454545454545,54.385964912280706,77.16705763811264
53.0,65.21739130434783,48.38709677419355,74.16164155504636
53.0,60.60606060606061,43.47826086956522,71.6872714911094
81.0,69.6969696969697,53.48837209302325,76.6843141723224
94.0,66.07929515418502,49.34210526315789,74.59420785802153
114.0,38.97435897435898,24.203821656050955,61.983238364026114
124.0,48.91304347826087,32.37410071942446,66.09329599614478
119.0,62.88659793814433,45.86466165413533,72.86049604706169
97.0,41.86046511627907,26.47058823529412,63.13557333583613
75.0,65.73426573426573,48.95833333333333,74.4302927613424
80.0,61.43790849673203,44.339622641509436,72.11096314903776
58.0,71.11111111111111,55.172413793103445,77.54730648161396
46.0,54.385964912280706,37.34939759036144,68.62284915912528
53.0,77.08333333333334,62.71186440677966,81.33399319383639
53.0,69.66292134831461,53.44827586206896,76.69721600462107
55.0,72.72727272727273,57.14285714285714,78.54749749293464
52.0,70.2127659574468,54.09836065573771,77.02126017949321
59.0,57.74647887323944,40.5940594059406,70.2371912667481
82.0,69.34673366834171,53.07692307692308,76.47759179970248
95.0,62.96296296296296,45.94594594594595,72.89314540052946
117.0,27.42857142857143,15.894039735099339,57.82040477742365
129.0,42.10526315789473,26.666666666666668,63.23460975934051
128.0,60.78431372549019,43.66197183098591,71.751167900567
96.0,35.08771929824561,21.27659574468085,60.52762104866556
75.0,64.38356164383562,47.474747474747474,73.68550755213165
79.0,60.526315789473685,43.39622641509434,71.638268802999
59.0,69.11764705882352,52.80898876404494,76.3626024631731
47.0,52.54237288135594,35.63218390804598,67.76025388442483
56.0,78.43137254901961,64.51612903225806,82.23612419380575
54.0,60.550458715596335,43.42105263157895,71.66764894506974
55.0,74.15730337078652,58.92857142857143,79.44135130669143
52.0,65.3061224489796,48.484848484848484,74.2085218812245
59.0,55.26315789473685,38.18181818181819,69.0230908438113
81.0,70.2127659574468,54.09836065573771,76.99330325742383
94.0,65.13761467889908,48.29931972789115,74.07381912948794
116.0,52.83018867924528,35.8974358974359,67.84895737409704
133.0,44.9438202247191,28.985507246376812,64.39501946011198
128.0,56.08465608465608,38.970588235294116,69.40249779659683
102.0,7.643312101910828,3.9735099337748347,51.842246296367186
76.0,68.38709677419355,51.9607843137255,75.93151240106202
81.0,58.75,41.5929203539823,70.73063001879929
61.0,67.6056338028169,51.06382978723404,75.4860323529212
62.0,55.639097744360896,38.54166666666667,69.21199689862183
51.0,70.27027027027027,54.166666666666664,77.05042350625952
53.0,46.043165467625904,29.906542056074763,64.87848640774384
51.0,0.0,0.0,49.88241390306122
53.0,0.0,0.0,49.89237882653062
60.0,0.0,0.0,49.891382334183675
71.0,12.676056338028168,6.7669172932330826,53.25987142792697
86.0,30.097087378640776,17.71428571428571,58.71355924960472
101.0,22.564102564102566,12.716763005780345,56.20784515484216
116.0,0.0,0.0,49.790736607142854
110.0,0.0,0.0,49.776785714285715
99.0,0.0,0.0,49.783761160714285
83.0,0.0,0.0,49.776785714285715
79.0,0.0,0.0,49.771803252551024
60.0,0.0,0.0,49.837571747448976
60.0,0.0,0.0,49.81265943877551
46.0,63.013698630136986,46.0,72.97308236795405
69.0,81.57894736842105,68.88888888888889,84.41650813922035
93.0,84.11214953271028,72.58064516129032,86.25638096023226
104.0,86.8421052631579,76.74418604651163,88.34213915221721
104.0,85.95744680851064,75.3731343283582,87.65361659004031
86.0,88.0,78.57142857142857,89.26475578354858
58.0,80.35714285714286,67.16417910447761,83.56014704161664
29.0,46.51162790697674,30.303030303030305,65.12859125883884
18.0,0.0,0.0,49.9820631377551
7.0,0.0,0.0,49.99302455357143
87.0,66.66666666666666,50.0,74.9551175919092
81.0,82.22222222222221,69.81132075471697,84.8737255244584
108.0,84.77366255144034,73.57142857142858,86.74876822696007
116.0,88.6178861788618,79.56204379562044,89.7530593676007
109.0,87.34693877551021,77.53623188405797,88.73715866307394
92.0,84.91620111731844,73.7864077669903,86.86625777571071
65.0,75.21367521367522,60.273972602739725,80.10806265978366
29.0,45.45454545454545,29.411764705882355,64.68196176927894
19.0,0.0,0.0,49.98106664540816
8.0,0.0,0.0,49.99202806122449
92.0,75.64102564102564,60.824742268041234,80.37445984643357
108.0,80.71748878923766,67.66917293233082,83.79166029917265
121.0,86.16600790513834,75.69444444444444,87.81226905946032
121.0,86.71875,76.55172413793103,88.24190621158013
108.0,88.88888888888889,80.0,89.97403738616391
98.0,87.17948717948718,77.27272727272727,88.61140905370408
74.0,70.39999999999999,54.32098765432099,77.12359124996428
33.0,52.83018867924528,35.8974358974359,67.9237986871255
18.0,0.0,0.0,49.9820631377551
8.0,0.0,0.0,49.99202806122449
97.0,71.73913043478261,55.932203389830505,77.91421584378773
112.0,78.8135593220339,65.03496503496503,82.46756537993085
123.0,86.25954198473282,75.83892617449665,87.88350839016665
124.0,87.3015873015873,77.46478873239437,88.70043655051388
119.0,86.5079365079365,76.22377622377621,88.0779336109194
104.0,84.72906403940887,73.50427350427351,86.72119245187722
75.0,73.4375,58.0246913580247,78.97843317327715
30.0,50.0,33.33333333333333,66.6427451293092
19.0,0.0,0.0,49.98106664540816
8.0,0.0,0.0,49.99202806122449
100.0,73.84615384615385,58.536585365853654,79.21739854273841
124.0,80.80000000000001,67.78523489932886,83.84468934182618
127.0,86.79245283018868,76.66666666666667,88.29837598130281
125.0,87.74703557312253,78.16901408450704,89.05354728993153
119.0,87.74703557312253,78.16901408450704,89.05354728993153
102.0,87.25490196078431,77.39130434782608,88.66969733533216
79.0,75.55555555555556,60.71428571428571,80.32422515140719
35.0,60.317460317460316,43.18181818181818,71.56598734519065
20.0,25.454545454545453,14.583333333333334,57.250804779844124
9.0,0.0,0.0,49.96014030612245
99.0,76.05633802816901,61.36363636363637,80.63091489805733
122.0,80.62015503875969,67.53246753246754,83.71630566270285
129.0,87.54716981132076,77.85234899328859,88.89321404918124
126.0,87.6923076923077,78.08219178082192,89.0091355212687
126.0,88.46153846153845,79.3103448275862,89.62520896919551
106.0,82.6923076923077,70.49180327868852,85.20996632291384
82.0,75.0,60.0,79.9640876261921
38.0,59.375,42.22222222222222,71.08519249556393
20.0,38.46153846153847,23.809523809523807,61.88881643825736
14.0,0.0,0.0,49.986049107142854
98.0,68.22429906542055,51.77304964539007,75.81866461472346
126.0,77.29083665338645,62.98701298701299,81.43659641143617
129.0,85.38461538461539,74.49664429530202,87.21037148351438
130.0,88.28125,79.02097902097903,89.48052726292144
125.0,86.69201520912547,76.51006711409396,88.22007690329762
113.0,85.18518518518519,74.19354838709677,87.06482786338306
88.0,83.33333333333334,71.42857142857143,85.68834330643116
37.0,58.46153846153847,41.30434782608695,70.62525842766756
19.0,44.44444444444444,28.57142857142857,64.26578126067841
14.0,0.0,0.0,49.986049107142854
107.0,72.22222222222221,56.52173913043478,78.19098836326071
127.0,81.99233716475096,69.48051948051948,84.6933245108763
131.0,86.86131386861314,76.77419354838709,88.35113776746122
129.0,87.45247148288973,77.7027027027027,88.818391562294
124.0,86.25954198473282,75.83892617449665,87.88350839016665
113.0,87.61061946902655,77.95275590551181,88.94842100645322
89.0,83.54430379746836,71.73913043478261,85.84362229182754
41.0,61.97183098591549,44.89795918367347,72.4220624964904
22.0,52.38095238095239,35.483870967741936,67.72200126678734
13.0,0.0,0.0,49.9870455994898
76.0,67.79661016949152,51.28205128205128,75.60312872064907
75.0,83.8323353293413,72.16494845360825,86.05553134571204
97.0,82.66666666666667,70.45454545454545,85.18833735998244
100.0,86.22222222222223,75.78125,87.85967390273368
101.0,87.22466960352423,77.34375,88.64291959132935
87.0,88.63636363636364,79.59183673469387,89.77595749066523
63.0,75.92592592592592,61.19402985074627,80.57108493634351
31.0,47.05882352941176,30.76923076923077,65.35770365508824
23.0,0.0,0.0,49.93423150510204
9.0,0.0,0.0,49.97708067602041
89.0,80.0,66.66666666666666,83.30240385254952
90.0,80.19323671497585,66.93548387096774,83.4268180539036
104.0,82.15767634854771,69.71830985915493,84.81622104775546
108.0,85.59670781893004,74.82014388489209,87.3751222699744
105.0,87.93103448275862,78.46153846153847,89.20281060952865
95.0,85.24590163934425,74.28571428571429,87.11590995933685
63.0,72.89719626168224,57.35294117647059,78.64754983110981
33.0,46.15384615384615,30.0,64.97209153974963
22.0,0.0,0.0,49.96014030612245
8.0,0.0,0.0,49.96113679846938
90.0,83.24324324324324,71.29629629629629,85.6172094068559
100.0,81.77777777777779,69.17293233082707,84.54553492988921
114.0,87.09677419354838,77.14285714285715,88.53947203232175
115.0,86.95652173913044,76.92307692307693,88.42858196411505
108.0,88.13559322033898,78.78787878787878,89.36597965596208
100.0,90.0,81.81818181818183,90.8891252500245
72.0,70.58823529411765,54.54545454545454,77.23782082201518
33.0,55.73770491803278,38.63636363636363,69.29126740601251
22.0,2.2988505747126435,1.1627906976744187,50.496691811218874
9.0,0.0,0.0,49.9202806122449
105.0,82.85714285714286,70.73170731707317,85.32991762467685
119.0,82.5910931174089,70.34482758620689,85.12947733905544
118.0,88.8,79.85611510791367,89.90009390669826
118.0,87.15953307392996,77.24137931034483,88.58773184117433
111.0,88.16326530612245,78.83211678832117,89.38709778059504
102.0,88.78048780487805,79.82456140350878,89.8893197353972
76.0,65.57377049180327,48.78048780487805,74.34835783254911
36.0,55.73770491803278,38.63636363636363,69.29126740601251
20.0,8.0,4.166666666666666,52.06041355256602
10.0,0.0,0.0,49.9820631377551
112.0,83.63636363636363,71.875,85.90156037856401
125.0,81.71206225680933,69.07894736842105,84.49254032957411
121.0,87.84313725490196,78.32167832167832,89.1298787901137
120.0,88.8030888030888,79.86111111111111,89.90159089244456
119.0,90.27237354085604,82.26950354609929,91.10978173709279
109.0,89.90825688073394,81.66666666666667,90.81136759987753
82.0,71.11111111111111,55.172413793103445,77.54730648161396
36.0,61.76470588235294,44.680851063829785,72.31450588282706
21.0,8.75912408759124,4.580152671755725,52.16549989577422
10.0,0.0,0.0,49.8664700255102
110.0,81.17154811715481,68.30985915492957,84.110000565304
125.0,81.22605363984674,68.38709677419355,84.14461689119103
119.0,86.92307692307692,76.87074829931973,88.40141693574938
121.0,88.54961832061069,79.45205479452055,89.69606335411204
119.0,89.57528957528957,81.11888111888112,90.53247292060715
110.0,88.88888888888889,80.0,89.97603833865814
81.0,70.67669172932331,54.65116279069767,77.28668175641728
36.0,59.70149253731343,42.5531914893617,71.24967972266953
23.0,13.559322033898304,7.2727272727272725,53.585538474919005
13.0,0.0,0.0,49.962133290816325
109.0,78.96995708154506,65.24822695035462,82.57519565711165
129.0,80.0,66.66666666666666,83.28040742959855
124.0,84.49612403100775,73.15436241610739,86.53723473632581
121.0,87.6923076923077,78.08219178082192,89.0091355212687
120.0,90.19607843137256,82.14285714285714,91.04645903426392
110.0,87.1559633027523,77.23577235772358,88.58993146549744
84.0,70.92198581560284,54.94505494505495,77.43163053281555
39.0,62.857142857142854,45.83333333333333,72.89074650077761
26.0,57.14285714285714,40.0,69.9820588469819
16.0,0.0,0.0,49.9382174744898
121.0,76.9811320754717,62.57668711656442,81.22743370486528
129.0,81.95488721804512,69.42675159235668,84.66544003010488
126.0,86.36363636363636,76.0,87.96404458471497
124.0,87.54716981132076,77.85234899328859,88.89321404918124
124.0,89.05660377358491,80.27210884353741,90.10708802279153
115.0,88.69565217391305,79.6875,89.81778842313376
92.0,73.33333333333333,57.89473684210527,78.90746498736216
42.0,66.66666666666666,50.0,74.97407776669989
24.0,61.224489795918366,44.11764705882353,72.03988451304446
15.0,0.0,0.0,49.92426658163265
107.0,84.72906403940887,73.50427350427351,86.72119245187722
115.0,86.08695652173914,75.57251908396947,87.75430874621023
113.0,89.38053097345133,80.80000000000001,90.37603594608088
120.0,87.64940239043824,78.01418439716312,88.97613306463836
126.0,88.46153846153845,79.3103448275862,89.62520896919551
103.0,88.66995073891626,79.64601769911505,89.80004834163115
63.0,77.06422018348624,62.68656716417911,81.31835040300949
29.0,76.36363636363637,61.76470588235294,80.86939311663257
18.0,5.0,2.564102564102564,51.20631484485273
16.0,0.0,0.0,49.93423150510204
50.0,67.3076923076923,50.72463768115942,75.32841445095843
76.0,59.25925925925925,42.10526315789473,70.99778077313917
76.0,62.0253164556962,44.95412844036697,72.41721623406822
80.0,82.99319727891157,70.93023255813954,85.44017364712325
82.0,86.07594936708861,75.55555555555556,87.75582519535581
82.0,89.87341772151899,81.60919540229885,90.7886312307373
81.0,86.7132867132867,76.5432098765432,88.25264815972669
70.0,90.51094890510949,82.66666666666667,91.32036290590786
59.0,90.43478260869566,82.53968253968253,91.25886848235423
37.0,79.41176470588235,65.85365853658537,82.91287086433647
19.0,80.0,66.66666666666666,83.32436168374603
61.0,60.0,42.857142857142854,71.3846969096954
81.0,57.77777777777777,40.625,70.25565575323614
83.0,72.72727272727273,57.14285714285714,78.53252505215636
88.0,84.81012658227847,73.62637362637363,86.78923901937732
88.0,83.63636363636363,71.875,85.91055765661484
90.0,89.14285714285714,80.41237113402062,90.18722273416269
82.0,90.06622516556291,81.92771084337349,90.94888775185359
73.0,90.27777777777779,82.27848101265823,91.12527151748435
65.0,88.70967741935483,79.71014492753623,89.84110626197645
40.0,85.71428571428571,75.0,87.48903137028098
26.0,86.27450980392157,75.86206896551724,87.92405597655772
68.0,21.568627450980394,12.087912087912088,55.964219175621544
86.0,55.55555555555556,38.46153846153847,69.16694283855605
92.0,66.2420382165605,49.523809523809526,74.70903587673997
93.0,88.75739644970415,79.7872340425532,89.87465532390529
100.0,82.35294117647058,70.0,84.96706521088245
96.0,89.50276243093923,81.0,90.48103603154007
83.0,86.8421052631579,76.74418604651163,88.3521369266683
78.0,85.8974358974359,75.28089887640449,87.61849729387687
74.0,87.32394366197182,77.5,88.73204094664166
58.0,81.1881188118812,68.33333333333333,84.14771782852964
35.0,73.68421052631578,58.333333333333336,79.14672569195183
77.0,0.0,0.0,49.87743144132653
91.0,34.04255319148936,20.51282051282051,60.13276635085825
95.0,55.367231638418076,38.28125,69.0618251516149
93.0,86.22754491017965,75.78947368421053,87.87178458280461
105.0,79.38144329896907,65.8119658119658,82.86606194947679
100.0,85.71428571428571,75.0,87.47305120271484
83.0,86.27450980392157,75.86206896551724,87.91008058134173
84.0,85.18518518518519,74.19354838709677,87.07282544387269
77.0,84.56375838926175,73.25581395348837,86.60495883953428
73.0,78.74015748031496,64.93506493506493,82.44060033650267
68.0,80.32786885245902,67.12328767123287,83.53770464117034
82.0,0.0,0.0,49.85550860969388
99.0,25.615763546798032,14.689265536723164,57.194084413426395
99.0,37.11340206185567,22.78481012658228,61.27074570948181
99.0,58.69565217391305,41.53846153846154,70.69341575785852
111.0,79.20792079207921,65.57377049180327,82.74496573136953
105.0,84.1025641025641,72.56637168141593,86.25224401134717
93.0,79.51807228915662,66.0,82.96607463580123
89.0,80.95238095238095,68.0,83.96806897102259
89.0,81.70731707317073,69.0721649484536,84.50614773196494
83.0,82.75862068965517,70.58823529411765,85.26917551281028
95.0,72.15189873417721,56.43564356435643,78.17392625353638
84.0,0.0,0.0,49.84155771683674
104.0,3.755868544600939,1.9138755980861244,50.75264058147151
103.0,16.243654822335024,8.83977900552486,54.25541581855191
107.0,32.075471698113205,19.101123595505616,59.40696959959557
121.0,62.727272727272734,45.6953642384106,72.76585722448002
108.0,81.21827411167513,68.37606837606837,84.15110509189877
93.0,79.26829268292683,65.65656565656566,82.7943581410884
99.0,74.71264367816092,59.63302752293578,79.77261122509861
96.0,80.66298342541437,67.5925925925926,83.76136824807563
105.0,75.55555555555556,60.71428571428571,80.31323769229893
104.0,69.41176470588235,53.153153153153156,76.5246979725101
89.0,0.0,0.0,49.82760682397959
104.0,0.0,0.0,49.78774713010204
105.0,1.0526315789473684,0.5291005291005291,50.07720596958265
110.0,8.37696335078534,4.371584699453552,52.01137838066283
120.0,36.36363636363637,22.22222222222222,60.985462926029335
116.0,51.256281407035175,34.45945945945946,67.13297162499158
96.0,80.23255813953489,66.99029126213593,83.46121823569406
102.0,59.310344827586206,42.15686274509804,71.01958789619613
108.0,79.7979797979798,66.38655462184873,83.15335476067186
116.0,74.11167512690355,58.87096774193549,79.38458871498906
113.0,67.3913043478261,50.81967213114754,75.34997255437929
86.0,0.0,0.0,49.82461734693878
110.0,0.0,0.0,49.7737962372449
111.0,0.0,0.0,49.8046875
114.0,0.0,0.0,49.81166294642857
127.0,25.263157894736842,14.457831325301203,57.08734603432072
114.0,35.55555555555556,21.62162162162162,60.695143931423445
98.0,74.21383647798741,59.0,79.45909571602449
108.0,0.0,0.0,49.88042091836735
118.0,70.2127659574468,54.09836065573771,76.99330325742383
122.0,76.99530516431925,62.59541984732825,81.2488018708035
120.0,71.64179104477611,55.81395348837209,77.85009505809313
53.0,71.57894736842105,55.73770491803278,77.8419289218619
78.0,65.625,48.837209302325576,74.37472225598188
81.0,71.83098591549296,56.043956043956044,77.98207777260147
82.0,85.3146853146853,74.39024390243902,87.17417014038443
83.0,87.01298701298701,77.01149425287356,88.48579063159553
83.0,88.88888888888889,80.0,89.98303664085576
82.0,82.85714285714286,70.73170731707317,85.3419101651809
70.0,90.22556390977444,82.1917808219178,91.08292050114966
62.0,88.69565217391305,79.6875,89.83078241895261
39.0,77.77777777777779,63.63636363636363,81.80222903840995
22.0,80.95238095238095,68.0,83.99202535935724
66.0,60.50420168067227,43.373493975903614,71.63987822050068
85.0,44.84848484848485,28.90625,64.36237727866532
87.0,63.63636363636363,46.666666666666664,73.27747521295909
89.0,82.58064516129032,70.32967032967034,85.13789550966275
89.0,88.48484848484848,79.34782608695652,89.65495210301562
92.0,90.58823529411765,82.79569892473118,91.38188107976315
81.0,85.1063829787234,74.07407407407408,87.01608564426826
76.0,88.11188811188812,78.75,89.3580383333666
68.0,86.4,76.05633802816901,88.01121039311965
56.0,83.33333333333334,71.42857142857143,85.69832911623242
33.0,76.66666666666667,62.16216216216216,81.0671237903906
78.0,12.4031007751938,6.6115702479338845,53.19316353251422
95.0,28.855721393034827,16.86046511627907,58.28765174572803
96.0,49.18032786885246,32.608695652173914,66.21159084936596
95.0,84.14634146341463,72.63157894736842,86.28984499486887
99.0,84.7457627118644,73.52941176470588,86.73776031240423
98.0,88.26815642458101,79.0,89.47904066111742
83.0,81.69014084507043,69.04761904761905,84.49787073934087
83.0,84.4155844155844,73.03370786516854,86.49290709456467
80.0,83.91608391608392,72.28915662650603,86.12163154974435
76.0,75.40983606557377,60.526315789473685,80.23323569246276
101.0,36.61971830985916,22.413793103448278,61.117165744146874
83.0,0.0,0.0,49.8664700255102
101.0,16.74418604651163,9.137055837563452,54.39009177698979
99.0,35.53299492385787,21.604938271604937,60.675826268687736
102.0,82.08092485549133,69.6078431372549,84.77298653220393
106.0,82.97872340425532,70.9090909090909,85.42260805185474
103.0,84.49197860962568,73.14814814814815,86.54513022514101
88.0,78.08219178082192,64.04494382022472,81.99054788928193
101.0,76.57142857142857,62.03703703703704,80.97760770409397
89.0,77.9874213836478,63.91752577319587,81.92384250506782
113.0,63.47305389221557,46.49122807017544,73.18476372684599
125.0,0.0,0.0,49.839564732142854
87.0,0.0,0.0,49.84454719387755
102.0,9.00900900900901,4.716981132075472,52.15715898688054
104.0,11.483253588516746,6.091370558375635,52.861290095390665
111.0,61.98830409356725,44.91525423728814,72.39278662625534
112.0,76.59574468085107,62.06896551724138,80.99057408865423
110.0,80.82901554404145,67.82608695652173,83.87611585639971
98.0,74.53416149068323,59.4059405940594,79.6620651968621
104.0,76.0233918128655,61.32075471698113,80.61946817687375
100.0,76.66666666666667,62.16216216216216,81.03917076914861
118.0,68.47826086956522,52.066115702479344,75.97518863566687
129.0,0.0,0.0,49.825613839285715
90.0,0.0,0.0,49.815648915816325
107.0,0.851063829787234,0.4273504273504274,49.981487869380246
112.0,8.035714285714286,4.186046511627907,51.8877090054103
120.0,49.735449735449734,33.098591549295776,66.45454024391717
120.0,76.53061224489795,61.98347107438017,80.94582826987006
117.0,71.1340206185567,55.2,77.54411958409004
95.0,74.35897435897436,59.183673469387756,79.55193091243441
111.0,37.95620437956204,23.423423423423422,61.626965948999846
107.0,78.1725888324873,64.16666666666667,82.04041830508926
122.0,72.636815920398,57.03125,78.4607380670818
128.0,0.0,0.0,49.82760682397959
97.0,0.0,0.0,49.815648915816325
108.0,0.0,0.0,49.755859375
120.0,0.0,0.0,49.76084183673469
120.0,31.0,18.34319526627219,59.03399667591205
123.0,52.35602094240838,35.46099290780142,67.63972519746693
117.0,51.30890052356021,34.50704225352113,67.1607567482819
99.0,66.66666666666666,50.0,74.95012568327815
115.0,0.0,0.0,49.88540338010204
116.0,72.27722772277228,56.58914728682171,78.2386887662578
123.0,71.84466019417476,56.060606060606055,77.97242110942162
128.0,0.0,0.0,49.82860331632653
98.0,0.0,0.0,49.79272959183674
108.0,0.0,0.0,49.751873405612244
119.0,0.0,0.0,49.755859375
121.0,4.145077720207254,2.1164021164021163,50.87383527649014
133.0,16.853932584269664,9.202453987730062,54.45370202426714
116.0,25.730994152046783,14.76510067114094,57.25594029449697
102.0,33.87096774193548,20.388349514563107,60.11242817169686
117.0,0.0,0.0,49.88042091836735
126.0,55.73770491803278,38.63636363636363,69.23738381319428
125.0,72.30046948356808,56.61764705882353,78.24994011856525
130.0,0.0,0.0,49.832589285714285
108.0,0.0,0.0,49.82959980867347
108.0,0.0,0.0,49.78575414540816
123.0,0.0,0.0,49.808673469387756
137.0,0.0,0.0,49.86049107142857
153.0,0.0,0.0,49.847536670918366
147.0,0.0,0.0,49.853515625
128.0,0.0,0.0,49.87244897959184
138.0,0.0,0.0,49.854512117346935
148.0,0.0,0.0,49.82860331632653
141.0,0.0,0.0,49.839564732142854
153.0,0.0,0.0,49.837571747448976
34.0,53.608247422680414,36.61971830985916,68.26499375114095
39.0,67.36842105263158,50.79365079365079,75.36591442043739
38.0,71.42857142857143,55.55555555555556,77.75384765373997
26.0,66.66666666666666,50.0,74.98006220591753
29.0,62.745098039215684,45.714285714285715,72.83820346320347
35.0,72.5,56.86274509803921,78.40943703941782
45.0,79.20792079207921,65.57377049180327,82.7659422109567
40.0,74.22680412371135,59.01639344262295,79.48326652585874
35.0,67.46987951807229,50.90909090909091,75.42762513868041
31.0,22.857142857142858,12.903225806451612,56.424705464813954
39.0,75.0,60.0,79.98005822996849
48.0,82.4742268041237,70.17543859649122,85.07076541281398
45.0,81.72043010752688,69.0909090909091,84.52850133631178
40.0,74.69879518072288,59.61538461538461,79.786753031593
39.0,20.833333333333336,11.627906976744185,55.776083005423786
39.0,79.01234567901234,65.3061224489796,82.63611004388991
51.0,80.0,66.66666666666666,83.31338758576672
51.0,78.0952380952381,64.0625,82.00831193278148
43.0,73.68421052631578,58.333333333333336,79.14173696841573
42.0,48.717948717948715,32.20338983050847,66.06182012210473
40.0,71.11111111111111,55.172413793103445,77.56028156151662
47.0,77.66990291262135,63.49206349206349,81.72309413633013
48.0,76.36363636363637,61.76470588235294,80.85642243493321
42.0,71.57894736842105,55.73770491803278,77.8419289218619
44.0,63.41463414634146,46.42857142857143,73.18437544509328
45.0,73.33333333333333,57.89473684210527,78.92343686530208
54.0,75.67567567567568,60.86956521739131,80.40785477528918
51.0,77.58620689655173,63.38028169014085,81.66420878706239
43.0,70.70707070707071,54.6875,77.31483155002891
45.0,61.53846153846154,44.44444444444444,72.1923131458145
45.0,71.28712871287128,55.38461538461539,77.66338866558252
57.0,78.18181818181819,64.17910447761194,82.06561590944207
52.0,76.66666666666667,62.16216216216216,81.05315369229193
46.0,75.24752475247524,60.317460317460316,80.13379896881432
43.0,18.69158878504673,10.309278350515463,55.067927059482116
46.0,71.55963302752293,55.714285714285715,77.82622756504321
57.0,76.19047619047619,61.53846153846154,80.7393073731248
52.0,78.26086956521739,64.28571428571429,82.11792247169558
46.0,78.84615384615384,65.07936507936508,82.5177417797344
45.0,0.0,0.0,49.94818239795919
33.0,66.66666666666666,50.0,74.97607273887382
39.0,75.60975609756098,60.78431372549019,80.37221469503146
39.0,69.1358024691358,52.83018867924528,76.39016812122908
28.0,63.49206349206349,46.51162790697674,73.23288549029354
31.0,0.0,0.0,49.940210459183675
34.0,76.71232876712328,62.22222222222222,81.0941612826035
42.0,81.3953488372093,68.62745098039215,84.29777048331547
38.0,79.54545454545455,66.0377358490566,83.00091854178763
38.0,64.28571428571429,47.368421052631575,73.65429966069533
38.0,0.0,0.0,49.95316485969388
37.0,76.31578947368422,61.702127659574465,80.8331165946585
45.0,81.81818181818183,69.23076923076923,84.59942929029486
47.0,76.92307692307693,62.5,81.22905905346923
40.0,69.1358024691358,52.83018867924528,76.39016812122908
43.0,0.0,0.0,49.957150829081634
39.0,76.92307692307693,62.5,81.23205240697165
48.0,79.12087912087912,65.45454545454545,82.70832577872865
48.0,74.74747474747475,59.67741935483871,79.813778984745
41.0,75.86206896551724,61.111111111111114,80.53461544427383
43.0,56.75675675675676,39.62264150943396,69.77941964814735
40.0,77.10843373493977,62.745098039215684,81.35360358246682
47.0,78.35051546391753,64.40677966101694,82.18244763097917
47.0,78.43137254901961,64.51612903225806,82.23612419380575
44.0,74.72527472527473,59.64912280701754,79.80162653852531
43.0,62.33766233766234,45.28301886792453,72.61259732676814
38.0,74.35897435897436,59.183673469387756,79.57189536232863
46.0,77.89473684210526,63.793103448275865,81.87560994229146
49.0,75.47169811320755,60.60606060606061,80.2771008311937
45.0,74.46808510638297,59.32203389830508,79.63708443883164
39.0,58.536585365853654,41.37931034482759,70.6557582191517
41.0,72.94117647058823,57.407407407407405,78.68077021083303
49.0,79.6116504854369,66.12903225806451,83.0435726763545
50.0,77.06422018348624,62.68656716417911,81.31835040300949
45.0,72.3404255319149,56.666666666666664,78.3074069642216
42.0,53.191489361702125,36.231884057971016,68.07207450889618
44.0,74.0,58.730158730158735,79.33915144469803
55.0,77.68595041322314,63.51351351351351,81.72982623749645
48.0,76.78571428571429,62.31884057971014,81.13348926637752
47.0,79.16666666666666,65.51724137931035,82.73867573772252
43.0,57.971014492753625,40.816326530612244,70.37925346388656
45.0,0.0,0.0,49.916294642857146
50.0,0.0,0.0,49.93423150510204
60.0,0.0,0.0,49.930245535714285
47.0,0.0,0.0,49.93921396683674
35.0,0.0,0.0,49.94220344387755
