gt_area_px,dice,fg_iou,miou
9.0,78.26086956521739,64.28571428571429,82.13787378726482
12.0,74.07407407407408,58.82352941176471,79.40478786898086
17.0,81.25,68.42105263157895,84.20454581223107
17.0,59.25925925925925,42.10526315789473,71.03070175438597
19.0,86.48648648648648,76.19047619047619,88.09025404420142
26.0,54.54545454545454,37.5,68.72009450137566
23.0,53.333333333333336,36.36363636363637,68.14692704217387
28.0,53.73134328358209,36.734693877551024,68.33644459019702
23.0,81.81818181818183,69.23076923076923,84.60740981575145
23.0,54.285714285714285,37.254901960784316,68.59555114587255
30.0,55.00000000000001,37.93103448275862,68.92962778091754
26.0,51.85185185185185,35.0,67.46112052636826
26.0,69.84126984126983,53.65853658536586,76.81032663299476
30.0,58.82352941176471,41.66666666666667,70.79843871508047
29.0,86.20689655172413,75.75757575757575,87.87081196604436
31.0,50.943396226415096,34.177215189873415,67.03676209452793
10.0,75.0,60.0,79.99401997328921
15.0,85.71428571428571,75.0,87.49501604832439
17.0,82.05128205128204,69.56521739130434,84.77563102420082
28.0,53.76344086021505,36.76470588235294,68.33948241018008
19.0,87.8048780487805,78.26086956521739,89.12545053283797
35.0,54.054054054054056,37.03703703703704,68.46766700493816
35.0,84.50704225352112,73.17073170731707,86.5743978801412
31.0,44.927536231884055,28.971962616822427,64.41020107109942
33.0,84.50704225352112,73.17073170731707,86.5743978801412
33.0,42.66666666666667,27.11864406779661,63.47356900262836
36.0,59.130434782608695,41.9753086419753,70.940787422978
33.0,35.869565217391305,21.85430463576159,60.809488835440575
35.0,49.62406015037594,33.0,66.43319107352971
34.0,35.95505617977528,21.91780821917808,60.84523148674283
37.0,44.57831325301205,28.68217054263566,64.24934032227615
34.0,34.22459893048128,20.64516129032258,60.199933867879864
27.0,38.57142857142858,23.893805309734514,61.86115817342196
38.0,34.22459893048128,20.64516129032258,60.199933867879864
14.0,0.0,0.0,49.986049107142854
20.0,0.0,0.0,49.98007015306122
16.0,0.0,0.0,49.984056122448976
18.0,86.48648648648648,76.19047619047619,88.09025404420142
24.0,92.3076923076923,85.71428571428571,92.8531549802885
21.0,85.1063829787234,74.07407407407408,87.03005880910817
19.0,89.47368421052632,80.95238095238095,90.4722031558691
24.0,88.46153846153845,79.3103448275862,89.6491907177829
22.0,80.0,66.66666666666666,83.32436168374603
18.0,87.17948717948718,77.27272727272727,88.63137948596192
26.0,86.79245283018868,76.66666666666667,88.32635468798809
24.0,92.0,85.18518518518519,92.58860479525246
22.0,82.6086956521739,70.37037037037037,85.17721022655529
28.0,88.13559322033898,78.78787878787878,89.38696033112782
26.0,90.56603773584906,82.75862068965517,91.37432549875963
23.0,93.61702127659575,88.0,93.9970092116282
28.0,91.22807017543859,83.87096774193549,91.93049882610234
26.0,88.88888888888889,80.0,89.99401818471846
24.0,86.79245283018868,76.66666666666667,88.32635468798809
31.0,93.54838709677419,87.87878787878788,93.93540566492089
26.0,92.5925925925926,86.20689655172413,93.0994603194903
24.0,90.56603773584906,82.75862068965517,91.37432549875963
30.0,92.06349206349206,85.29411764705883,92.64207348043809
27.0,93.10344827586206,87.09677419354838,93.54439898135813
35.0,0.0,0.0,49.965122767857146
42.0,82.92682926829268,70.83333333333334,85.40270631406806
34.0,80.59701492537313,67.5,83.7370386248978
31.0,73.68421052631578,58.333333333333336,79.15171302296216
38.0,89.47368421052632,80.95238095238095,90.4682131318484
29.0,90.32258064516128,82.35294117647058,91.17048829582085
30.0,75.0,60.0,79.98604326587578
38.0,86.8421052631579,76.74418604651163,88.36212154169309
30.0,95.23809523809523,90.9090909090909,95.45155418904072
33.0,0.0,0.0,49.967115752551024
39.0,82.5,70.2127659574468,85.09242290453558
31.0,82.53968253968253,70.27027027027027,85.12416803643124
39.0,52.83018867924528,35.8974358974359,67.9237986871255
41.0,85.71428571428571,75.0,87.48803350618269
32.0,86.56716417910447,76.31578947368422,88.14892111927774
40.0,0.0,0.0,49.96014030612245
41.0,85.0574712643678,74.0,86.98703603980933
29.0,84.375,72.97297297297297,86.47651619794634
40.0,0.0,0.0,49.94618941326531
43.0,87.2340425531915,77.35849056603774,88.66727759577444
31.0,89.55223880597015,81.08108108108108,90.5335609210295
41.0,77.14285714285715,62.7906976744186,81.37939637554506
42.0,87.64044943820225,78.0,88.98903005764205
31.0,86.56716417910447,76.31578947368422,88.14892111927774
39.0,0.0,0.0,49.96113679846938
47.0,85.71428571428571,75.0,87.4870355226679
36.0,82.5,70.2127659574468,85.09242290453558
122.0,0.0,0.0,49.87842793367347
114.0,80.15873015873017,66.88741721854305,83.39378349694002
143.0,87.14285714285714,77.21518987341773,88.57163377476375
177.0,78.52348993288591,64.64088397790056,82.25651741994172
172.0,76.92307692307693,62.5,81.1840870051532
179.0,49.79253112033195,33.14917127071823,66.45386570559616
174.0,43.24324324324324,27.586206896551722,63.6674251846308
177.0,0.0,0.0,49.82362085459184
150.0,0.0,0.0,49.85052614795919
147.0,0.0,0.0,49.853515625
169.0,0.0,0.0,49.83159279336735
98.0,94.0,88.67924528301887,94.32764228928707
129.0,87.02290076335878,77.02702702702703,88.47955562129985
161.0,93.96825396825396,88.62275449101796,94.29238787955391
187.0,97.06666666666666,94.30051813471503,97.1392577471991
198.0,96.67519181585678,93.56435643564357,96.76917483694277
198.0,95.33678756476684,91.0891089108911,95.52655157498468
183.0,92.83667621776505,86.63101604278076,93.29051501943093
163.0,89.50617283950618,81.00558659217877,90.46881436302789
143.0,85.49618320610686,74.66666666666667,87.29538191115373
121.0,82.66666666666667,70.45454545454545,85.18833735998244
139.0,61.386138613861384,44.285714285714285,72.06503457830432
94.0,95.74468085106383,91.83673469387756,95.91038108331222
130.0,81.81818181818183,69.23076923076923,84.56344590306514
164.0,83.65650969529086,71.9047619047619,85.89341043763832
191.0,95.83333333333334,92.0,95.98399743959034
202.0,95.52238805970148,91.42857142857143,95.69627995244193
202.0,95.67430025445293,91.70731707317074,95.83665445560594
196.0,92.26932668329178,85.64814814814815,92.7930684930695
172.0,93.37175792507205,87.56756756756758,93.7607902219811
152.0,84.98168498168498,73.88535031847134,86.90172430026644
129.0,81.85654008438819,69.28571428571428,84.59992497568128
149.0,68.99563318777294,52.666666666666664,76.26247080663514
113.0,90.82568807339449,83.19327731092437,91.57666940810311
139.0,89.45454545454545,80.92105263157895,90.43155702323958
164.0,90.64327485380117,82.88770053475936,91.41186370173725
197.0,94.35897435897435,89.32038834951457,94.63819065419399
206.0,95.58823529411765,91.54929577464789,95.75664104472375
208.0,95.56650246305419,91.50943396226415,95.73671049879844
205.0,90.95127610208816,83.40425531914893,91.66311205333197
179.0,94.05405405405406,88.77551020408163,94.36575598200562
164.0,82.06896551724138,69.5906432748538,84.74338084992465
161.0,64.6525679758308,47.767857142857146,73.76708980892084
197.0,71.7948717948718,56.00000000000001,77.91211249600511
140.0,86.4,76.05633802816901,87.99421519128352
142.0,90.14084507042254,82.05128205128204,90.99766787986097
165.0,85.9504132231405,75.36231884057972,87.63017981213312
195.0,94.05684754521964,88.78048780487805,94.36724114210779
206.0,95.14563106796116,90.74074074074075,95.3503623671691
210.0,96.3680387409201,92.99065420560748,96.48032019962828
208.0,91.03139013452915,83.53909465020575,91.72952571343258
191.0,92.96482412060301,86.85446009389672,93.399225006041
196.0,80.59701492537313,67.5,83.68505325632981
203.0,73.30097087378641,57.8544061302682,78.81725803764785
202.0,71.51898734177216,55.66502463054187,77.74262557256675
156.0,68.9873417721519,52.65700483091788,76.23063355972562
152.0,92.41379310344827,85.8974358974359,92.92673641320776
174.0,80.0982800982801,66.80327868852459,83.32066039878812
201.0,94.20654911838791,89.04761904761904,94.50080446269608
222.0,94.41860465116278,89.42731277533039,94.68964342066302
221.0,95.30516431924883,91.03139013452915,95.49568426142943
226.0,92.20779220779221,85.54216867469879,92.7350576776212
219.0,91.54013015184381,84.39999999999999,92.16097268087663
216.0,79.67479674796748,66.21621621621621,83.03315158289273
208.0,79.83706720977597,66.44067796610169,83.12129936720451
203.0,71.01827676240208,55.06072874493927,77.41945310148641
160.0,81.88405797101449,69.32515337423312,84.61263960783646
158.0,91.46757679180887,84.27672955974843,92.11338576224902
174.0,94.76744186046511,90.05524861878453,95.00962898817578
206.0,93.33333333333333,87.5,93.72299297817432
228.0,93.82151029748283,88.36206896551724,94.15401881367055
223.0,96.78899082568807,93.77777777777779,96.87487908202408
230.0,90.57377049180327,82.77153558052434,91.33972635296861
221.0,89.7119341563786,81.34328358208955,90.62159975573512
214.0,90.73634204275535,83.04347826086956,91.48272742692373
207.0,78.95791583166333,65.23178807947019,82.51084992120532
203.0,67.56756756756756,51.02040816326531,75.39032635691187
159.0,78.343949044586,64.3979057591623,82.13102488325725
152.0,94.11764705882352,88.88888888888889,94.42745803357315
176.0,86.57534246575342,76.32850241545893,88.11526884138135
199.0,95.52238805970148,91.42857142857143,95.69627995244193
218.0,95.39170506912443,91.18942731277532,95.5747012486949
222.0,96.31336405529954,92.88888888888889,96.42843387747024
225.0,91.47609147609148,84.2911877394636,92.10455775795343
218.0,89.44099378881988,80.89887640449437,90.39839736958106
215.0,85.42199488491049,74.55357142857143,87.21979597243926
213.0,74.3099787685775,59.12162162162162,79.43981323076241
212.0,56.455142231947484,39.329268292682926,69.4658210306702
170.0,41.1214953271028,25.882352941176475,62.8155082347309
190.0,19.90521327014218,11.052631578947368,55.3578380704028
208.0,88.35978835978835,79.14691943127961,89.52946763421447
225.0,42.10526315789473,26.666666666666668,63.16871524729295
230.0,62.68656716417911,45.65217391304348,72.70126420482914
229.0,64.49704142011834,47.59825327510917,73.67928722237093
227.0,45.051194539249146,29.074889867841406,64.37679835639128
230.0,0.0,0.0,49.77080676020408
227.0,0.0,0.0,49.7737962372449
218.0,0.0,0.0,49.78276466836735
198.0,60.62717770034843,43.5,71.63720078260695
170.0,89.65517241379311,81.25,90.59202176563468
178.0,85.98726114649682,75.41899441340783,87.66553325714254
180.0,93.98280802292264,88.64864864864866,94.30332936311501
204.0,95.04950495049505,90.56603773584906,95.26301246587587
218.0,94.81132075471697,90.13452914798206,95.04525356848828
217.0,95.98108747044918,92.27272727272727,96.11935445140377
211.0,92.09302325581396,85.34482758620689,92.63839882651814
218.0,91.86602870813397,84.95575221238938,92.44386522271198
221.0,75.55555555555556,60.71428571428571,80.26921320086787
209.0,70.83333333333334,54.83870967741935,77.3214664314939
198.0,70.12987012987013,54.0,76.90812495006791
167.0,86.66666666666667,76.47058823529412,88.19533088382218
181.0,85.44303797468355,74.58563535911603,87.24685536865296
183.0,94.11764705882352,88.88888888888889,94.42344780390692
206.0,96.33251833740832,92.9245283018868,96.44725784829629
222.0,94.93087557603687,90.35087719298247,95.15342538856648
219.0,96.27906976744185,92.82511210762333,96.39654612765744
218.0,90.06342494714588,81.92307692307692,90.9145036557822
220.0,93.66515837104072,88.08510638297872,94.01453582071949
226.0,75.88075880758808,61.135371179039296,80.47874962341524
214.0,72.62247838616715,57.01357466063348,78.41188223541164
199.0,80.1186943620178,66.83168316831683,83.34889647914453
164.0,76.01078167115904,61.30434782608696,80.56323616946399
184.0,88.14589665653494,78.80434782608695,89.36319807806117
194.0,91.8918918918919,85.0,92.47000359956805
206.0,95.65217391304348,91.66666666666666,95.81532540984699
222.0,95.67198177676538,91.70305676855895,95.8325154554879
225.0,96.62921348314607,93.47826086956522,96.72411872564949
222.0,89.33601609657947,80.72727272727272,90.31058755873586
224.0,92.3076923076923,85.71428571428571,92.82010878579722
224.0,86.91358024691358,76.85589519650655,88.37494759825329
217.0,80.95238095238095,68.0,83.92803310477181
201.0,81.15942028985508,68.29268292682927,84.08138822974288
166.0,62.37006237006237,45.31722054380665,72.47770434298636
184.0,90.58823529411765,82.79569892473118,91.36586353617312
200.0,92.42819843342036,85.92233009708737,92.93216446853208
215.0,95.30516431924883,91.03139013452915,95.49568426142943
228.0,95.55555555555556,91.48936170212765,95.72466523888633
225.0,96.44444444444444,93.13304721030042,96.55051047438299
224.0,88.22355289421158,78.92857142857143,89.40523256645267
226.0,92.37113402061856,85.82375478927203,92.87484184050405
225.0,93.3920704845815,87.60330578512396,93.77163127699876
216.0,90.02433090024331,81.85840707964603,90.88819615849437
203.0,72.95918367346938,57.42971887550201,78.60892935160786
164.0,54.710144927536234,37.65586034912718,68.57805511209483
182.0,94.11764705882352,88.88888888888889,94.42344780390692
202.0,93.46733668341709,87.73584905660378,93.84191932726168
219.0,95.41284403669725,91.22807017543859,95.59402227952205
232.0,96.73202614379085,93.67088607594937,96.82042922526699
225.0,96.91629955947137,94.01709401709401,96.99453467769585
228.0,86.65377176015474,76.45051194539249,88.15618966904475
229.0,80.72072072072072,67.6737160120846,83.72975518733634
226.0,66.76923076923077,50.11547344110855,74.84155945519669
219.0,88.45315904139433,79.296875,89.59540886453685
203.0,87.46666666666667,77.72511848341233,88.81557051899962
165.0,53.451327433628315,36.473429951690825,67.97384641012827
185.0,83.04668304668304,71.00840336134453,85.43521133932006
205.0,93.79652605459057,88.3177570093458,94.13387200298247
221.0,94.57013574660633,89.69957081545064,94.82576955726401
230.0,96.76025917926566,93.72384937238493,96.84691027235519
225.0,96.31236442516268,92.88702928870293,96.42649898994942
229.0,84.11214953271028,72.58064516129032,86.20523919893108
228.0,88.45401174168298,79.2982456140351,89.59006374795848
226.0,62.96296296296296,45.94594594594595,72.71273876218326
218.0,87.74193548387098,78.16091954022988,89.02342783222973
203.0,86.51399491094148,76.23318385650224,88.063598287488
164.0,55.41740674955595,38.32923832923833,68.91371952447523
184.0,91.59891598915989,84.5,92.21900433939248
205.0,93.30024813895783,87.44186046511628,93.69392375100256
225.0,96.41255605381166,93.07359307359307,96.52078404705453
231.0,97.21627408993577,94.58333333333333,97.27865339312766
227.0,97.1677559912854,94.49152542372882,97.2327504803668
230.0,86.4244741873805,76.0942760942761,87.97606697606697
230.0,85.55347091932458,74.75409836065575,87.29996901695797
229.0,65.48672566371681,48.68421052631579,74.10788978491792
221.0,62.79434850863422,45.766590389016024,72.64618137987698
206.0,81.203007518797,68.35443037974683,84.10223618399506
169.0,0.0,0.0,49.5246731505102
191.0,13.409961685823754,7.186858316221765,53.14270021373403
212.0,1.4388489208633095,0.7246376811594203,49.54310417045812
230.0,0.2222222222222222,0.11123470522803114,49.160749390481485
234.0,0.0,0.0,49.07924107142857
230.0,0.0,0.0,49.32138871173469
229.0,0.0,0.0,49.28651147959184
232.0,0.0,0.0,49.38416772959184
225.0,0.0,0.0,49.33533960459184
221.0,0.0,0.0,49.46787308673469
194.0,0.0,0.0,49.53164859693878
9.0,0.0,0.0,49.99103156887755
22.0,0.0,0.0,49.97807716836735
23.0,0.0,0.0,49.97708067602041
30.0,0.0,0.0,49.97010522959184
21.0,0.0,0.0,49.979073660714285
29.0,0.0,0.0,49.97110172193878
16.0,0.0,0.0,49.984056122448976
33.0,0.0,0.0,49.967115752551024
20.0,95.23809523809523,90.9090909090909,95.45255167513722
31.0,0.0,0.0,49.9691087372449
25.0,92.0,85.18518518518519,92.58860479525246
29.0,0.0,0.0,49.96312978316326
21.0,90.47619047619048,82.6086956521739,91.30036034677201
21.0,0.0,0.0,49.9691087372449
24.0,100.0,100.0,100.0
26.0,0.0,0.0,49.96014030612245
35.0,67.3913043478261,50.81967213114754,75.37992281400332
34.0,0.0,0.0,49.96611926020408
37.0,66.07142857142857,49.333333333333336,74.62877201380164
38.0,0.0,0.0,49.962133290816325
35.0,73.68421052631578,58.333333333333336,79.14173696841573
32.0,90.14084507042254,82.05128205128204,91.01866112774695
35.0,41.17647058823529,25.925925925925924,62.86324416995923
39.0,56.074766355140184,38.961038961038966,69.43365632094543
37.0,46.97986577181208,30.701754385964914,65.27209934650952
37.0,47.61904761904761,31.25,65.54821652938713
32.0,74.35897435897436,59.183673469387756,79.57189536232863
36.0,83.07692307692308,71.05263157894737,85.51534847207951
34.0,29.82456140350877,17.525773195876287,58.603339711096766
37.0,32.0,19.047619047619047,59.42211866402327
24.0,16.608996539792386,9.056603773584905,54.2880323063171
34.0,19.424460431654676,10.756972111553784,55.15515159247752
38.0,28.89733840304182,16.88888888888889,58.25795914387402
37.0,0.0,0.0,49.56552933673469
77.0,87.59124087591242,77.92207792207793,88.94407830974995
108.0,96.71361502347418,93.63636363636364,96.81119202328236
134.0,96.21212121212122,92.7007299270073,96.34037475390905
146.0,96.16724738675958,92.61744966442953,96.29773318586598
136.0,96.29629629629629,92.85714285714286,96.41858062011521
98.0,95.78947368421052,91.91919191919192,95.9516095365152
71.0,88.37209302325581,79.16666666666666,89.56836894856907
51.0,80.35714285714286,67.16417910447761,83.56014704161664
47.0,93.61702127659575,88.0,93.99401579829251
38.0,0.0,0.0,49.962133290816325
74.0,88.7218045112782,79.72972972972973,89.8498998829226
108.0,97.16981132075472,94.4954128440367,97.2417151692474
135.0,95.62043795620438,91.6083916083916,95.79220659448454
152.0,97.00996677740864,94.19354838709677,97.08777959031033
143.0,95.77464788732394,91.8918918918919,95.93395553827209
110.0,96.29629629629629,92.85714285714286,96.42058293200648
75.0,92.08633093525181,85.33333333333334,92.65569125159642
50.0,90.72164948453609,83.01886792452831,91.50045765970292
48.0,93.61702127659575,88.0,93.99401579829251
37.0,87.87878787878788,78.37837837837837,89.18121264024309
78.0,88.73239436619718,79.74683544303798,89.85745379998167
112.0,96.88888888888889,93.96551724137932,96.97576798813728
140.0,95.0,90.47619047619048,95.22410726774973
153.0,96.36963696369637,92.99363057324841,96.48582188266658
143.0,96.47887323943662,93.19727891156462,96.58864724970306
115.0,95.57522123893806,91.52542372881356,95.7527254459359
75.0,94.52054794520548,89.6103896103896,94.79721188863624
50.0,91.83673469387756,84.90566037735849,92.44485109390754
48.0,94.73684210526315,90.0,94.9950130657677
70.0,67.9245283018868,51.42857142857142,75.68038064847
91.0,54.406130268199234,37.368421052631575,68.56545990262553
109.0,65.03067484662577,48.18181818181818,73.97706846778146
139.0,75.86206896551724,61.111111111111114,80.47162941056315
154.0,97.04918032786885,94.26751592356688,97.12476299896262
141.0,96.52777777777779,93.28859060402685,96.63430269654147
119.0,95.31914893617022,91.05691056910568,95.51746934655348
90.0,95.50561797752809,91.39784946236558,95.69093926473174
69.0,92.3076923076923,85.71428571428571,92.84716600344343
59.0,92.03539823008849,85.24590163934425,92.61397308445547
88.0,72.72727272727273,57.14285714285714,78.53252505215636
94.0,88.75739644970415,79.7872340425532,89.87465532390529
115.0,95.6896551724138,91.73553719008265,95.85778157816327
143.0,93.75,88.23529411764706,94.09966180673024
157.0,94.87179487179486,90.2439024390244,95.10596017449741
144.0,96.9283276450512,94.03973509933775,97.0108736655101
118.0,96.17021276595744,92.62295081967213,96.30248673556565
93.0,93.85474860335195,88.42105263157895,94.19954651861627
70.0,89.0625,80.28169014084507,90.12687831130923
57.0,89.0909090909091,80.32786885245902,90.15196482900645
80.0,70.22900763358778,54.11764705882353,77.01992466645544
148.0,73.19148936170212,57.71812080536913,78.79617359893132
119.0,94.87179487179486,90.2439024390244,95.10996679925853
144.0,94.77351916376307,90.06622516556291,95.01812457318913
156.0,96.07843137254902,92.45283018867924,96.21442205030517
146.0,97.94520547945206,95.9731543624161,97.98058113859618
120.0,97.07112970711297,94.3089430894309,97.14747993464754
94.0,93.4065934065934,87.62886597938144,93.80245479001414
78.0,89.36170212765957,80.76923076923077,90.36964920817414
81.0,77.94117647058823,63.85542168674698,81.897784462271
109.0,71.8232044198895,56.03448275862068,77.9663543485187
107.0,63.05084745762712,46.03960396039604,72.9109826203354
130.0,73.65269461077844,58.29383886255924,79.05901261250752
152.0,94.66666666666667,89.87341772151899,94.92071973336613
156.0,95.51282051282051,91.41104294478528,95.69152902831244
145.0,96.24573378839591,92.76315789473685,96.37058664198219
114.0,96.46017699115043,93.16239316239316,96.573207286851
117.0,83.0,70.94017094017094,85.43614859267745
95.0,83.43558282208589,71.57894736842105,85.76253187851084
94.0,78.16091954022988,64.15094339622641,82.03755360120253
122.0,60.67415730337079,43.54838709677419,71.7043639326495
142.0,48.61878453038674,32.11678832116788,65.87272094544258
122.0,65.71428571428571,48.93617021276596,74.34823132799261
149.0,79.7752808988764,66.35514018691589,83.10561902018776
157.0,94.26751592356688,89.1566265060241,94.56032332737041
147.0,95.62289562289563,91.61290322580645,95.79346044689612
121.0,96.69421487603306,93.60000000000001,96.79200942887394
127.0,83.10502283105022,71.09375,85.50993779325147
98.0,86.20689655172413,75.75757575757575,87.85483626105571
98.0,78.26086956521739,64.28571428571429,82.10294017016035
128.0,71.55963302752293,55.714285714285715,77.79526413942958
96.0,66.06334841628959,49.32432432432432,74.58731634454645
117.0,85.9375,75.34246575342466,87.63528033406863
145.0,95.47038327526133,91.33333333333333,95.65367679876363
154.0,95.76547231270358,91.875,95.92450753562933
139.0,96.81978798586573,93.83561643835617,96.90881523370675
106.0,96.29629629629629,92.85714285714286,96.42058293200648
74.0,90.9090909090909,83.33333333333334,91.65369546273938
56.0,92.85714285714286,86.66666666666667,93.32535312425185
50.0,93.06930693069307,87.03703703703704,93.51153653204362
73.0,0.0,0.0,49.92725605867347
85.0,66.07929515418502,49.34210526315789,74.59420785802153
116.0,69.1358024691358,52.83018867924528,76.31522217599209
145.0,81.06508875739645,68.1592039800995,84.01565187114251
152.0,97.02970297029702,94.23076923076923,97.10638983235877
144.0,96.57534246575342,93.37748344370861,96.67874871695773
114.0,97.43589743589743,95.0,97.49400743078583
77.0,96.15384615384616,92.5925925925926,96.29030839186325
56.0,89.90825688073394,81.66666666666667,90.82236120254554
47.0,93.75,88.23529411764706,94.11166273774477
59.0,0.0,0.0,49.94120695153062
92.0,92.13483146067416,85.41666666666666,92.69435960394459
120.0,81.85053380782918,69.27710843373494,84.58761636105156
147.0,77.87114845938376,63.76146788990825,81.80179236172572
154.0,96.41693811074919,93.08176100628931,96.52988665969698
143.0,97.24137931034483,94.63087248322147,97.30744183769349
116.0,98.30508474576271,96.66666666666667,98.32933812758023
85.0,93.10344827586206,87.09677419354838,93.53640985353636
60.0,88.52459016393442,79.41176470588235,89.69191642979366
54.0,91.58878504672897,84.48275862068965,92.23240211242754
63.0,72.0,56.25,78.09707818109294
140.0,43.24324324324324,27.586206896551722,63.583505875615366
116.0,60.16260162601627,43.02325581395349,71.36481875886929
145.0,76.88022284122563,62.44343891402715,81.13878248910919
156.0,94.53376205787781,89.63414634146342,94.80008302501622
144.0,96.62162162162163,93.4640522875817,96.72203273943772
120.0,96.72131147540983,93.65079365079364,96.8174060946445
104.0,97.0873786407767,94.33962264150944,97.16382042691336
85.0,91.25,83.9080459770115,91.94005176921748
61.0,95.3125,91.04477611940298,95.51640182803432
71.0,74.57627118644068,59.45945945945946,79.69980872119227
174.0,46.03580562659847,29.900332225913623,64.73952840980624
119.0,73.48242811501598,58.080808080808076,78.95750517701737
150.0,85.02994011976048,73.95833333333334,86.92920064356238
158.0,94.6031746031746,89.7590361445783,94.86252724733463
148.0,97.33333333333334,94.8051948051948,97.39460219971913
123.0,95.16129032258065,90.76923076923077,95.37262928848689
112.0,93.45794392523365,87.71929824561403,93.8456703705105
86.0,91.25,83.9080459770115,91.94005176921748
61.0,93.84615384615384,88.40579710144928,94.19491690850175
71.0,71.7948717948718,56.00000000000001,77.96708820361431
183.0,45.47563805104408,29.429429429429426,64.48008074370948
120.0,67.63848396501457,51.10132158590308,75.43979383330313
150.0,85.20710059171599,74.22680412371135,87.06343404138876
157.0,94.90445859872611,90.30303030303031,95.13552378685208
145.0,95.9731543624161,92.25806451612904,96.11704017284077
129.0,93.07692307692308,87.05035971223022,93.50719963435904
120.0,91.07142857142857,83.60655737704919,91.78330824478134
96.0,86.3905325443787,76.04166666666666,87.99788061593118
86.0,85.53459119496856,74.72527472527473,87.33968693555984
87.0,0.0,0.0,49.913305165816325
164.0,48.64864864864865,32.142857142857146,65.86274993652633
134.0,67.36842105263158,50.79365079365079,75.2729443226566
153.0,95.26813880126183,90.96385542168674,95.46693520709525
159.0,95.03105590062113,90.53254437869822,95.25027954596507
148.0,95.68106312292359,91.71974522292994,95.84688092614357
128.0,95.05703422053232,90.57971014492753,95.27686831895235
140.0,82.64462809917356,70.4225352112676,85.16933134874427
83.0,93.82716049382715,88.37209302325581,94.17606647170776
90.0,82.55813953488372,70.29702970297029,85.1185777194624
93.0,0.0,0.0,49.90732621173469
168.0,43.28018223234624,27.61627906976744,63.559542262465044
129.0,58.233890214797135,41.07744107744108,70.36390933482075
151.0,74.44168734491315,59.28853754940712,79.54132230686683
160.0,95.15151515151516,90.7514450867052,95.35972862104309
148.0,95.08196721311475,90.625,95.29750929423757
133.0,94.16058394160584,88.96551724137932,94.46677364656533
128.0,87.5,77.77777777777779,88.85893142848266
86.0,92.3076923076923,85.71428571428571,92.84416828729975
97.0,79.55801104972376,66.05504587155964,82.99059973603529
115.0,0.0,0.0,49.88540338010204
251.0,34.92884864165588,21.15987460815047,60.07734942613514
236.0,39.71631205673759,24.778761061946902,62.04981517462957
234.0,16.457960644007155,8.966861598440545,54.01764185048699
239.0,8.47723704866562,4.426229508196721,51.631846932207594
236.0,0.0,0.0,49.36324139030612
228.0,1.278772378516624,0.6435006435006435,49.552381562905566
231.0,9.480401093892434,4.976076555023924,51.49749482527351
231.0,1.8369690011481057,0.9269988412514484,49.61136260034188
214.0,4.67479674796748,2.3933402705515086,50.261531659013116
200.0,9.838709677419356,5.173876166242578,51.47150358247278
29.0,0.0,0.0,49.97110172193878
28.0,0.0,0.0,49.972098214285715
17.0,0.0,0.0,49.98305963010204
24.0,0.0,0.0,49.97608418367347
27.0,87.71929824561403,78.125,89.05552107634942
19.0,66.66666666666666,50.0,74.99003309014074
26.0,85.71428571428571,75.0,87.49202424629128
31.0,91.80327868852459,84.84848484848484,92.41925718056372
22.0,85.0,73.91304347826086,86.95054075864836
25.0,86.79245283018868,76.66666666666667,88.32635468798809
32.0,93.33333333333333,87.5,93.74601180505704
23.0,85.71428571428571,75.0,87.49401890027512
28.0,90.9090909090909,83.33333333333334,91.66168172120197
32.0,93.33333333333333,87.5,93.74601180505704
22.0,87.8048780487805,78.26086956521739,89.12545053283797
28.0,92.85714285714286,86.66666666666667,93.32934529744101
32.0,96.7741935483871,93.75,96.87300582299684
25.0,88.88888888888889,80.0,89.99501555147938
25.0,90.56603773584906,82.75862068965517,91.37432549875963
30.0,93.10344827586206,87.09677419354838,93.54439898135813
24.0,90.9090909090909,83.33333333333334,91.66267910785018
27.0,92.85714285714286,86.66666666666667,93.32934529744101
30.0,93.10344827586206,87.09677419354838,93.54439898135813
23.0,97.87234042553192,95.83333333333334,97.91566971733164
52.0,0.0,0.0,49.94818239795919
53.0,0.0,0.0,49.947185905612244
49.0,0.0,0.0,49.951171875
51.0,0.0,0.0,49.94917889030612
52.0,0.0,0.0,49.94818239795919
46.0,0.0,0.0,49.95416135204081
49.0,0.0,0.0,49.951171875
45.0,0.0,0.0,49.955157844387756
34.0,78.57142857142857,64.70588235294117,82.34097802298332
47.0,76.31578947368422,61.702127659574465,80.8331165946585
42.0,67.76859504132231,51.24999999999999,75.58610501645558
37.0,84.0909090909091,72.54901960784314,86.26054861602393
39.0,82.6086956521739,70.37037037037037,85.16922922363905
43.0,71.1864406779661,55.26315789473685,77.59766982381954
43.0,78.35051546391753,64.40677966101694,82.18244763097917
43.0,84.31372549019608,72.88135593220339,86.42472041319242
44.0,71.54471544715447,55.69620253164557,77.81319342252908
37.0,75.0,60.0,79.97606701236538
41.0,84.5360824742268,73.21428571428571,86.59218324808731
43.0,73.68421052631578,58.333333333333336,79.1367468517706
36.0,81.92771084337349,69.38775510204081,84.67892003037902
45.0,87.37864077669903,77.58620689655173,88.78013741927185
46.0,74.3801652892562,59.210526315789465,79.57434416565441
34.0,75.86206896551724,61.111111111111114,80.53461544427383
51.0,0.0,0.0,49.916294642857146
58.0,4.37956204379562,2.2388059701492535,50.85829076661739
40.0,7.612456747404845,3.9568345323741005,51.71229546812067
98.0,0.0,0.0,49.886399872448976
158.0,0.0,0.0,49.80668048469388
208.0,0.0,0.0,49.76383131377551
233.0,93.21266968325791,87.28813559322035,93.61404978580369
229.0,94.78260869565217,90.08264462809917,95.01730213710096
209.0,0.0,0.0,49.7199856505102
195.0,0.0,0.0,49.69806281887755
175.0,92.39766081871345,85.86956521739131,92.90879196532727
206.0,93.39622641509435,87.61061946902655,93.77729740909008
314.0,75.27675276752768,60.35502958579882,80.04343971085346
338.0,70.01795332136446,53.86740331491713,76.7666381733346
344.0,64.90566037735849,48.04469273743017,73.83636124752478
352.0,46.187363834422655,30.02832861189802,64.76750962250583
331.0,57.634408602150536,40.483383685800604,70.04485718401376
328.0,72.3076923076923,56.62650602409639,78.1692184437518
304.0,70.44025157232704,54.36893203883495,77.04348857580845
226.0,90.57471264367815,82.77310924369748,91.3455373946133
304.0,82.08955223880598,69.62025316455697,84.7140420278706
408.0,66.66666666666666,50.0,74.79588569598977
437.0,69.70588235294117,53.49887133182845,76.5431840389293
395.0,79.75646879756468,66.32911392405063,83.03132780788019
312.0,86.23188405797102,75.79617834394905,87.82199481497184
245.0,96.29629629629629,92.85714285714286,96.4105505243225
178.0,93.6046511627907,87.97814207650273,93.96707763627195
107.0,79.47598253275109,65.94202898550725,82.92409425715415
166.0,85.79710144927536,75.1269035532995,87.51447920129195
214.0,90.35087719298247,82.39999999999999,91.15597358415049
235.0,95.96602972399151,92.24489795918367,96.10342996057281
234.0,93.67088607594937,88.09523809523809,94.01759142220368
218.0,79.41787941787942,65.86206896551724,82.83200477384595
212.0,0.0,0.0,49.68411192602041
186.0,0.0,0.0,49.647241709183675
212.0,93.7354988399072,88.20960698689956,94.07778944614518
356.0,70.10309278350515,53.96825396825397,76.81002948953001
378.0,66.66666666666666,50.0,74.79889944972487
418.0,69.6048632218845,53.379953379953385,76.48976446501823
408.0,60.6473594548552,43.52078239608802,71.5293819576744
426.0,91.8918918918919,85.0,92.43373760089956
423.0,66.04068857589984,49.29906542056075,74.4323807038759
413.0,69.08517350157729,52.77108433734939,76.18937346358831
378.0,73.87687188019967,58.575197889182064,79.13045437158385
502.0,66.49076517150397,49.80237154150198,74.64679910301604
492.0,92.06008583690986,85.2882703777336,92.56975884456463
459.0,90.99415204678363,83.47639484978541,91.66086800154926
407.0,93.90862944162437,88.51674641148325,94.21018624031578
342.0,93.51432880844645,87.81869688385268,93.86623289225322
246.0,97.1311475409836,94.42231075697211,97.19713827762301
180.0,95.1086956521739,90.67357512953367,95.31878792475965
116.0,76.47058823529412,61.904761904761905,80.89647599081562
169.0,86.74033149171271,76.58536585365854,88.2447011599007
216.0,91.46608315098467,84.2741935483871,92.09807101719393
238.0,95.37815126050421,91.16465863453816,95.5603068543569
235.0,93.94572025052193,88.58267716535433,94.26231013479824
221.0,69.97742663656885,53.81944444444444,76.77677805877087
215.0,0.0,0.0,49.68112244897959
206.0,0.0,0.0,49.62432238520408
395.0,65.14657980456026,48.309178743961354,73.9404866026514
398.0,76.65198237885463,62.142857142857146,80.91215781113607
417.0,89.62962962962962,81.20805369127517,90.51971150626834
469.0,93.00847457627118,86.93069306930693,93.39899753893599
498.0,90.33570701932858,82.3747680890538,91.09187210050695
452.0,89.20570264765783,80.51470588235294,90.15079457533949
500.0,93.78185524974516,88.29174664107485,94.08452486128888
541.0,84.5100105374078,73.17518248175182,86.43992675066998
519.0,68.34170854271356,51.908396946564885,75.70171370252258
539.0,94.35406698564593,89.31159420289855,94.59642065477738
507.0,94.29133858267717,89.19925512104282,94.5412739375663
457.0,94.3820224719101,89.36170212765957,94.63060586727057
415.0,93.87254901960785,88.45265588914549,94.1761200840301
359.0,94.28571428571428,89.1891891891892,94.55447101396626
249.0,97.3630831643002,94.86166007905138,97.41781337819918
186.0,95.6989247311828,91.75257731958763,95.86028801976822
124.0,77.51937984496125,63.29113924050633,81.58765764645335
171.0,86.79245283018868,76.66666666666667,88.28434802892467
220.0,93.33333333333333,87.5,93.71997958611857
238.0,95.0,90.47619047619048,95.21407025210982
238.0,94.45585215605749,89.49416342412452,94.72005252053542
223.0,80.7843137254902,67.76315789473685,83.78352011206725
219.0,0.0,0.0,49.672154017857146
408.0,83.4924965893588,71.66276346604215,85.71006631292883
412.0,63.29113924050633,46.2962962962963,72.91603673466967
411.0,89.08629441624365,80.32036613272311,90.07388100916135
460.0,90.11943539630836,82.01581027667984,90.91646806914919
501.0,90.76464746772592,83.0909090909091,91.45192893150414
543.0,87.34177215189874,77.52808988764045,88.62318003326945
518.0,86.15664845173042,75.68,87.68709172484559
519.0,87.73168578993821,78.14465408805032,88.93242889792721
555.0,94.37386569872959,89.3470790378007,94.6111100038367
569.0,92.05776173285199,85.28428093645485,92.55354867504899
547.0,94.71733086190918,89.96478873239437,94.92500989020806
523.0,94.11764705882352,88.88888888888889,94.38204508856683
479.0,93.97849462365592,88.64097363083164,94.26419296149837
439.0,92.05219454329774,85.27472527472527,92.57007734773461
377.0,92.6490984743412,86.30490956072352,93.09928676944727
254.0,97.82178217821782,95.73643410852713,97.85720141205164
185.0,97.2972972972973,94.73684210526315,97.35842025256758
147.0,71.06227106227107,55.11363636363637,77.4779428049137
172.0,85.17520215633422,74.17840375586854,87.03422167080885
218.0,92.44444444444444,85.9504132231405,92.94118483763494
240.0,94.62809917355372,89.80392156862746,94.87593319506912
240.0,94.90835030549898,90.31007751937985,95.13001022716284
225.0,82.01160541586073,69.50819672131148,84.6610313524098
218.0,25.668449197860966,14.723926380368098,57.08467305293541
220.0,54.74452554744526,37.68844221105528,68.59634999850329
421.0,67.46987951807229,50.90909090909091,75.23833789528857
425.0,91.1832946635731,83.7953091684435,91.82132330647633
457.0,90.36402569593149,82.421875,91.12049251065241
501.0,92.32303090727817,85.74074074074073,92.79292583875892
553.0,89.40338379341051,80.83735909822866,90.2988985771773
527.0,85.46099290780141,74.61300309597523,87.1414916876423
549.0,90.79535299374442,83.14238952536824,91.4675062711
573.0,92.61862917398945,86.2520458265139,93.04142906443825
569.0,91.85840707964601,84.94271685761048,92.37872294941663
553.0,94.78499542543459,90.08695652173913,94.98608569572397
535.0,94.79659413434248,90.10791366906474,94.99859699557918
493.0,92.78131634819533,86.53465346534654,93.19896991005922
454.0,91.45496535796767,84.25531914893617,92.05333253549661
407.0,88.54166666666666,79.43925233644859,89.63133657836957
260.0,96.89922480620154,93.98496240601504,96.97645748790917
189.0,97.06666666666666,94.30051813471503,97.1392577471991
197.0,62.874251497005986,45.851528384279476,72.80194002246068
177.0,82.7930174563591,70.63829787234043,85.25016273341078
219.0,91.26637554585153,83.93574297188755,91.92784506850826
241.0,94.65020576131687,89.84375,94.89584688964081
244.0,94.77911646586345,90.07633587786259,95.01213670144631
230.0,82.44274809160305,70.12987012987013,84.97286140600792
224.0,73.38403041825094,57.95795795795796,78.83893136278948
225.0,66.34146341463415,49.63503649635037,74.6104022632236
431.0,90.73634204275535,83.04347826086956,91.44341644095412
449.0,90.66959385290889,82.93172690763052,91.38045863497395
515.0,92.7536231884058,86.48648648648648,93.16778445380345
552.0,91.51624548736463,84.35940099833611,92.08507407222166
580.0,90.01692047377327,81.84615384615384,90.80423073824089
582.0,82.570281124498,70.31463748290014,84.9388418375799
587.0,86.88656476267096,76.81365576102418,88.24263253842167
588.0,89.43089430894308,80.88235294117648,90.31019674222004
583.0,92.9553264604811,86.8378812199037,93.33633760803788
569.0,94.66192170818505,89.86486486486487,94.87200216895648
538.0,94.04096834264432,88.75219683655537,94.31167450895434
500.0,95.24793388429752,90.92702169625247,95.41724714501851
462.0,91.73272933182332,84.72803347280335,92.29068085807896
410.0,92.2279792746114,85.57692307692307,92.72824475805206
269.0,95.68480300187618,91.72661870503596,95.84027295500992
197.0,93.90862944162437,88.51674641148325,94.23436888496389
215.0,63.40057636887608,46.41350210970464,73.07991847385922
177.0,80.48780487804879,67.3469387755102,83.59348698388396
220.0,95.45454545454545,91.30434782608695,95.63216030378918
252.0,93.60000000000001,87.96992481203007,93.95292524290583
244.0,95.00998003992017,90.49429657794677,95.22211725048567
245.0,80.51470588235294,67.38461538461539,83.58621645384261
229.0,72.72727272727273,57.14285714285714,78.42738247667825
435.0,90.32258064516128,82.35294117647058,91.09514202082293
451.0,89.6942242355606,81.3141683778234,90.5656820193657
475.0,90.0105152471083,81.83556405353728,90.82230080139276
529.0,92.70142180094787,86.39575971731449,93.12039480220385
557.0,92.81164695177434,86.5874363327674,93.2141868975076
596.0,90.74228523769808,83.05343511450381,91.41489453984379
598.0,82.86604361370716,70.74468085106383,85.15076279278676
591.0,85.93996840442338,75.34626038781164,87.49381040022432
612.0,88.88888888888889,80.0,89.8589164785553
609.0,92.62634631317316,86.26543209876543,93.04302904694404
574.0,93.7991266375546,88.32236842105263,94.08966786249351
543.0,94.05306495882891,88.77374784110536,94.32143152999248
512.0,93.50912778904666,87.80952380952381,93.8403950134816
457.0,92.65536723163842,86.31578947368422,93.09258910649207
414.0,90.88607594936708,83.29466357308584,91.57506729851674
272.0,95.92592592592592,92.17081850533808,96.06337267194505
207.0,96.07843137254902,92.45283018867924,96.2104086917786
220.0,63.24786324786324,46.25,72.99616748227305
180.0,82.06388206388206,69.58333333333333,84.71867980430189
219.0,94.83146067415731,90.17094017094017,95.0624539741922
245.0,94.3089430894309,89.23076923076924,94.58735322022204
251.0,93.2806324110672,87.4074074074074,93.66966285468487
247.0,80.36697247706422,67.17791411042946,83.4818649560094
232.0,74.72118959107806,59.64391691394659,79.68589042295629
435.0,90.9090909090909,83.33333333333334,91.5893434556446
457.0,89.75501113585747,81.41414141414141,90.61465112215518
480.0,89.20570264765783,80.51470588235294,90.15079457533949
555.0,91.75824175824175,84.77157360406092,92.2951979746525
564.0,91.41856392294221,84.19354838709677,91.99809130798026
598.0,90.35449299258038,82.40601503759399,91.08513051388042
610.0,82.74809160305342,70.57291666666666,85.05879181441485
608.0,86.54434250764525,76.28032345013477,87.96277813304965
629.0,88.0123743232792,78.59116022099447,89.13935215879687
605.0,92.37147595356551,85.82434514637904,92.8194661502467
583.0,93.59861591695503,87.96747967479675,93.90919566493943
550.0,93.39449541284404,87.60757314974182,93.73130383985571
508.0,93.79450661241098,88.31417624521073,94.09573842935384
468.0,91.56355455568054,84.43983402489627,92.14456890418798
427.0,91.2718204488778,83.94495412844036,91.90221004956449
277.0,95.77981651376147,91.90140845070422,95.92766505876892
208.0,95.86374695863748,92.05607476635514,96.01103024017752
661.0,16.897506925207757,9.228441754916792,54.015597710741844
683.0,0.2743484224965706,0.13736263736263737,49.34421694399273
222.0,83.04347826086956,71.00371747211895,85.42383532903737
240.0,94.91525423728814,90.32258064516128,95.13726726044098
237.0,95.54140127388536,91.46341463414635,95.71068671688498
219.0,69.29460580912863,53.01587301587302,76.35996314314217
210.0,0.0,0.0,49.6761399872449
452.0,55.3125,38.22894168466522,68.8284651222182
423.0,65.13761467889908,48.29931972789115,73.92149101900031
382.0,70.9470304975923,54.975124378109456,77.30639914231266
406.0,68.61538461538461,52.2248243559719,75.90822023756195
443.0,61.46788990825688,44.370860927152314,71.93330440054464
470.0,39.31623931623932,24.46808510638298,61.87947512545333
517.0,66.3225806451613,49.61389961389961,74.54552630086995
550.0,65.52567237163814,48.72727272727273,74.0811165271372
613.0,46.25850340136054,30.08849557522124,64.56998219888092
592.0,50.88161209068011,34.12162162162162,66.67060790529995
587.0,71.41292442497262,55.5366269165247,77.50652810219414
555.0,88.15533980582524,78.81944444444444,89.28704010967647
529.0,82.50825082508251,70.2247191011236,84.95272420187403
516.0,81.63265306122449,68.96551724137932,84.3201602587176
494.0,78.33537331701346,64.38631790744466,82.01564772137317
440.0,74.54289732770746,59.4170403587444,79.52719742486917
377.0,67.46987951807229,50.90909090909091,75.26546982429335
317.0,54.252873563218394,37.22397476340694,68.41321795423934
170.0,85.78811369509044,75.1131221719457,87.5015720837733
219.0,89.25619834710744,80.59701492537313,90.24646582937991
235.0,94.56066945606695,89.68253968253968,94.81524381524382
234.0,95.23809523809523,90.9090909090909,95.43152058768925
221.0,79.09604519774011,65.42056074766354,82.59920484247046
210.0,0.0,0.0,49.674147002551024
206.0,0.0,0.0,49.609375
429.0,64.03641881638846,47.098214285714285,73.31194112664579
402.0,70.64220183486239,54.60992907801418,77.11275310643127
442.0,87.95180722891565,78.49462365591397,89.14693239369548
460.0,91.98218262806236,85.15463917525773,92.50497668225741
497.0,89.36627282491945,80.7766990291262,90.2888720226017
530.0,86.5234375,76.24784853700515,87.98518339222325
520.0,87.82771535580525,78.29716193656094,89.01781467781835
609.0,85.92839300582847,75.32846715328468,87.49407650857951
611.0,91.46877748460862,84.27876823338735,92.04171213344895
576.0,92.96527159394479,86.85524126455907,93.34807014289298
551.0,92.62371615312792,86.26086956521739,93.05092592592592
518.0,88.60759493670885,79.54545454545455,89.66419764815939
493.0,87.97327394209354,78.52882703777337,89.15593839785657
492.0,82.89786223277909,70.79107505070994,85.25103755545913
430.0,74.56647398843931,59.44700460829493,79.54721319000026
352.0,68.52886405959032,52.124645892351275,75.89329590184855
304.0,56.26477541371159,39.14473684210527,69.38757908090041
176.0,84.07960199004975,72.53218884120172,86.20210337934664
220.0,88.75255623721881,79.77941176470588,89.83466074534059
241.0,93.85245901639344,88.41698841698842,94.17846237475044
242.0,94.16498993963782,88.97338403041825,94.4576583361414
225.0,79.9249530956848,66.5625,83.17417076136341
212.0,0.0,0.0,49.67315051020408
436.0,58.89763779527559,41.74107142857143,70.60947828165054
438.0,63.37817638266069,46.389496717724285,72.94957183176263
430.0,86.3920099875156,76.04395604395604,87.91260615763927
478.0,91.79978700745474,84.84251968503938,92.3438651294832
494.0,92.62536873156341,86.26373626373626,93.05642300562329
554.0,89.1500904159132,80.4241435562806,90.09130612389235
567.0,86.99472759226714,76.98289269051321,88.34249604232389
595.0,88.77968877968878,79.82326951399116,89.77362452207598
636.0,93.09791332263242,87.08708708708708,93.45684300317738
621.0,94.17555373256768,88.9922480620155,94.42455433623738
592.0,93.98625429553265,88.6547811993517,94.25686731691778
559.0,93.86281588447653,88.43537414965986,94.1492159937924
521.0,93.17269076305222,87.21804511278195,93.54062860724387
497.0,90.47619047619048,82.6086956521739,91.2159198346082
483.0,85.17200474495849,74.17355371900827,86.96131767890314
432.0,74.31850789096126,59.1324200913242,79.38691241158953
210.0,94.23558897243107,89.0995260663507,94.52675751185024
348.0,51.59914712153518,34.770114942528735,67.15830689689616
183.0,83.80952380952381,72.1311475409836,85.9975737704918
219.0,89.44099378881988,80.89887640449437,90.39839736958106
241.0,93.71196754563894,88.16793893129771,94.05293532809755
239.0,94.77911646586345,90.07633587786259,95.01213670144631
225.0,78.68852459016394,64.86486486486487,82.31533875749248
222.0,70.96774193548387,55.00000000000001,77.34696633259317
446.0,82.95739348370927,70.8779443254818,85.30254925171673
448.0,67.23404255319149,50.641025641025635,75.08923065627245
450.0,91.87986651835372,84.97942386831275,92.41636426621031
527.0,90.94412331406551,83.3922261484099,91.60155328022459
541.0,93.32113449222324,87.47855917667239,93.66578866899499
580.0,88.75638841567292,79.78560490045942,89.75988532204524
601.0,88.01996672212978,78.6032689450223,89.15661060399945
643.0,91.699604743083,84.67153284671532,92.22991111244549
654.0,89.72809667673715,81.36986301369863,90.54778496173213
630.0,92.67100977198697,86.34294385432474,93.08075892294924
604.0,93.69676320272572,88.14102564102564,93.99595512898016
574.0,93.71124889282551,88.16666666666667,94.01182850927549
532.0,92.6441351888668,86.29629629629629,93.07371644426563
499.0,91.50743099787687,84.34442270058709,92.09180125882706
488.0,86.44264194669756,76.12244897959184,87.94376168635034
430.0,76.02836879432624,61.327231121281464,80.4943040274196
361.0,69.67509025270758,53.46260387811634,76.56324479963077
336.0,53.59477124183007,36.607142857142854,68.09079696949804
183.0,84.43396226415094,73.06122448979592,86.46460828466034
224.0,88.43813387423936,79.27272727272727,89.57931571611061
246.0,93.41317365269461,87.64044943820225,93.78718639464476
249.0,93.43629343629344,87.68115942028986,93.80653477082502
227.0,78.33935018050542,64.39169139465875,82.07574721657515
223.0,73.13432835820896,57.647058823529406,78.67947178871549
443.0,88.44339622641509,79.28118393234672,89.54220036761109
450.0,85.95641646489103,75.3715498938429,87.56935817487754
462.0,92.67782426778243,86.35477582846003,93.10701210742167
510.0,90.7869481765835,83.12829525483303,91.46757397995057
517.0,92.96296296296296,86.85121107266436,93.34910676433879
582.0,90.40622299049265,82.49211356466877,91.13428105881314
598.0,89.59731543624162,81.15501519756839,90.4526133560059
635.0,90.54805401111994,82.72859216255442,91.24435091335398
655.0,93.44773790951638,87.70131771595901,93.7659421546695
636.0,93.38709677419355,87.5945537065053,93.71461056295283
602.0,94.0677966101695,88.8,94.32946534733277
578.0,92.66136162687887,86.32619439868205,93.07951547050834
539.0,92.64990328820116,86.3063063063063,93.076689785143
520.0,90.47619047619048,82.6086956521739,91.21186506607972
502.0,86.61417322834646,76.38888888888889,88.07494493650123
445.0,76.24309392265194,61.60714285714286,80.63122673919267
368.0,68.80570409982175,52.44565217391305,76.04776656671964
503.0,43.30218068535825,27.634194831013914,63.45336657632795
208.0,80.52516411378556,67.3992673992674,83.61061945735494
230.0,88.04780876494024,78.64768683274022,89.26378936772632
249.0,93.88560157790927,88.47583643122677,94.2068797278886
253.0,93.48659003831418,87.76978417266187,93.85084578335889
254.0,77.53001715265866,63.305322128851536,81.52152993329464
233.0,73.33333333333333,57.89473684210527,78.7952680347977
463.0,88.51727982162765,79.4,89.59654271881718
474.0,91.47121535181236,84.28290766208252,92.06104697233621
518.0,90.8023483365949,83.15412186379928,91.48251635513749
568.0,91.28113879003558,83.9607201309329,91.8816950633522
578.0,93.3677863910422,87.56058158319871,93.70272299533067
607.0,90.18961253091508,82.13213213213213,90.94617648537735
630.0,86.34222919937206,75.96685082872928,87.80811408562568
652.0,88.77086494688923,79.80900409276944,89.7552814216746
656.0,89.46975354742345,80.94594594594594,90.33076993527403
635.0,93.38709677419355,87.5945537065053,93.71461056295283
619.0,94.12737799834574,88.90625,94.38156251889855
583.0,93.77162629757785,88.27361563517914,94.06427689120846
535.0,93.11663479923517,87.11985688729875,93.48747780064993
513.0,90.89026915113871,83.30170777988614,91.56238856231977
499.0,86.45720476706393,76.14503816793892,87.94695908638022
450.0,77.46288798920378,63.21585903083701,81.44055795054447
370.0,69.48853615520282,53.24324324324324,76.4485489310916
537.0,42.75256222547584,27.188081936685286,63.20327542766705
210.0,80.79470198675497,67.77777777777779,83.80187670718345
232.0,87.47514910536779,77.73851590106007,88.80620246169985
257.0,93.84615384615384,88.40579710144928,94.17085497145683
262.0,94.02985074626866,88.73239436619718,94.33414846905325
257.0,78.66666666666666,64.83516483516483,82.28942863304096
240.0,71.62162162162163,55.78947368421052,77.7266157949513
473.0,89.20086393088553,80.50682261208577,90.15293504858252
539.0,87.54863813229572,77.85467128027682,88.79863033506662
535.0,89.44911297852475,80.91216216216216,90.34239212601337
583.0,91.2739965095986,83.94863563402889,91.87361896699531
593.0,93.00758213984835,86.92913385826772,93.38093803988671
609.0,90.51094890510949,82.66666666666667,91.21543257151303
632.0,87.88598574821853,78.38983050847457,89.04074665626466
652.0,88.13056379821958,78.77984084880637,89.22857154779473
660.0,91.04589917231,83.5635359116022,91.6617380996352
642.0,93.73996789727127,88.21752265861026,94.03011961289927
625.0,93.9917695473251,88.66459627329193,94.25871684443752
592.0,94.16809605488851,88.97893030794165,94.4209540612189
546.0,93.15838800374883,87.19298245614036,93.5230195398317
519.0,91.72625127681307,84.71698113207547,92.27704587804128
500.0,89.45054945054946,80.9145129224652,90.36081088265959
457.0,77.82204515272244,63.69565217391304,81.68043439038655
372.0,69.47368421052632,53.2258064516129,76.43882663210522
503.0,42.8125,27.236580516898606,63.25257551594845
213.0,80.6941431670282,67.63636363636364,83.7291640146211
234.0,87.45098039215686,77.70034843205575,88.78611399942426
257.0,93.84615384615384,88.40579710144928,94.17085497145683
261.0,93.65671641791045,88.0701754385965,94.00103664268332
262.0,78.53577371048253,64.65753424657534,82.19961213730448
242.0,72.12020033388981,56.39686684073107,78.03129971339997
512.0,86.6734486266531,76.48114901256733,88.10891621482637
532.0,89.08212560386474,80.31358885017421,90.04314663267033
530.0,90.34676663542643,82.39316239316238,91.09294695502285
595.0,91.54568744662681,84.40944881889763,92.10500644006929
605.0,93.16666666666666,87.20748829953197,93.52111118122698
618.0,90.55690072639226,82.7433628318584,91.25377352517036
638.0,86.32872503840245,75.94594594594595,87.79358812192287
663.0,88.51744186046511,79.40026075619296,89.54075014528028
666.0,89.19911829537105,80.50397877984085,90.10371123220088
654.0,93.7351308485329,88.2089552238806,94.02481642408107
625.0,94.24342105263158,89.11353032659409,94.48620491492497
598.0,94.30756159728122,89.22829581993568,94.54663617098636
548.0,92.3507462686567,85.78856152512998,92.81175424337253
516.0,91.75257731958763,84.76190476190476,92.30051965287532
502.0,86.25,75.82417582417582,87.7794565869804
467.0,78.02340702210662,63.965884861407254,81.81352226870186
378.0,69.43005181347151,53.17460317460318,76.41021304302946
676.0,48.21591948764868,31.76612417118746,64.74305926579878
708.0,50.20463847203275,33.51548269581057,65.65444455603038
730.0,41.473509933774835,26.161879895561356,61.65768881542033
763.0,39.62338171832091,24.70645792563601,60.804035268308134
761.0,34.87972508591065,21.12382934443288,59.03890884541314
753.0,29.101856497742094,17.028772753963594,57.09815737485695
721.0,28.270676691729324,16.46234676007005,56.79713321488491
676.0,35.294117647058826,21.428571428571427,59.56716554743187
668.0,41.1214953271028,25.882352941176475,62.12037069788829
651.0,38.522427440633244,23.856209150326798,60.9939373071015
660.0,50.51020408163265,33.78839590443686,66.31078609552523
667.0,49.519890260631,32.90793072014585,65.71523204681387
713.0,45.41314248536109,29.37710437710438,63.84663916950629
723.0,48.54014598540146,32.04819277108434,65.17430632185814
746.0,48.977395048439185,32.430506058446184,65.2619335062851
735.0,46.622516556291394,30.397236614853195,63.981046602624794
691.0,49.75704567541302,33.11772315653299,65.51786608857577
673.0,52.6790750141004,35.758039816232774,67.03510834280628
657.0,52.336448598130836,35.44303797468354,66.84928558693936
628.0,61.91011235955056,44.833197721724986,71.7334754351698
595.0,62.90619251992643,45.88550983899821,72.33364954930398
557.0,69.54102920723227,53.304904051172706,76.211595273835
520.0,74.42958300550747,59.27318295739349,79.30964944300473
448.0,80.27681660899654,67.05202312138728,83.35442129016302
27.0,0.0,0.0,49.97309470663265
30.0,0.0,0.0,49.97010522959184
20.0,0.0,0.0,49.98007015306122
21.0,86.36363636363636,76.0,87.99401878102758
33.0,83.87096774193549,72.22222222222221,86.1011410213803
24.0,86.95652173913044,76.92307692307693,88.45555712331372
23.0,85.1063829787234,74.07407407407408,87.03005880910817
29.0,87.71929824561403,78.125,89.05552107634942
27.0,84.61538461538461,73.33333333333333,86.65869123100849
46.0,58.46153846153847,41.30434782608695,70.62525842766756
35.0,85.71428571428571,75.0,87.49102674031386
26.0,90.9090909090909,83.33333333333334,91.66168172120197
40.0,43.13725490196079,27.500000000000004,63.72109538522874
34.0,84.84848484848484,73.68421052631578,86.83213477580047
28.0,94.73684210526315,90.0,94.99700891343797
44.0,72.46376811594203,56.81818181818182,78.39014811632507
37.0,80.59701492537313,67.5,83.7370386248978
28.0,90.9090909090909,83.33333333333334,91.66168172120197
47.0,63.46153846153846,46.478873239436616,73.20154498977993
40.0,79.41176470588235,65.85365853658537,82.91287086433647
23.0,88.37209302325581,79.16666666666666,89.57834898418963
46.0,0.0,0.0,49.95416135204081
39.0,78.37837837837837,64.44444444444444,82.20626912433002
26.0,86.27450980392157,75.86206896551724,87.92405597655772
65.0,41.46341463414634,26.153846153846157,63.02907523306654
68.0,0.0,0.0,49.93223852040816
73.0,0.0,0.0,49.92725605867347
65.0,33.33333333333333,20.0,59.94816896916054
57.0,0.0,0.0,49.94319993622449
73.0,0.0,0.0,49.92725605867347
64.0,35.8974358974359,21.875,60.887661476815126
55.0,53.333333333333336,36.36363636363637,68.14692704217387
71.0,0.0,0.0,49.92924904336735
65.0,69.81132075471697,53.62318840579711,76.77968291627538
59.0,57.831325301204814,40.67796610169492,70.30408912837179
73.0,0.0,0.0,49.92725605867347
63.0,73.26732673267327,57.8125,78.87932485191169
62.0,63.73626373626373,46.774193548387096,73.35419350979089
70.0,0.0,0.0,49.930245535714285
63.0,74.6268656716418,59.523809523809526,79.72799022653389
62.0,72.16494845360825,56.451612903225815,78.1988823775019
70.0,0.0,0.0,49.930245535714285
60.0,65.359477124183,48.54368932038835,74.21897788446901
65.0,65.97938144329896,49.23076923076923,74.58247938245546
64.0,65.26315789473685,48.4375,74.18584542327251
59.0,66.15384615384615,49.42528735632184,74.66876040766046
64.0,61.702127659574465,44.61538461538462,72.27179783743487
64.0,60.86956521739131,43.75,71.83910624551328
65.0,64.82758620689654,47.95918367346938,73.92872307813188
71.0,45.65217391304348,29.577464788732392,64.73888691535115
70.0,0.0,0.0,49.930245535714285
50.0,82.56880733944955,70.3125,85.13729964991722
52.0,91.2621359223301,83.92857142857143,91.95530887453228
49.0,0.0,0.0,49.951171875
32.0,0.0,0.0,49.96811224489796
54.0,85.71428571428571,75.0,87.48503919730307
54.0,88.67924528301887,79.66101694915254,89.81853935490503
45.0,87.64044943820225,78.0,88.98903005764205
36.0,89.1891891891892,80.48780487804879,90.23592525377421
50.0,86.0,75.43859649122807,87.70533538681843
56.0,85.98130841121495,75.40983606557377,87.68995693164983
47.0,87.64044943820225,78.0,88.98903005764205
35.0,92.53731343283582,86.11111111111111,93.05057001362715
51.0,86.27450980392157,75.86206896551724,87.91707134544113
57.0,86.48648648648648,76.19047619047619,88.0802763971851
47.0,89.36170212765957,80.76923076923077,90.37464211298337
35.0,95.65217391304348,91.66666666666666,95.83034188886451
51.0,85.43689320388349,74.57627118644068,87.2731750889516
61.0,89.83050847457628,81.53846153846153,90.75726021678977
47.0,89.36170212765957,80.76923076923077,90.37464211298337
35.0,95.65217391304348,91.66666666666666,95.83034188886451
53.0,85.71428571428571,75.0,87.48503919730307
61.0,81.53846153846153,68.83116883116884,84.39164331070242
50.0,91.2621359223301,83.92857142857143,91.95530887453228
35.0,94.28571428571428,89.1891891891892,94.5906060019695
58.0,88.28828828828829,79.03225806451613,89.50316196859976
63.0,76.38888888888889,61.79775280898876,80.86495848585749
50.0,90.56603773584906,82.75862068965517,91.36933587945893
39.0,94.73684210526315,90.0,94.99601116872756
65.0,92.6829268292683,86.36363636363636,93.17283955095962
61.0,89.25619834710744,80.59701492537313,90.28553910547816
51.0,92.45283018867924,85.96491228070175,92.97447640886884
38.0,90.9090909090909,83.33333333333334,91.6596863511564
96.0,83.33333333333334,71.42857142857143,85.68634494870874
101.0,88.44221105527639,79.27927927927928,89.61668004852001
95.0,0.0,0.0,49.90533322704081
79.0,0.0,0.0,49.92127710459184
64.0,89.60000000000001,81.15942028985508,90.56674127022681
66.0,89.55223880597015,81.08108108108108,90.52657294536137
51.0,88.88888888888889,80.0,89.98902896353627
74.0,69.35483870967742,53.086419753086425,76.50531068838372
58.0,85.47008547008546,74.6268656716418,87.29647556813546
64.0,88.37209302325581,79.16666666666666,89.56836894856907
50.0,90.0,81.81818181818183,90.8991170406263
43.0,88.88888888888889,80.0,89.99102512963701
64.0,89.92248062015504,81.69014084507043,90.83210103030088
65.0,89.23076923076924,80.55555555555556,90.26381073998697
51.0,91.74311926605505,84.7457627118644,92.36390397892227
42.0,89.65517241379311,81.25,90.61602459261623
68.0,89.39393939393939,80.82191780821918,90.39699158763015
65.0,89.23076923076924,80.55555555555556,90.26381073998697
51.0,93.45794392523365,87.71929824561403,93.85266671846595
53.0,87.75510204081633,78.18181818181819,89.07894092622715
70.0,92.7536231884058,86.48648648648648,93.2332655931794
68.0,91.72932330827066,84.72222222222221,92.35013635305465
53.0,90.5982905982906,82.8125,91.39527699359576
64.0,83.05084745762711,71.01449275362319,85.48729704810651
72.0,90.14084507042254,82.05128205128204,91.01167231555164
68.0,87.59124087591242,77.92207792207793,88.94407830974995
55.0,85.03937007874016,73.97260273972603,86.96734761701994
74.0,75.52447552447552,60.67415730337079,80.30216384381659
75.0,88.74172185430463,79.76190476190477,89.86398936033733
70.0,89.36170212765957,80.76923076923077,90.36964920817414
62.0,79.72027972027972,66.27906976744185,83.11060373984336
76.0,74.02597402597402,58.76288659793815,79.34153827293105
96.0,0.0,0.0,49.90433673469388
104.0,0.0,0.0,49.896364795918366
95.0,0.0,0.0,49.90533322704081
88.0,13.084112149532709,7.000000000000001,53.40731328110985
78.0,73.29842931937172,57.85123966942148,78.87472772598126
69.0,90.27777777777779,82.27848101265823,91.12527151748435
68.0,83.54430379746836,71.73913043478261,85.84362229182754
52.0,58.18181818181818,41.02564102564102,70.4439967017768
31.0,90.0,81.81818181818183,90.90310873596682
90.0,77.13004484304933,62.77372262773723,81.33595294892551
83.0,75.1219512195122,60.15625,80.02722578045469
81.0,78.0,63.934426229508205,81.92329918605435
52.0,60.115606936416185,42.97520661157025,71.41877400245737
32.0,90.625,82.85714285714286,91.42258901686185
98.0,70.67669172932331,54.65116279069767,77.24770910590352
94.0,64.68401486988847,47.8021978021978,73.80626770063573
89.0,77.93427230046949,63.84615384615384,81.8761641807776
65.0,55.33980582524271,38.25503355704698,69.03573521863602
64.0,64.0,47.05882352941176,73.49351514696498
106.0,68.21192052980133,51.75879396984925,75.78353694058934
98.0,60.0,42.857142857142854,71.30877747417298
93.0,76.78571428571429,62.31884057971014,81.10751372167779
82.0,64.68085106382979,47.79874213836478,73.81653673784506
64.0,60.16260162601627,43.02325581395349,71.462763749335
114.0,69.1588785046729,52.85714285714286,76.32969996147865
103.0,58.75,41.5929203539823,70.66467630254525
94.0,76.65198237885463,62.142857142857146,81.01852274380175
85.0,66.11570247933885,49.382716049382715,74.60951516298583
66.0,63.793103448275865,46.835443037974684,73.37583795529441
116.0,68.50152905198776,52.093023255813954,75.94364329936751
103.0,58.38509316770186,41.228070175438596,70.480254487903
95.0,76.52173913043478,61.97183098591549,80.93201036598123
84.0,66.94915254237289,50.318471337579616,75.08138669579742
64.0,58.91472868217055,41.75824175824176,70.82626675649931
117.0,67.06231454005935,50.44642857142857,75.11235396971246
103.0,58.103975535168196,40.94827586206897,70.3373595120732
95.0,75.53648068669528,60.689655172413794,80.2879277299539
86.0,67.5,50.943396226415096,75.39384603216152
63.0,58.992805755395686,41.83673469387755,70.86152083252767
120.0,65.9090909090909,49.152542372881356,74.45641501384779
103.0,57.40181268882175,40.25423728813559,69.9863466946259
96.0,74.8936170212766,59.863945578231295,79.87307644667834
75.0,65.19823788546255,48.36601307189542,74.10416736785062
65.0,54.87804878048781,37.81512605042017,68.83375639857188
117.0,71.25506072874494,55.34591194968554,77.60208071529956
97.0,83.93782383419689,72.32142857142857,86.1297730740165
84.0,82.58064516129032,70.32967032967034,85.13789550966275
50.0,75.55555555555556,60.71428571428571,80.33520516020216
27.0,78.43137254901961,64.51612903225806,82.24709872938367
119.0,76.15384615384615,61.49068322981367,80.68343694809373
98.0,77.05627705627705,62.676056338028175,81.28512022883001
84.0,78.49462365591397,64.60176991150442,82.26096718635716
53.0,80.41237113402062,67.24137931034483,83.6017415729178
29.0,81.48148148148148,68.75,84.36503070542729
117.0,76.01476014760148,61.30952380952381,80.5898566664099
101.0,73.68421052631578,58.333333333333336,79.10177697913548
86.0,76.92307692307693,62.5,81.20509071675215
54.0,77.66990291262135,63.49206349206349,81.72309413633013
29.0,81.48148148148148,68.75,84.36503070542729
118.0,71.52777777777779,55.67567567567567,77.75595738330145
101.0,70.8171206225681,54.81927710843374,77.33476583783472
86.0,75.86206896551724,61.111111111111114,80.50665238383556
54.0,70.58823529411765,54.54545454545454,77.23782082201518
31.0,84.21052631578947,72.72727272727273,86.35466364071405
117.0,70.50847457627118,54.45026178010471,77.13825598990857
101.0,67.4074074074074,50.83798882681564,75.33114375951943
89.0,76.69902912621359,62.20472440944882,81.0544551444214
55.0,69.84126984126983,53.65853658536586,76.79136834853549
45.0,65.71428571428571,48.93617021276596,74.44415832234215
120.0,69.87179487179486,53.69458128078818,76.75341643183356
101.0,65.23297491039428,48.40425531914894,74.10529227972023
87.0,74.39613526570048,59.23076923076923,79.56248934801401
54.0,65.15151515151516,48.31460674157304,74.11142540617239
45.0,65.71428571428571,48.93617021276596,74.44415832234215
121.0,68.55345911949685,52.15311004784689,75.97668884460373
102.0,64.56140350877193,47.66839378238342,73.7333662866074
88.0,74.64114832535886,59.541984732824424,79.7180960432057
56.0,63.829787234042556,46.875,73.38663327083043
43.0,67.64705882352942,51.11111111111111,75.53362267018478
121.0,67.07317073170732,50.45871559633027,75.121500170234
101.0,63.41463414634146,46.42857142857143,73.1094639113507
90.0,71.96261682242991,56.20437956204379,78.04230834626271
55.0,61.64383561643836,44.554455445544555,72.22137405937039
44.0,67.64705882352942,51.11111111111111,75.53362267018478
116.0,11.538461538461538,6.122448979591836,52.92368387544785
97.0,62.83185840707964,45.806451612903224,72.81940183678792
83.0,66.15384615384615,49.42528735632184,74.66876040766046
41.0,53.333333333333336,36.36363636363637,68.15390749601275
21.0,60.0,42.857142857142854,71.41661137514986
70.0,0.0,0.0,49.930245535714285
53.0,0.0,0.0,49.947185905612244
53.0,0.0,0.0,49.947185905612244
67.0,0.0,0.0,49.9332350127551
38.0,0.0,0.0,49.962133290816325
85.0,0.0,0.0,49.9152981505102
66.0,0.0,0.0,49.93423150510204
55.0,83.47826086956522,71.64179104477611,85.80194403818761
76.0,0.0,0.0,49.92426658163265
65.0,0.0,0.0,49.935227997448976
77.0,0.0,0.0,49.923270089285715
64.0,0.0,0.0,49.93622448979592
60.0,87.5,77.77777777777779,88.87292719694955
71.0,0.0,0.0,49.92924904336735
71.0,0.0,0.0,49.92924904336735
79.0,0.0,0.0,49.92127710459184
73.0,80.88235294117648,67.90123456790124,83.92468005205181
59.0,76.51006711409396,61.95652173913043,80.94334397178193
63.0,87.94326241134752,78.48101265822784,89.22354500094217
82.0,0.0,0.0,49.918287627551024
76.0,0.0,0.0,49.92426658163265
78.0,84.05797101449275,72.5,86.2280517977573
60.0,84.67153284671532,73.41772151898735,86.68791020280744
71.0,78.63247863247864,64.7887323943662,82.36943102862135
79.0,0.0,0.0,49.92127710459184
81.0,0.0,0.0,49.91928411989796
71.0,81.33333333333333,68.53932584269663,84.24172717356822
55.0,80.62015503875969,67.53246753246754,83.74129561285415
79.0,0.0,0.0,49.92127710459184
89.0,0.0,0.0,49.91131218112245
84.0,79.7979797979798,66.38655462184873,83.15335476067186
86.0,77.720207253886,63.559322033898304,81.73674770184566
63.0,76.12903225806451,61.458333333333336,80.69225304454244
77.0,90.19607843137256,82.14285714285714,91.05646060288126
79.0,76.11940298507463,61.44578313253012,80.69097136676382
83.0,77.6595744680851,63.47826086956522,81.69721677691781
84.0,76.43979057591623,61.86440677966102,80.88729589926108
61.0,89.23076923076924,80.55555555555556,90.26381073998697
75.0,90.41095890410958,82.5,91.23603073238874
80.0,9.523809523809524,5.0,52.424260543729574
131.0,0.0,0.0,49.869459502551024
131.0,0.0,0.0,49.869459502551024
132.0,0.0,0.0,49.86846301020408
133.0,0.0,0.0,49.867466517857146
136.0,0.0,0.0,49.864477040816325
131.0,0.0,0.0,49.869459502551024
131.0,0.0,0.0,49.869459502551024
129.0,59.01639344262295,41.86046511627907,70.85541511270638
131.0,0.0,0.0,49.869459502551024
137.0,0.0,0.0,49.86348054846938
130.0,0.0,0.0,49.87045599489796
129.0,60.962566844919785,43.84615384615385,71.85025025055751
118.0,81.0,68.0672268907563,83.99568550845831
124.0,0.0,0.0,49.87643494897959
137.0,0.0,0.0,49.86348054846938
129.0,79.70479704797047,66.25766871165644,83.07390905423838
128.0,81.69014084507043,69.04761904761905,84.47187184901928
131.0,80.14981273408239,66.875,83.3845730392059
129.0,86.66666666666667,76.47058823529412,88.19933654757975
134.0,0.0,0.0,49.8664700255102
130.0,74.67811158798283,59.589041095890416,79.73562538134176
129.0,80.2919708029197,67.07317073170732,83.48265655188808
122.0,82.53968253968253,70.27027027027027,85.09119840402792
124.0,89.06882591093117,80.2919708029197,90.11902099447707
134.0,0.0,0.0,49.8664700255102
127.0,79.8507462686567,66.45962732919256,83.1758880819004
128.0,82.65682656826569,70.44025157232704,85.17318586925717
111.0,83.9506172839506,72.3404255319149,86.13127040065808
126.0,88.54961832061069,79.45205479452055,89.69606335411204
137.0,0.0,0.0,49.86348054846938
130.0,80.2919708029197,67.07317073170732,83.48265655188808
128.0,82.9090909090909,70.80745341614907,85.35678491589684
118.0,84.2911877394636,72.84768211920529,86.38289510825842
125.0,77.96610169491525,63.888888888888886,81.87952364781633
137.0,48.275862068965516,31.818181818181817,65.74441696350317
117.0,82.53968253968253,70.27027027027027,85.09119840402792
125.0,82.44274809160305,70.12987012987013,85.01899753996902
114.0,65.625,48.837209302325576,74.30876062967332
121.0,76.0,61.29032258064516,80.57325045975249
137.0,60.36036036036037,43.225806451612904,71.43705094172508
127.0,61.23595505617978,44.12955465587044,71.92696200047402
130.0,36.60130718954248,22.400000000000002,60.81249600511346
132.0,33.4841628959276,20.108695652173914,59.61392038176457
130.0,35.0828729281768,21.273031825795645,60.16697606195175
130.0,37.249283667621775,22.887323943661972,61.00606456144854
12.0,75.86206896551724,61.111111111111114,80.54857857957629
13.0,74.07407407407408,58.82352941176471,79.40478786898086
13.0,0.0,0.0,49.9870455994898
7.0,0.0,0.0,49.99302455357143
13.0,78.57142857142857,64.70588235294117,82.3469609113455
13.0,78.57142857142857,64.70588235294117,82.3469609113455
14.0,76.92307692307693,62.5,81.24401985408444
7.0,0.0,0.0,49.99302455357143
13.0,82.75862068965517,70.58823529411765,85.28913399344269
16.0,83.87096774193549,72.22222222222221,86.10612735814578
15.0,93.33333333333333,87.5,93.7480064590726
8.0,0.0,0.0,49.99202806122449
13.0,80.0,66.66666666666666,83.32735294899396
16.0,87.5,77.77777777777779,88.8849018070341
15.0,83.87096774193549,72.22222222222221,86.10612735814578
10.0,0.0,0.0,49.99003507653062
14.0,86.66666666666667,76.47058823529412,88.23130711527479
16.0,84.84848484848484,73.68421052631578,86.8371214108394
15.0,80.0,66.66666666666666,83.32735294899396
11.0,0.0,0.0,49.989038584183675
12.0,75.86206896551724,61.111111111111114,80.54857857957629
17.0,85.71428571428571,75.0,87.49501604832439
17.0,88.23529411764706,78.94736842105263,89.46969704918584
12.0,70.0,53.84615384615385,76.91709713476142
15.0,84.84848484848484,73.68421052631578,86.8371214108394
17.0,83.33333333333334,71.42857142857143,85.708304972275
18.0,85.71428571428571,75.0,87.49501604832439
15.0,57.14285714285714,40.0,69.99103049631255
17.0,94.11764705882352,88.88888888888889,94.44245082402976
20.0,82.05128205128204,69.56521739130434,84.77563102420082
18.0,81.08108108108108,68.18181818181817,84.08393155856324
15.0,93.75,88.23529411764706,94.11565347815329
16.0,83.33333333333334,71.42857142857143,85.708304972275
13.0,85.71428571428571,75.0,87.49601307710708
13.0,88.88888888888889,80.0,89.99700980783032
27.0,0.0,0.0,49.97309470663265
15.0,78.78787878787878,65.0,82.49302274584853
13.0,89.65517241379311,81.25,90.6220097482208
13.0,86.66666666666667,76.47058823529412,88.23130711527479
11.0,0.0,0.0,49.989038584183675
13.0,83.87096774193549,72.22222222222221,86.10612735814578
14.0,89.65517241379311,81.25,90.6220097482208
13.0,86.66666666666667,76.47058823529412,88.23130711527479
14.0,0.0,0.0,49.986049107142854
14.0,87.5,77.77777777777779,88.8849018070341
14.0,83.87096774193549,72.22222222222221,86.10612735814578
14.0,90.32258064516128,82.35294117647058,91.1734802768442
13.0,86.95652173913044,76.92307692307693,88.45854838858068
16.0,88.23529411764706,78.94736842105263,89.46969704918584
15.0,87.5,77.77777777777779,88.8849018070341
14.0,90.32258064516128,82.35294117647058,91.1734802768442
13.0,81.81818181818183,69.23076923076923,84.61139793091075
14.0,82.35294117647058,70.0,84.99401937721781
17.0,94.11764705882352,88.88888888888889,94.44245082402976
17.0,90.9090909090909,83.33333333333334,91.6636762956613
15.0,70.27027027027027,54.166666666666664,77.0723690768096
14.0,84.84848484848484,73.68421052631578,86.8371214108394
17.0,91.42857142857143,84.21052631578947,92.10227272727273
17.0,90.9090909090909,83.33333333333334,91.6636762956613
14.0,76.47058823529412,61.904761904761905,80.94440694763642
19.0,91.8918918918919,85.0,92.49700950975897
19.0,86.48648648648648,76.19047619047619,88.09025404420142
17.0,83.33333333333334,71.42857142857143,85.708304972275
14.0,78.78787878787878,65.0,82.49302274584853
29.0,0.0,0.0,49.89337531887755
31.0,0.0,0.0,49.82959980867347
31.0,2.5974025974025974,1.3157894736842104,50.508414926581814
28.0,2.73224043715847,1.3850415512465373,50.33773414589694
52.0,92.0,85.18518518518519,92.58461333865284
61.0,93.10344827586206,87.09677419354838,93.54040656926132
63.0,92.91338582677166,86.76470588235294,93.37337395201112
66.0,93.43065693430657,87.67123287671232,93.8266365532987
73.0,96.64429530201343,93.5064935064935,96.74825713165966
67.0,95.52238805970148,91.42857142857143,95.7082991242474
57.0,91.8918918918919,85.0,92.49102244389027
41.0,92.3076923076923,85.71428571428571,92.8511596102342
23.0,46.51162790697674,30.303030303030305,65.12859125883884
52.0,93.06930693069307,87.03703703703704,93.51153653204362
63.0,93.44262295081968,87.6923076923077,93.83817284094624
69.0,94.20289855072464,89.04109589041096,94.51256566586561
71.0,96.5034965034965,93.24324324324324,96.61663229877252
75.0,95.30201342281879,91.02564102564102,95.5058351820152
69.0,95.58823529411765,91.54929577464789,95.76866117781904
59.0,92.98245614035088,86.88524590163934,93.43464258252567
42.0,91.35802469135803,84.0909090909091,92.03847395150572
26.0,74.50980392156863,59.375,79.67454069222642
51.0,94.94949494949495,90.38461538461539,95.18732055911134
63.0,94.21487603305785,89.0625,94.52426662044334
70.0,92.53731343283582,86.11111111111111,93.04557830368981
73.0,96.55172413793103,93.33333333333333,96.6616772442422
78.0,95.36423841059603,91.13924050632912,95.56263478294262
72.0,96.40287769784173,93.05555555555556,96.52278865406747
61.0,91.37931034482759,84.12698412698413,92.05351660312458
43.0,92.85714285714286,86.66666666666667,93.32734972841082
28.0,70.76923076923077,54.761904761904766,77.36201034358672
52.0,96.07843137254902,92.45283018867924,96.22242522859861
63.0,94.21487603305785,89.0625,94.52426662044334
70.0,94.11764705882352,88.88888888888889,94.43646232439336
77.0,95.94594594594594,92.20779220779221,96.09790867749155
79.0,96.1038961038961,92.5,96.24401221508123
72.0,95.1048951048951,90.66666666666666,95.32634842074452
62.0,93.22033898305084,87.3015873015873,93.64281296405555
45.0,91.95402298850574,85.1063829787234,92.54621047771339
28.0,65.75342465753424,48.97959183673469,74.46487168802759
51.0,95.04950495049505,90.56603773584906,95.2780316352402
65.0,92.6829268292683,86.36363636363636,93.17283955095962
71.0,93.43065693430657,87.67123287671232,93.8266365532987
76.0,94.52054794520548,89.6103896103896,94.79721188863624
79.0,97.40259740259741,94.9367088607595,97.46436249409105
74.0,94.44444444444444,89.47368421052632,94.7288593480188
62.0,94.11764705882352,88.88888888888889,94.43746120422098
46.0,94.5054945054945,89.58333333333334,94.78667993138252
28.0,69.44444444444444,53.191489361702125,76.5738109208064
52.0,94.11764705882352,88.88888888888889,94.43845976522324
66.0,91.93548387096774,85.07462686567165,92.52733717632631
74.0,95.0354609929078,90.54054054054053,95.26328549707583
78.0,93.33333333333333,87.5,93.74002115515108
80.0,94.9367088607595,90.36144578313254,95.17273901898888
76.0,96.0,92.3076923076923,96.14785860794164
60.0,95.7983193277311,91.93548387096774,95.96275380722912
47.0,85.14851485148515,74.13793103448276,87.05400531138895
29.0,62.5,45.45454545454545,72.69736305448454
54.0,94.23076923076923,89.0909090909091,94.53946974684303
67.0,90.32258064516128,82.35294117647058,91.1644993192808
75.0,93.61702127659575,88.0,93.99101975653562
79.0,92.71523178807946,86.41975308641975,93.19889981387605
80.0,94.87179487179486,90.2439024390244,95.11396750628718
78.0,96.05263157894737,92.40506329113924,96.19654398016037
58.0,96.55172413793103,93.33333333333333,96.66267624368183
45.0,82.35294117647058,70.0,84.98204811106235
31.0,62.65060240963856,45.614035087719294,72.77611026569414
54.0,93.20388349514563,87.27272727272727,93.62938151060558
67.0,91.93548387096774,85.07462686567165,92.52733717632631
74.0,94.28571428571428,89.1891891891892,94.5866121559596
80.0,94.11764705882352,88.88888888888889,94.43546312558766
82.0,94.9367088607595,90.36144578313254,95.17273901898888
76.0,94.5945945945946,89.74358974358975,94.86381179591574
60.0,94.11764705882352,88.88888888888889,94.43746120422098
46.0,74.13793103448276,58.9041095890411,79.42213438281568
32.0,62.06896551724138,45.0,72.4670980478175
64.0,91.93548387096774,85.07462686567165,92.52733717632631
67.0,97.74436090225564,95.58823529411765,97.79112429230638
73.0,95.23809523809523,90.9090909090909,95.4475602631512
74.0,93.08176100628931,87.05882352941177,93.51843415902148
77.0,96.85534591194968,93.90243902439023,96.94622939263185
69.0,97.1830985915493,94.52054794520548,97.25628251432346
59.0,94.11764705882352,88.88888888888889,94.43746120422098
47.0,91.48936170212765,84.31372549019608,92.1488839686434
68.0,0.0,0.0,49.93223852040816
54.0,92.45283018867924,85.96491228070175,92.97447640886884
64.0,96.0,92.3076923076923,96.14885772699644
72.0,94.28571428571428,89.1891891891892,94.5866121559596
75.0,96.64429530201343,93.5064935064935,96.74825713165966
78.0,98.06451612903226,96.20253164556962,98.09827181080877
72.0,97.1830985915493,94.52054794520548,97.25628251432346
62.0,94.01709401709401,88.70967741935483,94.34785560878159
48.0,90.10989010989012,82.0,90.99102423456667
35.0,76.05633802816901,61.36363636363637,80.66486869129993
54.0,91.2621359223301,83.92857142857143,91.95530887453228
64.0,94.3089430894309,89.23076923076924,94.6084010964892
72.0,93.33333333333333,87.5,93.74102029413524
78.0,96.0,92.3076923076923,96.14785860794164
79.0,97.43589743589743,95.0,97.49600798403193
73.0,95.83333333333334,92.0,95.99401281258109
61.0,94.82758620689656,90.1639344262295,95.07598169806118
49.0,91.30434782608695,84.0,91.99202138269438
37.0,71.26436781609196,55.35714285714286,77.6536437189294
55.0,91.42857142857143,84.21052631578947,92.09628613906294
65.0,93.54838709677419,87.87878787878788,93.93141277494205
72.0,94.8905109489051,90.27777777777779,95.1319043944665
76.0,96.5986394557823,93.42105263157895,96.70553679378568
80.0,96.81528662420382,93.82716049382715,96.9085902269535
73.0,95.8904109589041,92.10526315789474,96.04664427203802
63.0,92.6829268292683,86.36363636363636,93.17283955095962
53.0,89.79591836734694,81.48148148148148,90.73076707122824
36.0,65.21739130434783,48.38709677419355,74.16164155504636
56.0,88.46153846153845,79.3103448275862,89.64320353288346
65.0,92.6829268292683,86.36363636363636,93.17283955095962
73.0,94.96402877697841,90.41095890410958,95.19849481824916
79.0,96.73202614379085,93.67088607594937,96.83045321720904
82.0,96.85534591194968,93.90243902439023,96.94622939263185
74.0,95.23809523809523,90.9090909090909,95.4475602631512
62.0,93.44262295081968,87.6923076923077,93.83817284094624
53.0,91.83673469387756,84.90566037735849,92.44485109390754
37.0,64.58333333333334,47.69230769230769,73.81225216104067
55.0,91.2621359223301,83.92857142857143,91.95530887453228
65.0,93.65079365079364,88.05970149253731,94.02186942256611
75.0,95.1048951048951,90.66666666666666,95.32634842074452
78.0,94.66666666666667,89.87341772151899,94.92872562555344
82.0,96.20253164556962,92.6829268292683,96.33547539068206
78.0,95.36423841059603,91.13924050632912,95.56263478294262
62.0,93.44262295081968,87.6923076923077,93.83817284094624
55.0,77.58620689655173,63.38028169014085,81.66420878706239
36.0,65.26315789473685,48.4375,74.18584542327251
56.0,92.45283018867924,85.96491228070175,92.97447640886884
66.0,92.91338582677166,86.76470588235294,93.37337395201112
75.0,95.1048951048951,90.66666666666666,95.32634842074452
78.0,95.36423841059603,91.13924050632912,95.56263478294262
82.0,96.20253164556962,92.6829268292683,96.33547539068206
77.0,96.0,92.3076923076923,96.14785860794164
60.0,95.0,90.47619047619048,95.23210948418954
52.0,72.0,56.25,78.09009146037383
36.0,61.224489795918366,44.11764705882353,72.02093416635189
56.0,93.45794392523365,87.71929824561403,93.85266671846595
67.0,92.06349206349206,85.29411764705883,92.63708236796454
74.0,96.5034965034965,93.24324324324324,96.61663229877252
79.0,96.73202614379085,93.67088607594937,96.83045321720904
83.0,94.9367088607595,90.36144578313254,95.17273901898888
77.0,96.0,92.3076923076923,96.14785860794164
63.0,93.44262295081968,87.6923076923077,93.83817284094624
54.0,70.76923076923077,54.761904761904766,77.34305092473855
38.0,58.92857142857143,41.77215189873418,70.84020713417854
126.0,16.030534351145036,8.71369294605809,54.13752636536281
133.0,10.441767068273093,5.508474576271186,52.531961905881744
140.0,0.0,0.0,49.86049107142857
136.0,0.0,0.0,49.864477040816325
136.0,0.0,0.0,49.864477040816325
136.0,0.0,0.0,49.75785235969388
126.0,18.315018315018314,10.080645161290322,54.81799401291969
120.0,12.021857923497267,6.395348837209303,52.87666313336319
123.0,0.0,0.0,49.87743144132653
41.0,89.41176470588236,80.85106382978722,90.4165566865239
58.0,86.53846153846155,76.27118644067797,88.1216298044885
70.0,89.23076923076924,80.55555555555556,90.26381073998697
57.0,80.91603053435115,67.94871794871796,83.94942032344024
56.0,76.42276422764228,61.8421052631579,80.8921272590401
46.0,89.65517241379311,81.25,90.61602459261623
30.0,66.66666666666666,50.0,74.97607273887382
20.0,62.295081967213115,45.23809523809524,72.59611961298666
45.0,56.2962962962963,39.175257731958766,69.52879125777802
79.0,73.4375,58.0246913580247,78.97843317327715
79.0,90.41095890410958,82.5,91.23603073238874
70.0,73.49397590361446,58.0952380952381,79.00372001539317
62.0,72.72727272727273,57.14285714285714,78.53552049610141
54.0,86.5979381443299,76.36363636363637,88.16885292869655
37.0,86.95652173913044,76.92307692307693,88.4525646650243
22.0,76.0,61.29032258064516,80.63319885237773
48.0,45.97701149425287,29.850746268656714,64.83162812076525
83.0,72.85714285714285,57.30337078651685,78.6137801563507
84.0,87.74193548387098,78.16091954022988,89.06150072165961
75.0,70.96774193548387,55.00000000000001,77.44611853921373
61.0,62.11180124223602,45.04504504504504,72.46167585612186
55.0,70.22900763358778,54.11764705882353,77.01992466645544
41.0,82.1917808219178,69.76744186046511,84.87075877971209
30.0,68.65671641791045,52.27272727272727,76.11542770032791
50.0,40.20618556701031,25.161290322580644,62.464962132788415
96.0,39.86254295532646,24.892703862660944,62.2717639589453
85.0,52.36363636363637,35.467980295566505,67.60326206220127
77.0,65.02463054187191,48.175182481751825,74.01674709799026
70.0,64.13043478260869,47.199999999999996,73.53415407945407
58.0,60.9271523178808,43.80952380952381,71.8459149069562
44.0,62.13592233009708,45.07042253521127,72.496323265053
27.0,62.857142857142854,45.83333333333333,72.89074650077761
60.0,32.69961977186312,19.545454545454547,59.59619684366857
100.0,54.09836065573771,37.07865168539326,68.42757170180658
93.0,50.82508250825083,34.070796460176986,66.8866926671032
81.0,57.49999999999999,40.35087719298245,70.07365641036952
83.0,60.69651741293532,43.57142857142857,71.70689556876327
58.0,63.74999999999999,46.788990825688074,73.33664005124803
46.0,61.6822429906542,44.5945945945946,72.25641422289011
32.0,59.74025974025974,42.592592592592595,71.26539086691022
62.0,32.97491039426524,19.742489270386265,59.684729574351316
100.0,44.91017964071856,28.957528957528954,64.29513540948442
105.0,54.12541254125413,37.10407239819005,68.4132970287353
84.0,63.559322033898304,46.58385093167702,73.20609883563152
86.0,53.65853658536586,36.666666666666664,68.21958358278454
61.0,63.85542168674698,46.902654867256636,73.39147467142334
49.0,57.14285714285714,40.0,69.9461507778221
29.0,60.75949367088608,43.63636363636363,71.7872757725605
72.0,31.125827814569533,18.43137254901961,59.0082215335415
102.0,48.717948717948715,32.20338983050847,65.94201427653168
107.0,86.15384615384616,75.67567567567568,87.81088742659453
82.0,59.82905982905983,42.68292682926829,71.24766227305429
88.0,60.44444444444444,43.31210191082803,71.56724278107059
61.0,65.45454545454545,48.64864864864865,74.26746306579514
50.0,60.0,42.857142857142854,71.38070545330218
35.0,60.46511627906976,43.333333333333336,71.63276836158192
71.0,28.387096774193548,16.541353383458645,58.04926122855212
106.0,46.95652173913044,30.681818181818183,65.15825613153191
111.0,46.71916010498688,30.47945205479452,65.03707863386201
89.0,50.87108013937283,34.112149532710276,66.9153646292376
88.0,58.09128630705395,40.93567251461988,70.36704992433584
81.0,61.92893401015228,44.85294117647059,72.35164269239573
50.0,63.41463414634146,46.42857142857143,73.16940867736687
34.0,61.1764705882353,44.06779661016949,72.00099700897307
156.0,47.05882352941176,30.76923076923077,65.2768911586339
137.0,77.87610619469027,63.76811594202898,81.8341458164066
89.0,86.74698795180723,76.59574468085107,88.27591800544229
81.0,63.84976525821596,46.89655172413793,73.37144182359208
92.0,56.994818652849744,39.85507246376812,69.84473660697633
145.0,26.168224299065418,15.053763440860216,57.36934802018284
174.0,25.892857142857146,14.871794871794872,57.270384045265885
174.0,8.080808080808081,4.2105263157894735,51.92387263006823
153.0,41.45077720207254,26.143790849673206,62.959201951085205
115.0,77.20930232558139,62.878787878787875,81.39048491018825
93.0,87.5,77.77777777777779,88.86693236281053
83.0,60.16949152542372,43.03030303030303,71.42134850148022
89.0,51.52838427947598,34.705882352941174,67.2422003100979
75.0,40.5940594059406,25.465838509316768,62.61324238221398
50.0,65.34653465346535,48.529411764705884,74.22980569688339
179.0,23.423423423423422,13.26530612244898,56.463161535800765
152.0,35.61643835616438,21.666666666666668,60.64579841991859
127.0,59.006211180124225,41.85022026431718,70.79332362629809
107.0,76.92307692307693,62.5,81.1990926513745
92.0,61.6,44.50867052023121,72.15852496450093
90.0,46.15384615384615,30.0,64.85333147087582
94.0,49.152542372881356,32.58426966292135,66.17241736468227
55.0,51.96850393700787,35.1063829787234,67.49236545182904
43.0,53.333333333333336,36.36363636363637,68.13994547484738
150.0,31.268436578171094,18.53146853146853,59.033306039171606
131.0,47.05882352941176,30.76923076923077,65.1509518600907
124.0,69.81818181818183,53.63128491620112,76.73277504595998
97.0,62.40601503759399,45.3551912568306,72.5777812830976
103.0,58.23754789272031,41.08108108108108,70.43175810541081
100.0,45.75645756457565,29.665071770334926,64.68587028274099
54.0,42.5287356321839,27.00729927007299,63.403926864339034
174.0,10.377358490566039,5.472636815920398,52.546943345665774
150.0,33.608815426997246,20.198675496688743,59.858890776379894
134.0,48.497854077253216,32.01133144475921,65.7659677418351
126.0,71.280276816609,55.376344086021504,77.60529304634588
103.0,63.23529411764706,46.236559139784944,73.01845924647462
103.0,58.64661654135338,41.48936170212766,70.63489602931445
107.0,56.3573883161512,39.23444976076555,69.49046319235627
91.0,34.51776649746193,20.858895705521473,60.30081317524488
176.0,9.569377990430622,5.025125628140704,52.3241882177302
151.0,30.53435114503817,18.01801801801802,58.736640903014916
135.0,48.4472049689441,31.967213114754102,65.73490003107808
129.0,72.35494880546075,56.68449197860963,78.26135923076677
116.0,62.5,45.45454545454545,72.61945816831414
112.0,59.60264900662252,42.45283018867924,71.10462457403455
116.0,59.57446808510638,42.42424242424242,71.07932836895655
74.0,38.31775700934579,23.699421965317917,61.71806642297012
180.0,8.071748878923767,4.205607476635514,51.89848615903257
149.0,31.5,18.694362017804153,59.07379885257538
139.0,48.897795591182366,32.360742705570296,65.92564645567403
126.0,70.19867549668875,54.08163265306123,76.95094215037723
124.0,59.47712418300654,42.32558139534884,71.0390011399226
110.0,60.40268456375839,43.269230769230774,71.51681799612359
109.0,57.52508361204013,40.375586854460096,70.06102161648938
81.0,39.44954128440367,24.571428571428573,62.15406447421288
60.0,35.714285714285715,21.73913043478261,60.797789158694435
138.0,32.76283618581907,19.5906432748538,59.52091983335976
138.0,47.48490945674044,31.13456464379947,65.30658473110506
129.0,61.756373937677054,44.67213114754098,72.20124623168888
124.0,59.934853420195445,42.7906976744186,71.27255513063633
111.0,58.94039735099338,41.78403755868544,70.76823416457242
109.0,56.52173913043478,39.39393939393939,69.55720729305635
99.0,27.67857142857143,16.06217616580311,57.86955652442115
147.0,8.465608465608465,4.41988950276243,52.03752408482085
153.0,0.0,0.0,49.67315051020408
168.0,17.19077568134172,9.403669724770642,54.30789849058917
175.0,29.850746268656714,17.543859649122805,58.349656135306915
172.0,38.32528180354267,23.705179282868528,61.470025764254245
169.0,40.30534351145038,25.239005736137663,62.22884664554466
173.0,41.01123595505618,25.795053003533567,62.47777835065745
174.0,38.75739644970414,24.036697247706424,61.60472088881475
169.0,34.82142857142857,21.08108108108108,60.10305677138814
27.0,85.1063829787234,74.07407407407408,87.03005880910817
30.0,98.30508474576271,96.66666666666667,98.33233626471507
51.0,67.2566371681416,50.66666666666667,75.2964351722579
64.0,72.22222222222221,56.52173913043478,78.22096851981
69.0,80.28169014084507,67.05882352941175,83.50147824647927
78.0,82.14285714285714,69.6969696969697,84.81854891139024
66.0,90.32258064516128,82.35294117647058,91.1644993192808
57.0,76.8,62.33766233766234,81.13990521926206
35.0,66.66666666666666,50.0,74.97607273887382
33.0,90.32258064516128,82.35294117647058,91.17048829582085
40.0,92.10526315789474,85.36585365853658,92.67694370168806
63.0,67.0967741935484,50.48543689320388,75.19184461370752
76.0,64.321608040201,47.40740740740741,73.63286238825032
79.0,74.07407407407408,58.82352941176471,79.36286836612265
81.0,80.43478260869566,67.27272727272727,83.60043692685105
69.0,89.20863309352518,80.51948051948052,90.24477438194165
57.0,67.0967741935484,50.48543689320388,75.19184461370752
42.0,52.10084033613446,35.22727272727273,67.55680118565252
33.0,77.77777777777779,63.63636363636363,81.80222903840995
41.0,78.26086956521739,64.28571428571429,82.12291298649497
70.0,67.05202312138728,50.43478260869565,75.16052550762808
82.0,68.75,52.38095238095239,76.12061451659049
88.0,72.97297297297297,57.446808510638306,78.66351803912991
82.0,79.16666666666666,65.51724137931035,82.71870052997453
74.0,85.35031847133759,74.44444444444444,87.19927225315479
63.0,62.42774566473989,45.378151260504204,72.62423384421004
47.0,59.57446808510638,42.42424242424242,71.15527356381867
34.0,76.31578947368422,61.702127659574465,80.8331165946585
46.0,67.82608695652173,51.31578947368421,75.62099583981995
74.0,64.8936170212766,48.031496062992126,73.94989948315724
92.0,67.1875,50.588235294117645,75.21026857538783
93.0,68.52589641434263,52.121212121212125,75.98174800510597
86.0,76.27906976744187,61.65413533834586,80.77616336925676
80.0,85.38011695906432,74.48979591836735,87.21994935331176
68.0,60.69651741293532,43.57142857142857,71.70689556876327
49.0,50.56179775280899,33.83458646616541,66.82952319059403
36.0,75.0,60.0,79.98005822996849
48.0,55.94405594405595,38.83495145631068,69.35464662332049
81.0,63.725490196078425,46.76258992805755,73.30745888013502
98.0,67.41573033707866,50.847457627118644,75.33687819662045
104.0,68.65671641791045,52.27272727272727,76.05250451967966
88.0,83.50515463917526,71.68141592920354,85.80876864930084
83.0,79.16666666666666,65.51724137931035,82.71870052997453
75.0,62.13592233009708,45.07042253521127,72.45738559710755
59.0,6.015037593984962,3.10077519379845,51.42581612277023
35.0,74.07407407407408,58.82352941176471,79.39082584734926
59.0,55.4054054054054,38.31775700934579,69.09305622482847
84.0,63.55140186915887,46.57534246575342,73.20983934974427
100.0,65.46762589928058,48.663101604278076,74.23571372516989
105.0,72.26277372262774,56.57142857142857,78.20983114574983
92.0,85.43689320388349,74.57627118644068,87.25818830045561
87.0,75.57603686635944,60.74074074074074,80.31746982339867
76.0,61.81818181818181,44.73684210526316,72.28460210156588
57.0,0.0,0.0,49.857501594387756
38.0,62.745098039215684,45.714285714285715,72.81925198286079
64.0,58.50340136054422,41.34615384615385,70.61223875261035
95.0,60.75949367088608,43.63636363636363,71.72537485666179
101.0,66.20689655172414,49.48453608247423,74.64442459075788
107.0,71.68458781362007,55.865921787709496,77.85408079161016
101.0,84.95575221238938,73.84615384615385,86.88913123617597
98.0,80.1762114537445,66.91176470588235,83.41095872311189
76.0,60.42553191489362,43.292682926829265,71.5535363541441
61.0,0.0,0.0,49.84355070153062
45.0,67.32673267326733,50.74626865671642,75.34022778294718
62.0,60.810810810810814,43.689320388349515,71.78681175707995
90.0,63.33333333333333,46.34146341463415,73.08290735601966
102.0,63.2996632996633,46.30541871921182,73.04388782691952
108.0,71.37809187279152,55.494505494505496,77.66637406527572
105.0,87.22466960352423,77.34375,88.64291959132935
102.0,76.59574468085107,62.06896551724138,80.97957719618807
81.0,60.24096385542169,43.103448275862064,71.45292371478578
82.0,9.424083769633508,4.945054945054945,52.300103369033145
35.0,81.35593220338984,68.57142857142857,84.27474762436479
37.0,91.42857142857143,84.21052631578947,92.09928038827124
63.0,61.64383561643836,44.554455445544555,72.22137405937039
82.0,65.625,48.837209302325576,74.35275347482133
71.0,81.0126582278481,68.08510638297872,84.01262024129778
81.0,82.55813953488372,70.29702970297029,85.1185777194624
75.0,89.20863309352518,80.51948051948052,90.24477438194165
58.0,76.5625,62.0253164556962,80.98273423479047
42.0,60.86956521739131,43.75,71.83910624551328
35.0,76.05633802816901,61.36363636363637,80.66486869129993
42.0,74.0,58.730158730158735,79.33915144469803
73.0,65.08875739644971,48.24561403508772,74.06394945285042
86.0,67.2811059907834,50.69444444444444,75.27636818154602
92.0,71.69811320754717,55.88235294117647,77.88129623106728
82.0,80.85106382978722,67.85714285714286,83.89264328485886
77.0,87.34177215189874,77.52808988764045,88.74408765242381
60.0,67.08074534161491,50.467289719626166,75.18077386504032
45.0,54.385964912280706,37.34939759036144,68.62284915912528
37.0,54.90196078431373,37.83783783783784,68.87305467707479
57.0,59.375,42.22222222222222,71.05925423608618
78.0,62.637362637362635,45.6,72.73216145573535
94.0,67.21311475409836,50.617283950617285,75.22879209308722
98.0,71.25506072874494,55.34591194968554,77.60208071529956
87.0,85.71428571428571,75.0,87.47305120271484
87.0,86.03351955307262,75.49019607843137,87.72014744139935
70.0,59.893048128342244,42.74809160305343,71.29922537056103
47.0,49.23076923076923,32.6530612244898,66.26072014638656
37.0,54.71698113207547,37.66233766233766,68.78330953749224
62.0,54.166666666666664,37.142857142857146,68.50560891728094
81.0,65.65656565656566,48.87218045112782,74.36824085117505
100.0,65.67164179104478,48.888888888888886,74.35260607996592
103.0,67.9245283018868,51.42857142857142,75.62943166325348
89.0,84.84848484848484,73.68421052631578,86.81216036177644
89.0,86.17021276595744,75.70093457943925,87.82451659603763
74.0,61.78010471204188,44.696969696969695,72.2756552696992
52.0,44.85981308411215,28.915662650602407,64.34013263395106
36.0,55.55555555555556,38.46153846153847,69.18290898269362
62.0,43.02325581395349,27.40740740740741,63.60597538842019
90.0,60.66350710900474,43.53741496598639,71.68589298746319
101.0,66.17647058823529,49.45054945054945,74.63343269356926
107.0,67.62589928057554,51.08695652173913,75.4536256192019
97.0,89.0,80.18018018018019,90.06812830359858
89.0,86.17021276595744,75.70093457943925,87.82451659603763
76.0,55.60538116591929,38.50931677018634,69.15588359162228
53.0,41.14832535885167,25.903614457831324,62.82913354092572
44.0,51.28205128205128,34.48275862068966,67.18454526575503
65.0,46.98795180722892,30.708661417322837,65.2665711697979
94.0,58.723404255319146,41.566265060240966,70.68633966684789
104.0,66.66666666666666,50.0,74.90615390759154
106.0,67.59581881533101,51.05263157894737,75.43346249767473
98.0,86.79245283018868,76.66666666666667,88.30538029443869
90.0,76.63551401869158,62.121212121212125,81.01069988421767
82.0,55.55555555555556,38.46153846153847,69.11900616846133
53.0,40.36697247706422,25.287356321839084,62.5140204572572
45.0,47.24409448818898,30.927835051546392,65.39711259616764
67.0,46.927374301675975,30.656934306569344,65.23372107278043
97.0,57.14285714285714,40.0,69.89222417371866
104.0,64.13793103448275,47.20812182741117,73.50023326759812
108.0,65.33333333333333,48.51485148514851,74.15358772987408
102.0,85.97285067873304,75.39682539682539,87.66746283718788
92.0,81.3397129186603,68.54838709677419,84.23526439943818
84.0,50.349650349650354,33.64485981308411,66.68072465346845
59.0,33.92857142857143,20.43010752688172,60.06746111913913
51.0,48.888888888888886,32.35294117647059,66.10766736545244
67.0,48.0,31.57894736842105,65.69871691235909
94.0,47.72727272727273,31.343283582089555,65.53395296778535
103.0,63.667820069204154,46.7005076142132,73.24542991125163
109.0,65.78073089700996,49.00990099009901,74.4021088711503
104.0,86.48648648648648,76.19047619047619,88.06528601856078
92.0,79.06976744186046,65.38461538461539,82.64738944352048
86.0,45.51282051282051,29.460580912863072,64.5606467083026
62.0,0.0,0.0,49.81265943877551
47.0,0.0,0.0,49.95316485969388
67.0,0.0,0.0,49.9332350127551
92.0,0.0,0.0,49.8355787627551
104.0,0.0,0.0,49.82959980867347
104.0,62.17616580310881,45.11278195488722,72.48355994543786
101.0,88.65979381443299,79.62962962962963,89.79285434366288
95.0,81.48148148148148,68.75,84.34506585511873
82.0,0.0,0.0,49.918287627551024
60.0,0.0,0.0,49.940210459183675
14.0,82.75862068965517,70.58823529411765,85.28913399344269
22.0,85.1063829787234,74.07407407407408,87.03005880910817
24.0,93.61702127659575,88.0,93.9970092116282
31.0,81.9672131147541,69.44444444444444,84.71125534219989
36.0,86.56716417910447,76.31578947368422,88.14892111927774
27.0,84.21052631578947,72.72727272727273,86.35466364071405
35.0,86.95652173913044,76.92307692307693,88.4525646650243
34.0,91.42857142857143,84.21052631578947,92.09928038827124
27.0,83.33333333333334,71.42857142857143,85.70431582335631
35.0,86.11111111111111,75.60975609756098,87.79490696492367
39.0,84.93150684931507,73.80952380952381,86.89379371251943
27.0,90.9090909090909,83.33333333333334,91.66168172120197
41.0,80.0,66.66666666666666,83.31638147660644
39.0,86.04651162790698,75.51020408163265,87.74313530833263
28.0,85.71428571428571,75.0,87.49102674031386
41.0,70.96774193548387,55.00000000000001,77.47307699978063
40.0,74.72527472527473,59.64912280701754,79.80162653852531
28.0,86.66666666666667,76.47058823529412,88.22731804586242
41.0,78.65168539325843,64.81481481481481,82.3884608367367
39.0,85.0,73.91304347826086,86.94455572261732
28.0,87.09677419354838,77.14285714285715,88.56345234059646
43.0,71.11111111111111,55.172413793103445,77.56028156151662
43.0,88.37209302325581,79.16666666666666,89.573360857367
27.0,80.0,66.66666666666666,83.32037221668328
38.0,44.776119402985074,28.846153846153843,64.34929237396034
37.0,76.74418604651163,62.264150943396224,81.11213250857266
30.0,87.09677419354838,77.14285714285715,88.56345234059646
43.0,44.303797468354425,28.455284552845526,64.13988973857948
39.0,63.55140186915887,46.57534246575342,73.24878167920913
30.0,85.71428571428571,75.0,87.49102674031386
40.0,40.0,25.0,62.40427568602425
39.0,77.10843373493977,62.745098039215684,81.35360358246682
30.0,90.32258064516128,82.35294117647058,91.17048829582085
43.0,44.5945945945946,28.695652173913043,64.26605993814213
39.0,65.3061224489796,48.484848484848484,74.2085218812245
29.0,86.20689655172413,75.75757575757575,87.87081196604436
40.0,39.743589743589745,24.8,62.30627181174594
40.0,56.88073394495413,39.743589743589745,69.82493077766783
29.0,65.85365853658537,49.09090909090909,74.51753773754213
41.0,37.267080745341616,22.900763358778626,61.34967574073019
41.0,50.0,33.33333333333333,66.60285045734949
29.0,62.65060240963856,45.614035087719294,72.77611026569414
41.0,45.80152671755725,29.7029702970297,64.78069186490299
41.0,59.32203389830508,42.168674698795186,71.0364723287558
28.0,90.32258064516128,82.35294117647058,91.17048829582085
43.0,18.181818181818183,10.0,54.90132562543606
41.0,60.24096385542169,43.103448275862064,71.51882349786403
28.0,59.77011494252874,42.62295081967213,71.27658009577824
47.0,0.0,0.0,49.9152981505102
38.0,46.478873239436616,30.275229357798167,65.06183141902233
30.0,65.85365853658537,49.09090909090909,74.51753773754213
17.0,66.66666666666666,50.0,74.98504814497319
22.0,79.16666666666666,65.51724137931035,82.7486519913678
29.0,80.59701492537313,67.5,83.7370386248978
32.0,68.23529411764706,51.78571428571429,75.86593629016407
28.0,60.0,42.857142857142854,71.3926783898269
23.0,70.76923076923077,54.761904761904766,77.36201034358672
30.0,70.58823529411765,54.54545454545454,77.24780006018788
32.0,68.18181818181817,51.724137931034484,75.83415048747312
21.0,0.0,0.0,49.979073660714285
22.0,97.77777777777777,95.65217391304348,97.82509002706448
23.0,89.79591836734694,81.48148148148148,90.73575609345438
28.0,94.73684210526315,90.0,94.99700891343797
29.0,90.0,81.81818181818183,90.90310873596682
30.0,91.80327868852459,84.84848484848484,92.41925718056372
26.0,87.27272727272727,77.41935483870968,88.7026986348597
28.0,90.32258064516128,82.35294117647058,91.17048829582085
32.0,87.5,77.77777777777779,88.88091249900295
19.0,0.0,0.0,49.98106664540816
25.0,60.75949367088608,43.63636363636363,71.7872757725605
29.0,87.71929824561403,78.125,89.05552107634942
28.0,80.7017543859649,67.64705882352942,83.81256296907932
28.0,84.7457627118644,73.52941176470588,86.75573298051648
27.0,90.0,81.81818181818183,90.90310873596682
27.0,81.9672131147541,69.44444444444444,84.71125534219989
33.0,84.50704225352112,73.17073170731707,86.5743978801412
33.0,88.57142857142857,79.48717948717949,89.73561287650429
33.0,0.0,0.0,49.967115752551024
27.0,44.85981308411215,28.915662650602407,64.39901014169935
27.0,71.875,56.09756097560976,78.03083539977426
30.0,69.56521739130434,53.333333333333336,76.64573031318126
36.0,80.95238095238095,68.0,83.98404531131587
28.0,84.84848484848484,73.68421052631578,86.83213477580047
31.0,71.7948717948718,56.00000000000001,77.97806492781368
34.0,81.0126582278481,68.08510638297872,84.02759626743065
42.0,86.66666666666667,76.47058823529412,88.22332690780203
36.0,59.64912280701754,42.5,71.22707290815208
28.0,81.25,68.42105263157895,84.1985622081125
30.0,83.87096774193549,72.22222222222221,86.1011410213803
35.0,83.78378378378379,72.09302325581395,86.03454632727879
35.0,83.11688311688312,71.11111111111111,85.542592888038
31.0,71.60493827160494,55.769230769230774,77.86168280639536
29.0,64.36781609195403,47.45762711864407,73.69790504851402
34.0,77.64705882352942,63.46153846153846,81.71182341580004
41.0,82.10526315789474,69.64285714285714,84.80447502414812
35.0,64.1025641025641,47.16981132075472,73.55698996577506
27.0,44.827586206896555,28.888888888888886,64.38063587016727
31.0,62.365591397849464,45.3125,72.62135259836083
33.0,90.14084507042254,82.05128205128204,91.01866112774695
33.0,86.11111111111111,75.60975609756098,87.79490696492367
29.0,72.72727272727273,57.14285714285714,78.55049054797799
33.0,58.4070796460177,41.25,70.57813403665516
36.0,75.26881720430107,60.3448275862069,80.14947847071258
36.0,67.96116504854369,51.470588235294116,75.70238691595583
37.0,37.362637362637365,22.972972972972975,61.42966717190686
38.0,48.10126582278481,31.666666666666664,65.7515590304094
30.0,51.28205128205128,34.48275862068966,67.18454526575503
40.0,84.44444444444444,73.07692307692307,86.52450007210867
41.0,81.25,68.42105263157895,84.19257550102193
35.0,68.0,51.515151515151516,75.72566638020749
42.0,57.55395683453237,40.4040404040404,70.14318024669868
42.0,53.16455696202531,36.206896551724135,68.02964606578507
41.0,76.63551401869158,62.121212121212125,81.03567337884681
45.0,53.75,36.75213675213676,68.30226469386305
53.0,54.54545454545454,37.5,68.66521197007481
52.0,64.86486486486487,48.0,73.94813278008299
48.0,86.0,75.43859649122807,87.70533538681843
53.0,88.88888888888889,80.0,89.98803064155761
61.0,86.13138686131386,75.64102564102564,87.80155717671929
60.0,74.35897435897436,59.183673469387756,79.55193091243441
52.0,63.41463414634146,46.42857142857143,73.15443414617462
48.0,61.935483870967744,44.85981308411215,72.371057196381
41.0,42.05128205128205,26.623376623376622,63.198992590136505
17.0,0.0,0.0,49.98305963010204
25.0,14.814814814814813,8.0,53.97707976242676
26.0,80.64516129032258,67.56756756756756,83.77181991466851
31.0,78.87323943661971,65.11627906976744,82.5431838038476
29.0,78.43137254901961,64.51612903225806,82.24709872938367
21.0,82.92682926829268,70.83333333333334,85.40968885610425
29.0,83.07692307692308,71.05263157894737,85.51534847207951
36.0,83.33333333333334,71.42857142857143,85.70232065226682
38.0,0.0,0.0,49.962133290816325
22.0,66.66666666666666,50.0,74.97806755194003
25.0,87.71929824561403,78.125,89.05552107634942
31.0,89.55223880597015,81.08108108108108,90.5335609210295
29.0,81.69014084507043,69.04761904761905,84.51084763177211
30.0,68.96551724137932,52.63157894736842,76.28886808414168
30.0,68.23529411764706,51.78571428571429,75.86593629016407
31.0,76.5432098765432,62.0,80.98105494067205
38.0,82.35294117647058,70.0,84.98504218104944
38.0,53.84615384615385,36.84210526315789,68.3971301404502
27.0,70.27027027027027,54.166666666666664,77.06139913592556
29.0,85.24590163934425,74.28571428571429,87.13388406209941
35.0,90.41095890410958,82.5,91.24301996290609
31.0,74.69879518072288,59.61538461538461,79.786753031593
28.0,63.52941176470588,46.55172413793103,73.24495417449106
30.0,61.855670103092784,44.776119402985074,72.35116742693425
35.0,73.91304347826086,58.620689655172406,79.28641279456
41.0,80.0,66.66666666666666,83.31338758576672
37.0,63.63636363636363,46.666666666666664,73.3094075034061
38.0,68.57142857142857,52.17391304347826,76.05404866374153
33.0,80.51948051948052,67.3913043478261,83.68069554812783
39.0,80.89887640449437,67.9245283018868,83.94531161803553
33.0,71.73913043478261,55.932203389830505,77.94017584285216
30.0,64.51612903225806,47.61904761904761,73.77661988897182
36.0,52.307692307692314,35.41666666666667,67.6465089146823
38.0,62.18487394957983,45.1219512195122,72.51610036294224
44.0,63.76811594202898,46.808510638297875,73.3543869715865
45.0,67.1875,50.588235294117645,75.25222907067202
29.0,51.85185185185185,35.0,67.4481534657414
34.0,67.36842105263158,50.79365079365079,75.36591442043739
36.0,80.45977011494253,67.3076923076923,83.63689395903553
39.0,78.78787878787878,65.0,82.47905738277122
32.0,62.13592233009708,45.07042253521127,72.496323265053
34.0,50.0,33.33333333333333,66.60085488835264
36.0,52.23880597014925,35.35353535353536,67.61294764924529
44.0,61.111111111111114,44.0,71.94414745073007
39.0,60.0,42.857142857142854,71.37671351924298
61.0,65.19337016574586,48.36065573770492,74.11747494469498
49.0,78.63247863247864,64.7887323943662,82.36943102862135
38.0,80.85106382978722,67.85714285714286,83.91062097183203
41.0,73.21428571428571,57.74647887323944,78.84332021850862
30.0,57.692307692307686,40.54054054054054,70.22639837620095
37.0,47.368421052631575,31.03448275862069,65.4374647538616
46.0,54.54545454545454,37.5,68.67519598651532
46.0,57.692307692307686,40.54054054054054,70.20444273840376
39.0,47.05882352941176,30.76923076923077,65.32180131426362
59.0,61.20218579234973,44.09448818897638,71.97641408650735
53.0,70.4225352112676,54.347826086956516,77.1320186174319
56.0,86.88524590163934,76.81159420289855,88.38983636486128
61.0,86.95652173913044,76.92307692307693,88.44358012487952
60.0,75.47169811320755,60.60606060606061,80.26412057360257
37.0,60.50420168067227,43.373493975903614,71.63987822050068
43.0,50.887573964497044,34.12698412698413,66.98071225777527
45.0,60.0,42.857142857142854,71.3687282177837
50.0,55.24861878453039,38.16793893129771,69.00317307255945
61.0,62.637362637362635,45.6,72.73216145573535
58.0,77.03703703703704,62.65060240963856,81.29437789462854
57.0,86.1788617886179,75.71428571428571,87.84018457451812
61.0,85.71428571428571,75.0,87.48004629260116
61.0,73.61963190184049,58.252427184466015,79.08331312132552
60.0,75.81699346405229,61.05263157894737,80.48940290388367
53.0,60.91954022988506,43.80165289256198,71.832993315782
50.0,49.504950495049506,32.89473684210527,66.34562481494004
52.0,58.139534883720934,40.98360655737705,70.41998426260905
66.0,0.0,0.0,49.93423150510204
64.0,0.0,0.0,49.93622448979592
66.0,0.0,0.0,49.93423150510204
66.0,0.0,0.0,49.93423150510204
28.0,0.0,0.0,49.972098214285715
41.0,0.0,0.0,49.95914381377551
69.0,0.0,0.0,49.83059630102041
68.0,0.0,0.0,49.93223852040816
66.0,0.0,0.0,49.849529655612244
30.0,89.28571428571429,80.64516129032258,90.31659871060364
35.0,93.93939393939394,88.57142857142857,94.28172585217156
37.0,92.95774647887323,86.8421052631579,93.41606689079758
32.0,85.24590163934425,74.28571428571429,87.13388406209941
20.0,70.58823529411765,54.54545454545454,77.262759965495
34.0,95.52238805970148,91.42857142857143,95.71129432947397
44.0,90.0,81.81818181818183,90.90111324654603
42.0,86.74698795180723,76.59574468085107,88.28690305442632
39.0,84.50704225352112,73.17073170731707,86.5743978801412
29.0,84.21052631578947,72.72727272727273,86.35466364071405
38.0,93.33333333333333,87.5,93.7450140603498
45.0,93.02325581395348,86.95652173913044,93.47227714529522
56.0,87.37864077669903,77.58620689655173,88.78013741927185
41.0,84.21052631578947,72.72727272727273,86.35167082438939
31.0,81.9672131147541,69.44444444444444,84.71125534219989
49.0,90.10989010989012,82.0,90.99102423456667
59.0,90.09009009009009,81.9672131147541,90.97263420769823
43.0,87.5,77.77777777777779,88.87891700958852
32.0,85.71428571428571,75.0,87.49102674031386
5.0,0.0,0.0,49.99501753826531
42.0,95.0,90.47619047619048,95.23410624770871
50.0,94.73684210526315,90.0,94.9950130657677
62.0,92.56198347107438,86.15384615384616,93.0679446252072
46.0,88.63636363636364,79.59183673469387,89.78594569247609
33.0,86.95652173913044,76.92307692307693,88.4525646650243
52.0,94.11764705882352,88.88888888888889,94.43845976522324
62.0,91.66666666666666,84.61538461538461,92.2977164492697
46.0,88.63636363636364,79.59183673469387,89.78594569247609
34.0,84.05797101449275,72.5,86.23903224519911
8.0,0.0,0.0,49.99202806122449
53.0,98.11320754716981,96.29629629629629,98.14615309587778
64.0,93.65079365079364,88.05970149253731,94.02186942256611
45.0,88.88888888888889,80.0,89.99002712621669
33.0,87.32394366197182,77.5,88.74102602452886
7.0,0.0,0.0,49.99302455357143
44.0,95.55555555555556,91.48936170212765,95.74069146283651
54.0,96.29629629629629,92.85714285714286,96.42458132403068
66.0,93.54838709677419,87.87878787878788,93.93141277494205
47.0,87.2340425531915,77.35849056603774,88.66727759577444
36.0,84.93150684931507,73.80952380952381,86.89379371251943
37.0,89.74358974358975,81.3953488372093,90.68969691516435
54.0,94.44444444444444,89.47368421052632,94.73085706785666
46.0,86.95652173913044,76.92307692307693,88.44957101299849
33.0,95.38461538461539,91.17647058823529,95.5852439689606
17.0,0.0,0.0,49.98305963010204
39.0,97.43589743589743,95.0,97.49800550480673
47.0,91.83673469387756,84.90566037735849,92.44485109390754
65.0,92.91338582677166,86.76470588235294,93.37337395201112
45.0,85.71428571428571,75.0,87.4870355226679
37.0,90.14084507042254,82.05128205128204,91.01866112774695
40.0,95.23809523809523,90.9090909090909,95.45055630503214
51.0,91.58878504672897,84.48275862068965,92.23240211242754
67.0,93.12977099236642,87.14285714285714,93.56244922392783
53.0,93.45794392523365,87.71929824561403,93.85266671846595
36.0,91.66666666666666,84.61538461538461,92.30170941875467
43.0,94.3820224719101,89.36170212765957,94.67586442801377
56.0,93.80530973451327,88.33333333333333,94.15968384440943
68.0,93.23308270676691,87.32394366197182,93.65299230430675
54.0,93.57798165137615,87.93103448275862,93.9585346977384
38.0,88.0,78.57142857142857,89.27673995230782
43.0,93.33333333333333,87.5,93.74401603702078
60.0,94.3089430894309,89.23076923076924,94.6084010964892
70.0,93.5251798561151,87.83783783783784,93.90993885466156
57.0,94.01709401709401,88.70967741935483,94.34785560878159
40.0,91.35802469135803,84.0909090909091,92.03847395150572
66.0,91.42857142857143,84.21052631578947,92.0932899778181
70.0,95.1048951048951,90.66666666666666,95.32634842074452
57.0,94.01709401709401,88.70967741935483,94.34785560878159
40.0,92.5,86.04651162790698,93.01727244771165
31.0,0.0,0.0,49.9691087372449
52.0,87.37864077669903,77.58620689655173,88.78013741927185
67.0,90.9090909090909,83.33333333333334,91.65369546273938
72.0,94.44444444444444,89.47368421052632,94.7288593480188
61.0,94.21487603305785,89.0625,94.52426662044334
39.0,90.0,81.81818181818183,90.90111324654603
60.0,84.68468468468468,73.4375,86.7017937471324
69.0,89.04109589041096,80.24691358024691,90.10749223144371
73.0,95.17241379310344,90.78947368421053,95.38775179011651
61.0,95.08196721311475,90.625,95.30651412666109
41.0,92.85714285714286,86.66666666666667,93.32734972841082
58.0,75.16778523489933,60.215053763440864,80.07061546911069
64.0,84.72222222222221,73.49397590361446,86.72503843569429
58.0,86.66666666666667,76.47058823529412,88.2193336994841
35.0,91.66666666666666,84.61538461538461,92.30170941875467
31.0,0.0,0.0,49.9691087372449
22.0,0.0,0.0,49.97807716836735
39.0,0.0,0.0,49.96113679846938
52.0,0.0,0.0,49.94818239795919
66.0,0.0,0.0,49.93423150510204
57.0,0.0,0.0,49.94319993622449
60.0,0.0,0.0,49.940210459183675
27.0,0.0,0.0,49.97309470663265
49.0,0.0,0.0,49.951171875
58.0,0.0,0.0,49.94220344387755
72.0,0.0,0.0,49.92825255102041
78.0,0.0,0.0,49.92227359693878
79.0,57.89473684210527,40.74074074074074,70.32250725886927
85.0,0.0,0.0,49.9152981505102
80.0,0.0,0.0,49.9202806122449
80.0,89.30817610062893,80.68181818181817,90.3239447160962
53.0,89.47368421052632,80.95238095238095,90.46422040137752
76.0,87.27272727272727,77.41935483870968,88.68872100868901
83.0,88.04347826086956,78.64077669902912,89.29843007024517
89.0,89.94708994708994,81.73076923076923,90.84641913256335
89.0,92.3076923076923,85.71428571428571,92.8431685698315
88.0,90.3954802259887,82.4742268041237,91.22014597951315
83.0,92.7710843373494,86.51685393258427,93.2464506793403
64.0,87.87878787878788,78.37837837837837,89.17322686028541
47.0,0.0,0.0,49.95316485969388
68.0,88.88888888888889,80.0,89.98303664085576
79.0,87.15083798882681,77.22772277227723,88.59090637795465
86.0,86.73469387755102,76.57657657657657,88.26233552232235
87.0,88.42105263157895,79.24528301886792,89.60068191508756
88.0,89.61748633879782,81.1881188118812,90.575095058913
92.0,90.32258064516128,82.35294117647058,91.15850364740642
87.0,89.28571428571429,80.64516129032258,90.30461693186216
65.0,87.21804511278195,77.33333333333333,88.6497066922064
78.0,86.36363636363636,76.0,87.97604790419162
83.0,81.81818181818183,69.23076923076923,84.57945288567107
91.0,85.99033816425121,75.42372881355932,87.68291477913178
93.0,88.66995073891626,79.64601769911505,89.80004834163115
91.0,88.88888888888889,80.0,89.97803865197254
96.0,88.23529411764706,78.94736842105263,89.44972541964663
81.0,91.56626506024097,84.44444444444444,92.20825016633401
67.0,86.13138686131386,75.64102564102564,87.80155717671929
83.0,80.59701492537313,67.5,83.71107395947699
89.0,85.85365853658537,75.21367521367522,87.57788855716502
92.0,84.90566037735849,73.77049180327869,86.8533008471331
94.0,90.64039408866995,82.88288288288288,91.42247330790579
96.0,95.0,90.47619047619048,95.22811141189369
83.0,91.95402298850574,85.1063829787234,92.539218317851
66.0,86.52482269503547,76.25,88.10604359972064
50.0,0.0,0.0,49.950175382653065
79.0,76.23762376237624,61.6,80.75209485219266
88.0,78.57142857142857,64.70588235294117,82.30502550804701
91.0,84.90566037735849,73.77049180327869,86.8533008471331
102.0,90.49773755656109,82.64462809917356,91.301345921142
105.0,88.59649122807018,79.52755905511812,89.73781846914667
100.0,90.54726368159204,82.72727272727273,91.34466860881956
73.0,89.171974522293,80.45977011494253,90.2129210212281
58.0,78.68852459016394,64.86486486486487,82.40649882247394
90.0,83.25358851674642,71.31147540983606,85.62079989422107
93.0,83.87096774193549,72.22222222222221,86.07617051013277
92.0,83.9622641509434,72.35772357723577,86.1449208458583
109.0,93.04347826086956,86.99186991869918,93.47995700892118
101.0,91.16279069767442,83.76068376068376,91.8613714741755
98.0,91.83673469387756,84.90566037735849,92.43685766142613
71.0,88.1578947368421,78.82352941176471,89.39380386052522
51.0,57.57575757575758,40.42553191489361,70.15692009203535
75.0,0.0,0.0,49.40708705357143
81.0,0.0,0.0,49.50275031887755
86.0,0.0,0.0,49.63827327806122
84.0,0.0,0.0,49.69507334183674
97.0,0.0,0.0,49.76084183673469
92.0,0.0,0.0,49.908322704081634
95.0,0.0,0.0,49.90533322704081
62.0,89.07563025210085,80.3030303030303,90.13854705303741
70.0,18.304172274562582,10.074074074074074,54.43134533112182
83.0,24.12213740458015,13.715277777777779,56.361601202001445
87.0,33.398058252427184,20.04662004662005,59.6809263139868
90.0,17.24137931034483,9.433962264150944,54.429819643621755
104.0,33.557046979865774,20.161290322580644,59.88314286707175
88.0,90.58823529411765,82.79569892473118,91.38188107976315
94.0,89.26553672316385,80.61224489795919,90.28715923760964
60.0,87.93103448275862,78.46153846153847,89.21680414348742
84.0,93.64161849710982,88.04347826086956,94.01075999080008
90.0,91.71270718232044,84.6938775510204,92.33196662371255
68.0,90.76923076923077,83.09859154929578,91.53732378909409
53.0,77.27272727272727,62.96296296296296,81.46153812062632
10.0,0.0,0.0,49.99003507653062
11.0,0.0,0.0,49.989038584183675
8.0,0.0,0.0,49.99202806122449
47.0,0.0,0.0,49.95316485969388
88.0,25.03597122302158,14.309210526315788,56.63453099535458
92.0,33.76146788990826,20.309050772626932,59.79413084913592
95.0,40.909090909090914,25.71428571428571,62.59758928927959
108.0,54.21994884910486,37.19298245614035,68.41774147772067
89.0,92.73743016759776,86.45833333333334,93.21619080177537
98.0,92.14659685863874,85.43689320388349,92.70347295555939
73.0,85.71428571428571,75.0,87.48004629260116
44.0,80.0,66.66666666666666,83.31737928100405
90.0,26.229508196721312,15.09433962264151,57.05303948070264
94.0,33.631484794275494,20.21505376344086,59.737134325512606
96.0,40.94827586206897,25.745257452574528,62.5990718883647
110.0,53.431372549019606,36.45484949832776,68.03767900845644
102.0,88.88888888888889,80.0,89.97803865197254
97.0,91.75257731958763,84.76190476190476,92.36498017259493
72.0,88.40579710144928,79.22077922077922,89.59442632594383
47.0,85.71428571428571,75.0,87.48803350618269
76.0,20.266666666666666,11.275964391691394,55.041175808620146
90.0,25.844346549192366,14.839797639123104,56.915786058021865
92.0,32.21238938053098,19.198312236286917,59.21680611315195
97.0,40.33613445378151,25.263157894736842,62.34803262148982
110.0,51.173708920187785,34.38485804416404,66.98470736909702
104.0,91.78743961352657,84.82142857142857,92.39374178117164
99.0,90.15544041450777,82.0754716981132,91.01876960896398
72.0,85.71428571428571,75.0,87.48004629260116
74.0,18.635170603674542,10.274963820549928,54.518781181804755
85.0,23.762376237623762,13.48314606741573,56.203562972221
91.0,32.37410071942446,19.313304721030043,59.281297970066596
88.0,39.01345291479821,24.233983286908078,61.845474943180534
103.0,49.275362318840585,32.69230769230769,66.13646418684962
102.0,92.89099526066352,86.72566371681415,93.34785522195995
112.0,90.74074074074075,83.05084745762711,91.50545488021737
78.0,91.25,83.9080459770115,91.94005176921748
80.0,21.525885558583106,12.061068702290076,55.4556496275089
90.0,26.606875934230196,15.344827586206897,57.18226664913395
92.0,31.399317406143346,18.62348178137652,58.9104151179864
96.0,41.113490364025694,25.87601078167116,62.66344468796018
106.0,50.59665871121718,33.86581469648562,66.72619674309003
99.0,90.65420560747664,82.90598290598291,91.43302300314222
111.0,90.17857142857143,82.11382113821138,91.03494351967983
75.0,86.48648648648648,76.19047619047619,88.07528279511038
94.0,0.0,0.0,49.906329719387756
88.0,0.0,0.0,49.881417410714285
66.0,88.70967741935483,79.71014492753623,89.84110626197645
64.0,0.0,0.0,49.93622448979592
31.0,0.0,0.0,49.9691087372449
12.0,0.0,0.0,49.98804209183674
45.0,0.0,0.0,49.955157844387756
29.0,0.0,0.0,49.886399872448976
44.0,0.0,0.0,49.95615433673469
52.0,88.07339449541286,78.68852459016394,89.33129549010272
63.0,93.02325581395348,86.95652173913044,93.46928170123574
70.0,93.61702127659575,88.0,93.99101975653562
51.0,85.14851485148515,74.13793103448276,87.05400531138895
46.0,84.78260869565217,73.58490566037736,86.77849108536948
60.0,87.8048780487805,78.26086956521739,89.11547129352206
74.0,91.2751677852349,83.9506172839506,91.96233666145324
76.0,94.26751592356688,89.1566265060241,94.5693315756339
60.0,89.83050847457628,81.53846153846153,90.75726021678977
49.0,82.82828282828282,70.6896551724138,85.3278733626106
63.0,84.84848484848484,73.68421052631578,86.82215314823371
75.0,90.54054054054053,82.71604938271605,91.34405514496915
82.0,93.33333333333333,87.5,93.73902173696082
58.0,85.9504132231405,75.36231884057972,87.66420147599172
53.0,73.50427350427351,58.108108108108105,79.02313629529236
63.0,79.71014492753623,66.26506024096386,83.1045977168986
77.0,91.71974522292994,84.70588235294117,92.33996816034413
82.0,91.66666666666666,84.61538461538461,92.29371997291517
65.0,88.7218045112782,79.72972972972973,89.8498998829226
55.0,72.58064516129032,56.9620253164557,78.44710150544813
69.0,80.0,66.66666666666666,83.3044016121952
81.0,89.57055214723927,81.11111111111111,90.53859050356266
84.0,91.22807017543859,83.87096774193549,91.92051321345647
65.0,84.44444444444444,73.07692307692307,86.51751139979157
67.0,79.16666666666666,65.51724137931035,82.72869192012665
88.0,91.95402298850574,85.1063829787234,92.539218317851
82.0,92.3076923076923,85.71428571428571,92.84416828729975
65.0,87.87878787878788,78.37837837837837,89.17322686028541
22.0,0.0,0.0,49.97807716836735
72.0,79.19463087248322,65.55555555555556,82.74685014843045
86.0,87.86127167630057,78.35051546391753,89.15429964812643
92.0,87.91208791208791,78.43137254901961,89.19372843356442
63.0,85.71428571428571,75.0,87.48104511263193
48.0,0.0,0.0,49.952168367346935
60.0,70.34482758620689,54.25531914893617,77.08476680638829
70.0,76.72955974842768,62.244897959183675,81.08553388431099
84.0,88.09523809523809,78.72340425531915,89.34174284459702
97.0,92.2279792746114,85.57692307692307,92.77348759312642
81.0,90.79754601226993,83.14606741573034,91.55806424556825
61.0,91.2,83.82352941176471,91.90079082372189
72.0,90.41095890410958,82.5,91.23603073238874
83.0,92.94117647058823,86.81318681318682,93.39461664151764
65.0,83.72093023255815,72.0,85.97905111527872
25.0,0.0,0.0,49.97508769132653
54.0,83.92857142857143,72.3076923076923,86.13589247433929
66.0,91.97080291970804,85.13513513513513,92.55659237151066
87.0,91.66666666666666,84.61538461538461,92.29371997291517
84.0,91.42857142857143,84.21052631578947,92.0902919027047
67.0,85.71428571428571,75.0,87.48104511263193
57.0,72.85714285714285,57.30337078651685,78.6137801563507
72.0,92.95774647887323,86.8421052631579,93.4110745832852
90.0,91.86046511627907,84.94623655913979,92.45914538698152
89.0,91.80327868852459,84.84848484848484,92.4092699735517
78.0,84.56375838926175,73.25581395348837,86.60495883953428
62.0,68.78980891719745,52.42718446601942,76.16471150199338
77.0,91.3907284768212,84.14634146341463,92.06019849229965
88.0,91.32947976878613,84.04255319148936,92.0063056394
91.0,91.39784946236558,84.15841584158416,92.06323698788997
83.0,86.79245283018868,76.66666666666667,88.3123781773671
79.0,93.5064935064935,87.8048780487805,93.89245978121605
92.0,91.62011173184358,84.5360824742268,92.25306938419689
98.0,88.65979381443299,79.62962962962963,89.79285434366288
82.0,85.71428571428571,75.0,87.47704911489413
52.0,0.0,0.0,49.94818239795919
66.0,68.29268292682927,51.85185185185185,75.87405042712305
82.0,91.71974522292994,84.70588235294117,92.33996816034413
94.0,91.80327868852459,84.84848484848484,92.4092699735517
99.0,88.2051282051282,78.89908256880734,89.42658261001756
90.0,82.42424242424242,70.10309278350515,85.0226088967418
71.0,67.05882352941175,50.442477876106196,75.16537190159987
80.0,90.32258064516128,82.35294117647058,91.16150232096192
98.0,91.39784946236558,84.15841584158416,92.06323698788997
100.0,89.8989898989899,81.65137614678899,90.80572281294768
91.0,84.70588235294117,73.46938775510205,86.7087478452981
72.0,64.80446927374301,47.93388429752066,73.90409047870166
76.0,88.88888888888889,80.0,89.98303664085576
92.0,90.60773480662984,82.82828282828282,91.39717331416936
98.0,92.3076923076923,85.71428571428571,92.84216861284304
99.0,87.36842105263159,77.57009345794393,88.7610912860957
92.0,89.01734104046243,80.20833333333334,90.08520421232626
96.0,90.7103825136612,83.0,91.48303156129597
101.0,89.55223880597015,81.08108108108108,90.51957659852081
87.0,83.13253012048193,71.1340206185567,85.53907010132338
29.0,0.0,0.0,49.97110172193878
25.0,85.18518518518519,74.19354838709677,87.08879859886811
37.0,88.31168831168831,79.06976744186046,89.5259092085454
45.0,87.35632183908046,77.55102040816327,88.76454048051868
39.0,94.73684210526315,90.0,94.99601116872756
28.0,89.65517241379311,81.25,90.61901794616152
13.0,78.57142857142857,64.70588235294117,82.3469609113455
30.0,93.33333333333333,87.5,93.74601180505704
43.0,91.56626506024097,84.44444444444444,92.21524148904578
47.0,97.82608695652173,95.74468085106383,97.87034565183899
43.0,97.67441860465115,95.45454545454545,97.72527807294634
30.0,86.15384615384616,75.67567567567568,87.82886439921616
15.0,90.32258064516128,82.35294117647058,91.1734802768442
29.0,91.52542372881356,84.375,92.18251485572992
41.0,89.1566265060241,80.43478260869566,90.20841625498505
45.0,90.32258064516128,82.35294117647058,91.16749464376646
39.0,95.0,90.47619047619048,95.23410624770871
30.0,88.88888888888889,80.0,89.99302065884982
18.0,88.23529411764706,78.94736842105263,89.46969704918584
34.0,93.93939393939394,88.57142857142857,94.28172585217156
42.0,97.67441860465115,95.45454545454545,97.72527807294634
44.0,97.77777777777777,95.65217391304348,97.82409222261924
41.0,91.76470588235294,84.78260869565217,92.3843234754165
33.0,88.0,78.57142857142857,89.27673995230782
19.0,83.72093023255815,72.0,85.99302205032097
32.0,96.7741935483871,93.75,96.87300582299684
43.0,96.62921348314607,93.47826086956522,96.73613839361212
46.0,97.87234042553192,95.83333333333334,97.91467185318172
42.0,95.34883720930233,91.11111111111111,95.55156632647407
36.0,88.60759493670885,79.54545454545455,89.76375258135694
22.0,84.44444444444444,73.07692307692307,86.53148344966037
31.0,96.7741935483871,93.75,96.87300582299684
44.0,92.47311827956989,86.0,92.9930185706022
47.0,93.06930693069307,87.03703703703704,93.51153653204362
44.0,91.30434782608695,84.0,91.99202138269438
37.0,92.5,86.04651162790698,93.01727244771165
25.0,85.18518518518519,74.19354838709677,87.08879859886811
33.0,96.96969696969697,94.11764705882352,97.0568292728706
45.0,90.72164948453609,83.01886792452831,91.50045765970292
47.0,91.2621359223301,83.92857142857143,91.95530887453228
43.0,91.30434782608695,84.0,91.99202138269438
36.0,90.0,81.81818181818183,90.90111324654603
25.0,84.0,72.41379310344827,86.19892127508173
35.0,95.52238805970148,91.42857142857143,95.71129432947397
51.0,88.88888888888889,80.0,89.98803064155761
47.0,88.46153846153845,79.3103448275862,89.64320353288346
45.0,91.48936170212765,84.31372549019608,92.1488839686434
39.0,90.47619047619048,82.6086956521739,91.29636984531389
29.0,80.0,66.66666666666666,83.32136970277024
31.0,91.80327868852459,84.84848484848484,92.41925718056372
40.0,95.1219512195122,90.69767441860465,95.34484813935397
46.0,94.6236559139785,89.79591836734694,94.89297234891723
42.0,93.02325581395348,86.95652173913044,93.47227714529522
33.0,87.32394366197182,77.5,88.74102602452886
37.0,67.79661016949152,51.28205128205128,75.6220847366473
31.0,92.53731343283582,86.11111111111111,93.05057001362715
44.0,92.47311827956989,86.0,92.9930185706022
47.0,97.91666666666666,95.91836734693877,97.95718882019085
44.0,92.63157894736842,86.27450980392157,93.13027333330204
36.0,91.13924050632912,83.72093023255815,91.85348466155232
34.0,77.19298245614034,62.857142857142854,81.4156113456269
37.0,92.10526315789474,85.36585365853658,92.67694370168806
45.0,88.88888888888889,80.0,89.98902896353627
49.0,91.2621359223301,83.92857142857143,91.95530887453228
43.0,88.17204301075269,78.84615384615384,89.41210654310285
36.0,91.13924050632912,83.72093023255815,91.85348466155232
33.0,76.36363636363637,61.76470588235294,80.86939311663257
37.0,88.60759493670885,79.54545454545455,89.76375258135694
44.0,88.0,78.57142857142857,89.27374588229931
49.0,89.90825688073394,81.66666666666667,90.82236120254554
46.0,85.98130841121495,75.40983606557377,87.68995693164983
39.0,84.44444444444444,73.07692307692307,86.52450007210867
34.0,65.21739130434783,48.38709677419355,74.16164155504636
41.0,82.6086956521739,70.37037037037037,85.16922922363905
48.0,88.07339449541286,78.68852459016394,89.33129549010272
50.0,84.7457627118644,73.52941176470588,86.74675112833307
50.0,86.48648648648648,76.19047619047619,88.0802763971851
41.0,91.11111111111111,83.6734693877551,91.8287562357146
35.0,77.77777777777779,63.63636363636363,81.80222903840995
42.0,78.43137254901961,64.51612903225806,82.23612419380575
54.0,86.1788617886179,75.71428571428571,87.84018457451812
56.0,87.3015873015873,77.46478873239437,88.716432992721
53.0,80.0,66.66666666666666,83.30939461644856
43.0,85.41666666666666,74.54545454545455,87.2587649709421
35.0,73.41772151898735,57.99999999999999,78.97906155901649
72.0,80.26315789473685,67.03296703296702,83.48655235814768
64.0,86.13138686131386,75.64102564102564,87.80155717671929
58.0,84.61538461538461,73.33333333333333,86.64671494982143
53.0,84.95575221238938,73.84615384615385,86.9061203319502
43.0,84.5360824742268,73.21428571428571,86.59218324808731
36.0,77.92207792207793,63.829787234042556,81.8979431124945
69.0,75.90361445783132,61.165048543689316,80.54261446800135
68.0,85.35031847133759,74.44444444444444,87.19927225315479
53.0,81.25,68.42105263157895,84.18658568854505
53.0,79.36507936507937,65.78947368421053,82.86880219740989
45.0,85.41666666666666,74.54545454545455,87.2587649709421
38.0,75.29411764705883,60.37735849056604,80.16773955160083
75.0,0.0,0.0,49.8226243622449
72.0,1.6666666666666667,0.8403361344537815,50.184986499084026
68.0,3.519061583577713,1.791044776119403,50.56763719770691
54.0,45.248868778280546,29.239766081871345,64.49918719446876
49.0,44.44444444444444,28.57142857142857,64.17101251033029
31.0,22.727272727272727,12.82051282051282,56.206850355935025
10.0,66.66666666666666,50.0,74.99003309014074
17.0,78.94736842105263,65.21739130434783,82.60072132949294
15.0,0.0,0.0,49.98505261479592
17.0,94.11764705882352,88.88888888888889,94.44245082402976
19.0,91.8918918918919,85.0,92.49700950975897
20.0,90.9090909090909,83.33333333333334,91.66267910785018
18.0,94.73684210526315,90.0,94.9980063000917
19.0,87.17948717948718,77.27272727272727,88.63137948596192
19.0,80.95238095238095,68.0,83.99202535935724
18.0,92.3076923076923,85.71428571428571,92.85415230728043
18.0,90.0,81.81818181818183,90.90510350927433
22.0,90.9090909090909,83.33333333333334,91.66267910785018
18.0,83.72093023255815,72.0,85.99302205032097
18.0,53.333333333333336,36.36363636363637,68.15390749601275
22.0,83.33333333333334,71.42857142857143,85.70631059665273
18.0,83.72093023255815,72.0,85.99302205032097
19.0,70.37037037037037,54.285714285714285,77.12690722559734
20.0,88.88888888888889,80.0,89.99501555147938
20.0,83.33333333333334,71.42857142857143,85.70631059665273
21.0,85.1063829787234,74.07407407407408,87.03005880910817
23.0,88.0,78.57142857142857,89.27973270897066
20.0,79.16666666666666,65.51724137931035,82.7486519913678
19.0,80.85106382978722,67.85714285714286,83.91959960011279
25.0,88.88888888888889,80.0,89.99401818471846
12.0,0.0,0.0,49.98804209183674
15.0,0.0,0.0,49.98505261479592
25.0,0.0,0.0,49.97508769132653
18.0,48.0,31.57894736842105,65.75059653599887
18.0,50.0,33.33333333333333,66.63078006831745
25.0,47.05882352941176,30.76923076923077,65.33077904708149
18.0,51.42857142857142,34.61538461538461,67.27379940925138
18.0,48.0,31.57894736842105,65.75059653599887
27.0,50.48543689320388,33.76623376623377,66.83226942548977
20.0,51.28205128205128,34.48275862068966,67.20349750158815
18.0,45.56962025316456,29.508196721311474,64.71123381262751
26.0,50.505050505050505,33.78378378378378,66.84303942633787
22.0,45.36082474226804,29.333333333333332,64.61382940543128
19.0,34.862385321100916,21.11111111111111,60.484777797715175
33.0,48.484848484848484,32.0,65.93219527760051
23.0,49.46236559139785,32.857142857142854,66.38171480982479
21.0,37.5,23.076923076923077,61.46867786784046
33.0,55.172413793103445,38.095238095238095,68.99576837754886
23.0,45.09803921568628,29.11392405063291,64.5011328625545
29.0,44.61538461538462,28.71287128712871,64.28464670304946
33.0,44.75524475524475,28.82882882882883,64.33564128103853
25.0,41.32231404958678,26.041666666666668,62.95004710773464
31.0,46.26865671641791,30.097087378640776,64.97675188555132
38.0,54.01459854014598,37.0,68.43717465446059
25.0,0.0,0.0,49.97508769132653
51.0,77.96610169491525,63.888888888888886,81.91851186914023
50.0,50.77720207253886,34.02777777777778,66.91912957753972
100.0,76.19047619047619,61.53846153846154,80.72932016897533
184.0,91.78470254957507,84.81675392670157,92.37938508107781
264.0,87.2651356993737,77.4074074074074,88.64266341711455
336.0,92.87833827893175,86.70360110803324,93.30366867266171
392.0,92.63157894736842,86.27450980392157,93.08105708564736
475.0,92.57641921397381,86.1788617886179,93.02109193306116
557.0,93.98496240601504,88.65248226950354,94.26182370983834
609.0,22.060957910014515,12.39804241435563,55.66309306346524
631.0,24.82758620689655,14.173228346456693,56.54254996366879
647.0,37.25,22.887864823348693,60.942203345370146
611.0,59.106529209621996,41.951219512195124,70.61802331433307
548.0,41.313269493844054,26.03448275862069,62.58845577211394
440.0,64.71408647140865,47.83505154639175,73.66424209547682
320.0,75.57117750439367,60.73446327683616,80.22812313378446
214.0,93.49397590361446,87.78280542986425,93.86439299143167
150.0,91.75627240143369,84.76821192052981,92.36112801908843
82.0,91.13924050632912,83.72093023255815,91.84649417583519
204.0,91.5,84.33179723502305,92.13189385684502
297.0,92.5925925925926,86.20689655172413,93.05936098302224
365.0,95.4054054054054,91.21447028423772,95.5731143545308
421.0,93.60189573459715,87.97327394209354,93.9323994105317
519.0,95.33980582524272,91.09461966604823,95.49900551582577
586.0,96.75213675213675,93.70860927152319,96.81600590566686
624.0,90.7075873827792,82.99531981279252,91.38787826108161
650.0,90.71487263763352,83.00751879699249,91.38990319988267
654.0,94.55406471981057,89.67065868263472,94.76574062074128
625.0,92.72419627749578,86.43533123028391,93.13102097904942
560.0,63.95348837209303,47.008547008547005,73.19365848653838
451.0,69.88265971316818,53.707414829659314,76.62228159131439
346.0,79.33130699088146,65.74307304785894,82.73530493022017
212.0,90.3370786516854,82.37704918032787,91.14550307940857
160.0,94.49838187702265,89.57055214723927,94.76828626750331
132.0,87.28813559322035,77.44360902255639,88.69184824742342
228.0,93.54120267260579,87.86610878661088,93.90403465988672
329.0,93.66715758468335,88.08864265927978,94.00119886183131
381.0,95.58441558441558,91.54228855721394,95.73701321532397
450.0,93.51535836177474,87.82051282051282,93.85298724518056
540.0,95.17625231910947,90.79646017699115,95.34587723023087
599.0,96.06694560669456,92.4315619967794,96.16840387649945
640.0,92.23221586263287,85.58421851289833,92.69636629103756
651.0,92.04819277108433,85.26785714285714,92.5341362201595
655.0,93.48171701112878,87.76119402985074,93.79791572106396
619.0,89.63093145869946,81.21019108280255,90.48630200054838
555.0,52.61813537675607,35.70190641247834,67.47973047259899
435.0,66.94101508916323,50.30927835051546,74.91331096889708
309.0,82.33438485804416,69.97319034852548,84.87440445003153
209.0,90.66059225512528,82.91666666666667,91.41731446465374
147.0,95.50173010380622,91.3907284768212,95.6823741109075
156.0,91.0344827586207,83.54430379746836,91.74617475861749
258.0,90.7258064516129,83.02583025830258,91.46687000492955
349.0,94.36619718309859,89.33333333333333,94.62653906088026
391.0,95.80686149936467,91.95121951219512,95.94247656065187
468.0,94.05405405405406,88.77551020408163,94.33246871857446
550.0,95.7388939256573,91.82608695652173,95.86571025235045
606.0,95.86776859504133,92.06349206349206,95.98133874083547
643.0,92.45742092457421,85.97285067873304,92.89268667872062
657.0,93.09262166405023,87.07782672540382,93.45017327033153
655.0,90.80553295362083,83.15946348733235,91.46586177712177
623.0,90.81545064377683,83.17610062893081,91.48028952327964
554.0,53.75796178343949,36.7595818815331,68.01653666277195
426.0,58.04511278195489,40.88983050847458,70.16582036197391
292.0,83.57723577235772,71.7877094972067,85.79269086310886
203.0,89.76744186046511,81.43459915611815,90.67328461297095
146.0,95.1048951048951,90.66666666666666,95.31934452438048
166.0,90.28213166144201,82.28571428571428,91.11187697016767
267.0,91.39579349904398,84.15492957746478,92.03240801720027
352.0,94.29763560500696,89.21052631578948,94.56412906073801
402.0,96.68711656441718,93.58669833729216,96.76623093313927
472.0,94.82576557550159,90.16064257028113,95.03105227635258
564.0,95.99287622439893,92.2945205479452,96.10193118478509
607.0,96.15069615069615,92.58675078864354,96.24598585228622
653.0,92.51592356687898,86.07407407407408,92.94226941933363
660.0,94.59876543209876,89.7510980966325,94.80493185403827
657.0,92.13483146067416,85.41666666666666,92.60954699407282
622.0,90.36144578313254,82.41758241758241,91.09600395375102
549.0,64.85849056603774,47.99301919720768,73.69791838800685
426.0,69.15629322268326,52.85412262156448,76.20373078159905
302.0,83.4920634920635,71.66212534059946,85.7268813948805
212.0,91.36363636363637,84.10041841004184,92.01219019551617
151.0,94.52054794520548,89.6103896103896,94.78920695596022
173.0,88.95899053627761,80.11363636363636,90.02184266468018
273.0,92.44935543278085,85.95890410958904,92.93839046240593
362.0,95.23809523809523,90.9090909090909,95.41942322920124
411.0,95.85365853658536,92.03747072599532,95.98458715979577
479.0,93.37539432176656,87.57396449704143,93.72364274880223
573.0,95.69798068481123,91.75084175084174,95.82605656682342
612.0,96.1038961038961,92.5,96.20159728944822
649.0,93.43873517786562,87.68545994065282,93.75903530460089
659.0,94.85801995395242,90.21897810218978,95.04189148864282
657.0,92.76054097056485,86.49851632047478,93.15751134112985
626.0,91.40425531914894,84.1692789968652,91.98290497517468
558.0,65.51326412918108,48.713550600343055,74.05712806213737
426.0,70.28493894165535,54.18410041841004,76.87268606472519
312.0,82.5,70.2127659574468,84.99418551118053
210.0,91.60997732426304,84.51882845188284,92.22239497593141
151.0,93.47079037800687,87.74193548387098,93.85198292978521
184.0,89.94413407821229,81.7258883248731,90.82695495919752
290.0,92.04152249134948,85.25641025641025,92.58212217889637
365.0,95.44235924932975,91.28205128205128,95.6069027987936
429.0,96.95550351288055,94.0909090909091,97.01933019353943
501.0,94.55645161290323,89.67495219885278,94.78315779415752
580.0,95.85492227979275,92.03980099502488,95.97153387854063
616.0,96.25498007968127,92.78033794162826,96.34276317722097
658.0,94.99615088529639,90.4692082111437,95.16902570407059
667.0,94.0814757878555,88.82438316400581,94.33451423554176
656.0,91.96141479099678,85.11904761904762,92.4587254868079
628.0,90.05145797598628,81.90327613104525,90.834822694231
552.0,68.63636363636364,52.24913494809689,75.84787019691007
417.0,74.36241610738254,59.18803418803419,79.40263049308321
291.0,85.06493506493507,74.01129943502825,86.91349120487237
207.0,89.60739030023095,81.17154811715481,90.5407578527433
153.0,93.51535836177474,87.82051282051282,93.89127121870582
181.0,89.22155688622755,80.54054054054053,90.23428969977833
282.0,93.63957597173145,88.03986710963456,93.98386936055148
364.0,94.86486486486486,90.23136246786633,95.0775477667982
411.0,96.27851140456183,92.82407407407408,96.3808969064494
488.0,95.58974358974359,91.55206286836936,95.73278057922592
576.0,96.69565217391303,93.60269360269359,96.76305578965795
613.0,96.12277867528272,92.53499222395023,96.21909047271815
660.0,93.29173166926678,87.42690058479532,93.62671827416376
672.0,94.85627836611195,90.2158273381295,95.03929472620011
664.0,91.95219123505977,85.10324483775811,92.44980584999662
630.0,90.05145797598628,81.90327613104525,90.834822694231
560.0,66.51480637813212,49.829351535836174,74.61999210181271
433.0,73.90180878552972,58.606557377049185,79.10083330868896
323.0,81.34556574923548,68.55670103092784,84.15613051947113
217.0,91.35254988913526,84.08163265306122,92.00179291248219
152.0,94.91525423728814,90.32258064516128,95.14630111481024
96.0,88.37209302325581,79.16666666666666,89.56337325349301
205.0,91.17647058823529,83.78378378378379,91.8558846904516
332.0,89.97134670487105,81.77083333333334,90.81522293195887
383.0,95.50706033376123,91.4004914004914,95.66510796030514
439.0,95.08928571428571,90.63829787234042,95.27492783064258
532.0,94.70752089136491,89.94708994708994,94.91616165296348
593.0,95.44324772162386,91.28367670364501,95.58639480343541
637.0,95.72784810126582,91.80576631259484,95.84841582660869
655.0,96.20060790273556,92.67935578330894,96.2892166761447
669.0,97.7645305514158,95.6268221574344,97.78312028711784
633.0,97.48427672955975,95.0920245398773,97.51372556398982
586.0,97.17223650385604,94.5,97.21673990606543
483.0,79.95758218451749,66.6077738515901,83.11412407915155
384.0,76.2532981530343,61.62046908315565,80.62982682012735
238.0,93.81663113006397,88.35341365461848,94.14768128483186
173.0,90.625,82.85714285714286,91.39859001704657
145.0,73.36244541484717,57.931034482758626,78.90462927523701
215.0,91.34615384615384,84.070796460177,91.99938814726531
335.0,91.1976911976912,83.81962864721486,91.8486430440246
389.0,95.55273189326556,91.48418491484185,95.70695189517193
447.0,95.14348785871964,90.73684210526316,95.32419550232501
545.0,95.16864175022789,90.78260869565217,95.3379350321617
602.0,96.21087314662273,92.6984126984127,96.30282790106955
642.0,96.12403100775194,92.53731343283582,96.21820873837288
660.0,96.61399548532731,93.44978165938865,96.67946748411352
670.0,97.77117384843982,95.63953488372093,97.78947542683562
633.0,97.25058915946583,94.64831804281346,97.2888461493604
579.0,96.96444058976583,94.10774410774411,97.0186018843737
472.0,84.39181916038751,72.99813780260708,86.35343978351469
372.0,78.38926174496645,64.45916114790286,82.06820618536992
230.0,94.52954048140045,89.62655601659752,94.78825799228593
170.0,91.53605015673982,84.39306358381504,92.16954798219335
156.0,81.36882129277566,68.58974358974359,84.24593932168479
236.0,89.71553610503283,81.34920634920636,90.62757589878319
347.0,92.98486932599724,86.88946015424165,93.39356430000296
397.0,96.14906832298136,92.58373205741627,96.26073465430817
466.0,95.0959488272921,90.65040650406505,95.27895350338986
553.0,94.88789237668162,90.27303754266211,95.07911349004519
606.0,95.75856443719412,91.8622848200313,95.87871142733803
643.0,95.9136468774094,92.14814814814815,96.02059705910051
658.0,96.69669669669669,93.6046511627907,96.75790985015091
665.0,97.61194029850746,95.33527696793003,97.6353296111408
633.0,96.90230341540905,93.99075500770417,96.95603601977025
569.0,96.5998256320837,93.42327150084317,96.67233866445166
458.0,91.07142857142857,83.60655737704919,91.72290575812755
350.0,80.16997167138811,66.903073286052,83.31123640050701
222.0,94.54545454545455,89.65517241379311,94.80357083705985
159.0,94.07894736842105,88.81987577639751,94.39194976036313
166.0,84.42906574394463,73.05389221556887,86.48199465535306
243.0,91.63179916317992,84.55598455598455,92.2379578483828
358.0,91.699604743083,84.67153284671532,92.27254895526742
407.0,95.86374695863748,92.05607476635514,95.99388849402085
476.0,94.65968586387434,89.86083499005964,94.87913441241378
558.0,94.78337754199823,90.08403361344538,94.98258892598135
614.0,96.12277867528272,92.53499222395023,96.21909047271815
645.0,96.0919540229885,92.47787610619469,96.18747384594887
664.0,96.34055265123226,92.93948126801152,96.42027666194785
666.0,97.38219895287958,94.89795918367348,97.41364390279081
636.0,96.91211401425178,94.00921658986175,96.96526522334666
577.0,96.67832167832168,93.57021996615906,96.74682128630585
456.0,91.41583054626533,84.18891170431212,92.0170937977414
338.0,85.67119155354449,74.93403693931398,87.37181282546554
221.0,94.27917620137299,89.17748917748918,94.56372957973919
153.0,95.27027027027027,90.96774193548387,95.46988076088674
166.0,87.66233766233766,78.03468208092485,88.97937217493217
264.0,92.03883495145631,85.25179856115108,92.58484919947661
361.0,91.28738621586476,83.97129186602871,91.91841060938164
411.0,96.04790419161677,92.3963133640553,96.16500751075694
478.0,95.24793388429752,90.92702169625247,95.41724714501851
564.0,95.171202809482,90.78726968174205,95.33822927210767
614.0,96.22489959839358,92.72445820433437,96.31482808960088
650.0,96.04261796042618,92.3865300146413,96.14078746165508
666.0,96.42857142857143,93.10344827586206,96.50326669971427
670.0,97.15142428785607,94.46064139941691,97.19195856112019
638.0,96.51898734177216,93.27217125382263,96.59170036281898
578.0,96.4254577157803,93.0976430976431,96.50751006019732
456.0,94.13067552602436,88.91213389121339,94.40280168460691
340.0,85.88410104011886,75.26041666666666,87.53499314701226
223.0,94.57013574660633,89.69957081545064,94.82576955726401
161.0,92.50814332247556,86.06060606060606,93.00731865967506
170.0,89.03225806451613,80.23255813953489,90.08230489014394
267.0,93.65671641791045,88.0701754385965,94.00103664268332
363.0,90.93264248704664,83.3729216152019,91.61621494708916
412.0,96.15384615384616,92.5925925925926,96.26415229115327
481.0,94.68302658486708,89.90291262135922,94.89915610751343
570.0,95.58441558441558,91.54228855721394,95.71975785268403
614.0,96.07056936647955,92.43827160493827,96.1697177255383
654.0,95.91527987897126,92.15116279069767,96.0210821825597
670.0,96.37305699481865,93.0,96.45053003533569
672.0,96.80297397769517,93.80403458213257,96.85860487309557
643.0,96.44830307813733,93.14024390243902,96.52472701527681
574.0,96.8586387434555,93.90862944162437,96.91803975658333
456.0,94.41401971522454,89.41908713692946,94.65828213515486
345.0,84.37956204379562,72.97979797979798,86.38265662214786
220.0,95.45454545454545,91.30434782608695,95.63216030378918
159.0,92.4092409240924,85.88957055214725,92.921801824159
172.0,91.07692307692308,83.61581920903954,91.77892583543046
279.0,92.88256227758008,86.71096345514951,93.3154136117779
364.0,91.53846153846153,84.39716312056737,92.13234177225101
420.0,96.113074204947,92.51700680272108,96.22534956757175
497.0,95.51345962113659,91.41221374045801,95.66083250759144
576.0,96.21993127147766,92.71523178807946,96.31327535872855
618.0,96.5079365079365,93.25153374233128,96.58138339795713
656.0,96.07843137254902,92.45283018867924,96.17393119276713
674.0,96.24724061810154,92.76595744680851,96.33148645734069
671.0,96.95167286245353,94.08369408369408,97.00045297028578
638.0,96.61150512214341,93.4451219512195,96.67918184198186
574.0,95.97197898423818,92.25589225589226,96.08160132259431
453.0,95.01661129568106,90.50632911392405,95.20793569894043
326.0,89.0625,80.28169014084507,90.07069213702775
224.0,95.04504504504504,90.55793991416309,95.256954546294
161.0,92.45901639344262,85.97560975609755,92.96482096678666
170.0,89.52380952380953,81.03448275862068,90.48426446315165
273.0,92.58589511754069,86.19528619528619,93.0565773925149
365.0,91.18773946360153,83.80281690140845,91.83215776321552
418.0,95.86776859504133,92.06349206349206,95.99658428772354
486.0,95.32520325203252,91.06796116504854,95.48770943359153
575.0,95.69707401032701,91.74917491749174,95.82420454862898
617.0,96.17834394904459,92.63803680981594,96.27060397740858
656.0,96.31855747558227,92.89855072463769,96.39981538452535
674.0,96.25275532696547,92.77620396600567,96.3366086771326
677.0,96.61266568483063,93.44729344729345,96.67720084319438
645.0,96.96024941543257,94.0998487140696,97.0105733460165
580.0,96.19377162629758,92.66666666666666,96.28899637243047
463.0,94.38444924406048,89.36605316973414,94.63075372051516
364.0,86.83068017366136,76.72634271099744,88.27194511442084
229.0,95.17543859649122,90.7949790794979,95.375471484944
167.0,92.35668789808918,85.79881656804734,92.8754231548038
100.0,88.26815642458101,79.0,89.47904066111742
234.0,88.63636363636364,79.59183673469387,89.7458993601242
355.0,81.79190751445087,69.19315403422983,84.47030679884782
409.0,75.80174927113703,61.03286384976526,80.35015257557579
478.0,70.01321003963011,53.86178861788618,76.70348952843378
566.0,77.84679089026915,63.72881355932203,81.64954734191001
621.0,73.22834645669292,57.7639751552795,78.6089171415302
709.0,68.81720430107528,52.459016393442624,75.88005446921488
724.0,60.0,42.857142857142854,70.99528891232333
746.0,71.34302822925578,55.452127659574465,77.3894413092382
683.0,64.75814412635735,47.88321167883212,73.58351725010455
637.0,25.240054869684496,14.442700156985872,56.67726414286479
528.0,2.247191011235955,1.1363636363636365,50.04795060430899
430.0,26.84310018903592,15.502183406113538,57.364902699963274
274.0,88.35341365461848,79.13669064748201,89.51029423878624
182.0,90.6515580736544,82.90155440414507,91.41778775869443
108.0,92.23300970873787,85.58558558558559,92.77681867087031
115.0,93.96551724137932,88.6178861788618,94.29496182432612
127.0,96.41434262948208,93.07692307692308,96.5294714275835
131.0,88.6178861788618,79.56204379562044,89.7530593676007
134.0,0.0,0.0,49.8664700255102
127.0,24.82758620689655,14.173228346456693,56.977957528226554
116.0,36.61971830985916,22.413793103448278,61.117165744146874
75.0,89.5104895104895,81.0126582278481,90.49136263882826
117.0,93.04347826086956,86.99186991869918,93.47995700892118
126.0,94.29657794676805,89.20863309352518,94.58933213055545
133.0,94.73684210526315,90.0,94.98601398601399
143.0,93.24324324324324,87.34177215189874,93.65090126440614
148.0,93.51535836177474,87.82051282051282,93.89127121870582
135.0,88.25910931174089,78.98550724637681,89.46379243118568
122.0,12.307692307692308,6.557377049180328,53.165070281885654
71.0,89.5104895104895,81.0126582278481,90.49136263882826
117.0,91.13924050632912,83.72093023255815,91.83949363749022
122.0,93.3852140077821,87.59124087591242,93.77863945665527
133.0,92.53731343283582,86.11111111111111,93.03557633394604
152.0,87.04318936877077,77.05882352941177,88.49044683314429
158.0,94.44444444444444,89.47368421052632,94.71885038145611
143.0,93.61702127659575,88.0,93.98201582607307
125.0,86.34361233480176,75.96899224806202,87.9535444087069
84.0,89.74358974358975,81.3953488372093,90.68170826684639
116.0,92.37288135593221,85.8267716535433,92.89540991449411
127.0,94.11764705882352,88.88888888888889,94.42946122564949
150.0,91.72413793103448,84.71337579617835,92.33270852035402
158.0,89.21282798833819,80.52631578947368,90.22617490691124
171.0,92.3076923076923,85.71428571428571,92.82914733642617
160.0,92.3076923076923,85.71428571428571,92.83215585038637
134.0,91.24087591240875,83.89261744966443,91.92233317988806
119.0,73.57512953367875,58.19672131147541,79.04746753129903
118.0,91.28630705394191,83.96946564885496,91.96376050788531
136.0,96.7741935483871,93.75,96.86600737395335
141.0,93.83561643835617,88.38709677419355,94.17556241615411
155.0,92.25806451612904,85.62874251497006,92.79038708703753
163.0,93.97590361445783,88.63636363636364,94.2981898149831
151.0,94.11764705882352,88.88888888888889,94.42645595707634
140.0,91.87279151943463,84.9673202614379,92.46068127126965
108.0,84.42211055276381,73.04347826086956,86.49079606567393
119.0,93.17269076305222,87.21804511278195,93.59204293194033
129.0,93.0909090909091,87.07482993197279,93.51843318849279
140.0,91.15646258503402,83.75,91.8490218216698
154.0,92.92307692307692,86.7816091954023,93.36781609195401
171.0,92.3943661971831,85.86387434554975,92.90494365122004
158.0,83.82352941176471,72.15189873417721,86.03200385951799
167.0,85.32423208191126,74.40476190476191,87.15942476768934
129.0,80.85106382978722,67.85714285714286,83.88364421066443
126.0,90.56603773584906,82.75862068965517,91.35433831350267
133.0,94.28571428571428,89.1891891891892,94.57860866221507
140.0,95.2054794520548,90.84967320261438,95.41084695364646
155.0,93.63057324840764,88.02395209580838,93.9919876411801
174.0,91.84782608695652,84.92462311557789,92.43231575720104
168.0,91.54518950437318,84.40860215053763,92.1753120910828
161.0,92.12121212121212,85.39325842696628,92.67064168749562
144.0,80.93385214007782,67.97385620915033,83.93799856311487
128.0,85.82089552238806,75.16339869281046,87.54374564991494
142.0,94.15807560137456,88.96103896103897,94.46353273018474
146.0,92.76315789473685,86.50306748466258,93.22954913155883
153.0,91.9093851132686,85.02994011976048,92.48998704832809
170.0,88.51540616246498,79.39698492462311,89.65750721699987
162.0,92.26190476190477,85.6353591160221,92.79169047342657
163.0,92.66862170087975,86.33879781420765,93.14440790386499
138.0,79.67479674796748,66.21621621621621,83.05818598661763
109.0,93.26923076923077,87.38738738738738,93.67971577879923
118.0,95.31914893617022,91.05691056910568,95.51746934655348
126.0,94.39999999999999,89.39393939393939,94.68298591815312
137.0,93.23843416370107,87.33333333333333,93.64768375129051
145.0,91.69435215946844,84.66257668711657,92.30630732912925
130.0,95.48872180451127,91.36690647482014,95.67146498589656
106.0,92.82296650717703,86.60714285714286,93.2885950911845
120.0,67.40331491712708,50.83333333333333,75.35780205527287
113.0,95.11111111111111,90.67796610169492,95.32799820992793
123.0,94.86166007905138,90.22556390977444,95.09979649859825
134.0,94.33962264150944,89.28571428571429,94.62787242726705
138.0,94.07665505226481,88.81578947368422,94.39090866542068
151.0,92.6984126984127,86.3905325443787,93.17228006391431
136.0,93.23843416370107,87.33333333333333,93.64768375129051
110.0,92.85714285714286,86.66666666666667,93.31735634020345
111.0,72.31638418079096,56.63716814159292,78.26969358548357
115.0,93.04347826086956,86.99186991869918,93.47995700892118
123.0,94.16342412451361,88.97058823529412,94.470310599517
133.0,95.52238805970148,91.42857142857143,95.70229722323712
140.0,92.05298013245033,85.2760736196319,92.61405455668327
154.0,92.44712990936556,85.95505617977528,92.95253958460007
138.0,94.11764705882352,88.88888888888889,94.42745803357315
113.0,91.22807017543859,83.87096774193549,91.91551262955538
91.0,80.0,66.66666666666666,83.30240385254952
111.0,94.78260869565217,90.08264462809917,95.02933837253123
121.0,94.44444444444444,89.47368421052632,94.72285804708947
133.0,92.64705882352942,86.3013698630137,93.13070491152683
144.0,87.1951219512195,77.29729729729729,88.60667635036552
160.0,89.26553672316385,80.61224489795919,90.26813612405657
150.0,91.64086687306502,84.57142857142857,92.25872939725183
127.0,90.84249084249085,83.22147651006712,91.58576422802165
150.0,75.53956834532374,60.69364161849711,80.27891723232779
118.0,92.88702928870293,86.71875,93.34239707130729
126.0,96.12403100775194,92.53731343283582,96.25866710561314
138.0,96.45390070921985,93.15068493150685,96.56535045935854
137.0,93.05555555555556,87.01298701298701,93.48651029239335
150.0,88.55421686746988,79.45945945945945,89.69175175695395
150.0,92.35668789808918,85.79881656804734,92.8754231548038
129.0,92.0754716981132,85.3146853146853,92.63636531287467
104.0,89.58333333333334,81.13207547169812,90.54607367116549
114.0,92.43697478991596,85.9375,92.95077372867814
129.0,95.48872180451127,91.36690647482014,95.67146498589656
132.0,91.22807017543859,83.87096774193549,91.9105068498272
136.0,88.02588996763754,78.61271676300578,89.26938795784183
163.0,89.83050847457628,81.53846153846153,90.73324300507059
146.0,90.34267912772586,82.38636363636364,91.1622010262728
162.0,86.81672025723472,76.70454545454545,88.31130631972692
146.0,76.22950819672131,61.58940397350994,80.73679810719504
121.0,91.33858267716536,84.05797101449275,92.00701187560433
130.0,94.81481481481482,90.14084507042254,95.05643596232125
136.0,93.00699300699301,86.9281045751634,93.44406947280241
147.0,91.77215189873418,84.7953216374269,92.37167692872525
171.0,91.05691056910568,83.5820895522388,91.75805005527474
162.0,91.86046511627907,84.94623655913979,92.4451283559424
150.0,87.94788273615634,78.48837209302324,89.20721636165321
147.0,79.2156862745098,65.5844155844156,82.7392871731364
120.0,87.08487084870849,77.12418300653596,88.52713205622655
131.0,94.85294117647058,90.20979020979021,95.09090825253632
142.0,92.0,85.18518518518519,92.56861081874072
138.0,88.88888888888889,80.0,89.96602717825739
166.0,89.07103825136612,80.29556650246306,90.10779364852823
153.0,90.69069069069069,82.96703296703298,91.45253197577036
136.0,89.1156462585034,80.3680981595092,90.1520778538579
118.0,85.58951965065502,74.80916030534351,87.37163155248804
113.0,41.19241192411924,25.938566552901023,62.752716410183055
127.0,0.0,0.0,49.805683992346935
137.0,0.0,0.0,49.7379225127551
149.0,0.0,0.0,49.5246731505102
159.0,0.0,0.0,49.47285554846938
143.0,0.0,0.0,49.50474330357143
131.0,0.0,0.0,49.56253985969388
115.0,0.0,0.0,49.66318558673469
49.0,83.72093023255815,72.0,85.98603909054647
53.0,87.61904761904762,77.96610169491525,88.97008455980553
77.0,91.71974522292994,84.70588235294117,92.33996816034413
111.0,92.23744292237443,85.59322033898306,92.77963563129882
134.0,94.73684210526315,90.0,94.98601398601399
166.0,93.53846153846153,87.86127167630057,93.90964591331421
146.0,93.24324324324324,87.34177215189874,93.65090126440614
128.0,92.1259842519685,85.40145985401459,92.68075349919212
112.0,91.66666666666666,84.61538461538461,92.28971998506914
82.0,92.5,86.04651162790698,93.01128024411595
42.0,91.13924050632912,83.72093023255815,91.85348466155232
64.0,86.95652173913044,76.92307692307693,88.44657616652191
108.0,82.53968253968253,70.27027027027027,85.10219968861033
122.0,93.92712550607287,88.54961832061069,94.25982713873124
148.0,93.60269360269359,87.9746835443038,93.9683558217552
184.0,93.88888888888889,88.48167539267016,94.21884077590394
166.0,96.73590504451039,93.67816091954023,96.8280833190267
145.0,93.99293286219081,88.66666666666667,94.31634794077094
116.0,92.98245614035088,86.88524590163934,93.4266453195035
103.0,93.33333333333333,87.5,93.73702206249376
56.0,81.25,68.42105263157895,84.19257550102193
90.0,75.67567567567568,60.86956521739131,80.39886880183212
117.0,85.16746411483254,74.16666666666667,87.05238717964076
139.0,92.19330855018588,85.51724137931035,92.73764250696517
154.0,92.65175718849841,86.30952380952381,93.13177615592619
189.0,94.87870619946092,90.25641025641026,95.10920512820513
182.0,95.0,90.47619047619048,95.22009703791525
166.0,94.76923076923077,90.05847953216374,95.01224724279211
131.0,91.26984126984127,83.94160583941606,91.94882972700313
109.0,91.86602870813397,84.95575221238938,92.46090326274421
57.0,82.82828282828282,70.6896551724138,85.3278733626106
93.0,78.2051282051282,64.21052631578948,82.07134117844747
125.0,90.53497942386831,82.70676691729322,91.33041377862425
150.0,91.15646258503402,83.75,91.8490218216698
166.0,90.85545722713864,83.24324324324324,91.59063525562267
199.0,94.38775510204081,89.3719806763285,94.66398637745132
187.0,94.93333333333334,90.35532994923858,95.1586642145889
163.0,93.90243902439023,88.50574712643679,94.2328823593481
132.0,92.1875,85.5072463768116,92.73364636152498
110.0,90.82125603864735,83.1858407079646,91.57395146296356
62.0,86.48648648648648,76.19047619047619,88.0802763971851
103.0,74.25149700598801,59.04761904761905,79.48090734078681
133.0,87.59689922480621,77.93103448275862,88.93355751064004
157.0,89.96763754045307,81.76470588235294,90.85137586421342
176.0,94.11764705882352,88.88888888888889,94.42344780390692
197.0,93.96984924623115,88.62559241706161,94.28879092736895
194.0,96.90721649484536,94.0,96.98799711930863
181.0,91.31652661064426,84.02061855670104,91.97931733625546
137.0,92.5925925925926,86.20689655172413,93.08346865507527
116.0,90.82969432314411,83.2,91.57903019651701
84.0,76.47058823529412,61.904761904761905,80.92046011605505
112.0,77.6595744680851,63.47826086956522,81.69721677691781
149.0,86.98630136986301,76.96969696969697,88.44688568838902
167.0,91.7933130699088,84.8314606741573,92.38874383033202
179.0,94.33962264150944,89.28571428571429,94.62185756284875
204.0,94.55445544554455,89.67136150234741,94.8136741491931
204.0,94.34889434889435,89.30232558139535,94.62815542834171
183.0,93.47826086956522,87.75510204081633,93.85355294025457
148.0,93.75,88.23529411764706,94.09966180673024
117.0,91.84549356223177,84.92063492063492,92.44134364418373
85.0,79.43262411347519,65.88235294117646,82.91224590394816
114.0,82.41206030150754,70.08547008547008,85.00780071926317
150.0,88.96103896103897,80.11695906432749,90.02450603149427
177.0,91.16809116809117,83.7696335078534,91.85382667075332
186.0,95.2127659574468,90.86294416243655,95.41347100115347
198.0,92.87469287469288,86.69724770642202,93.3196163112501
200.0,95.80246913580247,91.9431279620853,95.95455785883867
186.0,94.6236559139785,89.79591836734694,94.87795918367348
145.0,92.95774647887323,86.8421052631579,93.40107021610457
117.0,91.1504424778761,83.73983739837398,91.84994785661715
99.0,70.58823529411765,54.54545454545454,77.22783680546739
114.0,77.720207253886,63.559322033898304,81.73674770184566
150.0,87.66233766233766,78.03468208092485,88.97937217493217
179.0,92.95774647887323,86.8421052631579,93.39605813036923
187.0,94.73684210526315,90.0,94.97999839987199
200.0,94.05940594059405,88.78504672897196,94.36851664260386
203.0,96.80589680589681,93.80952380952381,96.89175644246775
191.0,95.51451187335093,91.41414141414141,95.69006900690069
152.0,94.66666666666667,89.87341772151899,94.92071973336613
119.0,92.17391304347827,85.48387096774194,92.72396064864029
98.0,59.57446808510638,42.42424242424242,71.15527356381867
94.0,65.24822695035462,48.421052631578945,74.16165338540847
118.0,75.25773195876289,60.33057851239669,80.11738793292429
115.0,93.56223175965665,87.90322580645162,93.93663297632784
145.0,93.75,88.23529411764706,94.09966180673024
173.0,93.45238095238095,87.70949720670392,93.83275696017637
162.0,94.0809968847352,88.8235294117647,94.39277420113473
151.0,93.19727891156462,87.26114649681529,93.61058883624914
122.0,91.45299145299145,84.25196850393701,92.10601181393298
151.0,73.10924369747899,57.615894039735096,78.74406073745025
92.0,58.46153846153847,41.30434782608695,70.59832254282527
97.0,68.45637583892618,52.04081632653062,75.97352537024786
123.0,80.38277511961722,67.2,83.55907530144535
133.0,93.5361216730038,87.85714285714286,93.91158942949045
160.0,91.82389937106919,84.88372093023256,92.41587605576188
185.0,95.29085872576178,91.005291005291,95.48564686253671
179.0,95.75070821529745,91.84782608695652,95.90891514318429
171.0,91.9753086419753,85.14285714285714,92.54544260385107
137.0,89.32806324110672,80.71428571428572,90.3301768343316
117.0,89.81481481481481,81.5126050420168,90.73433722617423
96.0,65.73426573426573,48.95833333333333,74.4302927613424
108.0,70.23809523809523,54.12844036697248,77.01433691034538
131.0,88.06584362139918,78.67647058823529,89.30927525896615
158.0,90.16949152542372,82.09876543209876,91.0204076346194
172.0,93.98280802292264,88.64864864864866,94.30332936311501
188.0,94.6524064171123,89.84771573604061,94.9038574680123
193.0,95.76719576719577,91.87817258883248,95.92308469425623
178.0,92.39766081871345,85.86956521739131,92.90879196532727
149.0,88.72727272727273,79.73856209150327,89.83831448963224
149.0,79.6812749003984,66.22516556291392,83.06166018380539
92.0,71.32867132867133,55.434782608695656,77.67649354873684
111.0,71.5909090909091,55.75221238938053,77.82621893988613
138.0,89.2988929889299,80.66666666666666,90.30436519828189
178.0,87.53799392097264,77.83783783783784,88.87794514213606
180.0,93.44262295081968,87.6923076923077,93.82215624591387
194.0,94.51697127937337,89.60396039603961,94.7809780978098
209.0,91.91919191919192,85.04672897196261,92.49136064552046
178.0,93.10344827586206,87.09677419354838,93.52439381489313
148.0,90.64748201438849,82.89473684210526,91.42139439507861
161.0,75.63636363636364,60.81871345029239,80.34245306641476
95.0,74.17218543046357,58.94736842105262,79.43477758642416
112.0,81.44329896907216,68.69565217391305,84.31189579172926
142.0,89.75265017667844,81.41025641025641,90.67615659730389
174.0,91.54518950437318,84.40860215053763,92.1753120910828
184.0,94.21052631578948,89.05472636815921,94.5053618640004
210.0,93.56435643564357,87.90697674418605,93.92748161033498
196.0,96.41025641025641,93.06930693069307,96.52065010453994
186.0,93.76693766937669,88.26530612244898,94.1096544411417
169.0,87.89808917197452,78.4090909090909,89.16657431261332
156.0,80.59701492537313,67.5,83.69807062395142
98.0,74.35897435897436,59.183673469387756,79.55193091243441
114.0,87.1559633027523,77.23577235772358,88.58993146549744
150.0,88.1578947368421,78.82352941176471,89.37579492050207
180.0,92.17877094972067,85.49222797927462,92.7181201482824
209.0,94.43099273607749,89.44954128440367,94.70176189887938
222.0,92.38095238095238,85.84070796460178,92.88834245815218
213.0,92.23300970873787,85.58558558558559,92.7607838302833
206.0,89.34010152284264,80.73394495412845,90.32497247706422
181.0,87.27272727272727,77.41935483870968,88.66770428216265
164.0,79.28571428571428,65.68047337278107,82.7823119884978
103.0,75.15151515151514,60.19417475728155,80.05618064599122
117.0,85.47008547008546,74.6268656716418,87.27948443738651
150.0,86.70886075949366,76.53631284916202,88.22618915904812
182.0,92.3913043478261,85.85858585858585,92.90129628888978
207.0,92.15686274509804,85.45454545454545,92.69526504542908
222.0,91.54929577464789,84.4155844155844,92.17177852259184
214.0,92.97820823244552,86.87782805429865,93.40990474417877
206.0,91.95979899497488,85.11627906976744,92.52613505425643
176.0,89.29663608562691,80.66298342541437,90.29651270011473
165.0,79.13669064748201,65.47619047619048,82.68017169716926
106.0,72.61904761904762,57.009345794392516,78.45877845441466
115.0,86.34361233480176,75.96899224806202,87.9535444087069
147.0,85.44303797468355,74.58563535911603,87.24685536865296
189.0,93.65079365079364,88.05970149253731,94.00585026625905
208.0,93.04556354916068,86.99551569506725,93.46874740377388
228.0,90.74074074074075,83.05084745762711,91.48540772241101
215.0,92.82296650717703,86.60714285714286,93.27356062468203
207.0,92.0,85.18518518518519,92.56058747177327
189.0,86.80351906158357,76.68393782383419,88.296994097813
168.0,80.8362369337979,67.83625730994152,83.86319457586569
101.0,0.0,0.0,49.864477040816325
88.0,0.0,0.0,49.76781728316326
134.0,47.257383966244724,30.939226519337016,65.21993285059213
175.0,46.308724832214764,30.131004366812224,64.74574519871447
202.0,76.82926829268293,62.37623762376238,81.07408916417278
214.0,79.36507936507937,65.78947368421053,82.80373866206887
210.0,62.15277777777778,45.08816120906801,72.32606752374916
206.0,66.79245283018868,50.14164305949008,74.89481800967464
184.0,70.86247086247086,54.87364620938629,77.31188307590696
169.0,53.432282003710576,36.45569620253165,67.97700863852198
35.0,88.88888888888889,80.0,89.99302065884982
43.0,93.18181818181817,87.2340425531915,93.61103743297352
46.0,95.83333333333334,92.0,95.99601037303012
37.0,95.8904109589041,92.10526315789474,96.04964001515725
21.0,83.72093023255815,72.0,85.99302205032097
35.0,92.53731343283582,86.11111111111111,93.05057001362715
46.0,94.6236559139785,89.79591836734694,94.89297234891723
51.0,95.14563106796116,90.74074074074075,95.36538303819411
43.0,95.45454545454545,91.30434782608695,95.64818460439066
23.0,88.37209302325581,79.16666666666666,89.57834898418963
37.0,91.17647058823529,83.78378378378379,91.8859092415778
46.0,93.61702127659575,88.0,93.99401579829251
55.0,96.42857142857143,93.10344827586206,96.5477338741746
48.0,93.75,88.23529411764706,94.11166273774477
35.0,90.625,82.85714285714286,91.42258901686185
38.0,91.66666666666666,84.61538461538461,92.30170941875467
49.0,94.0,88.67924528301887,94.33363808167381
58.0,93.33333333333333,87.5,93.74201915403033
51.0,90.0,81.81818181818183,90.8991170406263
37.0,90.14084507042254,82.05128205128204,91.01866112774695
41.0,93.97590361445783,88.63636363636364,94.31319548074639
52.0,90.74074074074075,83.05084745762711,91.51544906446101
61.0,95.23809523809523,90.9090909090909,95.4485593423258
56.0,91.58878504672897,84.48275862068965,92.23240211242754
40.0,88.88888888888889,80.0,89.99202297383535
48.0,93.61702127659575,88.0,93.99401579829251
57.0,92.03539823008849,85.24590163934425,92.61397308445547
68.0,97.05882352941177,94.28571428571428,97.13886592353964
56.0,94.54545454545455,89.65517241379311,94.82160105008545
40.0,85.71428571428571,75.0,87.49002911498425
53.0,90.38461538461539,82.45614035087719,91.21809590904589
60.0,93.54838709677419,87.87878787878788,93.93141277494205
68.0,92.08633093525181,85.33333333333334,92.65569125159642
63.0,92.06349206349206,85.29411764705883,92.63708236796454
54.0,94.44444444444444,89.47368421052632,94.73085706785666
60.0,63.905325443786985,46.95652173913044,73.41740934727959
64.0,93.12977099236642,87.14285714285714,93.56244922392783
73.0,93.7062937062937,88.1578947368421,94.0699669457425
64.0,92.3076923076923,85.71428571428571,92.84716600344343
52.0,90.38461538461539,82.45614035087719,91.21809590904589
47.0,92.3076923076923,85.71428571428571,92.85016156700043
47.0,90.38461538461539,82.45614035087719,91.21809590904589
49.0,92.45283018867924,85.96491228070175,92.97447640886884
39.0,97.43589743589743,95.0,97.49800550480673
24.0,0.0,0.0,49.97608418367347
46.0,98.9247311827957,97.87234042553192,98.93517280602349
52.0,92.03539823008849,85.24590163934425,92.61397308445547
57.0,91.05691056910568,83.5820895522388,91.7800711129111
50.0,97.0873786407767,94.33962264150944,97.16681886175141
30.0,86.79245283018868,76.66666666666667,88.32635468798809
44.0,94.5054945054945,89.58333333333334,94.78667993138252
52.0,92.03539823008849,85.24590163934425,92.61397308445547
59.0,92.6829268292683,86.36363636363636,93.17283955095962
51.0,94.33962264150944,89.28571428571429,94.63687222485052
34.0,83.33333333333334,71.42857142857143,85.70431582335631
55.0,90.75630252100841,83.07692307692308,91.52748831313134
60.0,93.02325581395348,86.95652173913044,93.46928170123574
64.0,95.45454545454545,91.30434782608695,95.64618744246698
55.0,92.03539823008849,85.24590163934425,92.61397308445547
44.0,87.17948717948718,77.27272727272727,88.62639195593604
62.0,91.17647058823529,83.78378378378379,91.879919189653
65.0,96.29629629629629,92.85714285714286,96.42358250398402
65.0,96.29629629629629,92.85714285714286,96.42358250398402
63.0,92.91338582677166,86.76470588235294,93.37337395201112
45.0,80.0,66.66666666666666,83.31737928100405
65.0,90.9090909090909,83.33333333333334,91.65369546273938
66.0,92.3076923076923,85.71428571428571,92.84616700401973
68.0,97.14285714285714,94.44444444444444,97.21823084360004
64.0,96.18320610687023,92.64705882352942,96.3185406862843
37.0,84.05797101449275,72.5,86.23903224519911
80.0,93.58974358974359,87.95180722891565,93.96592417210907
68.0,90.66666666666666,82.92682926829268,91.44944480896872
68.0,92.7536231884058,86.48648648648648,93.2332655931794
67.0,90.27777777777779,82.27848101265823,91.12527151748435
51.0,90.0,81.81818181818183,90.8991170406263
72.0,64.94845360824742,48.091603053435115,73.97795486018393
67.0,91.66666666666666,84.61538461538461,92.2957186497398
68.0,87.07482993197279,77.10843373493977,88.53525933234856
71.0,90.19607843137256,82.14285714285714,91.05646060288126
53.0,87.61904761904762,77.96610169491525,88.97008455980553
90.0,0.0,0.0,49.79771205357143
93.0,0.0,0.0,49.79771205357143
91.0,51.30434782608696,34.50292397660819,67.13972345646859
64.0,8.955223880597014,4.6875,52.28296033225042
26.0,0.0,0.0,49.97409119897959
108.0,89.0909090909091,80.32786885245902,90.1399718079141
141.0,91.98606271777004,85.16129032258064,92.55766538349478
155.0,87.69716088328076,78.08988764044943,89.00597265888412
153.0,86.07594936708861,75.55555555555556,87.73381294964028
153.0,94.87179487179486,90.2439024390244,95.10596017449741
175.0,93.25842696629213,87.36842105263159,93.66021532535598
191.0,93.47258485639686,87.74509803921569,93.84754751951783
207.0,93.75,88.23529411764706,94.0916371750677
208.0,94.73684210526315,90.0,94.97799031573892
190.0,91.86351706036746,84.9514563106796,92.4447287753274
166.0,95.20958083832335,90.85714285714286,95.41257686672246
120.0,93.33333333333333,87.5,93.73402045381911
83.0,83.56164383561644,71.76470588235294,85.85840801450782
117.0,90.2127659574468,82.17054263565892,91.06230347281247
155.0,90.44585987261146,82.55813953488372,91.24909015357929
162.0,90.69069069069069,82.96703296703298,91.45253197577036
169.0,88.82521489971347,79.89690721649485,89.90946998137072
172.0,93.91304347826087,88.52459016393442,94.24130096032127
192.0,90.77306733167082,83.10502283105022,91.51550697499225
199.0,93.97590361445783,88.63636363636364,94.29317231457044
218.0,93.68191721132898,88.11475409836066,94.02835441152295
228.0,95.23809523809523,90.9090909090909,95.43252607749363
220.0,95.69160997732426,91.73913043478261,95.85055190807479
187.0,93.573264781491,87.92270531400966,93.9363496566448
134.0,95.09433962264151,90.64748201438849,95.31075399420723
90.0,87.27272727272727,77.41935483870968,88.68872100868901
125.0,90.68825910931174,82.96296296296296,91.45851088384646
160.0,91.6923076923077,84.6590909090909,92.30256002667649
168.0,91.01449275362319,83.51063829787235,91.72433092446147
171.0,88.8283378746594,79.90196078431373,89.90999104938598
186.0,91.8918918918919,85.0,92.47000359956805
207.0,91.82692307692307,84.88888888888889,92.41043424138353
204.0,93.7062937062937,88.1578947368421,94.05193386166768
226.0,94.04255319148936,88.75502008032129,94.34948481746022
234.0,97.05882352941177,94.28571428571428,97.12884172589848
231.0,94.37229437229438,89.34426229508196,94.64610928917996
205.0,94.98806682577565,90.45454545454545,95.20626306282709
141.0,92.63157894736842,86.27450980392157,93.11627336571269
89.0,89.1566265060241,80.43478260869566,90.19942794959152
132.0,89.81132075471699,81.5068493150685,90.726455402485
160.0,92.02453987730061,85.22727272727273,92.58764987660962
177.0,90.30470914127424,82.32323232323232,91.12662525925077
185.0,89.63730569948186,81.2206572769953,90.57033103835366
193.0,93.19371727748691,87.25490196078431,93.60144994035056
210.0,92.67139479905437,86.34361233480176,93.1407937624389
221.0,91.26637554585153,83.93574297188755,91.92784506850826
238.0,94.824016563147,90.15748031496062,95.0537136293605
244.0,97.37373737373738,94.88188976377953,97.42792795989116
242.0,94.8024948024948,90.11857707509881,95.03426251048126
212.0,95.37037037037037,91.1504424778761,95.55520923173373
147.0,94.15807560137456,88.96103896103897,94.46353273018474
95.0,92.73743016759776,86.45833333333334,93.21619080177537
132.0,89.55223880597015,81.08108108108108,90.51257186545664
166.0,91.8918918918919,85.0,92.47301241428943
177.0,89.06666666666668,80.28846153846155,90.10323814790262
191.0,88.83374689826302,79.91071428571429,89.91035444269512
197.0,92.03084832904884,85.23809523809524,92.588045758936
210.0,91.84149184149184,84.91379310344827,92.42188184554753
237.0,92.11618257261411,85.38461538461539,92.65427270011489
240.0,93.73737373737374,88.212927756654,94.07542911939699
255.0,95.18304431599229,90.80882352941177,95.3793762142242
258.0,92.09486166007905,85.34798534798534,92.63394702194934
215.0,95.17241379310344,90.78947368421053,95.37372381402785
141.0,94.07665505226481,88.81578947368422,94.39090866542068
87.0,94.67455621301775,89.8876404494382,94.93483747160508
143.0,90.52631578947368,82.6923076923077,91.31917920231905
169.0,94.18960244648318,89.01734104046243,94.48967887655444
193.0,90.5,82.64840182648402,91.28619711286197
199.0,88.51674641148325,79.39914163090128,89.65156217389516
202.0,93.10344827586206,87.09677419354838,93.52037981488091
228.0,91.30434782608695,84.0,91.95997278149142
239.0,92.62295081967213,86.25954198473282,93.09373495633038
249.0,93.20388349514563,87.27272727272727,93.60131877894614
269.0,93.92265193370166,88.54166666666666,94.23778111082176
275.0,92.16417910447761,85.46712802768167,92.6915042890316
221.0,93.62637362637362,88.01652892561982,93.97924298691775
161.0,96.81528662420382,93.82716049382715,96.90358504461068
104.0,88.65979381443299,79.62962962962963,89.79285434366288
146.0,92.09621993127148,85.35031847133759,92.65217853945362
170.0,93.61702127659575,88.0,93.97900923593619
186.0,87.5,77.77777777777779,88.83888988886889
196.0,89.3719806763285,80.78602620087337,90.34900517901082
212.0,91.82692307692307,84.88888888888889,92.41043424138353
228.0,91.06753812636165,83.6,91.7589729221286
239.0,91.09311740890689,83.64312267657994,91.7775181759909
255.0,94.41233140655106,89.41605839416059,94.67898912177637
270.0,95.04587155963303,90.55944055944056,95.25267538519537
276.0,92.88389513108615,86.7132867132867,93.31858855773292
229.0,95.07494646680942,90.61224489795919,95.28310126949447
163.0,95.89905362776025,92.12121212121212,96.04761229761229
103.0,90.625,82.85714285714286,91.41060341164156
151.0,90.9090909090909,83.33333333333334,91.63968878852674
171.0,95.23809523809523,90.9090909090909,95.43855057290757
197.0,92.07920792079209,85.3211009174312,92.62854405743535
205.0,89.14549653579677,80.41666666666667,90.16131734789829
217.0,93.57798165137615,87.93103448275862,93.93750155259359
233.0,89.5397489539749,81.06060606060606,90.48026500140107
245.0,90.01956947162427,81.85053380782918,90.87421176436388
269.0,92.619926199262,86.25429553264605,93.08708767618783
276.0,95.35714285714286,91.12627986348123,95.53709252546119
280.0,95.0,90.47619047619048,95.21004474721164
230.0,94.71458773784354,89.95983935742971,94.95489565565272
171.0,95.52238805970148,91.42857142857143,95.69929051275021
104.0,92.61083743842364,86.23853211009175,93.10429061476793
113.0,92.98245614035088,86.88524590163934,93.4266453195035
148.0,94.5578231292517,89.6774193548387,94.82272150866423
158.0,91.42857142857143,84.21052631578947,92.07828042684261
167.0,93.93939393939394,88.57142857142857,94.26572268218776
160.0,94.11764705882352,88.88888888888889,94.42545356006895
189.0,93.43832020997375,87.68472906403942,93.81736353197971
193.0,93.33333333333333,87.5,93.72399687962556
227.0,92.44060475161987,85.94377510040161,92.93686092996943
227.0,95.63318777292577,91.63179916317992,95.79588236678522
222.0,95.06726457399103,90.5982905982906,95.27712944773228
205.0,96.86746987951807,93.92523364485982,96.94961031917828
167.0,90.96774193548387,83.4319526627219,91.68799591765054
218.0,55.62913907284768,38.53211009174312,69.13230115303438
124.0,92.80000000000001,86.56716417910447,93.2656036636633
155.0,95.11400651465797,90.6832298136646,95.32662390143554
170.0,93.02325581395348,86.95652173913044,93.45426854710841
173.0,93.33333333333333,87.5,93.72700689793062
181.0,92.5207756232687,86.08247422680412,93.01424197252743
201.0,92.76807980049875,86.51162790697674,93.22680815232813
201.0,93.80952380952381,88.34080717488789,94.14439266285561
231.0,93.94572025052193,88.58267716535433,94.26231013479824
235.0,94.6058091286307,89.76377952755905,94.85586269562864
238.0,94.14225941422593,88.93280632411067,94.43837569513775
216.0,95.0,90.47619047619048,95.21608070850571
174.0,91.76470588235294,84.78260869565217,92.36331554334788
183.0,66.42335766423358,49.72677595628415,74.7715441127133
129.0,92.96875,86.86131386861314,93.41267743094042
159.0,94.53376205787781,89.63414634146342,94.80008302501622
173.0,90.5982905982906,82.8125,91.37326121618649
182.0,92.72237196765498,86.4321608040201,93.18908256183727
186.0,92.22520107238606,85.57213930348259,92.75707197155572
209.0,91.34615384615384,84.070796460177,91.99938814726531
213.0,93.87755102040816,88.46153846153845,94.203752480384
236.0,94.28571428571428,89.1891891891892,94.5665637606773
245.0,95.66929133858267,91.69811320754717,95.82702708421738
260.0,93.86138613861385,88.43283582089553,94.185380044251
224.0,95.86056644880175,92.05020920502092,96.0060878677839
186.0,92.43697478991596,85.9375,92.94175593869349
173.0,68.93939393939394,52.601156069364166,76.21871719810427
134.0,91.44981412639405,84.24657534246576,92.10031202541744
161.0,95.625,91.61676646706587,95.7943896705719
184.0,92.18328840970351,85.5,92.72100289971003
190.0,93.5064935064935,87.8048780487805,93.87743702423023
191.0,92.70833333333334,86.40776699029125,93.17588237510083
222.0,91.53318077803205,84.38818565400844,92.15707505847533
226.0,92.07048458149781,85.3061224489796,92.61703744879783
243.0,93.78757515030061,88.30188679245283,94.11990739446438
257.0,95.60229445506691,91.57509157509158,95.76451169709192
272.0,93.38374291115312,87.58865248226951,93.75927647046039
226.0,95.07494646680942,90.61224489795919,95.28310126949447
190.0,92.89617486338798,86.73469387755102,93.34135005840115
212.0,64.5367412140575,47.64150943396226,73.70992096760519
136.0,88.48920863309353,79.35483870967742,89.64545323892159
172.0,93.97590361445783,88.63636363636364,94.2981898149831
188.0,91.66666666666666,84.61538461538461,92.27569230769231
195.0,93.46733668341709,87.73584905660378,93.84191932726168
199.0,92.5,86.04651162790698,92.99325041298131
225.0,92.37668161434978,85.83333333333333,92.88264625441931
228.0,93.61702127659575,88.0,93.96997357674755
253.0,92.66409266409266,86.33093525179856,93.12741892356028
270.0,95.18518518518519,90.81272084805654,95.38031823568315
276.0,92.71028037383178,86.41114982578398,93.16651867190497
233.0,95.35864978902954,91.12903225806451,95.54249410701023
194.0,91.30434782608695,84.0,91.96800511918093
204.0,66.22950819672131,49.50980392156863,74.65205622938143
153.0,91.0299003322259,83.53658536585365,91.74131372651283
177.0,92.94117647058823,86.81318681318682,93.38260204348413
218.0,88.78281622911695,79.82832618025752,89.86715368824838
222.0,91.53318077803205,84.38818565400844,92.15707505847533
213.0,93.86792452830188,88.44444444444444,94.19621025671809
232.0,90.71274298056156,83.00395256916995,91.45894702468824
248.0,90.47619047619048,82.6086956521739,91.25629785411611
258.0,92.3076923076923,85.71428571428571,92.81608537667019
277.0,94.6236559139785,89.79591836734694,94.86790629058163
286.0,93.57142857142857,87.91946308724832,93.92366951693826
243.0,96.5376782077393,93.30708661417323,96.6365225417529
210.0,90.9090909090909,83.33333333333334,91.63066378643624
212.0,65.39682539682539,48.58490566037736,74.183611738183
145.0,89.79591836734694,81.48148148148148,90.71076711752917
176.0,92.89940828402366,86.74033149171271,93.34617486239208
202.0,92.15686274509804,85.45454545454545,92.69526504542908
219.0,91.53318077803205,84.38818565400844,92.15707505847533
209.0,94.81132075471697,90.13452914798206,95.04525356848828
231.0,92.17391304347827,85.48387096774194,92.70590954519513
243.0,89.82035928143712,81.52173913043478,90.70981953618895
264.0,91.91176470588235,85.03401360544217,92.47294158620063
280.0,95.87073608617594,92.06896551724138,96.01144082229658
290.0,93.99293286219081,88.66666666666667,94.29927202297469
252.0,95.703125,91.76029962546816,95.85811941077938
228.0,89.92974238875878,81.70212765957446,90.80805006538262
227.0,65.28189910979229,48.458149779735685,74.11222912627578
159.0,91.9093851132686,85.02994011976048,92.48998704832809
188.0,92.09039548022598,85.34031413612566,92.64216434617052
228.0,88.78718535469108,79.83539094650206,89.86867782689833
234.0,90.82969432314411,83.2,91.55797310278578
211.0,93.27146171693735,87.39130434782608,93.66663766665941
238.0,90.52631578947368,82.6923076923077,91.30111871875447
256.0,88.212927756654,78.91156462585033,89.39371279506516
269.0,91.07142857142857,83.60655737704919,91.75319956350707
293.0,95.2054794520548,90.84967320261438,95.39677936454419
295.0,95.25423728813558,90.93851132686083,95.44119673969055
282.0,93.98907103825137,88.65979381443299,94.29684269831388
237.0,88.98876404494382,80.16194331983806,90.03195009042845
225.0,67.2566371681416,50.66666666666667,75.22247080287111
269.0,0.0,0.0,49.73194355867347
289.0,0.0,0.0,49.66717155612245
260.0,0.0,0.0,49.6761399872449
233.0,0.0,0.0,49.76781728316326
232.0,52.05992509363296,35.189873417721515,67.33912600877883
242.0,57.505285412262154,40.35608308605341,69.97720221448954
253.0,46.15384615384615,30.0,64.67824453415403
269.0,70.83926031294452,54.845814977973575,77.21760775136987
305.0,86.00337268128162,75.44378698224851,87.63876214359516
322.0,89.80263157894737,81.49253731343283,90.68414814291965
322.0,82.12290502793296,69.66824644549763,84.70582042815357
346.0,62.16931216931217,45.105566218809976,72.26644523070813
254.0,59.86622073578596,42.720763723150355,71.12036746071114
49.0,0.0,0.0,49.951171875
58.0,0.0,0.0,49.94220344387755
110.0,0.0,0.0,49.89038584183674
106.0,0.0,0.0,49.89437181122449
97.0,90.25641025641026,82.2429906542056,91.1025287083518
102.0,89.2156862745098,80.53097345132744,90.24352406219163
92.0,92.70833333333334,86.40776699029125,93.18990781283286
90.0,93.78531073446328,88.29787234042553,94.13795659222781
84.0,95.90643274853801,92.13483146067416,96.0604288656427
82.0,93.97590361445783,88.63636363636364,94.30820137984097
81.0,93.33333333333333,87.5,93.73902173696082
81.0,94.47852760736197,89.53488372093024,94.75845964525125
72.0,93.33333333333333,87.5,93.74002115515108
53.0,86.95652173913044,76.92307692307693,88.44657616652191
53.0,83.6734693877551,71.9298245614035,85.94895536437583
75.0,0.0,0.0,49.92526307397959
59.0,92.85714285714286,86.66666666666667,93.32535312425185
107.0,22.388059701492537,12.605042016806722,56.19885481355078
116.0,92.7038626609442,86.4,93.1830230885995
111.0,92.7927927927928,86.5546218487395,93.26133425031387
116.0,92.85714285714286,86.66666666666667,93.31735634020345
108.0,90.47619047619048,82.6086956521739,91.28438017368386
101.0,91.78743961352657,84.82142857142857,92.39374178117164
95.0,93.4010152284264,87.61904761904762,93.79654561289415
89.0,95.13513513513514,90.72164948453609,95.35184055443861
89.0,92.3913043478261,85.85858585858585,92.91531836300358
87.0,93.33333333333333,87.5,93.73802203944742
79.0,96.20253164556962,92.6829268292683,96.33547539068206
73.0,95.94594594594594,92.20779220779221,96.09790867749155
57.0,89.83050847457628,81.53846153846153,90.75726021678977
72.0,0.0,0.0,49.92825255102041
56.0,96.29629629629629,92.85714285714286,96.42458132403068
117.0,59.13978494623656,41.98473282442748,70.91654988820186
110.0,88.88888888888889,80.0,89.97503794232766
122.0,90.9090909090909,83.33333333333334,91.6446956683844
118.0,92.51101321585902,86.0655737704918,93.0158109910157
114.0,90.990990990991,83.47107438016529,91.71556714515005
102.0,96.07843137254902,92.45283018867924,96.21842755490115
108.0,91.30434782608695,84.0,91.98002835972918
98.0,93.53233830845771,87.85046728971963,93.91225492995225
95.0,95.23809523809523,90.9090909090909,95.44556090796557
96.0,89.34010152284264,80.73394495412845,90.3460093721289
84.0,93.56725146198829,87.91208791208791,93.94506503557126
81.0,96.3855421686747,93.02325581395348,96.50563940490073
70.0,89.5104895104895,81.0126582278481,90.49136263882826
73.0,0.0,0.0,49.92725605867347
80.0,0.0,0.0,49.9202806122449
117.0,0.0,0.0,49.88341039540816
108.0,77.35849056603774,63.07692307692307,81.49055160912869
120.0,90.67796610169492,82.94573643410853,91.4508985352152
119.0,93.44262295081968,87.6923076923077,93.83017366158272
121.0,90.9090909090909,83.33333333333334,91.6446956683844
119.0,89.1891891891892,80.48780487804879,90.21993934219351
119.0,92.17391304347827,85.48387096774194,92.72396064864029
106.0,87.85046728971963,78.33333333333333,89.14070923685156
98.0,95.33678756476684,91.0891089108911,95.53556955008655
95.0,87.8048780487805,78.26086956521739,89.10547770877568
91.0,93.12169312169311,87.12871287128714,93.55137927544551
89.0,95.02762430939227,90.52631578947368,95.25417406562924
81.0,94.04761904761905,88.76404494382022,94.37204183434697
73.0,59.61538461538461,42.465753424657535,71.19099816013014
80.0,26.08695652173913,15.0,57.4322223108205
114.0,12.307692307692308,6.557377049180328,53.165070281885654
113.0,73.73271889400922,58.3941605839416,79.14018952224866
117.0,91.13924050632912,83.72093023255815,91.83949363749022
124.0,92.85714285714286,86.66666666666667,93.31535454829967
127.0,91.26984126984127,83.94160583941606,91.94882972700313
123.0,80.19323671497585,66.93548387096774,83.4268180539036
119.0,90.990990990991,83.47107438016529,91.71556714515005
120.0,86.22222222222223,75.78125,87.85967390273368
112.0,86.82926829268293,76.72413793103449,88.33511586391403
97.0,88.67924528301887,79.66101694915254,89.80654777013156
99.0,92.15686274509804,85.45454545454545,92.71129892430959
90.0,95.18716577540107,90.81632653061224,95.39917889810505
86.0,96.045197740113,92.3913043478261,96.18866489076837
74.0,0.0,0.0,49.92625956632653
81.0,0.0,0.0,49.91928411989796
118.0,0.0,0.0,49.88241390306122
109.0,73.17073170731707,57.692307692307686,78.79126472218427
115.0,87.61061946902655,77.95275590551181,88.94842100645322
130.0,89.79591836734694,81.48148148148148,90.71577369723815
133.0,87.09677419354838,77.14285714285715,88.53947203232175
131.0,77.98165137614679,63.90977443609023,81.90697441933877
121.0,15.267175572519085,8.264462809917356,54.021598705520816
123.0,16.417910447761194,8.94308943089431,54.35991309977886
115.0,85.5813953488372,74.79674796747967,87.36742597639218
99.0,88.47926267281106,79.33884297520662,89.64446142370555
103.0,91.24423963133641,83.89830508474576,91.93018175738177
95.0,92.78350515463917,86.53846153846155,93.25525480788428
87.0,94.44444444444444,89.47368421052632,94.72686027219935
73.0,0.0,0.0,49.87244897959184
87.0,0.0,0.0,49.913305165816325
122.0,0.0,0.0,49.87842793367347
101.0,68.44919786096256,52.03252032520326,75.95739202722487
109.0,84.90566037735849,73.77049180327869,86.8533008471331
138.0,0.0,0.0,49.86248405612245
131.0,0.0,0.0,49.869459502551024
124.0,0.0,0.0,49.87643494897959
135.0,0.0,0.0,49.86547353316326
123.0,0.0,0.0,49.87743144132653
118.0,81.86046511627907,69.29133858267717,84.60673781074442
101.0,91.9431279620853,85.08771929824562,92.52688646675095
104.0,91.58878504672897,84.48275862068965,92.22340734660825
90.0,92.14659685863874,85.43689320388349,92.70347295555939
87.0,93.4065934065934,87.62886597938144,93.80245479001414
80.0,0.0,0.0,49.913305165816325
103.0,0.0,0.0,49.874441964285715
117.0,58.252427184466015,41.0958904109589,70.46214426366446
93.0,73.09644670050761,57.599999999999994,78.74711001117676
129.0,90.98360655737704,83.45864661654136,91.70735187113894
130.0,88.62745098039215,79.5774647887324,89.75976888838375
138.0,77.77777777777779,63.63636363636363,81.76627006815687
123.0,0.0,0.0,49.87743144132653
126.0,0.0,0.0,49.874441964285715
124.0,49.03846153846153,32.48407643312102,66.13630255571263
124.0,72.08121827411168,56.34920634920635,78.11971843256147
104.0,90.0,81.81818181818183,90.88712473699594
101.0,91.50943396226415,84.34782608695653,92.15594143861394
92.0,91.57894736842105,84.46601941747572,92.21703813813353
88.0,94.5054945054945,89.58333333333334,94.78168463432488
54.0,0.0,0.0,49.94618941326531
109.0,0.0,0.0,49.891382334183675
122.0,0.0,0.0,49.87842793367347
116.0,61.07784431137725,43.96551724137931,71.91792071545274
109.0,87.0,76.99115044247787,88.46962141900691
109.0,86.86868686868688,76.78571428571429,88.36690385876851
95.0,94.6236559139785,89.79591836734694,94.8879767527519
90.0,91.76470588235294,84.78260869565217,92.3773317341489
87.0,93.49112426035504,87.77777777777777,93.87791018756944
86.0,87.17948717948718,77.27272727272727,88.61640674325275
83.0,95.1219512195122,90.69767441860465,95.34085285862965
78.0,95.59748427672956,91.56626506024097,95.77614650217636
79.0,94.9367088607595,90.36144578313254,95.17273901898888
62.0,80.0,66.66666666666666,83.31238946290608
58.0,0.0,0.0,49.94220344387755
83.0,0.0,0.0,49.91729113520408
104.0,59.45945945945946,42.30769230769231,71.09400413677123
120.0,0.0,0.0,49.88042091836735
123.0,90.3765690376569,82.44274809160305,91.19840528331851
114.0,93.3920704845815,87.60330578512396,93.78667386320309
111.0,91.58878504672897,84.48275862068965,92.22340734660825
101.0,92.0,85.18518518518519,92.57661942750993
101.0,94.5273631840796,89.62264150943396,94.80033854589527
97.0,93.33333333333333,87.5,93.73702206249376
93.0,95.08196721311475,90.625,95.30351599153506
88.0,89.72972972972974,81.37254901960785,90.66730978419355
85.0,94.25287356321839,89.13043478260869,94.55523615602667
84.0,97.0059880239521,94.18604651162791,97.08803273779819
75.0,94.19354838709677,89.02439024390245,94.50321362383734
60.0,81.13207547169812,68.25396825396825,84.10703718584756
87.0,0.0,0.0,49.913305165816325
105.0,66.66666666666666,50.0,74.94713006005227
121.0,0.0,0.0,49.87942442602041
126.0,91.42857142857143,84.21052631578947,92.08429000353232
118.0,91.13924050632912,83.72093023255815,91.83949363749022
117.0,92.51101321585902,86.0655737704918,93.0158109910157
111.0,93.15068493150685,87.17948717948718,93.57476575693615
104.0,94.23076923076923,89.0909090909091,94.53347323629683
105.0,94.7867298578199,90.09009009009009,95.03406173966921
94.0,95.23809523809523,90.9090909090909,95.44556090796557
98.0,96.4824120603015,93.20388349514563,96.59495292968144
95.0,91.83673469387756,84.90566037735849,92.43685766142613
83.0,94.18604651162791,89.01098901098901,94.49551346946296
81.0,94.04761904761905,88.76404494382022,94.37204183434697
75.0,90.27777777777779,82.27848101265823,91.12527151748435
89.0,0.0,0.0,49.91131218112245
100.0,0.0,0.0,49.90035076530612
119.0,0.0,0.0,49.881417410714285
126.0,85.58951965065502,74.80916030534351,87.37163155248804
124.0,92.0,85.18518518518519,92.57261696286086
125.0,93.87755102040816,88.46153846153845,94.21578750847044
124.0,93.00411522633745,86.92307692307692,93.44455985458322
108.0,94.39252336448598,89.38053097345133,94.6782834597661
115.0,93.33333333333333,87.5,93.73502126979689
105.0,88.66995073891626,79.64601769911505,89.80004834163115
97.0,93.87755102040816,88.46153846153845,94.21878935695723
98.0,91.42857142857143,84.21052631578947,92.08729191188834
92.0,91.66666666666666,84.61538461538461,92.29172041821778
84.0,94.85714285714286,90.21739130434783,95.09971236109531
83.0,94.79768786127167,90.10989010989012,95.04596194319515
90.0,0.0,0.0,49.91031568877551
100.0,0.0,0.0,49.90035076530612
123.0,24.285714285714285,13.821138211382115,56.80490511717454
123.0,80.54298642533936,67.42424242424242,83.66919590216054
123.0,91.33858267716536,84.05797101449275,92.00701187560433
130.0,93.54838709677419,87.87878787878788,93.92341311638155
129.0,92.4901185770751,86.02941176470588,92.99572827592853
119.0,93.04347826086956,86.99186991869918,93.47995700892118
116.0,92.57641921397381,86.1788617886179,93.07245466103554
110.0,81.67539267015707,69.02654867256636,84.4783428020902
113.0,85.57692307692307,74.78991596638656,87.36501009252305
102.0,90.32258064516128,82.35294117647058,91.1555032972093
99.0,94.58128078817734,89.7196261682243,94.84883065599715
93.0,95.74468085106383,91.83673469387756,95.91038108331222
86.0,92.81767955801105,86.5979381443299,93.28599294823299
92.0,0.0,0.0,49.908322704081634
100.0,0.0,0.0,49.90035076530612
125.0,0.0,0.0,49.87543845663265
125.0,78.89908256880734,65.15151515151516,82.52984022698536
125.0,92.4901185770751,86.02941176470588,92.99572827592853
130.0,86.08695652173914,75.57251908396947,87.75430874621023
131.0,91.63346613545816,84.55882352941177,92.25843735348757
119.0,91.62995594713657,84.5528455284553,92.25745008488589
115.0,86.1244019138756,75.63025210084034,87.78617584477388
119.0,0.0,0.0,49.881417410714285
114.0,85.71428571428571,75.0,87.46805111821085
103.0,89.1891891891892,80.48780487804879,90.21993934219351
104.0,93.89671361502347,88.49557522123894,94.23480734062986
101.0,93.53233830845771,87.85046728971963,93.91225492995225
87.0,94.05405405405406,88.77551020408163,94.37677464725034
94.0,0.0,0.0,49.906329719387756
114.0,0.0,0.0,49.886399872448976
128.0,0.0,0.0,49.87244897959184
126.0,79.46428571428571,65.92592592592592,82.91704286393527
132.0,85.47717842323651,74.63768115942028,87.2838916052129
138.0,70.4225352112676,54.347826086956516,77.11104004693128
135.0,85.24590163934425,74.28571428571429,87.10690890831488
125.0,81.48148148148148,68.75,84.33507027631369
127.0,61.20218579234973,44.09448818897638,71.97641408650735
122.0,0.0,0.0,49.8664700255102
116.0,87.1111111111111,77.16535433070865,88.55372233488986
103.0,89.1891891891892,80.48780487804879,90.21993934219351
104.0,94.88372093023256,90.2654867256637,95.12175961877305
96.0,92.38578680203045,85.84905660377359,92.90955375861036
86.0,91.20879120879121,83.83838383838383,91.90322162394109
92.0,0.0,0.0,49.908322704081634
125.0,0.0,0.0,49.87543845663265
127.0,65.71428571428571,48.93617021276596,74.3962388573559
134.0,75.1131221719457,60.14492753623188,80.01756587819119
134.0,90.76305220883533,83.08823529411765,91.52114659058998
135.0,80.1762114537445,66.91176470588235,83.41095872311189
130.0,85.71428571428571,75.0,87.46705074185755
118.0,47.74193548387097,31.35593220338983,65.59719065742998
129.0,64.92146596858639,48.06201550387597,73.96416016443749
122.0,0.0,0.0,49.853515625
123.0,85.59670781893004,74.82014388489209,87.3751222699744
106.0,94.4954128440367,89.56521739130436,94.77062619011028
106.0,92.89099526066352,86.72566371681415,93.34785522195995
91.0,92.2279792746114,85.57692307692307,92.77348759312642
85.0,87.91208791208791,78.43137254901961,89.19372843356442
125.0,0.0,0.0,49.87543845663265
128.0,0.0,0.0,49.87244897959184
138.0,0.0,0.0,49.86248405612245
121.0,0.0,0.0,49.83358577806122
124.0,0.0,0.0,49.76582429846938
124.0,0.0,0.0,49.7199856505102
120.0,0.0,0.0,49.74788743622449
132.0,0.0,0.0,49.825613839285715
134.0,0.0,0.0,49.83458227040816
137.0,0.0,0.0,49.83657525510204
119.0,0.0,0.0,49.84355070153062
111.0,0.0,0.0,49.8893893494898
112.0,0.0,0.0,49.888392857142854
81.0,0.0,0.0,49.91928411989796
75.0,0.0,0.0,49.92526307397959
161.0,0.0,0.0,49.80269451530612
242.0,0.0,0.0,49.722975127551024
341.0,7.5829383886255926,3.9408866995073892,51.581687368892446
380.0,64.72602739726028,47.848101265822784,73.71799705898216
379.0,81.61993769470405,68.94736842105263,84.35548090083364
404.0,88.54568854568855,79.44572748267899,89.63356369317768
389.0,83.29113924050633,71.36659436008676,85.55089202025444
395.0,44.48051948051948,28.60125260960334,63.95889285689103
386.0,52.91925465838509,35.97972972972973,67.61058419717078
338.0,62.13836477987421,45.07299270072993,72.23506832256548
299.0,70.45161290322581,54.38247011952191,76.9617899362213
251.0,74.54844006568145,59.424083769633505,79.55688362339009
190.0,80.8080808080808,67.79661016949152,83.82232939696586
120.0,79.35222672064778,65.77181208053692,82.83498547634818
58.0,83.92857142857143,72.3076923076923,86.13589247433929
182.0,0.0,0.0,49.78276466836735
268.0,46.5,30.293159609120522,64.93293445583915
372.0,77.4365821094793,63.18082788671025,81.4210277428179
394.0,85.9138533178114,75.3061224489796,87.53159235465222
405.0,92.55989911727617,86.15023474178403,93.01589112663898
408.0,92.65402843601895,86.31346578366445,93.0944651405015
426.0,87.06411698537683,77.09163346613546,88.43032937642268
413.0,78.4,64.47368421052632,82.04720872978908
407.0,69.72860125260961,53.52564102564102,76.4719012078167
359.0,68.75,52.38095238095239,75.90973503382263
307.0,69.0505548705302,52.730696798493405,76.11382523105688
278.0,73.22720694645442,57.76255707762557,78.69599319939007
214.0,73.84615384615385,58.536585365853654,79.13224914899597
151.0,69.48640483383686,53.24074074074075,76.51949344022515
70.0,76.59574468085107,62.06896551724138,81.00156308263011
190.0,0.0,0.0,49.78276466836735
281.0,16.76300578034682,9.14826498422713,54.28697673005403
385.0,74.23230974632844,59.023354564755834,79.31828275754727
410.0,85.3146853146853,74.39024390243902,87.06864132483926
415.0,94.76248477466504,90.04629629629629,94.97996418446284
427.0,93.55216881594373,87.88546255506607,93.88748487859377
428.0,85.71428571428571,75.0,87.37348889513635
420.0,72.93519695044472,57.4,78.48652608791518
414.0,66.93877551020408,50.306748466257666,74.82838626972007
368.0,66.51982378854625,49.834983498349835,74.61272373377611
314.0,69.92840095465394,53.76146788990825,76.6281428818665
285.0,71.0124826629681,55.053763440860216,77.31754678453267
224.0,72.62773722627736,57.02005730659025,78.35995962154053
172.0,67.59002770083103,51.04602510460251,75.40613877597968
76.0,78.2051282051282,64.21052631578948,82.07134117844747
209.0,0.0,0.0,49.7429049744898
316.0,9.090909090909092,4.761904761904762,52.02208639746022
421.0,44.552845528455286,28.661087866108787,63.98980970575169
424.0,80.86124401913875,67.8714859437751,83.7752228868119
449.0,90.70034443168772,82.98319327731093,91.41024029788288
437.0,93.47079037800687,87.74193548387098,93.8137020290276
436.0,83.1140350877193,71.10694183864915,85.39884313050196
438.0,64.7887323943662,47.91666666666667,73.68290918013741
424.0,62.57545271629779,45.534407027818446,72.39419639468733
383.0,63.02521008403361,46.012269938650306,72.65325983900195
331.0,69.46651532349603,53.21739130434783,76.33899442899364
286.0,69.66887417218544,53.45528455284553,76.49824312189388
229.0,71.57894736842105,55.73770491803278,77.70676168818473
179.0,67.53246753246754,50.98039215686274,75.36531097272862
91.0,75.55555555555556,60.71428571428571,80.31323769229893
218.0,0.0,0.0,49.76084183673469
348.0,0.0,0.0,49.60638552295919
442.0,66.66666666666666,50.0,74.74862293440161
457.0,76.50531286894923,61.95028680688337,80.77555261470704
449.0,90.18691588785047,82.12765957446808,90.9794754992244
447.0,93.0760499432463,87.04883227176221,93.4631293135526
444.0,77.71797631862218,63.556338028169016,81.57040026973038
445.0,60.798122065727696,43.676222596964585,71.50355593658153
428.0,54.33403805496829,37.300435413642965,68.21751673124103
386.0,59.89847715736041,42.7536231884058,70.9808692514271
333.0,68.22742474916387,51.776649746192895,75.60258194147423
289.0,68.40052015604682,51.976284584980235,75.74471873550095
237.0,70.70707070707071,54.6875,77.16963159948766
201.0,72.22222222222221,56.52173913043478,78.14091754602507
117.0,66.01941747572816,49.275362318840585,74.56783203353221
257.0,0.0,0.0,49.71201371173469
429.0,41.02564102564102,25.806451612903224,62.53557874762809
451.0,70.05076142131979,53.90625,76.71665205410821
464.0,79.4841735052755,65.95330739299611,82.80108133058518
467.0,86.80851063829788,76.69172932330827,88.22128661953872
441.0,88.58350951374207,79.5066413662239,89.64479323973715
433.0,81.48148148148148,68.75,84.20938058338186
429.0,74.29906542056075,59.10780669144982,79.33327676623917
413.0,68.69300911854104,52.31481481481482,75.84739677273838
365.0,65.1685393258427,48.333333333333336,73.82468860942295
316.0,68.05074971164936,51.57342657342657,75.50905245393128
287.0,68.0161943319838,51.533742331288344,75.5295103772458
223.0,73.17939609236235,57.70308123249299,78.70044996185386
201.0,72.01946472019465,56.27376425855514,78.02194649323376
141.0,65.3061224489796,48.484848484848484,74.1575871296807
265.0,0.0,0.0,49.6711575255102
432.0,69.04458598726114,52.723735408560316,76.11840512538024
449.0,81.73178458289335,69.10714285714286,84.37983827466194
458.0,80.26905829596413,67.04119850187266,83.3439562704875
459.0,88.72497365648051,79.73484848484848,89.75989736070382
455.0,84.34782608695653,72.93233082706767,86.3215522537363
459.0,48.54368932038835,32.05128205128205,65.65464844549263
429.0,51.30315500685872,34.50184501845018,66.89584439203931
408.0,55.06912442396313,37.99682034976153,68.60791815493563
361.0,62.80087527352297,45.77352472089314,72.54600588106234
309.0,59.69773299748111,42.549371633752244,70.95429494000633
270.0,65.32374100719424,48.504273504273506,74.01089068114433
224.0,71.07142857142857,55.124653739612185,77.40025231551111
173.0,68.78612716763006,52.42290748898678,76.10357672429642
109.0,57.43589743589743,40.28776978417266,70.06108361515098
264.0,0.0,0.0,49.662189094387756
445.0,25.04288164665523,14.313725490196077,56.72076111445716
456.0,68.50690087829359,52.09923664122137,75.79813043411087
471.0,66.75191815856778,50.09596928982726,74.78754189223406
472.0,88.17891373801918,78.85714285714286,89.3170405415492
470.0,78.20267686424475,64.2072213500785,81.87454322070204
483.0,62.745098039215684,45.714285714285715,72.49521632522114
441.0,57.928118393234676,40.773809523809526,69.98812314994531
428.0,58.03310613437196,40.87791495198903,70.00690326371655
374.0,63.4,46.412884333821374,72.83940712810124
332.0,64.08209806157355,47.14765100671141,73.25816261128236
297.0,65.09186351706036,48.249027237354085,73.85813002630402
238.0,70.47308319738988,54.40806045340051,77.0228853107675
203.0,74.37641723356009,59.205776173285194,79.48991520013536
138.0,66.14173228346458,49.411764705882355,74.62004030231432
218.0,0.0,0.0,49.78276466836735
285.0,4.166666666666666,2.127659574468085,50.74291448096921
421.0,4.508196721311475,2.3060796645702304,50.68857257423668
405.0,73.2824427480916,57.831325301204814,78.74043836351494
425.0,88.77419354838709,79.81438515081206,89.81989926989952
417.0,90.99756690997567,83.48214285714286,91.66677722351942
428.0,81.56028368794325,68.8622754491018,84.27460865630022
426.0,10.977701543739279,5.807622504537205,52.38630167983721
410.0,46.40234948604993,30.210325047801145,64.74029387661359
355.0,69.47637292464879,53.22896281800391,76.3750216462575
302.0,70.80103359173127,54.800000000000004,77.17355617009338
262.0,79.71781305114638,66.27565982404691,83.02271479690835
208.0,81.79775280898876,69.20152091254754,84.51975073510722
172.0,72.11895910780669,56.395348837209305,78.12279273167
142.0,60.82949308755761,43.70860927152318,71.76949122526469
240.0,0.0,0.0,49.76084183673469
364.0,17.91044776119403,9.836065573770492,54.53406182905224
433.0,75.13089005235602,60.167714884696025,79.89343470386858
431.0,86.23188405797102,75.79617834394905,87.78367499264536
436.0,91.91685912240185,85.04273504273505,92.45105533526122
437.0,92.75028768699654,86.48068669527898,93.17705602318647
437.0,83.07349665924276,71.04761904761905,85.37120827488877
433.0,39.55739972337483,24.655172413793103,61.8908744366649
421.0,27.741083223249667,16.104294478527606,57.50592287785701
364.0,58.06451612903226,40.909090909090914,70.08999133227961
315.0,69.57575757575758,53.3457249070632,76.42130399375088
277.0,68.24512534818942,51.79704016913319,75.67020500976336
218.0,69.91304347826087,53.7433155080214,76.69857121073906
185.0,77.0764119601329,62.70270270270271,81.28243405211045
145.0,59.523809523809526,42.3728813559322,71.08464630260434
249.0,0.0,0.0,49.751873405612244
373.0,6.593406593406594,3.4090909090909087,51.28090956211907
446.0,63.186077643908966,46.1839530332681,72.81664612015828
461.0,83.37182448036951,71.48514851485149,85.59803947874462
463.0,90.49180327868852,82.63473053892216,91.22994916882203
453.0,92.2905027932961,85.68464730290457,92.77299503380463
465.0,79.51273532668881,65.99264705882352,82.81064394212228
445.0,11.688311688311687,6.206896551724138,52.5609672228106
424.0,45.33333333333333,29.310344827586203,64.16289673941546
370.0,57.48116254036598,40.33232628398791,69.77044293121033
320.0,67.67441860465117,51.14235500878734,75.29253663038344
279.0,67.65498652291106,51.12016293279022,75.3197209255839
223.0,69.25675675675676,52.97157622739018,76.30368249243476
190.0,70.98445595854922,55.020080321285135,77.39812745255487
149.0,60.89965397923876,43.78109452736319,71.77774579426777
267.0,0.0,0.0,49.73393654336735
384.0,0.936768149882904,0.4705882352941176,49.813761052713026
455.0,0.0,0.0,49.4937818877551
473.0,79.14183551847438,65.48323471400394,82.56606964815036
474.0,90.05347593582887,81.90661478599222,90.85984944907088
469.0,92.13973799126637,85.4251012145749,92.64019461580936
472.0,80.75221238938053,67.71799628942486,83.68433792909741
447.0,60.30989272943981,43.1740614334471,71.25351710576267
428.0,45.59915164369035,29.532967032967033,64.25308306413068
375.0,57.54812563323202,40.39829302987198,69.77923951581789
328.0,65.5328798185941,48.735244519392914,74.06293366346898
290.0,64.77419354838709,47.900763358778626,73.67697156421656
235.0,68.0713128038898,51.5970515970516,75.60139174737101
200.0,76.02591792656588,61.32404181184668,80.55102090592334
156.0,72.04968944099379,56.310679611650485,78.06544767638057
281.0,0.0,0.0,49.7199856505102
437.0,0.0,0.0,49.53164859693878
459.0,10.545454545454545,5.566218809980806,52.29255164480535
478.0,70.24901703800786,54.141414141414145,76.84328862075918
486.0,90.17951425554382,82.11538461538461,90.9642230922307
479.0,91.9093851132686,85.02994011976048,92.43959317545813
478.0,82.32558139534883,69.96047430830039,84.82769410088056
453.0,55.892255892255896,38.78504672897196,68.99894874554232
428.0,41.19601328903654,25.94142259414226,62.43960507582689
380.0,52.892561983471076,35.95505617977528,67.52079732065688
331.0,59.30232558139535,42.14876033057851,70.72382629016656
292.0,63.50832266325224,46.52908067542214,72.97912934588284
239.0,68.63354037267081,52.24586288416076,75.92074947831298
204.0,74.949083503055,59.934853420195445,79.84440702694842
159.0,76.13636363636364,61.46788990825688,80.65001545490779
310.0,0.0,0.0,49.691087372448976
471.0,34.99197431781702,21.20622568093385,60.198654814222095
464.0,55.10204081632652,38.028169014084504,68.66180268158189
483.0,82.65765765765765,70.44145873320538,85.06613883075576
483.0,85.90998043052838,75.30017152658662,87.50532431809155
479.0,86.19329388560158,75.736568457539,87.72754959397588
477.0,73.37016574585635,57.940663176265275,78.72857731479984
446.0,51.10851808634772,34.326018808777434,66.74364875422958
423.0,53.04937076476283,36.100131752305664,67.56411340931783
366.0,63.817097415506964,46.86131386861314,73.06559826416316
322.0,63.82022471910113,46.864686468646866,73.10964620874819
281.0,65.18324607329843,48.349514563106794,73.90836835371876
240.0,69.92125984251969,53.753026634382564,76.68533743538002
196.0,79.04967602591793,65.35714285714286,82.58155784666997
153.0,70.8994708994709,54.91803278688525,77.34910871589177
336.0,0.0,0.0,49.66517857142857
485.0,59.74683544303797,42.59927797833935,70.98125693069952
470.0,63.68038740920097,46.714031971580816,73.05649307592725
481.0,78.84416924664602,65.07666098807495,82.3324823998896
486.0,86.30952380952381,75.91623036649214,87.81939662109413
485.0,84.39790575916231,73.0072463768116,86.3539436432709
473.0,41.479524438573314,26.166666666666664,62.64050160938843
441.0,39.256678281068524,24.421965317919074,61.688055868710165
422.0,42.62990455991517,27.088948787061994,63.00320375821333
367.0,51.76470588235295,34.92063492063492,67.00872135345641
314.0,50.255102040816325,33.560477001703575,66.39007463202688
269.0,62.59946949602122,45.559845559845556,72.49758397335489
241.0,68.73065015479877,52.358490566037744,75.97705927188862
189.0,66.66666666666666,50.0,74.82901709829018
143.0,61.50121065375303,44.40559440559441,72.0439528702431
344.0,0.0,0.0,49.598413584183675
487.0,0.0,0.0,49.51470822704081
473.0,17.077798861480076,9.336099585062241,54.23219174062711
492.0,77.02702702702703,62.637362637362635,81.1140017826216
493.0,82.05128205128204,69.56521739130434,84.59263603563288
490.0,88.16326530612245,78.83211678832117,89.2994614176408
488.0,74.14330218068535,58.91089108910891,79.2055408897039
458.0,50.5175983436853,33.795013850415515,66.41885595989493
429.0,37.6878612716763,23.219373219373217,61.07082671325968
366.0,56.60377358490566,39.473684210526315,69.29888736392704
333.0,57.958287596048294,40.80370942812983,70.01817944559241
285.0,62.36024844720497,45.30685920577617,72.34997442011392
248.0,65.97325408618127,49.2239467849224,74.38276251845711
197.0,71.875,56.09756097560976,77.90475744411789
155.0,70.58823529411765,54.54545454545454,77.15781460635371
540.0,28.548644338118024,16.651162790697676,57.42952763212305
533.0,36.011080332409975,21.95945945945946,60.28646628962249
531.0,30.87248322147651,18.253968253968253,58.30285226588635
535.0,44.67353951890035,28.761061946902654,63.57312490336247
528.0,47.39336492890995,31.05590062111801,64.74823690791781
519.0,54.90774907749078,37.843336724313325,68.30826381633706
497.0,47.935103244837755,31.522793404461684,65.0532865339293
477.0,45.714285714285715,29.629629629629626,64.09096175097137
443.0,50.834151128557416,34.078947368421055,66.53764064135939
369.0,73.54555433589462,58.15972222222222,78.83809228624806
321.0,75.18072289156626,60.231660231660236,79.90926826760294
268.0,75.84187408491947,61.08490566037735,80.37717847475867
241.0,73.33333333333333,57.89473684210527,78.77918341754877
181.0,70.16129032258065,54.037267080745345,76.87063946013588
134.0,48.61878453038674,32.11678832116788,65.7796394647163
52.0,55.13513513513514,38.059701492537314,68.94705772881228
70.0,80.85106382978722,67.85714285714286,83.90163553599577
68.0,89.85507246376811,81.57894736842105,90.77550553159848
77.0,87.24832214765101,77.38095238095238,88.671518277044
83.0,92.02453987730061,85.22727272727273,92.6006625706981
91.0,95.6043956043956,91.57894736842105,95.78148789890837
85.0,91.32947976878613,84.04255319148936,92.0063056394
86.0,93.18181818181817,87.2340425531915,93.60504379426253
79.0,89.02439024390245,80.21978021978022,90.09192711366234
67.0,93.5251798561151,87.83783783783784,93.90993885466156
58.0,91.80327868852459,84.84848484848484,92.41426636678034
55.0,88.13559322033898,78.78787878787878,89.3799740280468
59.0,70.80745341614907,54.807692307692314,77.35695774825146
81.0,81.31868131868131,68.51851851851852,84.22532847805293
80.0,88.34355828220859,79.12087912087912,89.54147899840859
84.0,92.48554913294798,86.02150537634408,92.99777760034068
93.0,91.09947643979058,83.65384615384616,91.80995328315598
97.0,94.47236180904522,89.52380952380953,94.7509227723676
92.0,90.72164948453609,83.01886792452831,91.49146558660532
91.0,90.42553191489363,82.52427184466019,91.24416862281521
88.0,90.0,81.81818181818183,90.89112504423413
78.0,87.11656441717791,77.17391304347827,88.56600052932319
67.0,89.5104895104895,81.0126582278481,90.49136263882826
72.0,88.11188811188812,78.75,89.3580383333666
63.0,72.72727272727273,57.14285714285714,78.52653272978118
86.0,80.59701492537313,67.5,83.71107395947699
87.0,88.37209302325581,79.16666666666666,89.56337325349301
92.0,88.88888888888889,80.0,89.97803865197254
101.0,86.34361233480176,75.96899224806202,87.9535444087069
103.0,81.81818181818183,69.23076923076923,84.57145227119467
101.0,86.87782805429865,76.8,88.3710463258786
97.0,90.54726368159204,82.72727272727273,91.34466860881956
96.0,89.44723618090453,80.9090909090909,90.43358193107629
96.0,86.86868686868688,76.78571428571429,88.36690385876851
85.0,86.04651162790698,75.51020408163265,87.73115090114126
90.0,90.0523560209424,81.9047619047619,90.93341509093156
66.0,74.4186046511628,59.25925925925925,79.58572796934867
93.0,77.19298245614034,62.857142857142854,81.37666278777922
89.0,90.0523560209424,81.9047619047619,90.93341509093156
101.0,90.14084507042254,82.05128205128204,91.0046745719669
108.0,88.79668049792531,79.8507462686567,89.89841034298041
110.0,87.09677419354838,77.14285714285715,88.53947203232175
106.0,86.5546218487395,76.29629629629629,88.11619480003638
104.0,90.5829596412556,82.78688524590164,91.37247407577159
100.0,86.91588785046729,76.85950413223141,88.40179846908677
100.0,83.33333333333334,71.42857142857143,85.67634717471981
95.0,89.32038834951457,80.7017543859649,90.32891409099379
93.0,88.88888888888889,80.0,89.97703857519367
66.0,70.78651685393258,54.78260869565217,77.33942160282979
95.0,75.22123893805309,60.28368794326241,80.0859457064738
96.0,87.68472906403942,78.0701754385965,89.01013114373973
109.0,88.88888888888889,80.0,89.97403738616391
110.0,83.72093023255815,72.0,85.9580570424223
111.0,83.84615384615385,72.18543046357617,86.0507714364738
103.0,77.56653992395437,63.35403726708074,81.61810582449776
108.0,89.86784140969164,81.6,90.77703398969525
101.0,84.82142857142857,73.64341085271317,86.7877604172713
102.0,82.5,70.2127659574468,85.06444755926937
103.0,82.73092369477911,70.54794520547945,85.23103529121457
96.0,85.84474885844749,75.2,87.56905075675891
71.0,73.01587301587301,57.49999999999999,78.69910890693914
100.0,76.15062761506276,61.48648648648649,80.68633997879282
102.0,87.67123287671232,78.04878048780488,88.99743337489285
112.0,84.375,72.97297297297297,86.44654081260296
114.0,79.85611510791367,66.46706586826348,83.1776056396146
122.0,81.5068493150685,68.78612716763006,84.33912507371654
110.0,77.14285714285715,62.7906976744186,81.33143575899567
109.0,86.1788617886179,75.71428571428571,87.82319039059603
106.0,84.64730290456431,73.38129496402878,86.65370216108937
109.0,81.25,68.42105263157895,84.1625953363998
106.0,79.54545454545455,66.0377358490566,82.9649444957971
98.0,82.25108225108225,69.85294117647058,84.88553690080892
70.0,70.05076142131979,53.90625,76.89425099038058
103.0,82.5,70.2127659574468,85.06444755926937
107.0,83.26530612244898,71.32867132867133,85.62339625466197
114.0,78.96678966789668,65.2439024390244,82.565029771111
120.0,79.33333333333333,65.74585635359117,82.81099877631213
126.0,77.25856697819314,62.944162436548226,81.39915705939934
122.0,73.55623100303951,58.17307692307693,78.99963405638412
121.0,81.78438661710037,69.18238993710692,84.5422595632884
112.0,81.50943396226415,68.78980891719745,84.34597100809141
120.0,77.93103448275862,63.84180790960452,81.85698449332372
113.0,77.03180212014135,62.643678160919535,81.25692606390196
110.0,86.16600790513834,75.69444444444444,87.81226905946032
103.0,74.01574803149606,58.75,79.30910806277704
110.0,70.03367003367003,53.8860103626943,76.85413315706212
117.0,79.15194346289752,65.49707602339181,82.68961343515389
117.0,76.71232876712328,62.22222222222222,81.04319803984234
128.0,78.125,64.1025641025641,81.98135337852827
129.0,77.5,63.26530612244898,81.5607278634302
124.0,74.60815047021944,59.5,79.66909223485227
115.0,79.56204379562044,66.06060606060606,82.97437796988399
122.0,81.69014084507043,69.04761904761905,84.47187184901928
124.0,78.68852459016394,64.86486486486487,82.36750515098765
115.0,79.56989247311827,66.07142857142857,82.97878828950935
95.0,82.6086956521739,70.37037037037037,85.14524988037897
58.0,70.34482758620689,54.25531914893617,77.08476680638829
68.0,82.85714285714286,70.73170731707317,85.3419101651809
71.0,87.32394366197182,77.5,88.73204094664166
79.0,91.50326797385621,84.33734939759037,92.15570220049159
84.0,92.21556886227546,85.55555555555556,92.76480346691329
90.0,94.3820224719101,89.36170212765957,94.67086943003596
87.0,92.57142857142857,86.17021276595744,93.07213103613772
85.0,91.95402298850574,85.1063829787234,92.539218317851
81.0,88.48484848484848,79.34782608695652,89.65495210301562
65.0,92.7536231884058,86.48648648648648,93.2332655931794
60.0,93.44262295081968,87.6923076923077,93.83817284094624
70.0,85.49618320610686,74.66666666666667,87.31437882415536
61.0,81.203007518797,68.35443037974683,84.15227604139571
82.0,84.70588235294117,73.46938775510205,86.7087478452981
84.0,87.11656441717791,77.17391304347827,88.56600052932319
82.0,92.39766081871345,85.86956521739131,92.92180777986358
94.0,93.12169312169311,87.12871287128714,93.55137927544551
97.0,94.84536082474226,90.19607843137256,95.0880559875096
96.0,91.75257731958763,84.76190476190476,92.36498017259493
92.0,92.06349206349206,85.29411764705883,92.63208547608785
90.0,86.81318681318682,76.69902912621359,88.32556103295529
81.0,85.54216867469879,74.73684210526315,87.34447134701338
65.0,90.64748201438849,82.89473684210526,91.43439773480355
88.0,88.62275449101796,79.56989247311827,89.76598491764972
63.0,79.43262411347519,65.88235294117646,82.91224590394816
89.0,82.53968253968253,70.27027027027027,85.10219968861033
89.0,86.04651162790698,75.51020408163265,87.73115090114126
97.0,91.91919191919192,85.04672897196261,92.50739163981979
101.0,91.78743961352657,84.82142857142857,92.39374178117164
101.0,92.7536231884058,86.48648648648648,93.22826720490458
103.0,90.04739336492891,81.89655172413794,90.9273098270457
100.0,91.62561576354679,84.54545454545455,92.25575544595971
99.0,89.10891089108911,80.35714285714286,90.15660920359838
98.0,86.82926829268293,76.72413793103449,88.33511586391403
88.0,85.1063829787234,74.07407407407408,87.00909069401564
94.0,88.55721393034825,79.46428571428571,89.709182807629
68.0,83.78378378378379,72.09302325581395,86.02256622342918
95.0,76.92307692307693,62.5,81.1990926513745
96.0,89.11917098445595,80.37383177570094,90.16595361993271
98.0,90.19607843137256,82.14285714285714,91.05146211507524
100.0,87.1559633027523,77.23577235772358,88.58993146549744
108.0,93.33333333333333,87.5,93.73502126979689
108.0,89.74358974358975,81.3953488372093,90.67370845027966
106.0,90.0,81.81818181818183,90.88712473699594
98.0,88.26291079812206,78.99159663865547,89.47083925219782
106.0,82.70042194092827,70.50359712230215,85.21086242152889
95.0,83.03571428571429,70.99236641221374,85.4582461815676
97.0,86.11111111111111,75.60975609756098,87.77492776624949
64.0,79.22077922077922,65.59139784946237,82.76377235583962
96.0,77.82805429864254,63.70370370370371,81.8029398933771
97.0,88.3248730964467,79.0909090909091,89.52249541271082
110.0,89.68609865470853,81.30081300813008,90.62744141100649
105.0,83.33333333333334,71.42857142857143,85.67434642200998
113.0,87.55020080321285,77.85714285714286,88.89761291298232
107.0,86.0655737704918,75.53956834532374,87.73583238420149
108.0,90.66666666666666,82.92682926829268,91.44244566821591
105.0,85.08771929824562,74.04580152671755,86.98895439861506
115.0,82.57575757575758,70.3225806451613,85.11535188009358
106.0,78.78787878787878,65.0,82.44408052404538
99.0,85.33333333333334,74.4186046511628,87.17635504123635
68.0,81.48148148148148,68.75,84.34506585511873
99.0,78.41409691629956,64.4927536231884,82.19746192349947
103.0,87.5,77.77777777777779,88.86293301387641
117.0,86.88524590163934,76.81159420289855,88.37384183881696
112.0,82.44274809160305,70.12987012987013,85.01899753996902
127.0,86.61971830985915,76.3975155279503,88.16079800132357
122.0,82.48175182481752,70.1863354037267,85.04522810575446
118.0,85.02024291497976,73.94366197183099,86.93488345141449
120.0,82.07171314741036,69.5945945945946,84.75236290151513
120.0,81.42857142857143,68.67469879518072,84.28541379773418
108.0,75.78947368421053,61.016949152542374,80.43956828882212
103.0,83.89830508474576,72.26277372262774,86.09344529133165
69.0,74.44444444444444,59.29203539823009,79.60011776098018
96.0,78.76106194690266,64.96350364963503,82.43383519974515
103.0,84.44444444444444,73.07692307692307,86.5035181467561
119.0,82.44274809160305,70.12987012987013,85.01899753996902
119.0,79.85611510791367,66.46706586826348,83.1776056396146
136.0,81.67202572347267,69.02173913043478,84.45392537052818
126.0,82.3943661971831,70.05988023952095,84.97999905022253
124.0,84.2911877394636,72.84768211920529,86.38289510825842
130.0,86.01398601398601,75.4601226993865,87.69010370479684
127.0,78.0327868852459,63.97849462365591,81.92232360485391
113.0,71.24183006535948,55.32994923857868,77.577092381488
108.0,82.35294117647058,70.0,84.95506380939067
71.0,72.3404255319149,56.666666666666664,78.28144541124504
108.0,79.03225806451613,65.33333333333333,82.61474766031658
114.0,84.87394957983193,73.72262773722628,86.82536778773446
115.0,80.76923076923077,67.74193548387096,83.82103864125845
122.0,80.82191780821918,67.81609195402298,83.8521108617452
135.0,81.26984126984127,68.44919786096256,84.16565551615903
126.0,82.22996515679442,69.8224852071006,84.86030169500421
125.0,83.98576512455516,72.39263803680981,86.15137115792307
127.0,79.08496732026144,65.4054054054054,82.63877302534779
126.0,75.9493670886076,61.224489795918366,80.53632992273144
115.0,75.16778523489933,60.215053763440864,80.03362148063383
103.0,80.80000000000001,67.78523489932886,83.84468934182618
107.0,0.0,0.0,49.89337531887755
114.0,0.0,0.0,49.886399872448976
114.0,0.0,0.0,49.886399872448976
121.0,0.0,0.0,49.87942442602041
120.0,0.0,0.0,49.88042091836735
133.0,0.0,0.0,49.867466517857146
136.0,0.0,0.0,49.864477040816325
129.0,0.0,0.0,49.8714524872449
127.0,0.0,0.0,49.87344547193878
126.0,0.0,0.0,49.874441964285715
105.0,0.0,0.0,49.89536830357143
99.0,0.0,0.0,49.87643494897959
24.0,89.36170212765957,80.76923076923077,90.37963083671387
33.0,92.53731343283582,86.11111111111111,93.05057001362715
37.0,84.93150684931507,73.80952380952381,86.89379371251943
41.0,82.5,70.2127659574468,85.09242290453558
67.0,58.333333333333336,41.17647058823529,70.54835334468797
70.0,72.07207207207207,56.33802816901409,78.1380981757788
83.0,84.13793103448276,72.61904761904762,86.28657658813302
81.0,80.82191780821918,67.81609195402298,83.88011134405262
78.0,78.19548872180451,64.19753086419753,82.0698371741784
89.0,68.11594202898551,51.64835164835166,75.78028905204792
93.0,48.38709677419355,31.914893617021278,65.89363314440982
116.0,0.0,0.0,49.8844068877551
90.0,0.0,0.0,49.91031568877551
85.0,21.052631578947366,11.76470588235294,55.80760111723196
85.0,66.14173228346458,49.411764705882355,74.66299728492348
74.0,0.0,0.0,49.92625956632653
52.0,57.534246575342465,40.38461538461539,70.16140349531837
55.0,90.0,81.81818181818183,90.8991170406263
54.0,75.86206896551724,61.111111111111114,80.53461544427383
46.0,38.59649122807017,23.91304347826087,61.9216368592341
41.0,45.28301886792453,29.268292682926827,64.60524115048982
51.0,0.0,0.0,49.94917889030612
33.0,87.09677419354838,77.14285714285715,88.56345234059646
37.0,92.10526315789474,85.36585365853658,92.67694370168806
47.0,89.8876404494382,81.63265306122449,90.80735094420727
69.0,70.79646017699115,54.794520547945204,77.36434979048768
79.0,80.59701492537313,67.5,83.72406328558317
91.0,81.04575163398692,68.13186813186813,84.0370000355234
96.0,88.50574712643679,79.38144329896907,89.67076117123148
90.0,88.48484848484848,79.34782608695652,89.65495210301562
95.0,82.35294117647058,70.0,84.97006346545324
121.0,68.44919786096256,52.03252032520326,75.95739202722487
110.0,77.17391304347827,62.83185840707964,81.37401721870796
125.0,69.0721649484536,52.75590551181102,76.31808327138177
110.0,0.0,0.0,49.886399872448976
99.0,67.53246753246754,50.98039215686274,75.44031977167214
88.0,84.61538461538461,73.33333333333333,86.64271935076165
85.0,73.13432835820896,57.647058823529406,78.78762062009554
53.0,89.32038834951457,80.7017543859649,90.33990571881529
64.0,86.20689655172413,75.75757575757575,87.86282809743689
61.0,90.09009009009009,81.9672131147541,90.97263420769823
51.0,80.0,66.66666666666666,83.31538359260736
49.0,69.33333333333334,53.06122448979592,76.5076810385171
51.0,0.0,0.0,49.94917889030612
38.0,86.11111111111111,75.60975609756098,87.79490696492367
48.0,86.31578947368422,75.92592592592592,87.94999796844816
73.0,72.0,56.25,78.09009146037383
86.0,69.62962962962963,53.40909090909091,76.66365096233537
89.0,85.18518518518519,74.19354838709677,87.07282544387269
103.0,80.45977011494253,67.3076923076923,83.61991808135983
99.0,88.52459016393442,79.41176470588235,89.68492217727494
100.0,90.32258064516128,82.35294117647058,91.15850364740642
114.0,86.40776699029125,76.06837606837607,88.00623666956248
125.0,77.88461538461539,63.77952755905512,81.84385101378247
133.0,72.38095238095238,56.71641791044776,78.30032472368696
130.0,85.1063829787234,74.07407407407408,87.00209015629576
118.0,57.30337078651685,40.15748031496063,70.00292968366485
101.0,78.61271676300578,64.76190476190476,82.34403212869725
98.0,86.03351955307262,75.49019607843137,87.72014744139935
86.0,84.4155844155844,73.03370786516854,86.49290709456467
65.0,80.32786885245902,67.12328767123287,83.53770464117034
68.0,88.70967741935483,79.71014492753623,89.84110626197645
63.0,87.93103448275862,78.46153846153847,89.21680414348742
57.0,75.26881720430107,60.3448275862069,80.14947847071258
53.0,0.0,0.0,49.947185905612244
55.0,0.0,0.0,49.945192920918366
43.0,83.9506172839506,72.3404255319149,86.15724958140159
52.0,87.37864077669903,77.58620689655173,88.78013741927185
84.0,74.82014388489209,59.77011494252874,79.8501440565329
100.0,81.56424581005587,68.86792452830188,84.40103010440004
98.0,91.11111111111111,83.6734693877551,91.82076471743326
105.0,86.02150537634408,75.47169811320755,87.70989888094105
108.0,85.56701030927834,74.77477477477478,87.35943937069844
110.0,88.55721393034825,79.46428571428571,89.709182807629
134.0,86.77685950413223,76.64233576642336,88.28921325877836
132.0,81.89655172413794,69.34306569343066,84.62960077666881
140.0,80.83333333333333,67.83216783216784,83.87015648143067
130.0,90.83665338645417,83.21167883211679,91.5828679007374
127.0,71.74887892376681,55.94405594405595,77.90914870022982
111.0,76.34408602150538,61.73913043478261,80.82565742375793
103.0,86.17021276595744,75.70093457943925,87.82451659603763
90.0,84.27672955974843,72.82608695652173,86.38809785970932
82.0,83.44370860927152,71.5909090909091,85.77051091805248
70.0,87.4074074074074,77.63157894736842,88.79882916081631
69.0,90.625,82.85714285714286,91.4165996818936
57.0,84.61538461538461,73.33333333333333,86.65070879544669
59.0,0.0,0.0,49.94120695153062
56.0,0.0,0.0,49.94419642857143
66.0,77.47747747747748,63.23529411764706,81.59271338240282
75.0,75.38461538461539,60.49382716049383,80.21499465431877
90.0,75.32467532467533,60.416666666666664,80.17042280218683
110.0,80.6282722513089,67.54385964912281,83.73500293979325
107.0,87.5,77.77777777777779,88.86493296778373
115.0,84.15841584158416,72.64957264957265,86.29284445898209
112.0,85.71428571428571,75.0,87.47105152827966
115.0,90.14084507042254,82.05128205128204,91.0046745719669
137.0,89.0625,80.28169014084507,90.11287974742305
136.0,87.64940239043824,78.01418439716312,88.97613306463836
144.0,80.97165991902834,68.02721088435374,83.96667677375287
134.0,89.23076923076924,80.55555555555556,90.2498113375061
128.0,80.49792531120332,67.36111111111111,83.63362969840985
117.0,84.21052631578947,72.72727272727273,86.32769387162358
103.0,88.2051282051282,78.89908256880734,89.42658261001756
92.0,86.74698795180723,76.59574468085107,88.27591800544229
81.0,80.0,66.66666666666666,83.30340277223507
74.0,86.76470588235294,76.62337662337663,88.29373033335762
71.0,88.05970149253731,78.66666666666666,89.31737068592827
58.0,87.03703703703704,77.04918032786885,88.51062619098464
63.0,0.0,0.0,49.937220982142854
61.0,0.0,0.0,49.93921396683674
84.0,70.76923076923077,54.761904761904766,77.34305092473855
82.0,77.77777777777779,63.63636363636363,81.78625843430312
95.0,79.76878612716763,66.34615384615384,83.13815166313321
110.0,84.26395939086294,72.80701754385966,86.37256632488133
112.0,89.75609756097562,81.41592920353983,90.6869998225989
117.0,86.25592417061611,75.83333333333333,87.8877158829989
124.0,85.97285067873304,75.39682539682539,87.66746283718788
127.0,88.41201716738198,79.23076923076923,89.58842397791533
142.0,87.96992481203007,78.52348993288591,89.22978268193866
142.0,88.46153846153845,79.3103448275862,89.62520896919551
144.0,83.13725490196079,71.14093959731544,85.52752991449555
134.0,91.72932330827066,84.72222222222221,92.339134845478
133.0,82.17054263565892,69.73684210526315,84.82248536259762
122.0,86.72566371681415,76.5625,88.25129672710572
111.0,88.88888888888889,80.0,89.97603833865814
97.0,87.15083798882681,77.22772277227723,88.59090637795465
87.0,84.07643312101911,72.52747252747253,86.23879114300188
83.0,84.56375838926175,73.25581395348837,86.60495883953428
73.0,84.28571428571429,72.8395061728395,86.39780444623779
56.0,86.79245283018868,76.66666666666667,88.31936963893877
62.0,43.037974683544306,27.419354838709676,63.664820065739335
60.0,0.0,0.0,49.940210459183675
94.0,69.86301369863014,53.68421052631579,76.79821498884368
92.0,83.22981366459628,71.27659574468085,85.61135660430475
103.0,78.45303867403315,64.54545454545455,82.2338090010977
113.0,82.0,69.49152542372882,84.70983026486476
113.0,89.95215311004785,81.73913043478261,90.84859960100218
118.0,89.59276018099548,81.14754098360656,90.55080585734035
122.0,87.5,77.77777777777779,88.86093250085423
137.0,88.25910931174089,78.98550724637681,89.46379243118568
144.0,88.40579710144928,79.22077922077922,89.57842413310509
142.0,89.55223880597015,81.08108108108108,90.51257186545664
146.0,84.4106463878327,73.02631578947368,86.4722111255368
137.0,90.22556390977444,82.1917808219178,91.069919498381
138.0,87.5,77.77777777777779,88.85692979652711
132.0,87.8048780487805,78.26086956521739,89.10047552719607
111.0,88.9908256880734,80.16528925619835,90.05868248828008
103.0,88.88888888888889,80.0,89.97903856903298
93.0,86.04651162790698,75.51020408163265,87.73115090114126
88.0,84.81012658227847,73.62637362637363,86.78923901937732
86.0,85.36585365853658,74.46808510638297,87.21009332555407
60.0,91.37931034482759,84.12698412698413,92.05351660312458
60.0,30.985915492957744,18.333333333333332,59.117827834811784
60.0,0.0,0.0,49.940210459183675
106.0,64.55696202531645,47.66355140186916,73.7759153518074
109.0,79.14438502673798,65.48672566371681,82.70444222988644
113.0,81.21827411167513,68.37606837606837,84.15110509189877
116.0,85.16746411483254,74.16666666666667,87.05238717964076
118.0,90.5829596412556,82.78688524590164,91.37247407577159
125.0,90.12875536480686,82.03125,90.99265761368855
123.0,90.98712446351931,83.46456692913385,91.71131282346448
141.0,87.05882352941177,77.08333333333334,88.50870951096907
146.0,90.20979020979021,82.16560509554141,91.05482884305314
152.0,89.28571428571429,80.64516129032258,90.29261121398109
155.0,80.74074074074075,67.70186335403726,83.79900126377238
145.0,89.13043478260869,80.3921568627451,90.16611019770025
136.0,81.9672131147541,69.44444444444444,84.6782890007189
136.0,89.49416342412452,80.98591549295774,90.46599064634104
124.0,86.4406779661017,76.11940298507463,88.0277487825481
110.0,84.6938775510204,73.45132743362832,86.69571941321885
92.0,84.52380952380952,73.19587628865979,86.57199262991017
91.0,82.92682926829268,70.83333333333334,85.38872701631144
93.0,84.91620111731844,73.7864077669903,86.86625777571071
64.0,90.75630252100841,83.07692307692308,91.52748831313134
65.0,8.823529411764707,4.615384615384616,52.2459060880124
61.0,0.0,0.0,49.93921396683674
98.0,38.01652892561984,23.46938775510204,61.65992267742341
38.0,91.66666666666666,84.61538461538461,92.30170941875467
49.0,85.39325842696628,74.50980392156863,87.24193774202809
76.0,66.66666666666666,50.0,74.96110656800367
80.0,44.66019417475729,28.749999999999996,64.31817388790301
96.0,73.54838709677419,58.16326530612245,79.04073000137224
98.0,87.77777777777777,78.21782178217822,89.08695348845023
98.0,81.65680473372781,69.0,84.46906619833557
94.0,82.20858895705521,69.79166666666666,84.86689641581353
114.0,58.0246913580247,40.869565217391305,70.36695759722524
105.0,0.0,0.0,49.89536830357143
120.0,0.0,0.0,49.88042091836735
108.0,0.0,0.0,49.89237882653062
99.0,62.585034013605444,45.54455445544555,72.71741985688695
94.0,66.66666666666666,50.0,74.95312094795428
84.0,32.0,19.047619047619047,59.45602642971064
73.0,74.13793103448276,58.9041095890411,79.42213438281568
63.0,86.72566371681415,76.5625,88.26628800347119
55.0,64.19753086419753,47.27272727272727,73.60745037614429
53.0,0.0,0.0,49.947185905612244
44.0,0.0,0.0,49.95615433673469
53.0,0.0,0.0,49.947185905612244
115.0,32.11678832116788,19.130434782608695,59.47250295177808
48.0,87.35632183908046,77.55102040816327,88.76454048051868
77.0,73.01587301587301,57.49999999999999,78.71608817075604
81.0,75.55555555555556,60.71428571428571,80.32422515140719
83.0,86.8421052631579,76.74418604651163,88.3521369266683
100.0,83.9080459770115,72.27722772277228,86.1106714228096
106.0,86.31578947368422,75.92592592592592,87.937011751241
102.0,89.94708994708994,81.73076923076923,90.84641913256335
111.0,87.12871287128714,77.19298245614034,88.57053690767407
125.0,76.69902912621359,62.20472440944882,81.0544551444214
124.0,74.0,58.730158730158735,79.31318522911673
125.0,80.0,66.66666666666666,83.29041059426365
118.0,0.0,0.0,49.88241390306122
104.0,65.82278481012658,49.056603773584904,74.47443547549248
97.0,82.35294117647058,70.0,84.97006346545324
87.0,81.87919463087249,69.31818181818183,84.63215286658867
72.0,80.64516129032258,67.56756756756756,83.7598441117573
70.0,84.8,73.61111111111111,86.78660218085732
63.0,75.0,60.0,79.97407104533578
53.0,71.42857142857143,55.55555555555556,77.75384765373997
47.0,25.925925925925924,14.893617021276595,57.40694325520168
53.0,0.0,0.0,49.947185905612244
125.0,27.586206896551722,16.0,57.895326581067074
74.0,71.66666666666667,55.84415584415584,77.88816812214574
83.0,71.42857142857143,55.55555555555556,77.73787832440028
89.0,75.67567567567568,60.86956521739131,80.39886880183212
100.0,84.26966292134831,72.81553398058253,86.37982343627039
111.0,81.48148148148148,68.75,84.34006916305714
109.0,86.4321608040201,76.10619469026548,88.02614585780992
108.0,91.62561576354679,84.54545454545455,92.25575544595971
128.0,88.98305084745762,80.1526717557252,90.05037274551053
129.0,81.93832599118943,69.40298507462687,84.66056048452106
137.0,76.44444444444444,61.87050359712231,80.88234702714969
130.0,92.60700389105058,86.23188405797102,93.09696366432124
125.0,68.75,52.38095238095239,76.13060790071367
108.0,84.42211055276381,73.04347826086956,86.49079606567393
100.0,85.56149732620321,74.76635514018692,87.3562293107514
88.0,84.84848484848484,73.68421052631578,86.81715815103558
78.0,82.26950354609929,69.87951807228916,84.91481789723241
72.0,85.49618320610686,74.66666666666667,87.31437882415536
70.0,73.87387387387388,58.57142857142858,79.25679237487356
57.0,73.33333333333333,57.89473684210527,78.92343686530208
58.0,0.0,0.0,49.94220344387755
56.0,0.0,0.0,49.94419642857143
138.0,19.607843137254903,10.869565217391305,55.31217739747578
91.0,68.08510638297872,51.61290322580645,75.76156651874427
87.0,76.62337662337663,62.10526315789474,81.01671562228596
108.0,81.67539267015707,69.02654867256636,84.4783428020902
105.0,86.91099476439791,76.85185185185185,88.40097233959649
117.0,85.16746411483254,74.16666666666667,87.05238717964076
120.0,86.23853211009175,75.80645161290323,87.87327492589571
116.0,90.32258064516128,82.35294117647058,91.1555032972093
133.0,89.1566265060241,80.43478260869566,90.19042635877707
133.0,85.9504132231405,75.36231884057972,87.64720830988884
142.0,85.15625,74.14965986394559,87.0368807838313
130.0,94.25287356321839,89.13043478260869,94.55023327446818
130.0,83.11688311688312,71.11111111111111,85.51661785587504
114.0,87.55760368663594,77.8688524590164,88.907469898764
106.0,88.0,78.57142857142857,89.26175645150249
89.0,86.74698795180723,76.59574468085107,88.27591800544229
82.0,85.33333333333334,74.4186046511628,87.18735149544091
78.0,83.68794326241135,71.95121951219512,85.95266345045277
70.0,89.0625,80.28169014084507,90.12687831130923
61.0,76.76767676767676,62.295081967213115,81.124604288884
62.0,0.0,0.0,49.9382174744898
57.0,0.0,0.0,49.94319993622449
144.0,15.384615384615385,8.333333333333332,54.03509821120059
98.0,71.69811320754717,55.88235294117647,77.89628331629545
102.0,80.44692737430168,67.28971962616822,83.60993246197441
115.0,79.59183673469387,66.10169491525424,83.01092570426371
113.0,87.68472906403942,78.0701754385965,89.01013114373973
121.0,82.7906976744186,70.63492063492063,85.2805245856337
123.0,86.8421052631579,76.74418604651163,88.34213915221721
132.0,88.33333333333333,79.1044776119403,89.52427795116687
140.0,89.39393939393939,80.82191780821918,90.38299134647644
137.0,87.4015748031496,77.62237762237763,88.77923035717903
147.0,82.44274809160305,70.12987012987013,85.01899753996902
135.0,92.93680297397769,86.80555555555556,93.38379713803032
132.0,88.88888888888889,80.0,89.97203579418344
122.0,88.88888888888889,80.0,89.97403738616391
110.0,87.5,77.77777777777779,88.86293301387641
90.0,87.05882352941177,77.08333333333334,88.51971145529787
86.0,82.80254777070064,70.65217391304348,85.2991467637497
82.0,83.56164383561644,71.76470588235294,85.85840801450782
71.0,89.23076923076924,80.55555555555556,90.26381073998697
70.0,70.37037037037037,54.285714285714285,77.11094521976487
61.0,0.0,0.0,49.93921396683674
60.0,0.0,0.0,49.940210459183675
148.0,7.792207792207792,4.054054054054054,51.885508191069285
144.0,61.61137440758294,44.52054794520548,72.1794533942866
139.0,71.17117117117117,55.24475524475524,77.5585015419736
122.0,79.22705314009661,65.60000000000001,82.75708068830599
120.0,87.44186046511628,77.68595041322314,88.81601941411127
123.0,84.070796460177,72.51908396946564,86.22360021040723
127.0,89.91596638655463,81.67938931297711,90.81572773084594
140.0,88.715953307393,79.72027972027972,89.83117577560469
143.0,87.4074074074074,77.63157894736842,88.78182886798682
142.0,87.35632183908046,77.55102040816327,88.74255107340367
147.0,83.77358490566039,72.07792207792207,85.99601686638539
141.0,91.42857142857143,84.21052631578947,92.08128617579754
137.0,88.37209302325581,79.16666666666666,89.55337048726247
129.0,86.69527896995707,76.51515151515152,88.22662218793023
117.0,87.27272727272727,77.41935483870968,88.68172214778934
94.0,84.7457627118644,73.52941176470588,86.73776031240423
85.0,83.75,72.04301075268818,85.99556193305047
84.0,81.69014084507043,69.04761904761905,84.49787073934087
102.0,70.06369426751591,53.92156862745098,76.91389777913919
68.0,67.96116504854369,51.470588235294116,75.70238691595583
64.0,0.0,0.0,49.93622448979592
67.0,0.0,0.0,49.9332350127551
150.0,6.451612903225806,3.3333333333333335,51.522160876469144
138.0,64.39024390243902,47.482014388489205,73.6681674417002
139.0,71.17117117117117,55.24475524475524,77.5585015419736
130.0,63.87434554973822,46.92307692307692,73.39269679736606
117.0,89.7196261682243,81.35593220338984,90.65600124546489
122.0,87.55364806866953,77.86259541984732,88.90234056649592
129.0,86.99186991869918,76.97841726618705,88.4572527322367
135.0,88.715953307393,79.72027972027972,89.83117577560469
150.0,88.17204301075269,78.84615384615384,89.39011186603739
147.0,89.78102189781022,81.45695364238411,90.70050646976458
155.0,85.1985559566787,74.21383647798741,87.06596574388803
142.0,92.25352112676056,85.62091503267973,92.7884772985359
139.0,90.22556390977444,82.1917808219178,91.069919498381
136.0,88.62745098039215,79.5774647887324,89.75976888838375
121.0,84.71615720524017,73.48484848484848,86.70747945518808
106.0,85.71428571428571,75.0,87.4720514253773
93.0,85.0574712643678,74.0,86.97405293201868
87.0,83.66013071895425,71.91011235955057,85.93011205461563
109.0,75.13812154696133,60.17699115044248,80.04359256572175
75.0,73.94957983193278,58.666666666666664,79.30241495784462
72.0,45.16129032258064,29.166666666666668,64.53249094473797
70.0,0.0,0.0,49.930245535714285
151.0,7.643312101910828,3.9735099337748347,51.842246296367186
148.0,65.77777777777779,49.00662251655629,74.42646801848733
148.0,69.26406926406926,52.980132450331126,76.41920228393273
132.0,68.0,51.515151515151516,75.69371369962094
123.0,86.23853211009175,75.80645161290323,87.87327492589571
125.0,87.96680497925311,78.51851851851852,89.23029980249872
135.0,87.84313725490196,78.32167832167832,89.1298787901137
146.0,86.76470588235294,76.62337662337663,88.27573002330284
150.0,86.50519031141869,76.21951219512195,88.07079583702672
150.0,89.04593639575971,80.2547770700637,90.09641950406282
160.0,84.50704225352112,73.17073170731707,86.54141507852668
145.0,89.28571428571429,80.64516129032258,90.29261121398109
146.0,87.64044943820225,78.0,88.96703889410496
145.0,87.87878787878788,78.37837837837837,89.15722754316442
130.0,84.64730290456431,73.38129496402878,86.65370216108937
109.0,88.0,78.57142857142857,89.26175645150249
97.0,84.26966292134831,72.81553398058253,86.37982343627039
111.0,68.23529411764706,51.78571428571429,75.83898428280686
116.0,77.55102040816327,63.33333333333333,81.62275449101797
81.0,70.39999999999999,54.32098765432099,77.12359124996428
75.0,7.6923076923076925,4.0,51.92824826101688
73.0,0.0,0.0,49.92725605867347
144.0,0.0,0.0,49.85650510204081
162.0,0.0,0.0,49.83856823979592
179.0,0.0,0.0,49.82162786989796
167.0,0.0,0.0,49.83358577806122
164.0,0.0,0.0,49.83657525510204
179.0,0.0,0.0,49.82162786989796
181.0,0.0,0.0,49.81963488520408
179.0,0.0,0.0,49.82162786989796
169.0,0.0,0.0,49.83159279336735
166.0,0.0,0.0,49.83458227040816
159.0,0.0,0.0,49.84155771683674
155.0,0.0,0.0,49.84554368622449
152.0,0.0,0.0,49.84853316326531
147.0,0.0,0.0,49.853515625
142.0,0.0,0.0,49.85849808673469
133.0,0.0,0.0,49.867466517857146
118.0,0.0,0.0,49.88241390306122
118.0,0.0,0.0,49.88241390306122
99.0,0.0,0.0,49.901347257653065
77.0,0.0,0.0,49.923270089285715
67.0,0.0,0.0,49.9332350127551
80.0,0.0,0.0,49.9202806122449
15.0,93.75,88.23529411764706,94.11565347815329
11.0,91.66666666666666,84.61538461538461,92.30569888598394
15.0,71.42857142857143,55.55555555555556,77.76581629375633
15.0,90.32258064516128,82.35294117647058,91.1734802768442
17.0,85.0,73.91304347826086,86.95054075864836
16.0,68.08510638297872,51.61290322580645,75.79149945979317
20.0,83.72093023255815,72.0,85.99302205032097
16.0,71.11111111111111,55.172413793103445,77.57324836385635
21.0,85.1063829787234,74.07407407407408,87.03005880910817
18.0,64.15094339622641,47.22222222222222,73.59217133958457
24.0,92.0,85.18518518518519,92.58860479525246
19.0,69.23076923076923,52.94117647058824,76.4546386360278
24.0,87.5,77.77777777777779,88.88290743140708
19.0,62.06896551724138,45.0,72.4780693010088
27.0,90.56603773584906,82.75862068965517,91.37432549875963
23.0,63.49206349206349,46.51162790697674,73.23288549029354
17.0,75.0,60.0,79.99003209664879
14.0,41.66666666666667,26.31578947368421,63.129987389236156
21.0,69.38775510204081,53.125,76.54754754879482
16.0,51.06382978723404,34.285714285714285,67.11993233622292
22.0,67.9245283018868,51.42857142857142,75.69733926506525
18.0,61.224489795918366,44.11764705882353,72.03988451304446
28.0,73.84615384615385,58.536585365853654,79.25134420629578
18.0,58.06451612903226,40.909090909090914,70.42862735573769
29.0,79.36507936507937,65.78947368421053,82.88177598389706
18.0,58.06451612903226,40.909090909090914,70.42862735573769
28.0,81.35593220338984,68.57142857142857,84.27474762436479
18.0,65.45454545454545,48.64864864864865,74.30538417519557
29.0,85.71428571428571,75.0,87.49202424629128
19.0,61.29032258064516,44.18604651162791,72.06909837992424
29.0,71.875,56.09756097560976,78.03083539977426
21.0,58.333333333333336,41.17647058823529,70.55832800670862
29.0,63.63636363636363,46.666666666666664,73.31738500591418
20.0,0.0,0.0,49.98007015306122
24.0,89.36170212765957,80.76923076923077,90.37963083671387
41.0,92.3076923076923,85.71428571428571,92.8511596102342
47.0,93.33333333333333,87.5,93.74401603702078
47.0,90.10989010989012,82.0,90.99102423456667
43.0,86.74698795180723,76.59574468085107,88.28690305442632
42.0,94.25287356321839,89.13043478260869,94.5602308549525
39.0,84.33734939759037,72.91666666666666,86.44536989024286
37.0,86.48648648648648,76.19047619047619,88.08526681253228
18.0,73.68421052631578,58.333333333333336,79.1566989620297
29.0,87.27272727272727,77.41935483870968,88.7026986348597
42.0,89.74358974358975,81.3953488372093,90.68969691516435
51.0,86.31578947368422,75.92592592592592,87.94999796844816
48.0,90.9090909090909,83.33333333333334,91.6576901850485
45.0,91.30434782608695,84.0,91.99202138269438
51.0,92.0,85.18518518518519,92.58461333865284
44.0,84.21052631578947,72.72727272727273,86.34867705296139
34.0,73.41772151898735,57.99999999999999,78.97906155901649
26.0,75.47169811320755,60.60606060606061,80.2900707368767
39.0,76.47058823529412,61.904761904761905,80.93642880881167
46.0,89.1566265060241,80.43478260869566,90.20841625498505
53.0,85.71428571428571,75.0,87.48603741971517
52.0,89.52380952380953,81.03448275862068,90.50626968627837
48.0,91.83673469387756,84.90566037735849,92.44485109390754
54.0,89.47368421052632,80.95238095238095,90.46422040137752
47.0,77.31092436974791,63.013698630136986,81.47991933302181
45.0,79.16666666666666,65.51724137931035,82.73867573772252
28.0,80.0,66.66666666666666,83.32136970277024
37.0,85.29411764705883,74.35897435897436,87.16951649330456
44.0,91.56626506024097,84.44444444444444,92.21524148904578
51.0,93.87755102040816,88.46153846153845,94.22478479031442
54.0,90.74074074074075,83.05084745762711,91.51544906446101
53.0,90.74074074074075,83.05084745762711,91.51544906446101
52.0,83.60655737704919,71.83098591549296,85.8955428330582
55.0,79.1044776119403,65.4320987654321,82.68811809368705
50.0,86.48648648648648,76.19047619047619,88.0802763971851
34.0,87.32394366197182,77.5,88.74102602452886
36.0,86.15384615384616,75.67567567567568,87.82886439921616
48.0,92.13483146067416,85.41666666666666,92.70135218244074
54.0,94.11764705882352,88.88888888888889,94.43845976522324
55.0,89.90825688073394,81.66666666666667,90.82236120254554
53.0,96.29629629629629,92.85714285714286,96.42458132403068
57.0,83.96946564885496,72.36842105263158,86.1632612236283
52.0,70.74829931972789,54.736842105263165,77.32552742881865
52.0,77.51937984496125,63.29113924050633,81.61664251655449
31.0,75.9493670886076,61.224489795918366,80.59330021642926
38.0,87.67123287671232,78.04878048780488,89.01541608946721
50.0,93.61702127659575,88.0,93.99401579829251
54.0,91.58878504672897,84.48275862068965,92.23240211242754
55.0,87.71929824561403,78.125,89.04853519131788
58.0,92.56198347107438,86.15384615384616,93.0679446252072
59.0,78.37837837837837,64.44444444444444,82.19029756441465
56.0,72.25806451612902,56.56565656565656,78.2399312357413
54.0,71.72413793103448,55.91397849462365,77.91609067576925
33.0,68.88888888888889,52.54237288135594,76.24326740587888
39.0,85.33333333333334,74.4186046511628,87.198333914605
49.0,93.61702127659575,88.0,93.99401579829251
56.0,89.0909090909091,80.32786885245902,90.15196482900645
57.0,89.83050847457628,81.53846153846153,90.75726021678977
60.0,92.80000000000001,86.56716417910447,93.27460327954385
63.0,78.98089171974523,65.26315789473685,82.59865401621146
61.0,74.84662576687117,59.80392156862745,79.86105486792144
56.0,71.05263157894737,55.10204081632652,77.50712750684248
35.0,70.10309278350515,53.96825396825397,76.95520911088698
45.0,84.70588235294117,73.46938775510205,86.7217301759156
51.0,93.87755102040816,88.46153846153845,94.22478479031442
55.0,87.27272727272727,77.41935483870968,88.69571316783872
56.0,88.13559322033898,78.78787878787878,89.3799740280468
61.0,91.47286821705426,84.28571428571429,92.13188282276616
64.0,80.0,66.66666666666666,83.30140485312899
61.0,73.49397590361446,58.0952380952381,79.00372001539317
59.0,71.69811320754717,55.88235294117647,77.89628331629545
46.0,68.25396825396825,51.80722891566265,75.86372057555818
27.0,85.71428571428571,75.0,87.4930216329379
38.0,94.5945945945946,89.74358974358975,94.86780612007473
45.0,91.76470588235294,84.78260869565217,92.3843234754165
47.0,89.36170212765957,80.76923076923077,90.37464211298337
46.0,89.8876404494382,81.63265306122449,90.80735094420727
46.0,90.10989010989012,82.0,90.99102423456667
45.0,89.8876404494382,81.63265306122449,90.80735094420727
45.0,73.39449541284404,57.971014492753625,78.95658591240522
41.0,86.07594936708861,75.55555555555556,87.76680892930744
29.0,83.01886792452831,70.96774193548387,85.4748986026265
41.0,89.74358974358975,81.3953488372093,90.68969691516435
44.0,93.33333333333333,87.5,93.74401603702078
49.0,88.0,78.57142857142857,89.27374588229931
49.0,90.72164948453609,83.01886792452831,91.50045765970292
49.0,89.79591836734694,81.48148148148148,90.73076707122824
46.0,81.08108108108108,68.18181818181817,84.06996396713338
43.0,72.38095238095238,56.71641791044776,78.32928877492151
32.0,86.56716417910447,76.31578947368422,88.14892111927774
33.0,80.7017543859649,67.64705882352942,83.81256296907932
44.0,90.2439024390244,82.22222222222221,91.10313328945531
48.0,92.63157894736842,86.27450980392157,93.13027333330204
51.0,91.42857142857143,84.21052631578947,92.09628613906294
49.0,90.0,81.81818181818183,90.8991170406263
53.0,91.07142857142857,83.60655737704919,91.79330362618046
47.0,77.68595041322314,63.51351351351351,81.72982623749645
55.0,79.33884297520662,65.75342465753424,82.85177616534548
36.0,84.61538461538461,73.33333333333333,86.6547008887914
30.0,77.77777777777779,63.63636363636363,81.8062189032182
43.0,90.2439024390244,82.22222222222221,91.10313328945531
46.0,93.47826086956522,87.75510204081633,93.87156693806719
54.0,89.90825688073394,81.66666666666667,90.82236120254554
57.0,92.72727272727272,86.4406779661017,93.21235893317554
56.0,90.0,81.81818181818183,90.8971201178216
52.0,78.125,64.1025641025641,82.02335243391781
51.0,77.16535433070865,62.82051282051282,81.38132988363402
38.0,85.0574712643678,74.0,86.98703603980933
34.0,77.19298245614034,62.857142857142854,81.4156113456269
46.0,90.9090909090909,83.33333333333334,91.65868836764002
49.0,92.63157894736842,86.27450980392157,93.13027333330204
51.0,90.38461538461539,82.45614035087719,91.21809590904589
55.0,90.9090909090909,83.33333333333334,91.6566918033223
62.0,87.4074074074074,77.63157894736842,88.79882916081631
57.0,77.77777777777779,63.63636363636363,81.78625843430312
55.0,73.75886524822694,58.42696629213483,79.17657467906558
47.0,72.56637168141593,56.94444444444444,78.44130569684076
35.0,81.9672131147541,69.44444444444444,84.71125534219989
46.0,90.9090909090909,83.33333333333334,91.65868836764002
52.0,92.0,85.18518518518519,92.58461333865284
53.0,89.47368421052632,80.95238095238095,90.46422040137752
57.0,88.69565217391305,79.6875,89.83078241895261
61.0,86.76470588235294,76.62337662337663,88.29373033335762
55.0,76.92307692307693,62.5,81.21707966720535
60.0,76.51006711409396,61.95652173913043,80.94334397178193
48.0,73.33333333333333,57.89473684210527,78.91545267861268
37.0,79.36507936507937,65.78947368421053,82.88177598389706
47.0,93.18181818181817,87.2340425531915,93.61103743297352
50.0,92.92929292929293,86.79245283018868,93.38924456789705
53.0,87.5,77.77777777777779,88.87492435879533
60.0,91.52542372881356,84.375,92.17752434060891
64.0,85.3146853146853,74.39024390243902,87.17417014038443
61.0,75.81699346405229,61.05263157894737,80.48940290388367
60.0,75.0,60.0,79.96209022526386
49.0,73.01587301587301,57.49999999999999,78.71608817075604
37.0,79.36507936507937,65.78947368421053,82.88177598389706
48.0,92.3076923076923,85.71428571428571,92.85016156700043
53.0,91.2621359223301,83.92857142857143,91.95530887453228
53.0,88.49557522123894,79.36507936507937,89.66957236019199
62.0,94.3089430894309,89.23076923076924,94.6084010964892
63.0,84.72222222222221,73.49397590361446,86.72503843569429
61.0,76.31578947368422,61.702127659574465,80.81514858975372
59.0,74.02597402597402,58.76288659793815,79.34153827293105
53.0,69.50354609929079,53.2608695652174,76.58754372589276
24.0,15.384615384615385,8.333333333333332,54.14474296116182
42.0,86.48648648648648,76.19047619047619,88.08526681253228
44.0,95.34883720930233,91.11111111111111,95.55156632647407
49.0,88.88888888888889,80.0,89.99002712621669
55.0,86.0,75.43859649122807,87.70533538681843
63.0,0.0,0.0,49.937220982142854
60.0,0.0,0.0,49.940210459183675
64.0,0.0,0.0,49.93622448979592
67.0,0.0,0.0,49.9332350127551
35.0,89.47368421052632,80.95238095238095,90.4682131318484
43.0,84.5360824742268,73.21428571428571,86.59218324808731
40.0,81.81818181818183,69.23076923076923,84.59942929029486
35.0,83.54430379746836,71.73913043478261,85.85660229135975
40.0,85.0574712643678,74.0,86.98703603980933
48.0,86.53846153846155,76.27118644067797,88.1216298044885
41.0,87.2340425531915,77.35849056603774,88.66727759577444
42.0,82.22222222222221,69.81132075471697,84.88970473404689
30.0,89.55223880597015,81.08108108108108,90.5335609210295
25.0,85.71428571428571,75.0,87.49202424629128
14.0,80.0,66.66666666666666,83.32635594008745
44.0,90.10989010989012,82.0,90.99102423456667
50.0,86.72566371681415,76.5625,88.26628800347119
48.0,88.88888888888889,80.0,89.98803064155761
42.0,91.30434782608695,84.0,91.99202138269438
46.0,90.72164948453609,83.01886792452831,91.50045765970292
58.0,91.05691056910568,83.5820895522388,91.7800711129111
64.0,88.05970149253731,78.66666666666666,89.31737068592827
54.0,87.17948717948718,77.27272727272727,88.62140104284742
45.0,88.88888888888889,80.0,89.98902896353627
31.0,84.50704225352112,73.17073170731707,86.5743978801412
25.0,84.7457627118644,73.52941176470588,86.75573298051648
46.0,91.48936170212765,84.31372549019608,92.1488839686434
56.0,93.91304347826087,88.52459016393442,94.25531212039346
59.0,91.93548387096774,85.07462686567165,92.52733717632631
46.0,91.0891089108911,83.63636363636363,91.80920515749959
47.0,91.83673469387756,84.90566037735849,92.44485109390754
65.0,90.37037037037037,82.43243243243244,91.20324604760403
62.0,86.95652173913044,76.92307692307693,88.44358012487952
64.0,88.88888888888889,80.0,89.98503471945088
50.0,87.5,77.77777777777779,88.87492435879533
44.0,88.63636363636364,79.59183673469387,89.78594569247609
36.0,88.60759493670885,79.54545454545455,89.76375258135694
50.0,91.2621359223301,83.92857142857143,91.95530887453228
57.0,94.11764705882352,88.88888888888889,94.43746120422098
62.0,89.92248062015504,81.69014084507043,90.83210103030088
48.0,87.27272727272727,77.41935483870968,88.69571316783872
48.0,94.0,88.67924528301887,94.33363808167381
59.0,92.43697478991596,85.9375,92.95977172741965
63.0,83.22147651006712,71.26436781609196,85.60724077838161
67.0,86.11111111111111,75.60975609756098,87.784923545049
52.0,82.64462809917356,70.4225352112676,85.19032039261062
45.0,91.11111111111111,83.6734693877551,91.8287562357146
37.0,88.88888888888889,80.0,89.99102512963701
54.0,81.41592920353983,68.65671641791045,84.30741266736337
61.0,93.65079365079364,88.05970149253731,94.02186942256611
61.0,94.57364341085271,89.70588235294117,94.84595723952556
52.0,83.33333333333334,71.42857142857143,85.69433598759697
47.0,88.88888888888889,80.0,89.98902896353627
53.0,91.07142857142857,83.60655737704919,91.79330362618046
66.0,83.66013071895425,71.91011235955057,85.93011205461563
70.0,89.1891891891892,80.48780487804879,90.22793756175437
54.0,82.64462809917356,70.4225352112676,85.19032039261062
51.0,87.5,77.77777777777779,88.87692096293046
40.0,86.41975308641975,76.08695652173914,88.03250919363916
52.0,81.81818181818183,69.23076923076923,84.59543687845536
59.0,90.47619047619048,82.6086956521739,91.29237631827554
62.0,90.37037037037037,82.43243243243244,91.20324604760403
55.0,82.92682926829268,70.83333333333334,85.39571903574398
49.0,92.15686274509804,85.45454545454545,92.71929331415856
54.0,90.2654867256637,82.25806451612904,91.11805968948596
67.0,83.87096774193549,72.22222222222221,86.08616648817403
70.0,88.59060402684564,79.51807228915662,89.74207346247893
62.0,82.70676691729322,70.51282051282051,85.23346578203824
50.0,84.31372549019608,72.88135593220339,86.42472041319242
41.0,84.33734939759037,72.91666666666666,86.44536989024286
54.0,85.21739130434783,74.24242424242425,87.1042551918128
62.0,89.39393939393939,80.82191780821918,90.39699158763015
67.0,86.11111111111111,75.60975609756098,87.784923545049
57.0,82.8125,70.66666666666667,85.31138732052483
50.0,90.38461538461539,82.45614035087719,91.21809590904589
54.0,88.28828828828829,79.03225806451613,89.50316196859976
69.0,84.61538461538461,73.33333333333333,86.64271935076165
71.0,88.46153846153845,79.3103448275862,89.63721085153634
62.0,80.88235294117648,67.90123456790124,83.92468005205181
52.0,83.33333333333334,71.42857142857143,85.6963327510494
42.0,85.0574712643678,74.0,86.98703603980933
56.0,87.93103448275862,78.46153846153847,89.21680414348742
68.0,85.3146853146853,74.39024390243902,87.17417014038443
66.0,85.71428571428571,75.0,87.47904735298226
62.0,83.5820895522388,71.7948717948718,85.8754885710193
44.0,87.5,77.77777777777779,88.87692096293046
56.0,86.48648648648648,76.19047619047619,88.0802763971851
70.0,83.9506172839506,72.3404255319149,86.14426880491331
72.0,86.25,75.82417582417582,87.89013489155187
63.0,85.71428571428571,75.0,87.48004629260116
51.0,85.45454545454545,74.60317460317461,87.28562847535896
42.0,83.14606741573034,71.15384615384616,85.56196466131846
45.0,89.36170212765957,80.76923076923077,90.37464211298337
48.0,90.56603773584906,82.75862068965517,91.36933587945893
45.0,86.5979381443299,76.36363636363637,88.16885292869655
40.0,88.09523809523809,78.72340425531915,89.35172985058983
41.0,84.44444444444444,73.07692307692307,86.52450007210867
50.0,87.85046728971963,78.33333333333333,89.15370012035615
52.0,85.98130841121495,75.40983606557377,87.68995693164983
46.0,89.8876404494382,81.63265306122449,90.80735094420727
37.0,91.66666666666666,84.61538461538461,92.30170941875467
30.0,87.5,77.77777777777779,88.88091249900295
22.0,82.6086956521739,70.37037037037037,85.17721022655529
50.0,92.0,85.18518518518519,92.58461333865284
55.0,88.33333333333333,79.1044776119403,89.53827316145565
50.0,88.28828828828829,79.03225806451613,89.50316196859976
44.0,96.7032967032967,93.61702127659575,96.80551853744413
48.0,92.0,85.18518518518519,92.58461333865284
60.0,93.54838709677419,87.87878787878788,93.93141277494205
65.0,89.05109489051095,80.26315789473685,90.11661336820052
54.0,84.29752066115702,72.85714285714285,86.40961881011756
48.0,90.52631578947368,82.6923076923077,91.33717772264238
40.0,86.07594936708861,75.55555555555556,87.76680892930744
30.0,95.23809523809523,90.9090909090909,95.45155418904072
64.0,85.0,73.91304347826086,86.93856662691097
56.0,90.0,81.81818181818183,90.8971201178216
58.0,93.44262295081968,87.6923076923077,93.83817284094624
48.0,93.87755102040816,88.46153846153845,94.22478479031442
48.0,94.84536082474226,90.19607843137256,95.09305218197393
65.0,94.73684210526315,90.0,94.99301578432741
69.0,88.43537414965986,79.26829268292683,89.6171839978662
65.0,83.09859154929578,71.08433734939759,85.51822470359119
55.0,89.28571428571429,80.64516129032258,90.31061080914805
46.0,87.05882352941177,77.08333333333334,88.53069716188995
37.0,90.66666666666666,82.92682926829268,91.45643445784704
63.0,84.5528455284553,73.23943661971832,86.60076531329064
56.0,91.66666666666666,84.61538461538461,92.2977164492697
60.0,89.92248062015504,81.69014084507043,90.83210103030088
50.0,91.58878504672897,84.48275862068965,92.23240211242754
49.0,92.0,85.18518518518519,92.58461333865284
66.0,93.93939393939394,88.57142857142857,94.27773248422169
65.0,88.88888888888889,80.0,89.98403575989784
68.0,86.3013698630137,75.90361445783132,87.931852326994
55.0,87.17948717948718,77.27272727272727,88.62140104284742
47.0,85.39325842696628,74.50980392156863,87.24193774202809
39.0,91.13924050632912,83.72093023255815,91.85348466155232
63.0,83.76068376068376,72.05882352941177,86.01045990243605
65.0,87.87878787878788,78.37837837837837,89.17322686028541
61.0,91.47286821705426,84.28571428571429,92.13188282276616
51.0,90.09009009009009,81.9672131147541,90.97263420769823
50.0,96.0,92.3076923076923,96.14985636769869
64.0,94.48818897637796,89.55223880597015,94.76913560539548
68.0,87.24832214765101,77.38095238095238,88.671518277044
70.0,84.76821192052981,73.5632183908046,86.75866060025544
56.0,86.72566371681415,76.5625,88.26628800347119
48.0,85.71428571428571,75.0,87.4870355226679
42.0,89.1566265060241,80.43478260869566,90.20841625498505
61.0,83.87096774193549,72.22222222222221,86.09116058840742
57.0,91.2,83.82352941176471,91.90079082372189
64.0,90.9090909090909,83.33333333333334,91.65469444222737
52.0,87.5,77.77777777777779,88.87492435879533
49.0,94.0,88.67924528301887,94.33363808167381
61.0,95.9349593495935,92.1875,96.08876167268592
68.0,84.21052631578947,72.72727272727273,86.33969000348311
71.0,85.52631578947368,74.71264367816092,87.33437057089584
57.0,86.95652173913044,76.92307692307693,88.44657616652191
51.0,85.41666666666666,74.54545454545455,87.2587649709421
44.0,89.41176470588236,80.85106382978722,90.4165566865239
65.0,83.96946564885496,72.36842105263158,86.1632612236283
60.0,91.33858267716536,84.05797101449275,92.01801140612503
65.0,89.55223880597015,81.08108108108108,90.52657294536137
53.0,89.47368421052632,80.95238095238095,90.46422040137752
52.0,92.3076923076923,85.71428571428571,92.84916328484793
58.0,90.5982905982906,82.8125,91.39527699359576
69.0,86.27450980392157,75.86206896551724,87.91008058134173
71.0,84.76821192052981,73.5632183908046,86.75866060025544
64.0,78.46153846153847,64.55696202531645,82.25055083809464
54.0,83.16831683168317,71.1864406779661,85.5762657772086
44.0,87.35632183908046,77.55102040816327,88.76454048051868
63.0,86.36363636363636,76.0,87.9820427382829
62.0,93.12977099236642,87.14285714285714,93.56244922392783
61.0,88.7218045112782,79.72972972972973,89.8498998829226
52.0,87.71929824561403,78.125,89.04853519131788
49.0,91.0891089108911,83.63636363636363,91.80920515749959
57.0,91.52542372881356,84.375,92.17752434060891
70.0,85.16129032258064,74.15730337078652,87.05570217431763
73.0,86.27450980392157,75.86206896551724,87.91008058134173
62.0,84.12698412698413,72.6027397260274,86.2814189422787
54.0,82.82828282828282,70.6896551724138,85.3278733626106
43.0,87.05882352941177,77.08333333333334,88.53069716188995
62.0,63.829787234042556,46.875,73.40359899094643
55.0,85.45454545454545,74.60317460317461,87.28562847535896
57.0,0.0,0.0,49.94319993622449
48.0,0.0,0.0,49.952168367346935
50.0,0.0,0.0,49.950175382653065
60.0,0.0,0.0,49.940210459183675
74.0,0.0,0.0,49.92625956632653
59.0,0.0,0.0,49.94120695153062
51.0,0.0,0.0,49.94917889030612
43.0,0.0,0.0,49.957150829081634
36.0,0.0,0.0,49.9641262755102
54.0,71.73913043478261,55.932203389830505,77.94017584285216
61.0,0.0,0.0,49.93921396683674
58.0,73.68421052631578,58.333333333333336,79.14173696841573
68.0,87.3015873015873,77.46478873239437,88.716432992721
70.0,90.51094890510949,82.66666666666667,91.32036290590786
90.0,87.5,77.77777777777779,88.86693236281053
104.0,85.71428571428571,75.0,87.47105152827966
96.0,84.61538461538461,73.33333333333333,86.63872199711238
82.0,86.74698795180723,76.59574468085107,88.27591800544229
67.0,92.64705882352942,86.3013698630137,93.14070748054601
47.0,89.79591836734694,81.48148148148148,90.73076707122824
64.0,80.31496062992126,67.10526315789474,83.52769392308701
71.0,78.46153846153847,64.55696202531645,82.25055083809464
76.0,84.72222222222221,73.49397590361446,86.72503843569429
75.0,88.74172185430463,79.76190476190477,89.86398936033733
83.0,91.12426035502959,83.69565217391305,91.83285572826674
106.0,90.38461538461539,82.45614035087719,91.20810292173466
113.0,89.1891891891892,80.48780487804879,90.21993934219351
104.0,85.71428571428571,75.0,87.4720514253773
82.0,87.57396449704143,77.89473684210526,88.92641117383695
71.0,89.05109489051095,80.26315789473685,90.11661336820052
56.0,85.71428571428571,75.0,87.48404085541014
69.0,86.15384615384616,75.67567567567568,87.81988093440607
77.0,93.67088607594937,88.09523809523809,94.03763940608776
83.0,89.1566265060241,80.43478260869566,90.19942794959152
85.0,88.62275449101796,79.56989247311827,89.76598491764972
95.0,89.24731182795699,80.58252427184466,90.27129926685879
109.0,87.32394366197182,77.5,88.7230447457221
120.0,87.86610878661088,78.35820895522389,89.15014559921926
121.0,88.31168831168831,79.06976744186046,89.50792362187683
95.0,90.15544041450777,82.0754716981132,91.01876960896398
76.0,87.74193548387098,78.16091954022988,89.06150072165961
73.0,87.76978417266187,78.2051282051282,89.08560311284046
89.0,92.48554913294798,86.02150537634408,92.99777760034068
85.0,92.85714285714286,86.66666666666667,93.32135680732432
90.0,91.32947976878613,84.04255319148936,92.0063056394
89.0,90.17341040462428,82.10526315789474,91.03566483376792
100.0,92.3076923076923,85.71428571428571,92.84216861284304
120.0,93.27731092436974,87.4015748031496,93.68480817456991
120.0,88.62745098039215,79.5774647887324,89.75976888838375
114.0,91.07142857142857,83.60655737704919,91.78330824478134
90.0,92.3913043478261,85.85858585858585,92.91531836300358
73.0,88.59060402684564,79.51807228915662,89.74207346247893
72.0,82.96296296296296,70.88607594936708,85.42009304252073
88.0,93.18181818181817,87.2340425531915,93.60504379426253
94.0,91.39784946236558,84.15841584158416,92.06323698788997
93.0,90.21739130434783,82.17821782178217,91.0711423287339
106.0,89.85507246376811,81.57894736842105,90.76850848643883
110.0,86.34361233480176,75.96899224806202,87.9535444087069
131.0,90.29850746268657,82.31292517006803,91.13049115360859
128.0,88.80597014925374,79.86577181208054,89.90292006709666
109.0,86.36363636363636,76.0,87.97004852139534
86.0,90.0,81.81818181818183,90.89112504423413
71.0,84.0,72.41379310344827,86.18295066941815
67.0,80.95238095238095,68.0,83.97605985037406
86.0,91.52542372881356,84.375,92.1725284459527
87.0,91.62011173184358,84.5360824742268,92.25306938419689
110.0,90.04739336492891,81.89655172413794,90.9273098270457
106.0,94.33962264150944,89.28571428571429,94.63087535517442
112.0,91.30434782608695,84.0,91.98002835972918
120.0,90.83665338645417,83.21167883211679,91.5828679007374
126.0,86.34686346863468,75.97402597402598,87.9500565955549
117.0,86.29032258064517,75.88652482269504,87.90930926668715
98.0,87.5,77.77777777777779,88.86293301387641
89.0,91.01123595505618,83.50515463917526,91.73660766193717
88.0,80.23952095808383,67.0,83.46707178351195
99.0,89.85507246376811,81.57894736842105,90.76850848643883
102.0,89.30232558139535,80.67226890756302,90.31317119499558
114.0,91.77489177489177,84.8,92.38102656281207
139.0,88.8135593220339,79.8780487804878,89.90605406353794
134.0,87.67123287671232,78.04878048780488,88.98842477075665
144.0,87.89808917197452,78.4090909090909,89.16657431261332
137.0,86.64495114006515,76.4367816091954,88.17742603430015
122.0,84.52830188679246,73.20261437908496,86.56035960245396
108.0,83.17757009345794,71.2,85.56406253119572
106.0,81.44329896907216,68.69565217391305,84.31189579172926
97.0,83.51648351648352,71.69811320754717,85.81911648401311
96.0,90.81632653061224,83.17757009345794,91.57081631232683
95.0,90.25641025641026,82.2429906542056,91.1025287083518
97.0,93.93939393939394,88.57142857142857,94.27373417270188
111.0,88.10572687224669,78.74015748031496,89.34311971787136
123.0,85.71428571428571,75.0,87.46404889350484
149.0,89.58990536277602,81.14285714285714,90.53845099617975
140.0,89.86486486486487,81.59509202453987,90.767571790101
114.0,86.91983122362869,76.86567164179104,88.40188101491226
104.0,89.30232558139535,80.67226890756302,90.31317119499558
88.0,88.39779005524862,79.20792079207921,89.58300063877356
75.0,84.28571428571429,72.8395061728395,86.39780444623779
82.0,78.26086956521739,64.28571428571429,82.11293016468389
82.0,65.57377049180327,48.78048780487805,74.34835783254911
83.0,81.37931034482759,68.6046511627907,84.2753886138993
82.0,84.35374149659864,72.94117647058823,86.4476405560029
79.0,87.83783783783784,78.3132530120482,89.1386663775094
107.0,87.43718592964824,77.67857142857143,88.81433013521645
112.0,85.98130841121495,75.40983606557377,87.6749683482569
106.0,85.42713567839196,74.56140350877193,87.25175443850087
94.0,90.0,81.81818181818183,90.89112504423413
87.0,82.89473684210526,70.78651685393258,85.36731705446815
60.0,82.14285714285714,69.6969696969697,84.82853671363546
79.0,92.3076923076923,85.71428571428571,92.84516776533383
82.0,93.33333333333333,87.5,93.73902173696082
91.0,91.42857142857143,84.21052631578947,92.0902919027047
94.0,87.91208791208791,78.43137254901961,89.19372843356442
91.0,90.32258064516128,82.35294117647058,91.15850364740642
121.0,89.17748917748918,80.46875,90.2094114467877
124.0,90.75630252100841,83.07692307692308,91.5164914178256
108.0,86.1244019138756,75.63025210084034,87.78617584477388
89.0,92.22222222222223,85.56701030927834,92.7695311462947
77.0,88.27586206896552,79.01234567901234,89.48921083439761
63.0,83.1858407079646,71.21212121212122,85.58710949991446
80.0,93.58974358974359,87.95180722891565,93.96592417210907
98.0,88.17204301075269,78.84615384615384,89.40111820546603
91.0,93.33333333333333,87.5,93.73802203944742
98.0,88.54166666666666,79.43925233644859,89.69766613548389
100.0,92.38578680203045,85.84905660377359,92.90955375861036
127.0,86.5546218487395,76.29629629629629,88.11619480003638
128.0,89.51612903225806,81.02189781021897,90.48498266122652
121.0,87.93103448275862,78.46153846153847,89.20281060952865
98.0,90.25641025641026,82.2429906542056,91.1025287083518
84.0,84.66257668711657,73.40425531914893,86.67718104532895
75.0,81.75182481751825,69.1358024691358,84.54296109091267
87.0,90.17341040462428,82.10526315789474,91.03566483376792
86.0,93.64161849710982,88.04347826086956,94.01075999080008
91.0,93.85474860335195,88.42105263157895,94.19954651861627
100.0,92.06349206349206,85.29411764705883,92.63208547608785
124.0,88.59649122807018,79.52755905511812,89.73781846914667
130.0,91.63346613545816,84.55882352941177,92.25843735348757
128.0,90.47619047619048,82.6086956521739,91.28037754923027
117.0,89.1891891891892,80.48780487804879,90.21993934219351
95.0,90.9090909090909,83.33333333333334,91.64969755045817
85.0,87.65432098765432,78.02197802197803,88.99103092297385
93.0,75.49668874172185,60.63829787234043,80.28223678708504
95.0,92.3913043478261,85.85858585858585,92.91531836300358
96.0,88.77005347593582,79.8076923076923,89.88288514132944
110.0,86.82926829268293,76.72413793103449,88.33511586391403
114.0,86.91588785046729,76.85950413223141,88.40179846908677
132.0,90.42145593869732,82.51748251748252,91.23377022514023
130.0,90.15151515151516,82.06896551724138,91.00851236486956
133.0,88.05970149253731,78.66666666666666,89.30137041032403
112.0,87.1559633027523,77.23577235772358,88.58993146549744
111.0,84.42211055276381,73.04347826086956,86.49079606567393
102.0,78.85714285714286,65.09433962264151,82.51024882223739
89.0,76.31578947368422,61.702127659574465,80.81514858975372
87.0,91.11111111111111,83.6734693877551,91.82076471743326
89.0,86.66666666666667,76.47058823529412,88.21134106562901
102.0,91.28205128205128,83.9622641509434,91.9641616040919
112.0,91.07981220657277,83.62068965517241,91.79137480022943
130.0,89.95983935742971,81.75182481751825,90.85094436785148
128.0,90.0,81.81818181818183,90.88312155293117
127.0,88.37209302325581,79.16666666666666,89.55337048726247
127.0,87.8048780487805,78.26086956521739,89.10047552719607
109.0,87.08133971291866,77.11864406779661,88.53236785600073
107.0,82.6530612244898,70.43478260869566,85.18345578184059
107.0,77.83783783783784,63.716814159292035,81.81749218263181
90.0,88.42105263157895,79.24528301886792,89.60068191508756
94.0,87.95811518324608,78.50467289719626,89.22937869087235
119.0,87.33624454148472,77.51937984496125,88.7307339355807
127.0,90.76923076923077,83.09859154929578,91.52532358239091
143.0,89.43661971830986,80.89171974522293,90.41588924382768
140.0,87.94326241134752,78.48101265822784,89.20654165237774
142.0,89.93288590604027,81.70731707317073,90.82368371543512
121.0,84.16666666666667,72.66187050359713,86.29299216642661
116.0,82.46445497630332,70.16129032258065,85.04371090426784
123.0,80.56872037914692,67.46031746031747,83.68923321459705
107.0,71.5909090909091,55.75221238938053,77.82621893988613
89.0,90.7103825136612,83.0,91.48303156129597
96.0,90.0523560209424,81.9047619047619,90.93341509093156
105.0,89.32038834951457,80.7017543859649,90.32891409099379
108.0,89.28571428571429,80.64516129032258,90.29861706979585
137.0,88.30188679245283,79.05405405405406,89.49606356391351
139.0,90.18181818181819,82.11920529801324,91.03263069983376
137.0,89.6797153024911,81.29032258064515,90.61619026135155
123.0,89.07563025210085,80.3030303030303,90.1255515006264
107.0,86.79245283018868,76.66666666666667,88.30538029443869
105.0,82.17821782178217,69.74789915966386,84.83801641551756
99.0,77.38095238095238,63.10679611650486,81.51548223138806
153.0,0.0,0.0,49.820631377551024
150.0,0.0,0.0,49.85052614795919
141.0,0.0,0.0,49.70503826530612
140.0,0.0,0.0,49.71500318877551
144.0,0.0,0.0,49.75884885204081
140.0,0.0,0.0,49.756855867346935
136.0,0.0,0.0,49.79272959183674
130.0,78.3410138248848,64.39393939393939,82.15005508156972
123.0,12.413793103448276,6.61764705882353,53.182246297366795
110.0,0.0,0.0,49.888392857142854
96.0,0.0,0.0,49.90433673469388
42.0,88.31168831168831,79.06976744186046,89.5259092085454
68.0,92.64705882352942,86.3013698630137,93.14070748054601
90.0,95.02762430939227,90.52631578947368,95.25417406562924
105.0,94.88372093023256,90.2654867256637,95.12175961877305
118.0,96.58119658119658,93.38842975206612,96.68622494334824
114.0,96.52173913043478,93.27731092436974,96.63066584868243
107.0,96.36363636363636,92.98245614035088,96.48323925451736
112.0,95.15418502202643,90.75630252100841,95.36716620018623
98.0,94.94949494949495,90.38461538461539,95.18232406545573
73.0,93.24324324324324,87.34177215189874,93.66090743025116
58.0,92.03539823008849,85.24590163934425,92.61397308445547
36.0,92.7536231884058,86.48648648648648,93.23825760189034
13.0,0.0,0.0,49.9870455994898
48.0,89.65517241379311,81.25,90.61602459261623
73.0,93.7062937062937,88.1578947368421,94.0699669457425
94.0,93.75,88.23529411764706,94.10566766338368
114.0,95.6140350877193,91.59663865546219,95.78833270979912
122.0,95.90163934426229,92.1259842519685,96.05300391207666
128.0,93.3852140077821,87.59124087591242,93.77863945665527
119.0,93.38842975206612,87.59689922480621,93.78246974703346
122.0,93.65079365079364,88.05970149253731,94.01386928476401
113.0,93.16239316239316,87.2,93.58402141130885
82.0,90.17341040462428,82.10526315789474,91.03566483376792
58.0,93.10344827586206,87.09677419354838,93.54040656926132
39.0,86.11111111111111,75.60975609756098,87.79490696492367
20.0,72.22222222222221,56.52173913043478,78.25090205928673
50.0,87.91208791208791,78.43137254901961,89.20471611334817
79.0,96.7741935483871,93.75,96.87001007963913
102.0,92.7536231884058,86.48648648648648,93.22826720490458
117.0,95.39748953974896,91.2,95.58901362310735
125.0,95.19999999999999,90.83969465648855,95.40786099266683
129.0,93.18181818181817,87.2340425531915,93.59904033639236
125.0,94.11764705882352,88.88888888888889,94.42946122564949
126.0,92.96875,86.86131386861314,93.41267743094042
115.0,93.16239316239316,87.2,93.58402141130885
90.0,89.8876404494382,81.63265306122449,90.7983610243842
64.0,93.65079365079364,88.05970149253731,94.02186942256611
41.0,86.8421052631579,76.74418604651163,88.36212154169309
24.0,78.04878048780488,64.0,81.99102870813397
65.0,91.93548387096774,85.07462686567165,92.52733717632631
102.0,94.58128078817734,89.7196261682243,94.84883065599715
120.0,94.11764705882352,88.88888888888889,94.43046234153616
122.0,91.33858267716536,84.05797101449275,92.00701187560433
122.0,88.38951310861424,79.19463087248322,89.56635135457634
126.0,89.76377952755905,81.42857142857143,90.68831791435763
108.0,90.3765690376569,82.44274809160305,91.19840528331851
112.0,89.25619834710744,80.59701492537313,90.27254277466228
85.0,87.29281767955801,77.45098039215686,88.70253472968324
79.0,86.48648648648648,76.19047619047619,88.07528279511038
51.0,93.87755102040816,88.46153846153845,94.22478479031442
39.0,91.8918918918919,85.0,92.49401699174345
53.0,0.0,0.0,49.947185905612244
83.0,95.1219512195122,90.69767441860465,95.34085285862965
110.0,94.54545454545455,89.65517241379311,94.81560346204914
131.0,94.57364341085271,89.70588235294117,94.83895628015861
132.0,90.32258064516128,82.35294117647058,91.14949756126227
130.0,87.71929824561403,78.125,89.0275356636231
132.0,90.22556390977444,82.1917808219178,91.069919498381
124.0,94.11764705882352,88.88888888888889,94.42946122564949
108.0,90.9090909090909,83.33333333333334,91.64569644438232
82.0,86.17021276595744,75.70093457943925,87.82451659603763
73.0,86.33093525179856,75.9493670886076,87.95572752227491
52.0,90.72164948453609,83.01886792452831,91.50045765970292
41.0,83.33333333333334,71.42857142857143,85.70232065226682
32.0,0.0,0.0,49.96811224489796
93.0,92.14659685863874,85.43689320388349,92.70347295555939
119.0,93.38842975206612,87.59689922480621,93.78246974703346
130.0,88.25622775800713,78.98089171974523,89.45748014421689
138.0,86.75496688741721,76.60818713450293,88.2641295348806
130.0,86.98630136986301,76.96969696969697,88.44688568838902
125.0,91.95402298850574,85.1063829787234,92.53221498304877
121.0,91.40625,84.17266187050359,92.06435686465511
105.0,88.68778280542986,79.67479674796748,89.8124373132385
85.0,81.08108108108108,68.18181818181817,84.05597964838299
75.0,89.93288590604027,81.70731707317073,90.83869116545442
44.0,88.88888888888889,80.0,89.99102512963701
46.0,67.44186046511628,50.877192982456144,75.41067856991673
21.0,0.0,0.0,49.979073660714285
103.0,91.4027149321267,84.16666666666667,92.06436179064737
125.0,88.64468864468864,79.60526315789474,89.77166564147858
125.0,86.02150537634408,75.47169811320755,87.6968926877369
124.0,82.14285714285714,69.6969696969697,84.79854577415553
134.0,87.19723183391004,77.30061349693251,88.61334371150322
124.0,89.73384030418251,81.37931034482759,90.66268645612469
116.0,90.1639344262295,82.08955223880598,91.02080775764053
93.0,81.02564102564102,68.10344827586206,84.01479577894746
83.0,78.04878048780488,64.0,81.96408045977012
67.0,86.52482269503547,76.25,88.10604359972064
39.0,90.14084507042254,82.05128205128204,91.01866112774695
44.0,0.0,0.0,49.95615433673469
16.0,0.0,0.0,49.984056122448976
113.0,89.83050847457628,81.53846153846153,90.74526432225653
125.0,87.94326241134752,78.48101265822784,89.20654165237774
117.0,83.7037037037037,71.97452229299363,85.94331651673032
123.0,82.10526315789474,69.64285714285714,84.77048868049987
133.0,88.96797153024912,80.12820512820514,90.03313415188303
128.0,89.37728937728939,80.79470198675497,90.36838227958837
111.0,86.08695652173914,75.57251908396947,87.75430874621023
89.0,77.6595744680851,63.47826086956522,81.69721677691781
78.0,77.30061349693251,63.0,81.46308343144493
67.0,82.26950354609929,69.87951807228916,84.91481789723241
37.0,78.94736842105263,65.21739130434783,82.59274223614871
42.0,31.25,18.51851851851852,59.21540485587848
14.0,0.0,0.0,49.986049107142854
53.0,87.5,77.77777777777779,88.87692096293046
72.0,93.7062937062937,88.1578947368421,94.0699669457425
91.0,91.97860962566845,85.14851485148515,92.55928437722989
111.0,95.53571428571429,91.45299145299145,95.71650950747797
116.0,95.76271186440678,91.869918699187,95.92497193373748
110.0,94.32314410480349,89.25619834710744,94.61511682954158
112.0,93.33333333333333,87.5,93.73502126979689
114.0,93.5064935064935,87.8048780487805,93.88745939668392
107.0,95.73459715639811,91.81818181818183,95.90010438887124
74.0,95.94594594594594,92.20779220779221,96.09790867749155
60.0,92.17391304347827,85.48387096774194,92.73295756954022
38.0,85.71428571428571,75.0,87.49002911498425
45.0,0.0,0.0,49.955157844387756
50.0,90.32258064516128,82.35294117647058,91.16749464376646
76.0,96.64429530201343,93.5064935064935,96.74825713165966
98.0,92.0,85.18518518518519,92.57661942750993
115.0,96.55172413793103,93.33333333333333,96.65867689357623
123.0,94.77911646586345,90.07633587786259,95.02518300145877
126.0,91.8918918918919,85.0,92.47902391273948
118.0,94.21487603305785,89.0625,94.51726733850026
121.0,94.35483870967742,89.31297709923665,94.64250505014769
115.0,94.4206008583691,89.43089430894308,94.7024642918502
92.0,95.08196721311475,90.625,95.30351599153506
62.0,84.375,72.97297297297297,86.46653516770431
39.0,90.41095890410958,82.5,91.24301996290609
56.0,0.0,0.0,49.94419642857143
56.0,87.12871287128714,77.19298245614034,88.58352545770394
82.0,96.29629629629629,92.85714285714286,96.4225831655669
105.0,93.39622641509435,87.61061946902655,93.79133126136192
119.0,96.66666666666667,93.54838709677419,96.7662031368809
123.0,93.3852140077821,87.59124087591242,93.77863945665527
131.0,91.91176470588235,85.03401360544217,92.49502921985561
124.0,97.23320158102767,94.61538461538461,97.30069971983544
123.0,92.85714285714286,86.66666666666667,93.31535454829967
115.0,94.0677966101695,88.8,94.38601817637071
92.0,92.63157894736842,86.27450980392157,93.12327949867057
80.0,89.87341772151899,81.60919540229885,90.7886312307373
45.0,82.5,70.2127659574468,85.09242290453558
57.0,32.35294117647059,19.298245614035086,59.60327410772521
74.0,89.70588235294117,81.33333333333333,90.65269879277662
102.0,93.06930693069307,87.03703703703704,93.50454144092578
120.0,94.9579831932773,90.4,95.18801510097278
126.0,92.13483146067416,85.41666666666666,92.6873555697627
132.0,90.52631578947368,82.6923076923077,91.31917920231905
138.0,95.43859649122807,91.2751677852349,95.6245942843041
115.0,90.19607843137256,82.14285714285714,91.04645903426392
116.0,92.3076923076923,85.71428571428571,92.83816638796463
100.0,88.18181818181819,78.86178861788618,89.40493532413907
87.0,85.41666666666666,74.54545454545455,87.24477981394978
80.0,91.02564102564102,83.52941176470588,91.75073522074233
64.0,71.28712871287128,55.38461538461539,77.66338866558252
63.0,0.0,0.0,49.937220982142854
82.0,95.1219512195122,90.69767441860465,95.34085285862965
108.0,94.00921658986175,88.69565217391305,94.3348452985234
132.0,96.12403100775194,92.53731343283582,96.25866710561314
140.0,87.07482993197279,77.10843373493977,88.51625331248268
135.0,90.27777777777779,82.27848101265823,91.1112662426517
133.0,92.36363636363636,85.8108108108108,92.88442596525674
121.0,91.47286821705426,84.28571428571429,92.12088263328823
117.0,91.80327868852459,84.84848484848484,92.4042679915163
95.0,87.73584905660378,78.15126050420169,89.04967334057397
85.0,87.71929824561403,78.125,89.04154233448433
58.0,92.72727272727272,86.4406779661017,93.21235893317554
49.0,74.07407407407408,58.82352941176471,79.39082584734926
54.0,0.0,0.0,49.94618941326531
96.0,93.75,88.23529411764706,94.10566766338368
118.0,92.76595744680851,86.5079365079365,93.23699100348391
132.0,89.92805755395683,81.69934640522875,90.82170173351287
144.0,88.31168831168831,79.06976744186046,89.49891249790865
136.0,89.58333333333334,81.13207547169812,90.53606590936596
128.0,92.13483146067416,85.41666666666666,92.6873555697627
121.0,92.66409266409266,86.33093525179856,93.14648888209234
107.0,90.98712446351931,83.46456692913385,91.71131282346448
91.0,84.76190476190476,73.55371900826447,86.74491508741731
82.0,88.09523809523809,78.72340425531915,89.34174284459702
71.0,76.52173913043478,61.97183098591549,80.95898658527403
66.0,67.27272727272727,50.68493150684932,75.30656555597358
40.0,0.0,0.0,49.96014030612245
104.0,93.57798165137615,87.93103448275862,93.95153793075903
124.0,94.86166007905138,90.22556390977444,95.09979649859825
128.0,87.41258741258741,77.63975155279503,88.78391245898128
141.0,87.78877887788778,78.23529411764706,89.08067885148185
135.0,88.81118881118881,79.87421383647799,89.90513824753629
132.0,92.57950530035336,86.18421052631578,93.07112414616319
118.0,92.1259842519685,85.40145985401459,92.68075349919212
106.0,88.41201716738198,79.23076923076923,89.58842397791533
90.0,89.83957219251337,81.55339805825243,90.75773392491794
77.0,85.88957055214725,75.26881720430107,87.61145725899802
63.0,75.0,60.0,79.97407104533578
52.0,0.0,0.0,49.94818239795919
23.0,0.0,0.0,49.97708067602041
111.0,92.24137931034483,85.6,92.78202480576803
128.0,90.70631970260223,82.99319727891157,91.47162561032725
141.0,85.14851485148515,74.13793103448276,87.02400777751672
136.0,86.68941979522185,76.50602409638554,88.21405023077385
132.0,89.82456140350877,81.52866242038218,90.73535902349033
136.0,91.22807017543859,83.87096774193549,91.9105068498272
115.0,91.49797570850203,84.32835820895522,92.14320553117996
102.0,86.99551569506725,76.98412698412699,88.4631092397821
87.0,82.87292817679558,70.75471698113208,85.34642098432863
75.0,87.34177215189874,77.52808988764045,88.74408765242381
58.0,74.07407407407408,58.82352941176471,79.38384065928909
48.0,57.49999999999999,40.35087719298245,70.14154231910005
21.0,0.0,0.0,49.979073660714285
135.0,0.0,0.0,49.86547353316326
137.0,74.88584474885845,59.854014598540154,79.87211050524284
148.0,86.50306748466258,76.21621621621621,88.0641388865632
149.0,86.29737609329446,75.8974358974359,87.901744253987
149.0,88.55421686746988,79.45945945945945,89.69175175695395
146.0,85.2760736196319,74.33155080213903,87.11781089480415
138.0,84.48844884488449,73.14285714285714,86.52447364815492
130.0,90.7749077490775,83.1081081081081,91.5290805259938
115.0,86.16600790513834,75.69444444444444,87.81226905946032
103.0,84.84848484848484,73.68421052631578,86.80715977811457
84.0,73.91304347826086,58.620689655172406,79.2624482841201
72.0,70.32967032967034,54.23728813559322,77.06476475745178
64.0,84.7457627118644,73.52941176470588,86.74675112833307
43.0,92.85714285714286,86.66666666666667,93.32734972841082
52.0,88.67924528301887,79.66101694915254,89.81853935490503
65.0,93.33333333333333,87.5,93.74102029413524
95.0,95.83333333333334,92.0,95.99201341745867
110.0,94.4954128440367,89.56521739130436,94.77062619011028
113.0,93.3920704845815,87.60330578512396,93.78667386320309
115.0,94.82758620689656,90.1639344262295,95.06998303223352
110.0,94.22222222222221,89.07563025210085,94.52483330060603
109.0,92.37668161434978,85.83333333333333,92.8996914504823
99.0,92.15686274509804,85.45454545454545,92.71129892430959
68.0,92.08633093525181,85.33333333333334,92.65569125159642
42.0,71.69811320754717,55.88235294117647,77.91125904268922
41.0,88.37209302325581,79.16666666666666,89.573360857367
55.0,91.07142857142857,83.60655737704919,91.79330362618046
66.0,91.30434782608695,84.0,91.98802705884701
96.0,93.87755102040816,88.46153846153845,94.21878935695723
114.0,94.87179487179486,90.2439024390244,95.10996679925853
125.0,95.96774193548387,92.24806201550388,96.11404239477073
119.0,95.4356846473029,91.26984126984127,95.62393403856818
115.0,94.91525423728814,90.32258064516128,95.14930566294497
112.0,91.45299145299145,84.25196850393701,92.10601181393298
99.0,93.71980676328504,88.18181818181819,94.0779295985071
63.0,93.23308270676691,87.32394366197182,93.65299230430675
34.0,71.42857142857143,55.55555555555556,77.75384765373997
43.0,88.88888888888889,80.0,89.99002712621669
54.0,92.17391304347827,85.48387096774194,92.73295756954022
66.0,91.85185185185185,84.93150684931507,92.45477844760521
97.0,94.58128078817734,89.7196261682243,94.84883065599715
111.0,95.15418502202643,90.75630252100841,95.36716620018623
122.0,94.6938775510204,89.92248062015504,94.94825589137996
120.0,93.87755102040816,88.46153846153845,94.21578750847044
117.0,92.56198347107438,86.15384615384616,93.05894608746958
121.0,93.4959349593496,87.78625954198473,93.87714926720699
104.0,95.32710280373831,91.07142857142857,95.52572906384266
67.0,92.7536231884058,86.48648648648648,93.2332655931794
39.0,80.0,66.66666666666666,83.31638147660644
45.0,89.58333333333334,81.13207547169812,90.55606426528078
57.0,92.3076923076923,85.71428571428571,92.84816476369087
65.0,91.04477611940298,83.56164383561644,91.7688494544739
100.0,93.06930693069307,87.03703703703704,93.50454144092578
112.0,94.27312775330397,89.16666666666667,94.57035124861025
121.0,94.16666666666667,88.9763779527559,94.47420659417952
121.0,91.66666666666666,84.61538461538461,92.28771867289025
116.0,91.9831223628692,85.15625,92.55915042592926
118.0,89.34426229508196,80.74074074074075,90.34440516374724
109.0,92.37668161434978,85.83333333333333,92.8996914504823
72.0,92.41379310344827,85.8974358974359,92.93774187655526
41.0,80.89887640449437,67.9245283018868,83.94531161803553
49.0,90.19607843137256,82.14285714285714,91.06145450400388
58.0,92.56198347107438,86.15384615384616,93.0679446252072
66.0,88.23529411764706,78.94736842105263,89.45772124460724
103.0,92.07920792079209,85.3211009174312,92.64457697469905
116.0,93.44978165938865,87.70491803278688,93.8374796878668
121.0,93.27731092436974,87.4015748031496,93.68480817456991
119.0,93.67088607594937,88.09523809523809,94.03263852230197
118.0,92.9460580912863,86.82170542635659,93.3938744453611
123.0,89.60000000000001,81.15942028985508,90.5537433823836
112.0,91.70305676855895,84.67741935483872,92.31973661916209
78.0,93.42105263157895,87.65432098765432,93.81718144981957
44.0,81.31868131868131,68.51851851851852,84.24230638824069
57.0,89.28571428571429,80.64516129032258,90.31061080914805
61.0,89.23076923076924,80.55555555555556,90.26381073998697
65.0,93.43065693430657,87.67123287671232,93.8266365532987
101.0,93.77990430622009,88.28828828828829,94.13116439255663
120.0,93.87755102040816,88.46153846153845,94.21578750847044
112.0,89.7119341563786,81.34328358208955,90.64667524621484
106.0,83.87096774193549,72.22222222222221,86.07116862828637
119.0,85.92592592592592,75.32467532467533,87.62438320768324
129.0,84.64163822525597,73.37278106508876,86.64143728392295
120.0,89.65517241379311,81.25,90.59803182244951
100.0,88.07339449541286,78.68852459016394,89.31830382862829
71.0,82.1917808219178,69.76744186046511,84.85778111061407
45.0,81.72043010752688,69.0909090909091,84.52850133631178
55.0,94.54545454545455,89.65517241379311,94.82160105008545
58.0,86.15384615384616,75.67567567567568,87.81988093440607
79.0,87.27272727272727,77.41935483870968,88.68872100868901
100.0,94.23076923076923,89.0909090909091,94.53347323629683
100.0,90.14084507042254,82.05128205128204,91.0046745719669
83.0,83.33333333333334,71.42857142857143,85.68234703654699
102.0,85.46255506607929,74.61538461538461,87.27474436544107
106.0,86.46288209606988,76.15384615384615,88.04597074351652
100.0,85.46255506607929,74.61538461538461,87.27474436544107
93.0,83.33333333333334,71.42857142857143,85.68234703654699
58.0,69.33333333333334,53.06122448979592,76.48472604267947
48.0,89.36170212765957,80.76923076923077,90.37464211298337
54.0,92.85714285714286,86.66666666666667,93.32535312425185
62.0,91.93548387096774,85.07462686567165,92.52733717632631
84.0,90.69767441860465,82.97872340425532,91.4733930007823
96.0,95.52238805970148,91.42857142857143,95.70530009128252
101.0,88.88888888888889,80.0,89.97603833865814
84.0,85.86387434554975,75.22935779816514,87.58772956383284
110.0,90.35087719298247,82.39999999999999,91.17803207317317
115.0,90.08264462809917,81.95488721804512,90.95347572598583
111.0,89.45147679324894,80.91603053435115,90.43305021824408
86.0,87.83068783068782,78.30188679245283,89.12798609680334
61.0,82.25806451612904,69.86301369863014,84.90956171215795
44.0,89.65517241379311,81.25,90.61602459261623
53.0,88.88888888888889,80.0,89.98803064155761
63.0,92.42424242424242,85.91549295774648,92.94776942609462
93.0,95.23809523809523,90.9090909090909,95.44556090796557
107.0,94.93087557603687,90.35087719298247,95.16445463307781
111.0,95.53571428571429,91.45299145299145,95.71650950747797
113.0,94.78260869565217,90.08264462809917,95.02933837253123
109.0,94.54545454545455,89.65517241379311,94.81560346204914
112.0,94.54545454545455,89.65517241379311,94.81560346204914
97.0,93.4010152284264,87.61904761904762,93.79654561289415
69.0,92.64705882352942,86.3013698630137,93.14070748054601
40.0,73.23943661971832,57.77777777777777,78.86994571840036
42.0,90.69767441860465,82.97872340425532,91.48138356223097
53.0,89.90825688073394,81.66666666666667,90.82236120254554
67.0,91.30434782608695,84.0,91.98802705884701
96.0,94.41624365482234,89.42307692307693,94.7005566912771
110.0,95.06726457399103,90.5982905982906,95.28816067761544
121.0,94.6058091286307,89.76377952755905,94.86890586381548
118.0,95.4356846473029,91.26984126984127,95.62393403856818
117.0,95.31914893617022,91.05691056910568,95.51746934655348
112.0,94.32314410480349,89.25619834710744,94.61511682954158
101.0,95.0,90.47619047619048,95.22811141189369
69.0,94.81481481481482,90.14084507042254,95.06343818016657
37.0,77.77777777777779,63.63636363636363,81.80222903840995
45.0,91.48936170212765,84.31372549019608,92.1488839686434
56.0,90.5982905982906,82.8125,91.39527699359576
66.0,92.53731343283582,86.11111111111111,93.04557830368981
96.0,94.41624365482234,89.42307692307693,94.7005566912771
111.0,95.53571428571429,91.45299145299145,95.71650950747797
120.0,95.4356846473029,91.26984126984127,95.62393403856818
118.0,94.16666666666667,88.9763779527559,94.47420659417952
116.0,94.9579831932773,90.4,95.18801510097278
116.0,93.33333333333333,87.5,93.73402045381911
100.0,93.20388349514563,87.27272727272727,93.62238600058089
69.0,95.65217391304348,91.66666666666666,95.82734650435708
42.0,83.11688311688312,71.11111111111111,85.542592888038
45.0,88.42105263157895,79.24528301886792,89.61167091063874
58.0,94.91525423728814,90.32258064516128,95.15530468810339
68.0,91.30434782608695,84.0,91.98802705884701
99.0,96.03960396039604,92.38095238095238,96.1824888105365
110.0,95.06726457399103,90.5982905982906,95.28816067761544
120.0,95.83333333333334,92.0,95.99001218513415
120.0,94.16666666666667,88.9763779527559,94.47420659417952
114.0,92.3076923076923,85.71428571428571,92.83916730389528
118.0,94.21487603305785,89.0625,94.51726733850026
105.0,96.26168224299066,92.7927927927928,96.38840805936846
74.0,91.78082191780823,84.81012658227847,92.3930893942345
39.0,82.5,70.2127659574468,85.09242290453558
45.0,88.65979381443299,79.62962962962963,89.8038439971897
59.0,94.21487603305785,89.0625,94.52426662044334
67.0,90.64748201438849,82.89473684210526,91.43439773480355
101.0,94.68599033816425,89.90825688073394,94.94314557363907
110.0,95.06726457399103,90.5982905982906,95.28816067761544
121.0,94.16666666666667,88.9763779527559,94.47420659417952
123.0,92.05020920502092,85.27131782945736,92.61668396166672
114.0,91.13924050632912,83.72093023255815,91.83949363749022
119.0,93.54838709677419,87.87878787878788,93.92341311638155
107.0,94.93087557603687,90.35087719298247,95.16445463307781
77.0,92.61744966442953,86.25,93.11402348973198
41.0,75.86206896551724,61.111111111111114,80.53461544427383
56.0,86.48648648648648,76.19047619047619,88.0802763971851
58.0,91.05691056910568,83.5820895522388,91.7800711129111
63.0,91.72932330827066,84.72222222222221,92.35013635305465
97.0,94.0,88.67924528301887,94.32764228928707
116.0,93.96551724137932,88.6178861788618,94.29496182432612
116.0,93.27731092436974,87.4015748031496,93.68480817456991
115.0,91.869918699187,84.9624060150376,92.46122817580675
122.0,90.49429657794677,82.63888888888889,91.29447291199145
129.0,91.30434782608695,84.0,91.97602397602398
108.0,90.12875536480686,82.03125,90.99265761368855
90.0,92.47311827956989,86.0,92.9860251547215
58.0,82.88288288288288,70.76923076923077,85.36566465650847
50.0,87.5,77.77777777777779,88.87692096293046
53.0,90.9090909090909,83.33333333333334,91.6566918033223
60.0,93.44262295081968,87.6923076923077,93.83817284094624
73.0,87.5,77.77777777777779,88.86893119919105
100.0,94.05940594059405,88.78504672897196,94.38054277304411
106.0,91.66666666666666,84.61538461538461,92.28971998506914
104.0,90.41095890410958,82.5,91.22903229027297
106.0,89.56521739130436,81.10236220472441,90.52721609127839
113.0,90.83333333333333,83.20610687022901,91.58108287566418
106.0,88.20960698689956,78.90625,89.42616543934099
88.0,88.52459016393442,79.41176470588235,89.68492217727494
65.0,73.8255033557047,58.51063829787234,79.21641330108797
49.0,83.51648351648352,71.69811320754717,85.83409788982408
53.0,92.5925925925926,86.20689655172413,93.09546838518656
59.0,89.07563025210085,80.3030303030303,90.13854705303741
84.0,88.0,78.57142857142857,89.26475578354858
99.0,94.11764705882352,88.88888888888889,94.4324636137735
111.0,92.7927927927928,86.5546218487395,93.26133425031387
107.0,92.37668161434978,85.83333333333333,92.8996914504823
113.0,91.52542372881356,84.375,92.16752716305824
119.0,92.56198347107438,86.15384615384616,93.05894608746958
113.0,91.84549356223177,84.92063492063492,92.44134364418373
84.0,87.2340425531915,77.35849056603774,88.65529031835244
59.0,84.68468468468468,73.4375,86.7017937471324
46.0,60.60606060606061,43.47826086956522,71.71321130247541
53.0,90.0,81.81818181818183,90.8991170406263
63.0,84.95575221238938,73.84615384615385,86.9061203319502
88.0,91.42857142857143,84.21052631578947,92.0902919027047
99.0,94.35897435897435,89.32038834951457,94.64921262376296
108.0,93.15068493150685,87.17948717948718,93.57476575693615
107.0,91.78743961352657,84.82142857142857,92.39374178117164
113.0,94.32314410480349,89.25619834710744,94.61511682954158
112.0,92.89099526066352,86.72566371681415,93.34785522195995
100.0,90.9090909090909,83.33333333333334,91.64969755045817
67.0,91.93548387096774,85.07462686567165,92.52733717632631
44.0,0.0,0.0,49.95615433673469
67.0,0.0,0.0,49.87244897959184
86.0,33.00970873786408,19.767441860465116,59.81493965468878
84.0,89.26553672316385,80.61224489795919,90.28715923760964
54.0,56.62650602409639,39.49579831932773,69.67608444163638
30.0,26.96629213483146,15.584415584415584,57.72742029519799
79.0,50.0,33.33333333333333,66.54894214205426
95.0,92.70833333333334,86.40776699029125,93.18990781283286
93.0,88.88888888888889,80.0,89.97803865197254
94.0,81.51658767772511,68.8,84.36107007386704
39.0,42.62295081967213,27.083333333333332,63.47187603855101
87.0,60.079051383399204,42.93785310734463,71.36812815047871
97.0,94.41624365482234,89.42307692307693,94.7005566912771
89.0,90.35532994923858,82.4074074074074,91.18473670627922
102.0,81.93832599118943,69.40298507462687,84.66056048452106
108.0,78.0,63.934426229508205,81.92329918605435
92.0,61.029411764705884,43.91534391534391,71.85186875163518
98.0,93.4010152284264,87.61904761904762,93.79654561289415
94.0,88.55721393034825,79.46428571428571,89.709182807629
101.0,79.82456140350878,66.42335766423358,83.1657568994024
105.0,75.64766839378238,60.83333333333333,80.36976328762748
96.0,70.20408163265306,54.088050314465406,76.97115632113767
105.0,91.17647058823529,83.78378378378379,91.8739217223733
114.0,92.7038626609442,86.4,93.1830230885995
103.0,81.70212765957446,69.06474820143885,84.48944279081527
113.0,80.93023255813954,67.96875,83.94344785032641
98.0,76.03305785123968,61.33333333333333,80.60876394324201
106.0,90.04739336492891,81.89655172413794,90.9273098270457
113.0,92.43697478991596,85.9375,92.95077372867814
102.0,80.16528925619835,66.89655172413794,83.4003515824308
109.0,81.3397129186603,68.54838709677419,84.23526439943818
103.0,66.18705035971223,49.46236559139785,74.6373404508383
109.0,90.56603773584906,82.75862068965517,91.35934229370936
111.0,91.70305676855895,84.67741935483872,92.31973661916209
107.0,80.80000000000001,67.78523489932886,83.84468934182618
114.0,80.18018018018019,66.9172932330827,83.41472304355835
102.0,65.46762589928058,48.663101604278076,74.23571372516989
111.0,89.40092165898618,80.83333333333333,90.39370294934004
117.0,91.42857142857143,84.21052631578947,92.08429000353232
104.0,78.88446215139442,65.13157894736842,82.51287096818268
124.0,87.4493927125506,77.6978417266187,88.81796296604962
171.0,77.30496453900709,63.005780346820806,81.43897581864579
106.0,0.0,0.0,49.81664540816326
134.0,88.79668049792531,79.8507462686567,89.89841034298041
147.0,34.55497382198953,20.88607594936709,60.318394455149416
183.0,69.6969696969697,53.48837209302325,76.62427717725227
155.0,83.08823529411765,71.0691823899371,85.48864908203086
100.0,38.56502242152467,23.88888888888889,61.8078078976589
132.0,92.3694779116466,85.82089552238806,92.89147091294889
106.0,57.95454545454546,40.8,70.32618453865337
164.0,72.94117647058823,57.407407407407405,78.61179928429989
151.0,77.77777777777779,63.63636363636363,81.76226904211248
99.0,56.25,39.130434782608695,69.45344986775333
129.0,92.6829268292683,86.36363636363636,93.16384047417566
104.0,70.05076142131979,53.90625,76.89425099038058
168.0,71.8840579710145,56.10859728506787,77.95739941772773
158.0,80.44280442804428,67.28395061728395,83.58904623360253
101.0,67.16981132075472,50.56818181818182,75.19724202614724
124.0,94.6938775510204,89.92248062015504,94.94825589137996
107.0,73.98373983739837,58.70967741935483,79.29094732503131
164.0,72.61904761904762,57.009345794392516,78.41277215000324
135.0,82.92682926829268,70.83333333333334,85.37472873480583
104.0,67.15328467153284,50.54945054945055,75.1848762211353
128.0,93.97590361445783,88.63636363636364,94.30319949732043
137.0,78.36734693877551,64.42953020134227,82.16184976520789
173.0,72.72727272727273,57.14285714285714,78.47552064303981
152.0,86.52482269503547,76.25,88.08704099572462
108.0,67.62589928057554,51.08695652173913,75.4536256192019
135.0,93.5361216730038,87.85714285714286,93.91158942949045
110.0,68.57142857142857,52.17391304347826,76.02109351678943
167.0,71.22507122507122,55.309734513274336,77.55397017166383
149.0,87.2340425531915,77.35849056603774,88.6432834026121
106.0,67.3913043478261,50.81967213114754,75.31998521798077
130.0,93.75,88.23529411764706,94.10166495877559
139.0,75.78125,61.0062893081761,80.44124245955541
171.0,69.85915492957746,53.67965367965368,76.73293800421588
158.0,83.98576512455516,72.39263803680981,86.15137115792307
113.0,67.4074074074074,50.83798882681564,75.33114375951943
133.0,95.05703422053232,90.57971014492753,95.27686831895235
143.0,78.96678966789668,65.2439024390244,82.565029771111
177.0,70.68493150684931,54.66101694915254,77.22360896011986
207.0,0.0,0.0,49.68411192602041
198.0,1.75054704595186,0.8830022075055187,49.99404036868141
222.0,0.0,0.0,49.754862882653065
203.0,58.98004434589801,41.82389937106918,70.72710864882616
178.0,50.617283950617285,33.88429752066116,66.78244899588772
94.0,0.0,0.0,49.906329719387756
94.0,0.0,0.0,49.906329719387756
91.0,0.0,0.0,49.90931919642857
126.0,17.391304347826086,9.523809523809524,54.64827745945679
120.0,89.76377952755905,81.42857142857143,90.68831791435763
151.0,77.82101167315176,63.69426751592356,81.79022026646885
145.0,60.273972602739725,43.13725490196079,71.48181843082473
139.0,87.17948717948718,77.27272727272727,88.60140349092943
142.0,81.34328358208955,68.55345911949685,84.22679647008857
130.0,89.47368421052632,80.95238095238095,90.44822235984311
113.0,96.0352422907489,92.37288135593221,96.17745272182732
89.0,92.3913043478261,85.85858585858585,92.91531836300358
38.0,75.29411764705883,60.37735849056604,80.16773955160083
93.0,71.62162162162163,55.78947368421052,77.85283990856178
94.0,80.7017543859649,67.64705882352942,83.79059988096063
98.0,90.72164948453609,83.01886792452831,91.49146558660532
127.0,85.27131782945736,74.32432432432432,87.12421225603823
147.0,91.80327868852459,84.84848484848484,92.39926041129175
162.0,91.49560117302052,84.32432432432432,92.133173757524
161.0,85.625,74.86338797814209,87.38572984110645
149.0,85.34201954397395,74.43181818181817,87.17094955449187
154.0,81.75675675675676,69.14285714285714,84.51748790616035
138.0,88.96551724137932,80.12422360248446,90.03014185299358
120.0,93.82716049382715,88.37209302325581,94.17106508859247
91.0,90.32258064516128,82.35294117647058,91.15850364740642
67.0,70.79646017699115,54.794520547945204,77.36434979048768
98.0,86.51685393258427,76.23762376237624,88.09485930728445
102.0,83.42245989304813,71.55963302752293,85.74887715490482
99.0,91.4572864321608,84.25925925925925,92.11265848058301
141.0,82.80701754385966,70.65868263473054,85.28039809150727
152.0,90.06211180124224,81.92090395480226,90.92847180510795
170.0,90.05524861878453,81.90954773869346,90.91878322691377
173.0,87.26287262872629,77.40384615384616,88.65493717269435
154.0,84.77611940298507,73.57512953367875,86.736599423273
160.0,86.58536585365853,76.34408602150538,88.12807291042091
149.0,86.34920634920636,75.97765363128491,87.94586118814445
129.0,94.20849420849422,89.05109489051095,94.51056362777834
98.0,90.0,81.81818181818183,90.8891252500245
72.0,77.61194029850746,63.41463414634146,81.67739128911519
99.0,89.24731182795699,80.58252427184466,90.27129926685879
113.0,80.18867924528303,66.92913385826772,83.4226432302658
96.0,45.3125,29.292929292929294,64.57666984318628
144.0,87.10801393728222,77.1604938271605,88.54328461512468
158.0,91.34328358208955,84.06593406593407,92.00398036683346
174.0,88.71391076115486,79.71698113207547,89.81549658519505
183.0,84.26150121065376,72.80334728033473,86.33667624006337
163.0,81.30081300813008,68.4931506849315,84.17761120381785
162.0,85.95505617977528,75.36945812807882,87.63475205346427
165.0,85.0,73.91304347826086,86.90254656770928
138.0,91.34948096885813,84.07643312101911,92.01323854116657
108.0,91.66666666666666,84.61538461538461,92.28971998506914
76.0,80.0,66.66666666666666,83.3044016121952
99.0,91.19170984455958,83.80952380952381,91.88779177219521
114.0,81.27853881278538,68.46153846153847,84.18984044685325
102.0,47.40740740740741,31.06796116504854,65.46318447531304
149.0,88.88888888888889,80.0,89.96502518186907
160.0,89.51841359773371,81.02564102564102,90.47583382802704
174.0,88.54166666666666,79.43925233644859,89.67563144759077
187.0,84.03755868544602,72.46963562753037,86.16681373352037
169.0,81.12244897959184,68.24034334763948,84.04619682526825
166.0,83.50515463917526,71.68141592920354,85.77672587958558
170.0,86.22448979591837,75.7847533632287,87.8383842405561
146.0,91.2621359223301,83.92857142857143,91.93730460106497
118.0,88.60759493670885,79.54545454545455,89.74576555836167
78.0,79.47019867549669,65.93406593406593,82.93610472056477
102.0,90.72164948453609,83.01886792452831,91.49146558660532
116.0,83.92857142857143,72.3076923076923,86.11790509717909
73.0,0.0,0.0,49.92526307397959
119.0,70.69767441860465,54.67625899280576,77.27525524490588
162.0,89.6358543417367,81.21827411167513,90.57214889204998
182.0,88.7780548628429,79.82062780269058,89.86531210127329
190.0,81.7155756207675,69.08396946564885,84.46097663201435
177.0,80.38277511961722,67.2,83.51801311790113
167.0,80.0,66.66666666666666,83.25034993001398
172.0,84.78802992518703,73.59307359307358,86.73554411565848
149.0,90.85173501577287,83.23699421965318,91.58951565795579
125.0,90.0398406374502,81.88405797101449,90.9170604458672
81.0,76.07361963190185,61.386138613861384,80.65415802465428
104.0,91.17647058823529,83.78378378378379,91.8739217223733
116.0,83.40807174887892,71.53846153846153,85.73229208744254
68.0,28.235294117647058,16.43835616438356,58.158377508074885
120.0,75.22935779816514,60.29411764705882,80.09316015302994
164.0,88.46153846153845,79.3103448275862,89.61318501001423
184.0,88.55721393034825,79.46428571428571,89.68614101706926
158.0,74.69879518072288,59.61538461538461,79.70273638917809
178.0,79.81220657276995,66.40625,83.11713531876175
172.0,78.16091954022988,64.15094339622641,81.98048309674537
177.0,83.65384615384616,71.900826446281,85.8824159430317
147.0,90.44585987261146,82.55813953488372,91.24909015357929
127.0,87.93774319066148,78.47222222222221,89.20515012195744
83.0,79.26829268292683,65.65656565656566,82.7943581410884
103.0,91.62561576354679,84.54545454545455,92.25575544595971
119.0,82.05128205128204,69.56521739130434,84.74067578830393
102.0,45.94594594594595,29.82456140350877,64.8325072583337
105.0,74.47698744769873,59.333333333333336,79.60577262230386
167.0,88.76712328767124,79.80295566502463,89.86048930929881
187.0,87.74509803921569,78.16593886462883,89.0329664321344
165.0,78.88040712468194,65.12605042016807,82.48006005544899
178.0,78.6046511627907,64.75095785440614,82.2834918054001
170.0,75.16778523489933,60.215053763440864,79.99654463887929
182.0,83.37236533957847,71.4859437751004,85.67196904743659
161.0,93.13432835820895,87.15083798882681,93.55242819073489
133.0,89.05660377358491,80.27210884353741,90.10708802279153
90.0,78.65168539325843,64.81481481481481,82.36948779698152
91.0,44.44444444444444,28.57142857142857,64.22090870246404
99.0,80.7017543859649,67.64705882352942,83.79059988096063
93.0,88.88888888888889,80.0,89.98003832641328
133.0,85.94377510040161,75.35211267605634,87.64110457146602
131.0,85.92057761732852,75.31645569620254,87.61927225747458
153.0,90.85173501577287,83.23699421965318,91.58951565795579
152.0,91.3907284768212,84.14634146341463,92.04719047670112
143.0,94.38943894389439,89.375,94.67051121259968
143.0,89.03654485049833,80.23952095808383,90.08678817577666
145.0,91.94630872483222,85.09316770186336,92.52260255634145
125.0,95.19999999999999,90.83969465648855,95.40786099266683
100.0,90.81632653061224,83.17757009345794,91.57081631232683
67.0,69.49152542372882,53.246753246753244,76.58747356164331
92.0,86.22754491017965,75.78947368421053,87.87178458280461
101.0,81.35593220338984,68.57142857142857,84.25278278323944
96.0,90.0523560209424,81.9047619047619,90.93341509093156
140.0,82.5278810408922,70.25316455696202,85.07964329915414
150.0,91.96141479099678,85.11904761904762,92.53454029864099
165.0,90.17341040462428,82.10526315789474,91.01864517350955
171.0,90.14084507042254,82.05128205128204,90.99065222205817
150.0,89.0282131661442,80.22598870056498,90.07801813410948
155.0,86.32218844984803,75.93582887700535,87.92294501770881
152.0,90.7936507936508,83.13953488372093,91.5407865692364
123.0,92.74193548387096,86.46616541353383,93.21510464000836
93.0,88.65979381443299,79.62962962962963,89.79285434366288
72.0,70.39999999999999,54.32098765432099,77.12359124996428
95.0,87.20930232558139,77.31958762886599,88.63783816484516
103.0,80.43478260869566,67.27272727272727,83.60043692685105
100.0,88.44221105527639,79.27927927927928,89.61668004852001
143.0,80.56537102473497,67.45562130177515,83.6728787664243
157.0,90.96385542168674,83.42541436464089,91.68272217482418
172.0,89.61748633879782,81.1881188118812,90.55606852375232
178.0,88.37209302325581,79.16666666666666,89.53833783288337
155.0,85.13119533527697,74.11167512690355,87.00486814510279
159.0,86.19718309859155,75.74257425742574,87.82230965834924
160.0,88.49557522123894,79.36507936507937,89.64355995199956
132.0,93.33333333333333,87.5,93.73201798201798
96.0,89.10891089108911,80.35714285714286,90.15660920359838
75.0,76.81159420289855,62.35294117647059,81.1445491150593
97.0,88.26815642458101,79.0,89.47904066111742
110.0,80.59701492537313,67.5,83.71107395947699
99.0,68.0,51.515151515151516,75.70969545832389
147.0,80.8080808080808,67.79661016949152,83.84136885332497
159.0,90.53254437869822,82.70270270270271,91.31936606458326
179.0,89.18205804749341,80.47619047619048,90.19710097729174
183.0,88.66995073891626,79.64601769911505,89.7770051692631
163.0,83.24324324324324,71.29629629629629,85.58617541615023
163.0,83.20413436692506,71.23893805309734,85.55448852070042
165.0,87.19346049046321,77.29468599033817,88.60035803035782
136.0,91.6083916083916,84.51612903225806,92.23408609670652
104.0,88.88888888888889,80.0,89.97603833865814
79.0,75.67567567567568,60.86956521739131,80.39886880183212
98.0,88.64864864864866,79.6116504854369,89.78486464863532
114.0,82.7906976744186,70.63492063492063,85.2805245856337
102.0,71.25,55.33980582524271,77.62401213267762
149.0,82.11920529801324,69.66292134831461,84.77751677581158
162.0,89.65517241379311,81.25,90.5890143942423
181.0,90.33942558746736,82.38095238095238,91.153478410343
187.0,88.83495145631069,79.91266375545851,89.91032543682753
170.0,82.61964735516372,70.3862660944206,85.12414960323686
166.0,81.68316831683168,69.0376569037657,84.44484472830203
172.0,86.08247422680412,75.56561085972851,87.72881514811498
142.0,91.69435215946844,84.66257668711657,92.30630732912925
118.0,88.33333333333333,79.1044776119403,89.52427795116687
83.0,77.9874213836478,63.91752577319587,81.92384250506782
106.0,89.11917098445595,80.37383177570094,90.16595361993271
113.0,80.73394495412845,67.6923076923077,83.80422763628322
101.0,0.0,0.0,49.89935427295919
151.0,87.45980707395499,77.71428571428571,88.8181740322028
162.0,90.28571428571428,82.29166666666666,91.11184556892852
182.0,90.20618556701031,82.15962441314554,91.04181296655757
186.0,88.03827751196172,78.63247863247864,89.26623131495911
173.0,81.5347721822542,68.82591093117408,84.33596470447837
168.0,79.52380952380952,66.00790513833992,82.91796804638406
172.0,84.42211055276381,73.04347826086956,86.45974904884784
146.0,88.95899053627761,80.11363636363636,90.02184266468018
125.0,88.715953307393,79.72027972027972,89.83117577560469
91.0,77.19298245614034,62.857142857142854,81.38965704022579
106.0,91.0891089108911,83.63636363636363,91.80021200746383
115.0,80.73394495412845,67.6923076923077,83.80422763628322
103.0,0.0,0.0,49.89736128826531
153.0,84.69055374592834,73.44632768361582,86.67620704206367
163.0,88.8268156424581,79.89949748743719,89.90976233909616
184.0,89.74358974358975,81.3953488372093,90.65767521858865
190.0,88.4160756501182,79.23728813559322,89.56963328542449
174.0,79.53488372093022,66.02316602316603,82.9235918107031
177.0,80.83140877598153,67.82945736434108,83.83173034213735
176.0,83.57487922705315,71.78423236514523,85.82412026232782
148.0,88.75,79.7752808988764,89.85166491280312
130.0,88.54961832061069,79.45205479452055,89.69606335411204
88.0,78.3132530120482,64.35643564356435,82.14229756475278
108.0,89.44723618090453,80.9090909090909,90.43358193107629
119.0,78.76106194690266,64.96350364963503,82.43383519974515
103.0,0.0,0.0,49.89736128826531
152.0,87.61904761904762,77.96610169491525,88.94408046494834
167.0,90.4494382022472,82.56410256410255,91.2480614789922
185.0,89.46015424164524,80.93023255813954,90.42411791900417
191.0,86.69950738916256,76.52173913043478,88.20686956521739
175.0,81.32387706855792,68.52589641434263,84.18395452666576
179.0,80.09049773755656,66.79245283018868,83.30822465505913
177.0,86.35235732009926,75.9825327510917,87.93626857545786
155.0,90.09009009009009,81.9672131147541,90.9506237084585
133.0,88.14814814814815,78.80794701986756,89.37200994839394
91.0,80.45977011494253,67.3076923076923,83.61991808135983
94.0,30.630630630630627,18.085106382978726,58.96579727530283
110.0,71.1864406779661,55.26315789473685,77.5806939474682
96.0,76.5432098765432,62.0,80.96208644291016
139.0,72.8744939271255,57.324840764331206,78.59553542429313
154.0,84.44444444444444,73.07692307692307,86.48950364225227
180.0,85.55858310626702,74.76190476190476,87.32797251330209
180.0,80.57971014492755,67.47572815533981,83.67091362100784
173.0,83.63636363636363,71.875,85.87451889433171
171.0,84.84848484848484,73.68421052631578,86.78211486162213
171.0,81.9753086419753,69.4560669456067,84.65504806988393
143.0,87.21311475409837,77.32558139534885,88.62382420885481
122.0,86.1788617886179,75.71428571428571,87.82319039059603
90.0,76.72955974842768,62.244897959183675,81.08553388431099
39.0,82.85714285714286,70.73170731707317,85.35388883511743
60.0,89.0909090909091,80.32786885245902,90.15196482900645
52.0,96.15384615384616,92.5925925925926,96.29230635095854
62.0,93.44262295081968,87.6923076923077,93.83817284094624
62.0,94.39999999999999,89.39393939393939,94.68998603872998
67.0,89.39393939393939,80.82191780821918,90.39699158763015
79.0,87.5,77.77777777777779,88.86893119919105
81.0,87.5,77.77777777777779,88.86893119919105
55.0,77.55102040816327,63.33333333333333,81.64472721954073
25.0,75.47169811320755,60.60606060606061,80.2900707368767
32.0,60.37735849056604,43.24324324324324,71.60068860726756
43.0,91.76470588235294,84.78260869565217,92.3843234754165
62.0,95.7983193277311,91.93548387096774,95.96275380722912
61.0,95.0,90.47619047619048,95.23210948418954
63.0,94.39999999999999,89.39393939393939,94.68998603872998
72.0,92.61744966442953,86.25,93.11402348973198
80.0,92.12121212121212,85.39325842696628,92.68365516158694
87.0,91.11111111111111,83.6734693877551,91.82076471743326
72.0,88.46153846153845,79.3103448275862,89.63721085153634
72.0,88.23529411764706,78.94736842105263,89.45772124460724
42.0,87.17948717948718,77.27272727272727,88.62639195593604
44.0,44.827586206896555,28.888888888888886,64.41254842546631
46.0,90.52631578947368,82.6923076923077,91.33717772264238
65.0,96.12403100775194,92.53731343283582,96.26366809048503
74.0,91.42857142857143,84.21052631578947,92.0932899778181
70.0,88.73239436619718,79.74683544303798,89.85745379998167
85.0,94.73684210526315,90.0,94.99101706757162
83.0,94.18604651162791,89.01098901098901,94.49551346946296
92.0,92.2279792746114,85.57692307692307,92.77348759312642
84.0,88.0,78.57142857142857,89.26475578354858
85.0,89.6969696969697,81.31868131868131,90.64237526873748
47.0,91.83673469387756,84.90566037735849,92.44485109390754
59.0,71.84466019417476,56.060606060606055,78.00138342680076
50.0,92.15686274509804,85.45454545454545,92.71929331415856
67.0,94.81481481481482,90.14084507042254,95.06343818016657
75.0,93.87755102040816,88.46153846153845,94.22178844964084
75.0,95.42483660130719,91.25,95.61801439035587
88.0,95.45454545454545,91.30434782608695,95.64418860600841
90.0,89.83957219251337,81.55339805825243,90.75773392491794
99.0,90.64039408866995,82.88288288288288,91.42247330790579
94.0,90.9090909090909,83.33333333333334,91.64969755045817
87.0,89.65517241379311,81.25,90.60703521098647
62.0,80.99173553719008,68.05555555555556,84.00483604976692
87.0,49.586776859504134,32.967032967032964,66.42269408492038
74.0,86.52482269503547,76.25,88.10604359972064
73.0,89.6103896103896,81.17647058823529,90.57226946100052
80.0,93.67088607594937,88.09523809523809,94.03763940608776
79.0,94.40993788819875,89.41176470588236,94.69690031701303
87.0,93.85474860335195,88.42105263157895,94.19954651861627
96.0,92.53731343283582,86.11111111111111,93.04058041429006
109.0,90.990990990991,83.47107438016529,91.71556714515005
88.0,87.56756756756758,77.88461538461539,88.91935130943516
84.0,89.6969696969697,81.31868131868131,90.64237526873748
58.0,80.0,66.66666666666666,83.31039297825653
83.0,62.99212598425197,45.97701149425287,72.94163324034488
73.0,87.67123287671232,78.04878048780488,89.00643047378749
76.0,91.25,83.9080459770115,91.94005176921748
82.0,92.12121212121212,85.39325842696628,92.68365516158694
84.0,92.57142857142857,86.17021276595744,93.07213103613772
89.0,92.89617486338798,86.73469387755102,93.35437055579254
100.0,92.6829268292683,86.36363636363636,93.16684244251586
109.0,92.44444444444444,85.9504132231405,92.95823105636973
93.0,89.11917098445595,80.37383177570094,90.16595361993271
86.0,90.58823529411765,82.79569892473118,91.38188107976315
77.0,81.52866242038218,68.81720430107528,84.37966696535246
92.0,77.52808988764045,63.30275229357798,81.61146156399617
87.0,90.0,81.81818181818183,90.89112504423413
78.0,90.58823529411765,82.79569892473118,91.38188107976315
87.0,93.92265193370166,88.54166666666666,94.25985331696313
83.0,90.10989010989012,82.0,90.98203377650019
102.0,91.16279069767442,83.76068376068376,91.8613714741755
105.0,93.15068493150685,87.17948717948718,93.57476575693615
114.0,91.37931034482759,84.12698412698413,92.04352002434688
95.0,90.64039408866995,82.88288288288288,91.42247330790579
88.0,88.04347826086956,78.64077669902912,89.29843007024517
78.0,76.92307692307693,62.5,81.2140833266821
101.0,80.61224489795919,67.52136752136752,83.72275733794388
89.0,89.00523560209425,80.18867924528303,90.07337777320747
88.0,91.48936170212765,84.31372549019608,92.14089149335119
88.0,91.80327868852459,84.84848484848484,92.4092699735517
95.0,91.0,83.4862385321101,91.72514981412333
106.0,91.1504424778761,83.73983739837398,91.84994785661715
110.0,93.63636363636364,88.03418803418803,94.00311442729512
117.0,92.76595744680851,86.5079365079365,93.23699100348391
98.0,87.56218905472637,77.87610619469027,88.91309702004119
98.0,87.87878787878788,78.37837837837837,89.1652318332827
96.0,85.56149732620321,74.76635514018692,87.3562293107514
109.0,80.88888888888889,67.91044776119402,83.91229685653792
49.0,88.65979381443299,79.62962962962963,89.8038439971897
60.0,93.44262295081968,87.6923076923077,93.83817284094624
65.0,90.47619047619048,82.6086956521739,91.29237631827554
73.0,90.78014184397163,83.11688311688312,91.54547061335855
71.0,90.78947368421053,83.13253012048193,91.55229495626347
79.0,94.40993788819875,89.41176470588236,94.69690031701303
88.0,89.50276243093923,81.0,90.48103603154007
89.0,85.39325842696628,74.50980392156863,87.2289538569919
76.0,83.87096774193549,72.22222222222221,86.08616648817403
48.0,86.31578947368422,75.92592592592592,87.94999796844816
93.0,74.39024390243902,59.22330097087378,79.56974686376674
55.0,91.74311926605505,84.7457627118644,92.36390397892227
66.0,92.3076923076923,85.71428571428571,92.84716600344343
71.0,89.05109489051095,80.26315789473685,90.11661336820052
76.0,92.61744966442953,86.25,93.11402348973198
86.0,93.85474860335195,88.42105263157895,94.19954651861627
84.0,91.71270718232044,84.6938775510204,92.33196662371255
95.0,92.0,85.18518518518519,92.57661942750993
89.0,86.48648648648648,76.19047619047619,88.07028600325471
79.0,88.34355828220859,79.12087912087912,89.54147899840859
75.0,74.24242424242425,59.036144578313255,79.48415843035798
103.0,60.526315789473685,43.39622641509434,71.638268802999
67.0,89.92248062015504,81.69014084507043,90.83210103030088
71.0,93.79310344827586,88.31168831168831,94.14686355394426
78.0,91.3907284768212,84.14634146341463,92.06019849229965
84.0,89.82035928143712,81.52173913043478,90.74390383599042
90.0,93.26424870466322,87.37864077669903,93.67634270995634
87.0,89.11917098445595,80.37383177570094,90.16595361993271
99.0,93.77990430622009,88.28828828828829,94.13116439255663
94.0,88.65979381443299,79.62962962962963,89.79285434366288
93.0,89.69072164948454,81.30841121495327,90.63424114422122
71.0,82.1917808219178,69.76744186046511,84.85778111061407
110.0,76.28865979381443,61.66666666666667,80.78742698228947
72.0,86.52482269503547,76.25,88.10604359972064
71.0,91.8918918918919,85.0,92.48802586413348
81.0,91.46341463414635,84.26966292134831,92.12085968366371
87.0,90.3954802259887,82.4742268041237,91.22014597951315
93.0,91.17647058823529,83.78378378378379,91.8739217223733
96.0,89.95215311004785,81.73913043478261,90.84859960100218
100.0,93.39622641509435,87.61061946902655,93.79133126136192
98.0,90.35532994923858,82.4074074074074,91.18473670627922
89.0,83.16831683168317,71.1864406779661,85.55928278408406
100.0,84.375,72.97297297297297,86.45654337839186
107.0,69.3069306930693,53.03030303030303,76.45328267708821
83.0,92.48554913294798,86.02150537634408,92.99777760034068
81.0,90.69767441860465,82.97872340425532,91.4733930007823
84.0,92.39766081871345,85.86956521739131,92.92180777986358
89.0,91.39784946236558,84.15841584158416,92.06323698788997
95.0,89.2018779342723,80.50847457627118,90.23127448787203
100.0,91.74311926605505,84.7457627118644,92.35490867440812
109.0,75.18248175182481,60.23391812865497,80.04905819959001
99.0,92.23300970873787,85.58558558558559,92.77681867087031
95.0,87.56218905472637,77.87610619469027,88.91309702004119
91.0,82.28571428571428,69.90291262135922,84.9205206568396
113.0,48.21917808219178,31.768953068592058,65.6958085898782
85.0,90.21739130434783,82.17821782178217,91.0711423287339
84.0,91.62011173184358,84.5360824742268,92.25306938419689
86.0,93.78531073446328,88.29787234042553,94.13795659222781
99.0,90.14084507042254,82.05128205128204,91.0046745719669
99.0,89.1891891891892,80.48780487804879,90.21993934219351
105.0,93.27354260089686,87.39495798319328,93.68250056053736
112.0,89.07563025210085,80.3030303030303,90.1255515006264
96.0,86.40776699029125,76.06837606837607,88.00623666956248
96.0,89.0,80.18018018018019,90.06812830359858
82.0,84.7457627118644,73.52941176470588,86.73776031240423
105.0,65.01766784452296,48.167539267015705,73.98493567455888
97.0,89.7196261682243,81.35593220338984,90.65600124546489
88.0,89.79591836734694,81.48148148148148,90.72077587889757
89.0,91.28205128205128,83.9622641509434,91.9641616040919
98.0,85.33333333333334,74.4186046511628,87.17635504123635
104.0,87.76371308016878,78.19548872180451,89.06878606085432
108.0,92.64069264069265,86.29032258064517,93.1281847179924
114.0,91.91489361702128,85.03937007874016,92.5007108442754
104.0,90.82568807339449,83.19327731092437,91.57666940810311
98.0,90.29126213592234,82.30088495575221,91.13047562285543
83.0,75.8974358974359,61.15702479338842,80.53160808149723
120.0,50.49019607843137,33.77049180327869,66.68354039168388
96.0,76.8,62.33766233766234,81.11092382058835
91.0,90.0990099009901,81.98198198198197,90.97102493328907
93.0,92.53731343283582,86.11111111111111,93.04058041429006
105.0,87.55364806866953,77.86259541984732,88.90234056649592
105.0,85.9504132231405,75.36231884057972,87.64720830988884
109.0,92.64069264069265,86.29032258064517,93.1281847179924
114.0,93.56223175965665,87.90322580645162,93.93663297632784
106.0,88.58447488584474,79.50819672131148,89.7291377983442
99.0,91.70731707317074,84.68468468468468,92.325370176694
88.0,83.33333333333334,71.42857142857143,85.68234703654699
197.0,65.64885496183206,48.86363636363637,74.2969449626442
143.0,0.0,0.0,49.74390146683674
155.0,0.0,0.0,49.84554368622449
161.0,88.69047619047619,79.67914438502673,89.80159270143855
167.0,81.81818181818183,69.23076923076923,84.54340476974139
170.0,84.40860215053763,73.0232558139535,86.45364993860473
160.0,81.72043010752688,69.0909090909091,84.47748716979487
158.0,82.78145695364239,70.62146892655367,85.25878744923116
157.0,77.86666666666666,63.75545851528385,81.79477902777984
125.0,70.84870848708486,54.85714285714286,77.34969762665449
120.0,59.87261146496815,42.72727272727273,71.23784266530163
92.0,0.0,0.0,49.908322704081634
48.0,0.0,0.0,49.952168367346935
40.0,0.0,0.0,49.96014030612245
38.0,84.70588235294117,73.46938775510205,86.7217301759156
32.0,82.85714285714286,70.73170731707317,85.35388883511743
45.0,0.0,0.0,49.955157844387756
36.0,0.0,0.0,49.9641262755102
54.0,0.0,0.0,49.94618941326531
51.0,88.07339449541286,78.68852459016394,89.33129549010272
38.0,81.92771084337349,69.38775510204081,84.67892003037902
31.0,0.0,0.0,49.9691087372449
42.0,0.0,0.0,49.95814732142857
62.0,0.0,0.0,49.9382174744898
55.0,86.1788617886179,75.71428571428571,87.84018457451812
48.0,88.42105263157895,79.24528301886792,89.61167091063874
31.0,0.0,0.0,49.9691087372449
46.0,0.0,0.0,49.95416135204081
66.0,0.0,0.0,49.93423150510204
56.0,84.61538461538461,73.33333333333333,86.64671494982143
48.0,88.65979381443299,79.62962962962963,89.8038439971897
30.0,0.0,0.0,49.97010522959184
37.0,37.93103448275862,23.404255319148938,61.66624606882394
64.0,51.61290322580645,34.78260869565217,67.2715725470598
58.0,71.25,55.33980582524271,77.62401213267762
50.0,87.5,77.77777777777779,88.87492435879533
32.0,88.23529411764706,78.94736842105263,89.46570750251371
41.0,57.14285714285714,40.0,69.95812395309883
66.0,54.23728813559322,37.2093023255814,68.49689254210104
58.0,71.25,55.33980582524271,77.62401213267762
51.0,88.49557522123894,79.36507936507937,89.66957236019199
32.0,87.87878787878788,78.37837837837837,89.18121264024309
43.0,0.0,0.0,49.957150829081634
66.0,51.96850393700787,35.1063829787234,67.4314593001779
60.0,60.60606060606061,43.47826086956522,71.66131097592715
50.0,87.5,77.77777777777779,88.87492435879533
33.0,84.375,72.97297297297297,86.47651619794634
45.0,45.55555555555556,29.496402877697843,64.65046532635266
65.0,43.77104377104377,28.01724137931034,63.841990608435474
67.0,60.633484162895925,43.506493506493506,71.66643600068734
53.0,86.20689655172413,75.75757575757575,87.86282809743689
33.0,89.85507246376811,81.57894736842105,90.78249392551075
54.0,0.0,0.0,49.94220344387755
60.0,48.559670781893004,32.065217391304344,65.90790051280004
66.0,63.1578947368421,46.15384615384615,73.02805404592615
50.0,5.194805194805195,2.666666666666667,51.26058649233999
58.0,0.0,0.0,49.9202806122449
56.0,50.0,33.33333333333333,66.56092678677122
61.0,38.36477987421384,23.73540856031128,61.6721540456949
69.0,73.25581395348837,57.798165137614674,78.85318629438754
52.0,4.651162790697675,2.380952380952381,51.108760560867225
46.0,0.0,0.0,49.95416135204081
56.0,42.30769230769231,26.82926829268293,63.26499627000221
70.0,39.88603988603989,24.91103202846975,62.24496238792266
66.0,69.8224852071006,53.63636363636364,76.76730087957814
64.0,0.0,0.0,49.89536830357143
45.0,0.0,0.0,49.955157844387756
55.0,36.486486486486484,22.31404958677686,60.969482396836014
69.0,39.541547277936964,24.642857142857146,62.11087914719643
66.0,70.52023121387283,54.46428571428571,77.18125988797195
65.0,0.0,0.0,49.896364795918366
45.0,0.0,0.0,49.955157844387756
56.0,32.18390804597701,19.17808219178082,59.353606139785064
70.0,38.25136612021858,23.64864864864865,61.59880243073872
65.0,66.3265306122449,49.61832061068702,74.74330650078961
65.0,0.0,0.0,49.89038584183674
49.0,0.0,0.0,49.951171875
55.0,41.04477611940299,25.821596244131456,62.75317955898837
73.0,38.70967741935484,24.0,61.77247325562829
66.0,67.77777777777779,51.26050420168067,75.5723851947244
65.0,0.0,0.0,49.89935427295919
44.0,0.0,0.0,49.95615433673469
56.0,36.60130718954248,22.400000000000002,61.00646448523543
71.0,39.335180055401665,24.482758620689655,62.022838246578736
72.0,71.8232044198895,56.03448275862068,77.9663543485187
65.0,0.0,0.0,49.88739636479592
45.0,0.0,0.0,49.955157844387756
57.0,36.30573248407643,22.17898832684825,60.88996903323398
74.0,40.88397790055249,25.694444444444443,62.63365789345291
68.0,70.05649717514125,53.91304347826087,76.90364230424198
65.0,0.0,0.0,49.88540338010204
58.0,0.0,0.0,49.92127710459184
49.0,7.476635514018691,3.8834951456310676,51.843086965305375
55.0,26.666666666666668,15.384615384615385,57.57167922797783
63.0,51.546391752577314,34.72222222222222,67.26734739567402
46.0,0.0,0.0,49.91729113520408
29.0,0.0,0.0,49.94419642857143
71.0,94.52054794520548,89.6103896103896,94.79721188863624
117.0,91.91489361702128,85.03937007874016,92.5007108442754
123.0,95.08196721311475,90.625,95.30051438274072
116.0,94.82758620689656,90.1639344262295,95.06998303223352
83.0,84.07643312101911,72.52747252747253,86.23879114300188
31.0,77.19298245614034,62.857142857142854,81.4156113456269
77.0,92.02453987730061,85.22727272727273,92.6006625706981
126.0,96.82539682539682,93.84615384615384,96.91508555375579
130.0,93.84615384615384,88.40579710144928,94.18691581208238
124.0,92.74193548387096,86.46616541353383,93.21510464000836
94.0,90.7103825136612,83.0,91.48303156129597
41.0,82.85714285714286,70.73170731707317,85.35388883511743
87.0,92.65536723163842,86.31578947368422,93.14491913098112
132.0,95.45454545454545,91.30434782608695,95.64018590105546
131.0,95.78544061302682,91.91176470588235,95.94489356150844
136.0,92.53731343283582,86.11111111111111,93.03557633394604
111.0,88.78923766816143,79.83870967741935,89.89439327951084
44.0,80.0,66.66666666666666,83.31638147660644
97.0,94.68085106382979,89.8989898989899,94.93951231927153
137.0,95.74468085106383,91.83673469387756,95.9063771788766
135.0,94.16058394160584,88.96551724137932,94.46677364656533
141.0,93.66197183098592,88.0794701986755,94.02175056603639
117.0,89.17748917748918,80.46875,90.2094114467877
52.0,76.92307692307693,62.5,81.22905905346923
98.0,93.6842105263158,88.11881188118812,94.04742678432596
140.0,94.73684210526315,90.0,94.98501228992227
141.0,94.73684210526315,90.0,94.98501228992227
148.0,95.59322033898306,91.55844155844156,95.76622987285523
121.0,91.66666666666666,84.61538461538461,92.28771867289025
57.0,81.1881188118812,68.33333333333333,84.14771782852964
101.0,90.45226130653266,82.56880733944955,91.26543629361169
148.0,94.31438127090301,89.24050632911393,94.60326505623279
146.0,95.23809523809523,90.9090909090909,95.44055552729307
150.0,96.0,92.3076923076923,96.1418538289341
122.0,92.18106995884774,85.49618320610686,92.72911589196363
59.0,81.9047619047619,69.35483870967742,84.65846976075898
114.0,87.67123287671232,78.04878048780488,88.99743337489285
153.0,91.64086687306502,84.57142857142857,92.25872939725183
147.0,93.64548494983278,88.0503144654088,94.0061709028619
152.0,94.46254071661238,89.50617283950618,94.73609695322234
131.0,90.42145593869732,82.51748251748252,91.23377022514023
65.0,84.7457627118644,73.52941176470588,86.74675112833307
110.0,89.42307692307693,80.8695652173913,90.41281906817291
152.0,91.53605015673982,84.39306358381504,92.16954798219335
157.0,90.40247678018576,82.48587570621469,91.21195644195403
156.0,92.99363057324841,86.90476190476191,93.4303941444657
136.0,89.96282527881041,81.75675675675676,90.85140804574428
71.0,81.25,68.42105263157895,84.18658568854505
81.0,92.85714285714286,86.66666666666667,93.32135680732432
131.0,93.89312977099237,88.48920863309353,94.22862125858819
128.0,94.11764705882352,88.88888888888889,94.42946122564949
119.0,90.1639344262295,82.08955223880598,91.02080775764053
97.0,88.26291079812206,78.99159663865547,89.47083925219782
229.0,19.68503937007874,10.91703056768559,55.25512950888317
80.0,92.3076923076923,85.71428571428571,92.84416828729975
134.0,94.5054945054945,89.58333333333334,94.77668075342511
129.0,94.65648854961832,89.85507246376811,94.91355077675738
131.0,92.83018867924528,86.61971830985915,93.29087927360378
109.0,89.65517241379311,81.25,90.60103451030517
235.0,18.064516129032256,9.929078014184398,54.71128862821367
82.0,91.95402298850574,85.1063829787234,92.539218317851
139.0,96.113074204947,92.51700680272108,96.24751219432616
129.0,93.28358208955224,87.41258741258741,93.68831204758558
138.0,93.61702127659575,88.0,93.98201582607307
115.0,88.6178861788618,79.56204379562044,89.7530593676007
235.0,10.416666666666668,5.4945054945054945,52.40432268903439
89.0,92.89617486338798,86.73469387755102,93.35437055579254
142.0,94.5578231292517,89.6774193548387,94.82272150866423
137.0,92.63157894736842,86.27450980392157,93.11627336571269
149.0,92.97658862876254,86.875,93.41651552850891
130.0,89.2988929889299,80.66666666666666,90.30436519828189
238.0,8.353808353808354,4.358974358974359,51.80766955951868
91.0,94.05405405405406,88.77551020408163,94.37677464725034
148.0,94.42622950819673,89.44099378881988,94.7035077674512
146.0,93.02325581395348,86.95652173913044,93.45727597868665
151.0,93.72937293729373,88.19875776397515,94.08039179320795
128.0,91.44981412639405,84.24657534246576,92.10031202541744
197.0,0.546448087431694,0.273972602739726,49.77425585792193
101.0,91.37055837563452,84.11214953271028,92.0391039561487
152.0,94.90445859872611,90.30303030303031,95.13552378685208
151.0,93.58974358974359,87.95180722891565,93.95591560726216
156.0,93.9297124600639,88.55421686746988,94.25811944734704
184.0,83.53658536585365,71.72774869109948,85.80991643272175
224.0,1.0075566750629723,0.5063291139240507,49.861527454080054
107.0,86.95652173913044,76.92307692307693,88.43458482179882
152.0,94.6031746031746,89.7590361445783,94.86252724733463
157.0,94.375,89.3491124260355,94.65656520851999
160.0,95.3560371517028,91.12426035502959,95.54713677461206
198.0,84.03361344537815,72.46376811594203,86.17491368256623
232.0,2.506265664160401,1.2690355329949239,50.246843612105486
106.0,88.0,78.57142857142857,89.26175645150249
153.0,93.75,88.23529411764706,94.09765745341834
159.0,95.65217391304348,91.66666666666666,95.81933949062412
163.0,93.86503067484662,88.4393063583815,94.1996623749607
198.0,85.3185595567867,74.39613526570048,87.14509094259395
232.0,1.4962593516209477,0.7537688442211055,49.98324640963372
113.0,0.0,0.0,49.63528380102041
171.0,34.36928702010969,20.750551876379692,60.016863734204385
198.0,55.59105431309904,38.49557522123894,68.96979873017469
236.0,53.09278350515464,36.140350877192986,67.70595690747783
223.0,0.0,0.0,49.37719228316326
239.0,0.0,0.0,49.379185267857146
74.0,59.04761904761905,41.891891891891895,70.90307028536164
98.0,23.423423423423422,13.26530612244898,56.547929260813824
92.0,88.88888888888889,80.0,89.98003832641328
79.0,95.06172839506173,90.58823529411765,95.28613345575761
67.0,85.24590163934425,74.28571428571429,87.12490167242382
41.0,0.0,0.0,49.95914381377551
41.0,0.0,0.0,49.95914381377551
75.0,0.0,0.0,49.92526307397959
98.0,0.0,0.0,49.90234375
97.0,86.03351955307262,75.49019607843137,87.72014744139935
77.0,91.56626506024097,84.44444444444444,92.20825016633401
82.0,83.9506172839506,72.3404255319149,86.14426880491331
60.0,0.0,0.0,49.940210459183675
58.0,0.0,0.0,49.94220344387755
78.0,0.0,0.0,49.92227359693878
97.0,0.0,0.0,49.903340242346935
97.0,0.0,0.0,49.903340242346935
80.0,90.58823529411765,82.79569892473118,91.38188107976315
84.0,90.28571428571428,82.29166666666666,91.12886624947602
80.0,0.0,0.0,49.9202806122449
65.0,0.0,0.0,49.935227997448976
74.0,0.0,0.0,49.92625956632653
84.0,0.0,0.0,49.916294642857146
101.0,0.0,0.0,49.89935427295919
93.0,0.0,0.0,49.90732621173469
80.0,88.1578947368421,78.82352941176471,89.39380386052522
75.0,0.0,0.0,49.92526307397959
68.0,0.0,0.0,49.93223852040816
78.0,0.0,0.0,49.92227359693878
81.0,0.0,0.0,49.91928411989796
99.0,0.0,0.0,49.901347257653065
95.0,0.0,0.0,49.90533322704081
84.0,0.0,0.0,49.916294642857146
72.0,0.0,0.0,49.92825255102041
84.0,0.0,0.0,49.916294642857146
66.0,0.0,0.0,49.93423150510204
82.0,0.0,0.0,49.918287627551024
86.0,0.0,0.0,49.91430165816326
95.0,0.0,0.0,49.87045599489796
84.0,0.0,0.0,49.916294642857146
79.0,0.0,0.0,49.92127710459184
74.0,0.0,0.0,49.92625956632653
76.0,0.0,0.0,49.92426658163265
78.0,0.0,0.0,49.92227359693878
67.0,0.0,0.0,49.9332350127551
64.0,0.0,0.0,49.90234375
86.0,0.0,0.0,49.91430165816326
77.0,0.0,0.0,49.923270089285715
86.0,0.0,0.0,49.91430165816326
79.0,0.0,0.0,49.92127710459184
82.0,0.0,0.0,49.918287627551024
49.0,0.0,0.0,49.951171875
78.0,0.0,0.0,49.88739636479592
83.0,0.0,0.0,49.91729113520408
81.0,0.0,0.0,49.91928411989796
84.0,0.0,0.0,49.916294642857146
76.0,0.0,0.0,49.92426658163265
93.0,0.0,0.0,49.90732621173469
99.0,0.0,0.0,49.901347257653065
75.0,92.99363057324841,86.90476190476191,93.44140356579732
66.0,89.76377952755905,81.42857142857143,90.70131658082336
54.0,0.0,0.0,49.94618941326531
52.0,0.0,0.0,49.94818239795919
80.0,0.0,0.0,49.9202806122449
101.0,0.0,0.0,49.89935427295919
100.0,0.0,0.0,49.90035076530612
78.0,93.58974358974359,87.95180722891565,93.96592417210907
79.0,88.0,78.57142857142857,89.26775379878553
65.0,0.0,0.0,49.935227997448976
52.0,0.0,0.0,49.94818239795919
77.0,0.0,0.0,49.923270089285715
100.0,0.0,0.0,49.90035076530612
101.0,0.0,0.0,49.89935427295919
86.0,0.0,0.0,49.91430165816326
81.0,0.0,0.0,49.91928411989796
78.0,0.0,0.0,49.92227359693878
55.0,0.0,0.0,49.945192920918366
75.0,0.0,0.0,49.92526307397959
90.0,0.0,0.0,49.91031568877551
109.0,0.0,0.0,49.891382334183675
91.0,0.0,0.0,49.90931919642857
81.0,0.0,0.0,49.91928411989796
81.0,0.0,0.0,49.91928411989796
88.0,0.0,0.0,49.91230867346938
78.0,0.0,0.0,49.92227359693878
84.0,0.0,0.0,49.916294642857146
110.0,0.0,0.0,49.89038584183674
98.0,0.0,0.0,49.90234375
83.0,0.0,0.0,49.91729113520408
90.0,0.0,0.0,49.91031568877551
91.0,0.0,0.0,49.90931919642857
75.0,0.0,0.0,49.92526307397959
86.0,0.0,0.0,49.91430165816326
108.0,0.0,0.0,49.89237882653062
102.0,0.0,0.0,49.898357780612244
81.0,0.0,0.0,49.91928411989796
93.0,0.0,0.0,49.90732621173469
96.0,0.0,0.0,49.90433673469388
77.0,0.0,0.0,49.923270089285715
88.0,0.0,0.0,49.91230867346938
109.0,0.0,0.0,49.891382334183675
99.0,0.0,0.0,49.901347257653065
82.0,0.0,0.0,49.918287627551024
93.0,0.0,0.0,49.90732621173469
94.0,0.0,0.0,49.906329719387756
81.0,0.0,0.0,49.91928411989796
89.0,0.0,0.0,49.91131218112245
109.0,0.0,0.0,49.891382334183675
104.0,0.0,0.0,49.896364795918366
88.0,0.0,0.0,49.91230867346938
101.0,0.0,0.0,49.89935427295919
98.0,0.0,0.0,49.90234375
79.0,0.0,0.0,49.92127710459184
93.0,0.0,0.0,49.90732621173469
110.0,0.0,0.0,49.89038584183674
100.0,0.0,0.0,49.90035076530612
86.0,0.0,0.0,49.91430165816326
91.0,0.0,0.0,49.90931919642857
82.0,0.0,0.0,49.87643494897959
24.0,66.66666666666666,50.0,74.98006220591753
30.0,37.62376237623762,23.170731707317074,61.52256305444806
33.0,67.9245283018868,51.42857142857142,75.69733926506525
37.0,75.40983606557377,60.526315789473685,80.24820365471132
42.0,76.92307692307693,62.5,81.23205240697165
47.0,89.13043478260869,80.3921568627451,90.18610535866884
74.0,91.8918918918919,85.0,92.48802586413348
82.0,92.21556886227546,85.55555555555556,92.76480346691329
93.0,88.17204301075269,78.84615384615384,89.40111820546603
98.0,87.95811518324608,78.50467289719626,89.22937869087235
78.0,88.1578947368421,78.82352941176471,89.39380386052522
54.0,80.0,66.66666666666666,83.3143856289973
44.0,87.05882352941177,77.08333333333334,88.53069716188995
44.0,77.22772277227723,62.903225806451616,81.42867575102284
30.0,70.88607594936708,54.90196078431373,77.4280482712348
26.0,59.64912280701754,42.5,71.22707290815208
39.0,45.36082474226804,29.333333333333332,64.61382940543128
33.0,75.86206896551724,61.111111111111114,80.54159854315375
38.0,83.5820895522388,71.7948717948718,85.88646836134272
48.0,79.54545454545455,66.0377358490566,83.00091854178763
73.0,87.21804511278195,77.33333333333333,88.6497066922064
79.0,85.0574712643678,74.0,86.97405293201868
95.0,82.58706467661692,70.33898305084746,85.13455650456252
108.0,90.23255813953487,82.20338983050848,91.08072804291254
107.0,82.66666666666667,70.45454545454545,85.18833735998244
79.0,86.62420382165605,76.40449438202246,88.18129245324481
56.0,81.41592920353983,68.65671641791045,84.30741266736337
53.0,83.76068376068376,72.05882352941177,86.01045990243605
49.0,78.94736842105263,65.21739130434783,82.58475836785881
41.0,69.3069306930693,53.03030303030303,76.48423868932035
27.0,61.76470588235294,44.680851063829785,72.31450588282706
40.0,51.06382978723404,34.285714285714285,67.09699655903198
36.0,54.761904761904766,37.704918032786885,68.81457494166212
47.0,59.79381443298969,42.64705882352941,71.28464373565248
52.0,80.0,66.66666666666666,83.3143856289973
77.0,96.20253164556962,92.6829268292683,96.33547539068206
83.0,88.64864864864866,79.6116504854369,89.78486464863532
101.0,66.41509433962264,49.717514124293785,74.76991342694484
117.0,90.9090909090909,83.33333333333334,91.6446956683844
106.0,84.36018957345972,72.95081967213115,86.44246715632832
67.0,77.77777777777779,63.63636363636363,81.78226299472284
61.0,85.48387096774194,74.64788732394366,87.30598783331034
61.0,83.5820895522388,71.7948717948718,85.8754885710193
50.0,78.04878048780488,64.0,81.97306894350463
39.0,68.75,52.38095238095239,76.160561745788
31.0,59.74025974025974,42.592592592592595,71.26539086691022
41.0,73.23943661971832,57.77777777777777,78.86994571840036
39.0,73.52941176470588,58.139534883720934,79.05182163818756
43.0,78.94736842105263,65.21739130434783,82.59274223614871
56.0,93.80530973451327,88.33333333333333,94.15968384440943
78.0,95.0,90.47619047619048,95.23011120615912
89.0,85.02415458937197,73.94957983193278,86.9438443801095
109.0,67.61565836298932,51.075268817204304,75.44678159016802
123.0,92.6829268292683,86.36363636363636,93.16384047417566
110.0,76.32850241545893,61.71875,80.81046987594067
73.0,86.66666666666667,76.47058823529412,88.21533841929738
66.0,77.04918032786885,62.66666666666667,81.30540538743377
62.0,81.42857142857143,68.67469879518072,84.31141113066565
50.0,80.64516129032258,67.56756756756756,83.7598441117573
40.0,72.38095238095238,56.71641791044776,78.32928877492151
40.0,64.28571428571429,47.368421052631575,73.65429966069533
45.0,70.12987012987013,54.0,76.97706833635766
41.0,76.05633802816901,61.36363636363637,80.66486869129993
48.0,66.66666666666666,50.0,74.97008734495274
58.0,87.85046728971963,78.33333333333333,89.15370012035615
80.0,86.36363636363636,76.0,87.97604790419162
88.0,79.81651376146789,66.41221374045801,83.16218505106711
113.0,66.90647482014388,50.27027027027027,75.04328760204007
130.0,93.07692307692308,87.05035971223022,93.50719963435904
121.0,69.6078431372549,53.383458646616546,76.62985925046125
77.0,85.33333333333334,74.4186046511628,87.18735149544091
63.0,80.62015503875969,67.53246753246754,83.74129561285415
66.0,80.0,66.66666666666666,83.3044016121952
55.0,77.94117647058823,63.85542168674698,81.897784462271
41.0,70.27027027027027,54.166666666666664,77.05042350625952
46.0,67.3469387755102,50.76923076923077,75.35270664361464
50.0,75.29411764705883,60.37735849056604,80.16773955160083
52.0,73.5632183908046,58.18181818181818,79.06797514068573
51.0,67.53246753246754,50.98039215686274,75.46527085410435
58.0,0.0,0.0,49.94220344387755
82.0,84.14634146341463,72.63157894736842,86.28984499486887
91.0,77.19298245614034,62.857142857142854,81.37666278777922
113.0,61.97183098591549,44.89795918367347,72.3411693378837
128.0,73.25102880658436,57.7922077922078,78.83121679965173
121.0,53.8860103626943,36.87943262411347,68.35093648602529
86.0,83.75,72.04301075268818,85.99556193305047
72.0,79.43262411347519,65.88235294117646,82.91224590394816
68.0,81.57894736842105,68.88888888888889,84.41650813922035
58.0,80.0,66.66666666666666,83.30540037243948
47.0,72.26890756302521,56.57894736842105,78.25656123133517
49.0,73.68421052631578,58.333333333333336,79.1367468517706
48.0,77.27272727272727,62.96296296296296,81.46153812062632
54.0,74.15730337078652,58.92857142857143,79.44135130669143
51.0,66.66666666666666,50.0,74.97407776669989
63.0,72.0,56.25,78.09707818109294
82.0,86.48648648648648,76.19047619047619,88.07028600325471
92.0,51.13636363636363,34.35114503816794,67.08979725028821
118.0,66.66666666666666,50.0,74.93114734468239
131.0,84.03361344537815,72.46376811594203,86.19394173030905
122.0,47.61904761904761,31.25,65.53723871070687
87.0,55.55555555555556,38.46153846153847,69.17492670668715
72.0,79.13669064748201,65.47619047619048,82.70916524866965
72.0,80.74534161490683,67.70833333333334,83.82323533422469
57.0,80.2919708029197,67.07317073170732,83.50965054811259
47.0,74.57627118644068,59.45945945945946,79.69980872119227
50.0,67.79661016949152,51.28205128205128,75.60312872064907
54.0,81.25,68.42105263157895,84.19257550102193
58.0,76.76767676767676,62.295081967213115,81.124604288884
53.0,20.33898305084746,11.320754716981133,55.6135366170116
61.0,82.2429906542056,69.84126984126983,84.9016849485612
84.0,88.17204301075269,78.84615384615384,89.40111820546603
94.0,61.81818181818181,44.73684210526316,72.26361180546142
117.0,65.61264822134387,48.8235294117647,74.32492622545594
128.0,78.78787878787878,65.0,82.45108315863033
131.0,52.972972972972975,36.029411764705884,67.92792630248582
91.0,21.153846153846153,11.827956989247312,55.83224820458079
81.0,70.83333333333334,54.83870967741935,77.37745957686428
74.0,80.0,66.66666666666666,83.29940661504483
61.0,80.27210884353741,67.04545454545455,83.49379497430559
51.0,68.18181818181817,51.724137931034484,75.82017871796583
45.0,53.01204819277109,36.0655737704918,67.9939066364123
48.0,60.273972602739725,43.13725490196079,71.53971649671952
45.0,60.0,42.857142857142854,71.400657960323
38.0,76.19047619047619,61.53846153846154,80.7542762310269
44.0,77.5,63.26530612244898,81.61470511028223
67.0,87.3015873015873,77.46478873239437,88.716432992721
77.0,83.52941176470588,71.71717171717171,85.83064453536463
90.0,67.98418972332016,51.49700598802395,75.66764853204351
101.0,84.31372549019608,72.88135593220339,86.40873546260799
96.0,91.4572864321608,84.25925925925925,92.11265848058301
75.0,85.36585365853658,74.46808510638297,87.21009332555407
69.0,78.63247863247864,64.7887323943662,82.36943102862135
53.0,77.27272727272727,62.96296296296296,81.46153812062632
47.0,84.11214953271028,72.58064516129032,86.27336700425529
44.0,60.0,42.857142857142854,71.3886878885084
47.0,63.888888888888886,46.93877551020408,73.44346707239113
51.0,59.523809523809526,42.3728813559322,71.15254304880617
49.0,62.33766233766234,45.28301886792453,72.61259732676814
40.0,77.61194029850746,63.41463414634146,81.69236193857452
49.0,82.10526315789474,69.64285714285714,84.80447502414812
76.0,94.03973509933775,88.75,94.36601886039317
87.0,85.85858585858585,75.22123893805309,87.58267033644785
98.0,66.42066420664207,49.72375690607735,74.77103470428654
111.0,80.83333333333333,67.83216783216784,83.87015648143067
109.0,92.85714285714286,86.66666666666667,93.31735634020345
81.0,85.71428571428571,75.0,87.47505039819565
66.0,82.08955223880598,69.62025316455697,84.7861845220642
61.0,82.70676691729322,70.51282051282051,85.23346578203824
50.0,81.66666666666667,69.01408450704226,84.48509799194552
46.0,68.37606837606837,51.94805194805194,75.93712634102772
52.0,86.95652173913044,76.92307692307693,88.44957101299849
50.0,81.31868131868131,68.51851851851852,84.24230638824069
48.0,72.5,56.86274509803921,78.40943703941782
47.0,74.35897435897436,59.183673469387756,79.57189536232863
51.0,88.07339449541286,78.68852459016394,89.33129549010272
79.0,95.06172839506173,90.58823529411765,95.28613345575761
87.0,77.82805429864254,63.70370370370371,81.8029398933771
106.0,68.29268292682927,51.85185185185185,75.83506766481327
113.0,84.04669260700389,72.48322147651007,86.20066642252442
106.0,91.24423963133641,83.89830508474576,91.93018175738177
78.0,85.39325842696628,74.50980392156863,87.2289538569919
72.0,85.51724137931035,74.69879518072288,87.32844536144337
64.0,82.85714285714286,70.73170731707317,85.3419101651809
52.0,81.6,68.91891891891892,84.43651681606794
42.0,71.42857142857143,55.55555555555556,77.74586458167119
49.0,87.5,77.77777777777779,88.87692096293046
49.0,83.51648351648352,71.69811320754717,85.83409788982408
49.0,73.17073170731707,57.692307692307686,78.82421789911919
44.0,77.92207792207793,63.829787234042556,81.8979431124945
52.0,91.8918918918919,85.0,92.49102244389027
79.0,81.67539267015707,69.02654867256636,84.4783428020902
91.0,73.46938775510205,58.06451612903226,78.96736967255032
114.0,66.21160409556313,49.48979591836735,74.64605413242994
115.0,82.5278810408922,70.25316455696202,85.07964329915414
112.0,80.0,66.66666666666666,83.28340921798866
78.0,83.51648351648352,71.69811320754717,85.81911648401311
69.0,86.15384615384616,75.67567567567568,87.81988093440607
73.0,77.41935483870968,63.1578947368421,81.5440283804731
53.0,78.46153846153847,64.55696202531645,82.25055083809464
43.0,68.42105263157895,52.0,75.96409837046492
52.0,87.37864077669903,77.58620689655173,88.78013741927185
49.0,86.02150537634408,75.47169811320755,87.72288432068547
50.0,75.29411764705883,60.37735849056604,80.16773955160083
47.0,82.35294117647058,70.0,84.98504218104944
52.0,92.85714285714286,86.66666666666667,93.32535312425185
80.0,78.39195979899498,64.46280991735537,82.18848907381202
90.0,70.63492063492063,54.601226993865026,77.22674203327927
114.0,66.8918918918919,50.25380710659898,75.02905424124006
124.0,81.09965635738831,68.20809248554913,84.0491099688523
116.0,80.63241106719367,67.54966887417218,83.7259068499151
87.0,85.27918781725889,74.33628318584071,87.13919485491827
71.0,86.7132867132867,76.5432098765432,88.25264815972669
76.0,80.0,66.66666666666666,83.30040577396393
58.0,81.15942028985508,68.29268292682927,84.1204037140132
45.0,69.42148760330579,53.16455696202531,76.54537737597416
54.0,94.54545454545455,89.65517241379311,94.82160105008545
51.0,82.35294117647058,70.0,84.98204811106235
54.0,80.0,66.66666666666666,83.3143856289973
53.0,62.5,45.45454545454545,72.69736305448454
53.0,89.65517241379311,81.25,90.61302968637779
81.0,73.48837209302326,58.08823529411765,78.98722801294899
94.0,71.59533073929961,55.757575757575765,77.80591031309824
114.0,66.66666666666666,50.0,74.90015176931064
124.0,85.30465949820788,74.375,87.14654668677709
119.0,77.27272727272727,62.96296296296296,81.42157015025171
97.0,86.53846153846155,76.27118644067797,88.10764129764601
75.0,86.79245283018868,76.66666666666667,88.3123781773671
80.0,82.28571428571428,69.90291262135922,84.9205206568396
58.0,82.26950354609929,69.87951807228916,84.91481789723241
46.0,74.19354838709677,58.97435897435898,79.45526247142047
53.0,93.80530973451327,88.33333333333333,94.15968384440943
53.0,85.43689320388349,74.57627118644068,87.2731750889516
55.0,80.41237113402062,67.24137931034483,83.6017415729178
52.0,79.12087912087912,65.45454545454545,82.70832577872865
59.0,88.0,78.57142857142857,89.27075049808036
82.0,72.14611872146118,56.42857142857143,78.15340382515063
95.0,71.875,56.09756097560976,77.9769012449329
117.0,66.22950819672131,49.50980392156863,74.65205622938143
129.0,83.56164383561644,71.76470588235294,85.83440472524968
128.0,76.86567164179104,62.42424242424243,81.15021160015469
96.0,88.46153846153845,79.3103448275862,89.63121266616912
75.0,87.01298701298701,77.01149425287356,88.48579063159553
79.0,82.28571428571428,69.90291262135922,84.9205206568396
59.0,78.87323943661971,65.11627906976744,82.52821136249744
47.0,73.01587301587301,57.49999999999999,78.71608817075604
56.0,95.57522123893806,91.52542372881356,95.75772403471123
54.0,89.7196261682243,81.35593220338984,90.66699418978939
55.0,87.61904761904762,77.96610169491525,88.97008455980553
52.0,49.275362318840585,32.69230769230769,66.31126479334178
59.0,79.13669064748201,65.47619047619048,82.70916524866965
81.0,71.11111111111111,55.172413793103445,77.52133145739491
94.0,68.14814814814815,51.68539325842697,75.75684086689418
116.0,66.44736842105263,49.75369458128079,74.77500006148414
133.0,84.7457627118644,73.52941176470588,86.71975173558265
128.0,79.38931297709924,65.82278481012658,82.8574700532499
102.0,89.28571428571429,80.64516129032258,90.29861706979585
76.0,85.0,73.91304347826086,86.93257346739738
81.0,85.4054054054054,74.52830188679245,87.23720322197578
61.0,80.27210884353741,67.04545454545455,83.49379497430559
62.0,72.22222222222221,56.52173913043478,78.22096851981
51.0,87.5,77.77777777777779,88.87492435879533
53.0,86.20689655172413,75.75757575757575,87.86282809743689
51.0,49.717514124293785,33.08270676691729,66.45258772479752
53.0,61.64383561643836,44.554455445544555,72.22137405937039
60.0,64.24242424242425,47.32142857142857,73.60185906954607
71.0,64.51612903225806,47.61904761904761,73.73268670418712
86.0,67.24137931034483,50.649350649350644,75.24882399328486
101.0,67.52136752136752,50.967741935483865,75.40801812226216
116.0,0.0,0.0,49.8844068877551
110.0,58.22784810126582,41.07142857142857,70.4698854407113
99.0,71.60493827160494,55.769230769230774,77.838723689017
83.0,86.02150537634408,75.47169811320755,87.70989888094105
79.0,0.0,0.0,49.92127710459184
60.0,12.121212121212121,6.451612903225806,53.16800528761705
60.0,41.904761904761905,26.506024096385545,63.19219935129921
46.0,80.48780487804879,67.3469387755102,83.65751501725474
69.0,90.27777777777779,82.27848101265823,91.12527151748435
93.0,95.23809523809523,90.9090909090909,95.44556090796557
104.0,92.38095238095238,85.84070796460178,92.9043792224215
104.0,94.23076923076923,89.0909090909091,94.53347323629683
86.0,90.0,81.81818181818183,90.89112504423413
58.0,89.47368421052632,80.95238095238095,90.46422040137752
29.0,76.0,61.29032258064516,80.63319885237773
18.0,0.0,0.0,49.9820631377551
7.0,0.0,0.0,49.99302455357143
87.0,69.56521739130434,53.333333333333336,76.6247739121183
81.0,93.64161849710982,88.04347826086956,94.01075999080008
108.0,93.80530973451327,88.33333333333333,94.15268623926502
116.0,91.45299145299145,84.25196850393701,92.10601181393298
109.0,93.69369369369369,88.13559322033898,94.05381674118082
92.0,89.72972972972974,81.37254901960785,90.66730978419355
65.0,84.5528455284553,73.23943661971832,86.60076531329064
29.0,73.46938775510205,58.06451612903226,79.01929901511224
19.0,0.0,0.0,49.98106664540816
8.0,0.0,0.0,49.99202806122449
92.0,84.52380952380952,73.19587628865979,86.57199262991017
108.0,90.99526066350711,83.47826086956522,91.7201607862203
121.0,92.24489795918367,85.60606060606061,92.78405421290387
121.0,91.73553719008265,84.7328244274809,92.34643817998433
108.0,91.37931034482759,84.12698412698413,92.04352002434688
98.0,88.11881188118812,78.76106194690266,89.35657266091515
74.0,85.29411764705883,74.35897435897436,87.15953426835745
33.0,72.72727272727273,57.14285714285714,78.55647522586673
18.0,0.0,0.0,49.9820631377551
8.0,0.0,0.0,49.99202806122449
97.0,76.36363636363637,61.76470588235294,80.84344088242923
112.0,91.70305676855895,84.67741935483872,92.31973661916209
123.0,93.2806324110672,87.4074074074074,93.68672340085502
124.0,91.2,83.82352941176471,91.88979195209706
119.0,92.0,85.18518518518519,92.57261696286086
104.0,89.52380952380953,81.03448275862068,90.49527740023602
75.0,87.67123287671232,78.04878048780488,89.00643047378749
30.0,77.77777777777779,63.63636363636363,81.8062189032182
19.0,0.0,0.0,49.98106664540816
8.0,0.0,0.0,49.99202806122449
100.0,79.3296089385475,65.74074074074075,82.83344790754231
124.0,91.33858267716536,84.05797101449275,92.00701187560433
127.0,92.66409266409266,86.33093525179856,93.14648888209234
125.0,91.26984126984127,83.94160583941606,91.94882972700313
119.0,90.98039215686275,83.45323741007195,91.70364627195566
102.0,87.08133971291866,77.11864406779661,88.53236785600073
79.0,87.74193548387098,78.16091954022988,89.06150072165961
35.0,79.36507936507937,65.78947368421053,82.88177598389706
20.0,0.0,0.0,49.98007015306122
9.0,0.0,0.0,49.99103156887755
99.0,81.21827411167513,68.37606837606837,84.15110509189877
122.0,92.60700389105058,86.23188405797102,93.09696366432124
129.0,93.98496240601504,88.65248226950354,94.31025743812233
126.0,90.625,82.85714285714286,91.40460019405285
126.0,91.18773946360153,83.80281690140845,91.87843464084746
106.0,88.9908256880734,80.16528925619835,90.05868248828008
82.0,87.65432098765432,78.02197802197803,88.99103092297385
38.0,79.36507936507937,65.78947368421053,82.88177598389706
20.0,0.0,0.0,49.98007015306122
14.0,0.0,0.0,49.986049107142854
98.0,72.62569832402235,57.01754385964912,78.4598804688679
126.0,90.625,82.85714285714286,91.40460019405285
129.0,92.42424242424242,85.91549295774648,92.9377680555704
130.0,88.46153846153845,79.3103448275862,89.62520896919551
125.0,92.36641221374046,85.81560283687944,92.8878233942663
113.0,87.22466960352423,77.34375,88.64291959132935
88.0,88.37209302325581,79.16666666666666,89.56337325349301
37.0,86.15384615384616,75.67567567567568,87.82886439921616
19.0,68.96551724137932,52.63157894736842,76.30681925481086
14.0,0.0,0.0,49.986049107142854
107.0,78.29787234042553,64.33566433566433,82.11691770413118
127.0,90.84249084249085,83.22147651006712,91.58576422802165
131.0,86.39455782312925,76.04790419161677,87.98399125742999
129.0,89.13857677902621,80.4054054054054,90.17373572505723
124.0,90.29850746268657,82.31292517006803,91.13049115360859
113.0,86.5546218487395,76.29629629629629,88.11619480003638
89.0,90.3954802259887,82.4742268041237,91.22014597951315
41.0,86.8421052631579,76.74418604651163,88.36212154169309
22.0,70.58823529411765,54.54545454545454,77.262759965495
13.0,0.0,0.0,49.9870455994898
76.0,73.17073170731707,57.692307692307686,78.8132400802206
75.0,91.35802469135803,84.0909090909091,92.03148304731076
97.0,93.06930693069307,87.03703703703704,93.50454144092578
100.0,92.89099526066352,86.72566371681415,93.34785522195995
101.0,94.23076923076923,89.0909090909091,94.53347323629683
87.0,92.22222222222223,85.56701030927834,92.7695311462947
63.0,88.52459016393442,79.41176470588235,89.69191642979366
31.0,80.0,66.66666666666666,83.32236710930334
23.0,0.0,0.0,49.97708067602041
9.0,0.0,0.0,49.99103156887755
89.0,88.09523809523809,78.72340425531915,89.34174284459702
90.0,90.72164948453609,83.01886792452831,91.49146558660532
104.0,89.77777777777777,81.45161290322581,90.70284089994041
108.0,92.98245614035088,86.88524590163934,93.4266453195035
105.0,91.96428571428571,85.12396694214877,92.54400971276152
95.0,91.66666666666666,84.61538461538461,92.29172041821778
63.0,86.4406779661017,76.11940298507463,88.04374139278669
33.0,79.3103448275862,65.71428571428571,82.84517946512244
22.0,0.0,0.0,49.97807716836735
8.0,0.0,0.0,49.99202806122449
90.0,89.24731182795699,80.58252427184466,90.27129926685879
100.0,91.07981220657277,83.62068965517241,91.79137480022943
114.0,92.88702928870293,86.71875,93.34239707130729
115.0,91.28630705394191,83.96946564885496,91.96376050788531
108.0,91.70305676855895,84.67741935483872,92.31973661916209
100.0,89.95215311004785,81.73913043478261,90.84859960100218
72.0,85.92592592592592,75.32467532467533,87.64338239676441
33.0,80.64516129032258,67.56756756756756,83.77181991466851
22.0,0.0,0.0,49.97807716836735
9.0,0.0,0.0,49.99103156887755
105.0,87.85046728971963,78.33333333333333,89.14070923685156
119.0,92.11618257261411,85.38461538461539,92.67333236023939
118.0,84.98168498168498,73.88535031847134,86.90172430026644
118.0,94.3089430894309,89.23076923076924,94.60140139524877
111.0,92.43697478991596,85.9375,92.95077372867814
102.0,91.16279069767442,83.76068376068376,91.8613714741755
76.0,84.50704225352112,73.17073170731707,86.56341677551981
36.0,78.78787878787878,65.0,82.48604187437687
20.0,0.0,0.0,49.98007015306122
10.0,0.0,0.0,49.99003507653062
112.0,86.87782805429865,76.8,88.3710463258786
125.0,93.48659003831418,87.76978417266187,93.86791042652352
121.0,92.54901960784314,86.13138686131386,93.04671544512016
120.0,93.97590361445783,88.63636363636364,94.30319949732043
119.0,89.14728682170544,80.41958041958041,90.18182432816579
109.0,91.55555555555556,84.42622950819673,92.19414245365701
82.0,82.35294117647058,70.0,84.97306088240576
36.0,82.35294117647058,70.0,84.9880354151711
21.0,25.0,14.285714285714285,57.12491920811136
10.0,0.0,0.0,49.99003507653062
110.0,85.83690987124464,75.18796992481202,87.56103504627852
125.0,93.84615384615384,88.40579710144928,94.18691581208238
119.0,93.22709163346613,87.31343283582089,93.63973645426755
121.0,86.44688644688645,76.12903225806451,88.02755899930274
119.0,89.31297709923665,80.6896551724138,90.31686058726565
110.0,91.22807017543859,83.87096774193549,91.91551262955538
81.0,82.5,70.2127659574468,85.0784444435009
36.0,87.67123287671232,78.04878048780488,89.01541608946721
23.0,0.0,0.0,49.97708067602041
13.0,0.0,0.0,49.9870455994898
109.0,82.96943231441048,70.8955223880597,85.4088242718438
129.0,92.13483146067416,85.41666666666666,92.6873555697627
124.0,94.57364341085271,89.70588235294117,94.83895628015861
121.0,92.1259842519685,85.40145985401459,92.68075349919212
120.0,89.31297709923665,80.6896551724138,90.31686058726565
110.0,90.35087719298247,82.39999999999999,91.17803207317317
84.0,82.42424242424242,70.10309278350515,85.0226088967418
39.0,88.88888888888889,80.0,89.99202297383535
26.0,77.27272727272727,62.96296296296296,81.47151318067804
16.0,0.0,0.0,49.984056122448976
121.0,85.50185873605948,74.67532467532467,87.29870985968546
129.0,93.0909090909091,87.07482993197279,93.51843318849279
126.0,93.12977099236642,87.14285714285714,93.55344799045602
124.0,91.11969111969111,83.68794326241135,91.82099828029273
124.0,89.37728937728939,80.79470198675497,90.36838227958837
115.0,90.83333333333333,83.20610687022901,91.58108287566418
92.0,88.13559322033898,78.78787878787878,89.3729804734236
42.0,92.85714285714286,86.66666666666667,93.32734972841082
24.0,82.92682926829268,70.83333333333334,85.40968885610425
15.0,0.0,0.0,49.98505261479592
107.0,80.16877637130801,66.90140845070422,83.4037802422048
115.0,88.13559322033898,78.78787878787878,89.36597965596208
113.0,86.63967611336032,76.42857142857142,88.18133119152711
120.0,72.67080745341616,57.073170731707314,78.44868908346687
126.0,78.92976588628763,65.19337016574586,82.53375807819835
103.0,87.27272727272727,77.41935483870968,88.68172214778934
63.0,78.99159663865547,65.27777777777779,82.61395322290713
29.0,85.24590163934425,74.28571428571429,87.13388406209941
18.0,0.0,0.0,49.9820631377551
16.0,0.0,0.0,49.984056122448976
50.0,72.88135593220339,57.333333333333336,78.63475156084814
76.0,79.01234567901234,65.3061224489796,82.61913721427267
76.0,82.14285714285714,69.6969696969697,84.81854891139024
80.0,77.09497206703911,62.727272727272734,81.32272391627372
82.0,86.04651162790698,75.51020408163265,87.73115090114126
82.0,90.56603773584906,82.75862068965517,91.36434148006629
81.0,92.40506329113924,85.88235294117646,92.92920113976973
70.0,89.20863309352518,80.51948051948052,90.24477438194165
59.0,92.17391304347827,85.48387096774194,92.73295756954022
37.0,86.11111111111111,75.60975609756098,87.79490696492367
19.0,77.77777777777779,63.63636363636363,81.81020765447225
61.0,57.30337078651685,40.15748031496063,70.00292968366485
81.0,65.65656565656566,48.87218045112782,74.36824085117505
83.0,73.29842931937172,57.85123966942148,78.87472772598126
88.0,71.7948717948718,56.00000000000001,77.94511635333095
88.0,82.79569892473118,70.64220183486239,85.28916415222629
90.0,89.41176470588236,80.85106382978722,90.40756784303733
82.0,90.6832298136646,82.95454545454545,91.46230356374959
73.0,93.79310344827586,88.31168831168831,94.14686355394426
65.0,86.4,76.05633802816901,88.01121039311965
40.0,90.0,81.81818181818183,90.90111324654603
26.0,82.6086956521739,70.37037037037037,85.17721022655529
68.0,60.0,42.857142857142854,71.35674668095561
86.0,62.4390243902439,45.39007092198582,72.61820755550121
92.0,67.94258373205741,51.449275362318836,75.6577780863086
93.0,73.42995169082126,58.01526717557252,78.95274336822537
100.0,87.36842105263159,77.57009345794393,88.7610912860957
96.0,89.50276243093923,81.0,90.48103603154007
83.0,91.82389937106919,84.88372093023256,92.42888719006288
78.0,78.85714285714286,65.09433962264151,82.51024882223739
74.0,88.57142857142857,79.48717948717949,89.72762614060454
58.0,84.61538461538461,73.33333333333333,86.65070879544669
35.0,48.0,31.57894736842105,65.73763128510382
77.0,55.140186915887845,38.064516129032256,68.9364821800857
91.0,59.71563981042654,42.567567567567565,71.19897545061674
95.0,64.28571428571429,47.368421052631575,73.6043765809222
93.0,73.58490566037736,58.2089552238806,79.04858715723154
105.0,78.50467289719626,64.61538461538461,82.26177679224074
100.0,82.75862068965517,70.58823529411765,85.25918192878046
83.0,91.92546583850931,85.0574712643678,92.51576209819325
84.0,81.76795580110497,69.1588785046729,84.54650643528323
77.0,86.66666666666667,76.47058823529412,88.21533841929738
73.0,79.6875,66.23376623376623,83.09094795478835
68.0,49.31506849315068,32.72727272727273,66.28984298509629
82.0,52.58620689655172,35.67251461988304,67.72650972937682
99.0,59.82905982905983,42.68292682926829,71.24766227305429
99.0,61.80257510729614,44.72049689440994,72.27143318295461
99.0,71.17117117117117,55.24475524475524,77.5585015419736
111.0,75.65217391304347,60.83916083916085,80.3636799224653
105.0,73.91304347826086,58.620689655172406,79.25045382920327
93.0,77.6595744680851,63.47826086956522,81.69721677691781
89.0,72.08121827411168,56.34920634920635,78.11971843256147
89.0,83.8323353293413,72.16494845360825,86.05553134571204
83.0,80.79470198675497,67.77777777777779,83.85995543583093
95.0,43.82022471910113,28.05755395683453,63.92905022970873
84.0,52.244897959183675,35.35911602209944,67.5628195053026
104.0,64.73029045643153,47.85276073619632,73.84154664220091
103.0,58.67768595041323,41.52046783625731,70.66044347805281
107.0,71.72995780590718,55.92105263157895,77.89364803426186
121.0,89.38053097345133,80.80000000000001,90.37603594608088
108.0,74.45887445887446,59.310344827586206,79.59627842297657
93.0,87.86127167630057,78.35051546391753,89.15429964812643
99.0,46.15384615384615,30.0,64.90226193800615
96.0,79.28994082840237,65.68627450980392,82.80821338892979
105.0,80.87431693989072,67.88990825688074,83.91002538308089
104.0,49.48453608247423,32.87671232876712,66.34060640377074
89.0,54.68164794007491,37.628865979381445,68.69368173727071
104.0,59.12408759124088,41.968911917098445,70.87266835499597
105.0,60.46511627906976,43.333333333333336,71.56486619558997
110.0,70.24793388429752,54.14012738853503,76.99819449620799
120.0,78.90625,65.16129032258064,82.5267260399723
116.0,68.9922480620155,52.662721893491124,76.25149990495828
96.0,89.13043478260869,80.3921568627451,90.1761159608172
102.0,0.0,0.0,49.8664700255102
108.0,0.0,0.0,49.89237882653062
116.0,78.21782178217822,64.22764227642277,82.06990633293363
113.0,31.521739130434785,18.70967741935484,59.22920806377636
86.0,51.82481751824818,34.97536945812808,67.35596134816393
110.0,57.04225352112676,39.90147783251231,69.82897027667137
111.0,57.03125,39.89071038251366,69.83558132542045
114.0,68.52589641434263,52.121212121212125,75.98174800510597
127.0,80.95238095238095,68.0,83.95207093501618
114.0,72.1030042918455,56.375838926174495,78.12303884342742
98.0,87.56756756756758,77.88461538461539,88.91935130943516
108.0,0.0,0.0,49.86547353316326
118.0,0.0,0.0,49.88241390306122
122.0,80.19323671497585,66.93548387096774,83.4268180539036
120.0,50.476190476190474,33.75796178343949,66.77523610389778
53.0,85.18518518518519,74.19354838709677,87.08081568566888
78.0,82.35294117647058,70.0,84.97306088240576
81.0,75.0,60.0,79.95409822978826
82.0,76.57142857142857,62.03703703703704,80.97760770409397
83.0,88.88888888888889,80.0,89.98203736228645
83.0,89.30817610062893,80.68181818181817,90.3239447160962
82.0,93.67088607594937,88.09523809523809,94.03763940608776
70.0,90.64748201438849,82.89473684210526,91.43439773480355
62.0,90.5982905982906,82.8125,91.39527699359576
39.0,85.33333333333334,74.4186046511628,87.198333914605
22.0,81.08108108108108,68.18181818181817,84.08393155856324
66.0,61.904761904761905,44.827586206896555,72.34995143079645
85.0,71.95767195767195,56.19834710743802,78.04628778697517
87.0,71.56862745098039,55.72519083969466,77.80471465422451
89.0,74.48979591836735,59.34959349593496,79.62489953622367
89.0,90.58823529411765,82.79569892473118,91.38188107976315
92.0,90.17341040462428,82.10526315789474,91.03566483376792
81.0,93.67088607594937,88.09523809523809,94.03763940608776
76.0,94.5945945945946,89.74358974358975,94.86381179591574
68.0,86.61417322834646,76.38888888888889,88.177485485126
56.0,82.82828282828282,70.6896551724138,85.3278733626106
33.0,59.57446808510638,42.42424242424242,71.19318257331095
78.0,61.37566137566137,44.274809160305345,72.06457645452915
95.0,74.8768472906404,59.84251968503938,79.87036163892687
96.0,63.96396396396396,47.019867549668874,73.43010142277376
95.0,75.86206896551724,61.111111111111114,80.50665238383556
99.0,87.43169398907104,77.66990291262135,88.81199553168597
98.0,83.24873096446701,71.30434782608695,85.61923583662714
83.0,84.7457627118644,73.52941176470588,86.73776031240423
83.0,91.35802469135803,84.0909090909091,92.03148304731076
80.0,89.93288590604027,81.70731707317073,90.83869116545442
76.0,77.16535433070865,62.82051282051282,81.38132988363402
101.0,25.157232704402517,14.388489208633093,57.075614729525896
83.0,58.767772511848335,41.61073825503356,70.71856703628478
101.0,69.60352422907489,53.37837837837838,76.62032279000361
99.0,63.519313304721024,46.540880503144656,73.18561329855649
102.0,74.54545454545455,59.42028985507246,79.65425000998123
106.0,75.1131221719457,60.14492753623188,80.01756587819119
103.0,68.52589641434263,52.121212121212125,75.98174800510597
88.0,80.85106382978722,67.85714285714286,83.89264328485886
101.0,54.48028673835126,37.4384236453202,68.59246531567406
89.0,85.88957055214725,75.26881720430107,87.61145725899802
113.0,68.18181818181817,51.724137931034484,75.80619858480051
125.0,0.0,0.0,49.8405612244898
87.0,54.18326693227091,37.15846994535519,68.46448283729003
102.0,65.32258064516128,48.50299401197605,74.16566009611678
104.0,60.231660231660236,43.0939226519337,71.44416281105607
111.0,70.0,53.84615384615385,76.85120915976142
112.0,74.13793103448276,58.9041095890411,79.39216260046985
110.0,65.89147286821705,49.13294797687861,74.47863385747766
98.0,64.1025641025641,47.16981132075472,73.50107499831473
104.0,23.293172690763054,13.18181818181818,56.40046898482098
100.0,75.77639751552795,61.0,80.46108949416342
118.0,58.92857142857143,41.77215189873418,70.79427790506456
129.0,0.0,0.0,49.82760682397959
90.0,57.25490196078431,40.10989010989011,69.94616913334355
107.0,62.3574144486692,45.30386740331492,72.55311947240844
112.0,55.43859649122807,38.349514563106794,69.04800318450168
120.0,68.77470355731225,52.40963855421686,76.12595964724957
120.0,78.43137254901961,64.51612903225806,82.20314798924989
117.0,64.51612903225806,47.61904761904761,73.7106937971451
95.0,58.42696629213483,41.269841269841265,70.52413776933717
111.0,0.0,0.0,49.76582429846938
107.0,1.8518518518518516,0.9345794392523363,50.36165942565507
122.0,69.5187165775401,53.278688524590166,76.58247052199853
128.0,0.0,0.0,49.82661033163265
97.0,59.055118110236215,41.899441340782126,70.84593032688494
108.0,58.657243816254415,41.5,70.63321721597828
120.0,54.60526315789473,37.55656108597285,68.64053674644799
120.0,67.95366795366795,51.461988304093566,75.64813997539768
123.0,77.56653992395437,63.35403726708074,81.61810582449776
117.0,63.230240549828174,46.231155778894475,73.00875734795693
99.0,59.57446808510638,42.42424242424242,71.09833058687167
115.0,0.0,0.0,49.75884885204081
116.0,0.0,0.0,49.82860331632653
123.0,53.06122448979592,36.11111111111111,67.96378315111856
128.0,0.0,0.0,49.82461734693878
98.0,53.003533568904594,36.05769230769231,67.89611427224699
108.0,55.55555555555556,38.46153846153847,69.10301451981427
119.0,55.2901023890785,38.20754716981132,68.97302201289249
121.0,68.21705426356588,51.76470588235295,75.80049700761953
133.0,73.83512544802868,58.52272727272727,79.18847006098369
116.0,63.013698630136986,46.0,72.89218113569204
102.0,54.092526690391466,37.073170731707314,68.4078428508836
117.0,0.0,0.0,49.75386639030612
126.0,0.0,0.0,49.75286989795919
125.0,26.25,15.107913669064748,57.436321504056856
130.0,34.74178403755869,21.022727272727273,60.37274898509417
108.0,0.0,0.0,49.89237882653062
108.0,0.0,0.0,49.89237882653062
123.0,0.0,0.0,49.87743144132653
137.0,0.0,0.0,49.86348054846938
153.0,0.0,0.0,49.847536670918366
147.0,0.0,0.0,49.739915497448976
128.0,0.0,0.0,49.80169802295919
138.0,0.0,0.0,49.7737962372449
148.0,0.0,0.0,49.818638392857146
141.0,0.0,0.0,49.859494579081634
153.0,0.0,0.0,49.847536670918366
34.0,92.53731343283582,86.11111111111111,93.05057001362715
39.0,96.1038961038961,92.5,96.24700831687908
38.0,90.14084507042254,82.05128205128204,91.01866112774695
26.0,89.36170212765957,80.76923076923077,90.37963083671387
29.0,47.368421052631575,31.03448275862069,65.49730795694106
35.0,92.95774647887323,86.8421052631579,93.41606689079758
45.0,93.18181818181817,87.2340425531915,93.61103743297352
40.0,92.3076923076923,85.71428571428571,92.8511596102342
35.0,83.33333333333334,71.42857142857143,85.70431582335631
31.0,76.0,61.29032258064516,80.63319885237773
39.0,90.0,81.81818181818183,90.90111324654603
48.0,92.47311827956989,86.0,92.9930185706022
45.0,82.10526315789474,69.64285714285714,84.80447502414812
40.0,80.59701492537313,67.5,83.7370386248978
39.0,47.05882352941176,30.76923076923077,65.35770365508824
39.0,90.2439024390244,82.22222222222221,91.10313328945531
51.0,89.32038834951457,80.7017543859649,90.33990571881529
51.0,90.72164948453609,83.01886792452831,91.50045765970292
43.0,88.88888888888889,80.0,89.99102512963701
42.0,61.53846153846154,44.44444444444444,72.1923131458145
40.0,88.63636363636364,79.59183673469387,89.78594569247609
47.0,88.88888888888889,80.0,89.98902896353627
48.0,89.13043478260869,80.3921568627451,90.18610535866884
42.0,88.88888888888889,80.0,89.99102512963701
44.0,66.66666666666666,50.0,74.97806755194003
45.0,90.9090909090909,83.33333333333334,91.6576901850485
54.0,84.95575221238938,73.84615384615385,86.9061203319502
51.0,90.56603773584906,82.75862068965517,91.36933587945893
43.0,84.70588235294117,73.46938775510205,86.7217301759156
45.0,70.12987012987013,54.0,76.97706833635766
45.0,89.10891089108911,80.35714285714286,90.16760017326034
57.0,85.0,73.91304347826086,86.93856662691097
52.0,84.29752066115702,72.85714285714285,86.40961881011756
46.0,82.4742268041237,70.17543859649122,85.07076541281398
43.0,67.6923076923077,51.162790697674424,75.5604598302345
46.0,81.08108108108108,68.18181818181817,84.06996396713338
57.0,82.17054263565892,69.73684210526315,84.84547749378633
52.0,90.2654867256637,82.25806451612904,91.11805968948596
46.0,88.65979381443299,79.62962962962963,89.8038439971897
45.0,58.22784810126582,41.07142857142857,70.50281495765813
33.0,92.53731343283582,86.11111111111111,93.05057001362715
39.0,96.1038961038961,92.5,96.24700831687908
39.0,94.5945945945946,89.74358974358975,94.86780612007473
28.0,90.19607843137256,82.14285714285714,91.06644382475339
31.0,0.0,0.0,49.9691087372449
34.0,90.14084507042254,82.05128205128204,91.01866112774695
42.0,92.85714285714286,86.66666666666667,93.32734972841082
38.0,93.5064935064935,87.8048780487805,93.89745298529971
38.0,77.41935483870968,63.1578947368421,81.56498979943079
38.0,0.0,0.0,49.962133290816325
37.0,94.73684210526315,90.0,94.99601116872756
45.0,91.11111111111111,83.6734693877551,91.8287562357146
47.0,88.63636363636364,79.59183673469387,89.78594569247609
40.0,79.41176470588235,65.85365853658537,82.91287086433647
43.0,0.0,0.0,49.957150829081634
39.0,92.3076923076923,85.71428571428571,92.8511596102342
48.0,91.66666666666666,84.61538461538461,92.29971337208231
48.0,89.36170212765957,80.76923076923077,90.37464211298337
41.0,84.93150684931507,73.80952380952381,86.89379371251943
43.0,0.0,0.0,49.957150829081634
40.0,88.09523809523809,78.72340425531915,89.35172985058983
47.0,91.66666666666666,84.61538461538461,92.29971337208231
47.0,90.32258064516128,82.35294117647058,91.16749464376646
44.0,88.88888888888889,80.0,89.99102512963701
43.0,46.42857142857143,30.23255813953488,65.08637655197545
38.0,87.05882352941177,77.08333333333334,88.53069716188995
46.0,88.0,78.57142857142857,89.27374588229931
49.0,88.88888888888889,80.0,89.98902896353627
45.0,88.88888888888889,80.0,89.99102512963701
39.0,22.727272727272727,12.82051282051282,56.37637229393423
41.0,86.31578947368422,75.92592592592592,87.94999796844816
49.0,88.46153846153845,79.3103448275862,89.64320353288346
50.0,85.71428571428571,75.0,87.48404085541014
45.0,86.36363636363636,76.0,87.98803302884039
42.0,35.294117647058826,21.428571428571427,60.6813955673764
44.0,79.62962962962963,66.15384615384615,83.05498144167285
55.0,81.9672131147541,69.44444444444444,84.7002775228646
48.0,90.38461538461539,82.45614035087719,91.21809590904589
47.0,86.04651162790698,75.51020408163265,87.74313530833263
43.0,24.489795918367346,13.953488372093023,56.939869559775836
45.0,0.0,0.0,49.91230867346938
50.0,0.0,0.0,49.87344547193878
60.0,0.0,0.0,49.90533322704081
47.0,0.0,0.0,49.86846301020408
35.0,0.0,0.0,49.83358577806122
