gt_area_px,dice,fg_iou,miou
9.0,58.06451612903226,40.909090909090914,70.44158873000542
12.0,61.111111111111114,44.0,71.98604604804146
17.0,68.08510638297872,51.61290322580645,75.79149945979317
17.0,69.56521739130434,53.333333333333336,76.65271132376395
19.0,73.07692307692307,57.57575757575758,78.77392261027646
26.0,71.1864406779661,55.26315789473685,77.6146314845033
23.0,71.69811320754717,55.88235294117647,77.92622342315717
28.0,73.33333333333333,57.89473684210527,78.9314175497363
23.0,64.28571428571429,47.368421052631575,73.6642735272329
23.0,73.07692307692307,57.57575757575758,78.77392261027646
30.0,70.58823529411765,54.54545454545454,77.25278788845546
26.0,63.888888888888886,46.93877551020408,73.44346707239113
26.0,66.66666666666666,50.0,74.97707016529421
30.0,5.263157894736842,2.7027027027027026,51.31547691188947
29.0,60.67415730337079,43.54838709677419,71.73929753849657
31.0,61.1764705882353,44.06779661016949,72.00099700897307
10.0,45.45454545454545,29.411764705882355,64.68196176927894
15.0,45.614035087719294,29.545454545454547,64.74182800434221
17.0,55.73770491803278,38.63636363636363,69.29126740601251
28.0,41.0958904109589,25.862068965517242,62.888172498348425
19.0,57.57575757575758,40.42553191489361,70.18485360224214
35.0,0.0,0.0,49.94120695153062
35.0,62.92134831460674,45.90163934426229,72.91791706385166
31.0,0.0,0.0,49.93921396683674
33.0,71.60493827160494,55.769230769230774,77.86168280639536
33.0,0.0,0.0,49.940210459183675
36.0,57.14285714285714,40.0,69.96111665004985
33.0,0.0,0.0,49.93423150510204
35.0,11.940298507462686,6.349206349206349,53.11580543881429
34.0,0.0,0.0,49.9332350127551
37.0,25.0,14.285714285714285,57.10099862464869
34.0,0.0,0.0,49.937220982142854
27.0,48.888888888888886,32.35294117647059,66.1306118332008
38.0,0.0,0.0,49.92924904336735
14.0,0.0,0.0,49.986049107142854
20.0,0.0,0.0,49.98007015306122
16.0,0.0,0.0,49.984056122448976
18.0,81.08108108108108,68.18181818181817,84.08393155856324
24.0,81.63265306122449,68.96551724137932,84.47378661335254
21.0,75.55555555555556,60.71428571428571,80.34617772625907
19.0,77.27272727272727,62.96296296296296,81.47151318067804
24.0,77.77777777777779,63.63636363636363,81.8062189032182
22.0,70.83333333333334,54.83870967741935,77.40539921758484
18.0,72.72727272727273,57.14285714285714,78.55946684894053
26.0,77.19298245614034,62.857142857142854,81.4156113456269
24.0,80.0,66.66666666666666,83.32236710930334
22.0,73.07692307692307,57.57575757575758,78.77392261027646
28.0,80.0,66.66666666666666,83.32136970277024
26.0,77.77777777777779,63.63636363636363,81.8062189032182
23.0,74.50980392156863,59.375,79.67454069222642
28.0,78.68852459016394,64.86486486486487,82.41947183265576
26.0,80.0,66.66666666666666,83.32236710930334
24.0,86.27450980392157,75.86206896551724,87.92405597655772
31.0,82.53968253968253,70.27027027027027,85.12416803643124
26.0,81.48148148148148,68.75,84.36503070542729
24.0,83.01886792452831,70.96774193548387,85.4748986026265
30.0,80.0,66.66666666666666,83.32136970277024
27.0,83.63636363636363,71.875,85.92852745598469
35.0,75.0,60.0,79.98404849258255
42.0,80.51948051948052,67.3913043478261,83.68069554812783
34.0,79.36507936507937,65.78947368421053,82.88177598389706
31.0,72.1311475409836,56.41025641025641,78.1881804043546
38.0,78.87323943661971,65.11627906976744,82.5431838038476
29.0,77.19298245614034,62.857142857142854,81.4156113456269
30.0,73.33333333333333,57.89473684210527,78.9314175497363
38.0,80.55555555555556,67.44186046511628,83.70697127190246
30.0,81.35593220338984,68.57142857142857,84.27474762436479
33.0,78.125,64.1025641025641,82.03732420398092
39.0,80.55555555555556,67.44186046511628,83.70697127190246
31.0,78.68852459016394,64.86486486486487,82.41947183265576
39.0,82.85714285714286,70.73170731707317,85.35388883511743
41.0,83.11688311688312,71.11111111111111,85.542592888038
32.0,80.64516129032258,67.56756756756756,83.77181991466851
40.0,82.35294117647058,70.0,84.9880354151711
41.0,81.08108108108108,68.18181818181817,84.07694985188702
29.0,81.35593220338984,68.57142857142857,84.27474762436479
40.0,68.85245901639344,52.5,76.23105871797429
43.0,76.71232876712328,62.22222222222222,81.0941612826035
31.0,84.7457627118644,73.52941176470588,86.75573298051648
41.0,65.57377049180327,48.78048780487805,74.36930921865243
42.0,82.66666666666667,70.45454545454545,85.21431031825887
31.0,86.66666666666667,76.47058823529412,88.22731804586242
39.0,52.83018867924528,35.8974358974359,67.9237986871255
47.0,65.71428571428571,48.93617021276596,74.44415832234215
36.0,71.42857142857143,55.55555555555556,77.76182754251181
122.0,43.58974358974359,27.86885245901639,63.84667544174545
114.0,83.24873096446701,71.30434782608695,85.61923583662714
143.0,78.15126050420169,64.13793103448275,82.01705169418764
177.0,74.57627118644068,59.45945945945946,79.654828599222
172.0,73.75886524822694,58.42696629213483,79.13958955284166
179.0,59.77859778597786,42.63157894736842,71.20699618094042
174.0,72.78911564625851,57.21925133689839,78.52973591630715
177.0,79.00552486187846,65.29680365296804,82.57245195340026
150.0,75.18796992481202,60.24096385542169,80.05458209545587
147.0,73.72262773722628,58.38150289017341,79.11885928332933
169.0,44.34389140271493,28.488372093023255,64.12149767497533
98.0,91.97860962566845,85.14851485148515,92.55928437722989
129.0,93.60000000000001,87.96992481203007,93.9689812637629
161.0,90.44585987261146,82.55813953488372,91.24909015357929
187.0,90.46321525885558,82.58706467661692,91.25853933690874
198.0,91.44385026737967,84.23645320197043,92.08622980066525
198.0,84.18079096045197,72.6829268292683,86.28549363831335
183.0,88.0,78.57142857142857,89.24373275758666
163.0,82.20858895705521,69.79166666666666,84.83788201244288
143.0,74.49392712550608,59.354838709677416,79.61452501732573
121.0,74.28571428571429,59.09090909090909,79.49156017841395
139.0,59.61538461538461,42.465753424657535,71.1490677966565
94.0,92.06349206349206,85.29411764705883,92.63208547608785
130.0,95.34883720930233,91.11111111111111,95.54356826208664
164.0,91.46341463414635,84.26966292134831,92.10684601310689
191.0,90.33942558746736,82.38095238095238,91.153478410343
202.0,91.5,84.33179723502305,92.13189385684502
202.0,93.0,86.91588785046729,93.42993832411341
196.0,89.29503916449086,80.66037735849056,90.28919277883533
172.0,82.38636363636364,70.04830917874396,84.96219300555394
152.0,74.21875,59.006211180124225,79.43721233713185
129.0,71.62790697674419,55.79710144927537,77.83767126596585
149.0,64.03508771929825,47.096774193548384,73.46655566951435
113.0,86.53846153846155,76.27118644067797,88.10764129764601
139.0,94.07407407407408,88.81118881118881,94.38961007024305
164.0,92.72727272727272,86.4406779661017,93.19635001797478
197.0,91.95979899497488,85.11627906976744,92.52613505425643
206.0,91.52542372881356,84.375,92.15249089763337
208.0,91.56626506024097,84.44444444444444,92.18721241947745
205.0,89.10411622276028,80.34934497816593,90.12966528793078
179.0,84.97409326424871,73.87387387387388,86.87895085359693
164.0,72.40143369175627,56.74157303370787,78.29390184386342
161.0,67.44186046511628,50.877192982456144,75.35474574555536
197.0,60.95890410958904,43.84236453201971,71.80738028146297
140.0,79.83193277310924,66.43356643356644,83.16886085101575
142.0,94.11764705882352,88.88888888888889,94.42845978971299
165.0,93.93939393939394,88.57142857142857,94.26572268218776
195.0,91.56010230179028,84.43396226415094,92.18397915195666
206.0,91.0411622276029,83.55555555555556,91.74076889564606
210.0,91.21140142517815,83.84279475982532,91.88438553612265
208.0,88.88888888888889,80.0,89.95198463508322
191.0,83.72093023255815,72.0,85.92999439955196
196.0,70.3030303030303,54.20560747663551,77.0049211973669
203.0,64.35331230283911,47.44186046511628,73.60809722540871
202.0,66.66666666666666,50.0,74.89614954465569
156.0,71.25506072874494,55.34591194968554,77.60208071529956
152.0,91.0394265232975,83.55263157894737,91.75134026548719
174.0,93.56725146198829,87.91208791208791,93.93405099379187
201.0,91.7948717948718,84.83412322274881,92.38505969125922
222.0,91.66666666666666,84.61538461538461,92.27167646071963
221.0,90.78651685393258,83.1275720164609,91.5227646771383
226.0,85.77405857740585,75.0915750915751,87.47774808289907
219.0,74.53183520599251,59.40298507462687,79.56542994852259
216.0,81.67053364269141,69.01960784313725,84.43080392156863
208.0,59.87261146496815,42.72727272727273,71.23784266530163
203.0,49.51456310679612,32.903225806451616,66.2439202882959
160.0,70.91633466135458,54.93827160493827,77.39626260183823
158.0,87.32394366197182,77.5,88.71403740110286
174.0,92.66862170087975,86.33879781420765,93.14440790386499
206.0,87.52941176470588,77.82426778242679,88.85912328909296
228.0,91.81818181818183,84.87394957983193,92.40095606017651
223.0,87.14596949891067,77.22007722007721,88.55101027643848
230.0,83.63636363636363,71.875,85.85644974884428
221.0,72.62569832402235,57.01754385964912,78.36171604858968
214.0,76.53276955602537,61.986301369863014,80.8821395838214
207.0,54.666666666666664,37.61467889908257,68.67159464976487
203.0,52.370203160270876,35.47400611620795,67.52625595462814
159.0,79.12087912087912,65.45454545454545,82.6703501419887
152.0,93.19727891156462,87.26114649681529,93.61058883624914
176.0,93.10344827586206,87.09677419354838,93.52439381489313
199.0,90.02433090024331,81.85840707964603,90.88819615849437
218.0,91.19638826185101,83.81742738589212,91.86969340239497
222.0,88.5593220338983,79.46768060836501,89.67980464064458
225.0,84.12698412698413,72.6027397260274,86.22131222151181
218.0,74.26470588235294,59.06432748538012,79.39209090481437
215.0,81.58508158508158,68.89763779527559,84.3698204776062
213.0,46.478873239436616,30.275229357798167,64.98594834483401
212.0,60.3896103896104,43.25581395348837,71.50610916111813
170.0,19.17808219178082,10.606060606060606,55.067726801395146
190.0,69.94818652849742,53.78486055776892,76.77652532094996
208.0,79.7872340425532,66.3716814159292,83.1098802074249
225.0,83.85650224215246,72.2007722007722,86.02837025690053
230.0,88.88888888888889,80.0,89.95298871729216
229.0,87.98076923076923,78.54077253218884,89.22037926511427
227.0,83.9907192575406,72.39999999999999,86.13099309930993
230.0,76.71232876712328,62.22222222222222,81.00912742850032
227.0,16.370106761565836,8.914728682170542,54.22308124735209
218.0,41.714285714285715,26.353790613718413,62.97331468294447
198.0,1.9230769230769231,0.9708737864077669,50.28214435124989
170.0,72.99270072992701,57.47126436781609,78.66174449319792
178.0,86.25,75.82417582417582,87.86812132669282
180.0,92.91784702549575,86.77248677248677,93.36124938480373
204.0,84.35374149659864,72.94117647058823,86.40157443253355
218.0,89.86175115207374,81.58995815899581,90.75096235314189
217.0,89.41176470588236,80.85106382978722,90.38051931136462
211.0,88.33746898263027,79.11111111111111,89.50855367548036
218.0,88.32951945080092,79.09836065573771,89.49816298197125
221.0,70.31700288184439,54.22222222222223,77.00822223110153
209.0,66.0377358490566,49.29577464788733,74.54004046648126
198.0,49.056603773584904,32.5,66.11529903613977
167.0,78.4452296819788,64.53488372093024,82.20652105750897
181.0,86.23853211009175,75.80645161290323,87.85825728441704
183.0,92.3512747875354,85.78947368421052,92.86774386028054
206.0,84.0958605664488,72.55639097744361,86.20517066028013
222.0,79.1586998087954,65.50632911392405,82.64409693503643
219.0,84.98942917547568,73.89705882352942,86.87749389400582
218.0,84.53159041394336,73.20754716981132,86.53274801570075
220.0,86.93693693693693,76.89243027888446,88.38819541273514
226.0,69.10112359550563,52.78969957081545,76.2849662619426
214.0,65.4320987654321,48.62385321100918,74.2000831862915
199.0,55.19713261648745,38.11881188118812,68.93465295151245
164.0,86.2876254180602,75.88235294117646,87.90021497439466
184.0,89.41176470588236,80.85106382978722,90.3895491866032
194.0,91.005291005291,83.49514563106796,91.7135755353164
206.0,77.2,62.866449511400646,81.31918598251744
222.0,79.61538461538461,66.13418530351439,82.96102689098551
225.0,83.33333333333334,71.42857142857143,85.6322381266849
222.0,82.78688524590164,70.62937062937063,85.2306416119599
224.0,83.50730688935282,71.68458781362007,85.7632559685997
224.0,75.26315789473685,60.337552742616026,80.07483837038862
217.0,71.26436781609196,55.35714285714286,77.5786753205238
201.0,64.23841059602648,47.3170731707317,73.55070695617997
166.0,87.94788273615634,78.48837209302324,89.20721636165321
184.0,90.32258064516128,82.35294117647058,91.14348510184931
200.0,90.45226130653266,82.56880733944955,91.24640062948156
215.0,75.37878787878788,60.48632218844985,80.11310126670426
228.0,76.2589928057554,61.627906976744185,80.681858379894
225.0,72.08480565371025,56.353591160220994,78.01870705053393
224.0,74.39252336448598,59.226190476190474,79.47603218909269
226.0,71.84115523465704,56.056338028169016,77.87209722105972
225.0,81.79775280898876,69.20152091254754,84.51975073510722
216.0,75.20891364902506,60.26785714285714,80.04500149163401
203.0,50.125313283208015,33.44481605351171,66.52371004768405
164.0,86.64495114006515,76.4367816091954,88.17742603430015
182.0,91.95402298850574,85.1063829787234,92.52520044649542
202.0,90.73170731707317,83.03571428571429,91.47984954133683
219.0,72.52747252747253,56.896551724137936,78.29820983301619
232.0,70.84745762711864,54.85564304461942,77.25570792733703
225.0,64.26229508196721,47.34299516908212,73.4534103496471
228.0,57.268722466960355,40.123456790123456,69.77061777302535
229.0,60.61538461538461,43.4878587196468,71.48782179464602
226.0,66.32478632478632,49.61636828644501,74.61111319768212
219.0,78.30423940149626,64.34426229508196,82.08516419498295
203.0,43.10679611650485,27.475247524752476,63.44500416784913
165.0,82.71604938271605,70.52631578947368,85.20720489525641
185.0,90.05847953216374,81.91489361702128,90.92346176193114
205.0,89.97555012224939,81.77777777777779,90.84788232783913
221.0,70.62937062937063,54.59459459459459,77.12920989184646
230.0,65.91276252019385,49.1566265060241,74.36719502680538
225.0,64.05228758169935,47.11538461538461,73.33760427247822
229.0,57.45682888540031,40.308370044052865,69.8831470767141
228.0,57.3134328358209,40.1673640167364,69.79759045907242
226.0,58.54430379746836,41.387024608501115,70.43146513576023
218.0,77.32696897374701,63.035019455252915,81.42253632018055
203.0,36.007827788649706,21.957040572792362,60.65206872501929
164.0,86.23853211009175,75.80645161290323,87.85825728441704
184.0,88.71391076115486,79.71698113207547,89.81549658519505
205.0,86.95652173913044,76.92307692307693,88.4045224970684
225.0,68.54304635761589,52.141057934508815,75.8804110941731
231.0,66.77115987460816,50.117647058823536,74.8466665332346
227.0,67.10097719869707,50.49019607843137,75.04297676645203
230.0,63.97415185783522,47.03087885985748,73.29234126673694
230.0,62.616822429906534,45.57823129251701,72.5489955862285
229.0,59.07590759075908,41.92037470725995,70.71217247273712
221.0,72.17391304347827,56.4625850340136,78.10331811188782
206.0,45.297504798464495,29.280397022332505,64.35552872811459
169.0,3.6363636363636362,1.8518518518518516,50.50334579516528
191.0,36.71328671328671,22.483940042826553,60.88048333251152
212.0,10.820244328097731,5.719557195571956,52.35025621270272
230.0,4.903677758318739,2.5134649910233393,50.715486133723864
234.0,1.7361111111111112,0.8756567425569177,49.87375749367985
230.0,0.0,0.0,49.39413265306122
229.0,0.0,0.0,49.3034518494898
232.0,1.2718600953895072,0.64,49.701128916527146
225.0,0.3284072249589491,0.1644736842105263,49.47735393228962
221.0,0.0,0.0,49.48879942602041
194.0,0.0,0.0,49.45990114795919
9.0,0.0,0.0,49.99103156887755
22.0,0.0,0.0,49.97807716836735
23.0,0.0,0.0,49.97708067602041
30.0,0.0,0.0,49.97010522959184
21.0,0.0,0.0,49.979073660714285
29.0,0.0,0.0,49.97110172193878
16.0,0.0,0.0,49.984056122448976
33.0,0.0,0.0,49.967115752551024
20.0,0.0,0.0,49.98007015306122
31.0,0.0,0.0,49.9691087372449
25.0,0.0,0.0,49.97508769132653
29.0,0.0,0.0,49.97110172193878
21.0,0.0,0.0,49.979073660714285
21.0,0.0,0.0,49.979073660714285
24.0,0.0,0.0,49.97608418367347
26.0,0.0,0.0,49.97409119897959
35.0,0.0,0.0,49.965122767857146
34.0,0.0,0.0,49.96611926020408
37.0,0.0,0.0,49.96312978316326
38.0,0.0,0.0,49.962133290816325
35.0,0.0,0.0,49.965122767857146
32.0,0.0,0.0,49.96811224489796
35.0,0.0,0.0,49.965122767857146
39.0,0.0,0.0,49.96113679846938
37.0,0.0,0.0,49.96312978316326
37.0,0.0,0.0,49.96312978316326
32.0,0.0,0.0,49.96811224489796
36.0,0.0,0.0,49.9641262755102
34.0,0.0,0.0,49.96611926020408
37.0,0.0,0.0,49.96312978316326
24.0,0.0,0.0,49.97608418367347
34.0,0.0,0.0,49.96611926020408
38.0,0.0,0.0,49.962133290816325
37.0,0.0,0.0,49.96312978316326
77.0,70.0,53.84615384615385,76.88717314520163
108.0,84.04255319148936,72.47706422018348,86.20859019740236
134.0,85.35564853556485,74.45255474452554,87.19132909571206
146.0,83.3976833976834,71.52317880794702,85.71864780454872
136.0,87.74703557312253,78.16901408450704,89.05354728993153
98.0,89.94708994708994,81.73076923076923,90.84641913256335
71.0,74.01574803149606,58.75,79.34208492090407
51.0,72.07207207207207,56.33802816901409,78.1380981757788
47.0,72.56637168141593,56.94444444444444,78.44130569684076
38.0,50.74626865671642,34.0,66.96710460734863
74.0,85.29411764705883,74.35897435897436,87.15953426835745
108.0,89.65517241379311,81.25,90.604035639413
135.0,93.23308270676691,87.32394366197182,93.64399053153734
152.0,91.40893470790378,84.17721518987342,92.06362907646259
143.0,91.36690647482014,84.10596026490066,92.0290036294233
110.0,89.40092165898618,80.83333333333333,90.39370294934004
75.0,79.51807228915662,66.0,82.96607463580123
50.0,63.565891472868216,46.590909090909086,73.24858110374716
48.0,65.625,48.837209302325576,74.37472225598188
37.0,56.310679611650485,39.189189189189186,69.54972650677279
78.0,86.11111111111111,75.60975609756098,87.784923545049
112.0,89.7196261682243,81.35593220338984,90.65600124546489
140.0,92.4187725631769,85.90604026845638,92.93204027489314
153.0,90.96989966555184,83.43558282208589,91.69081299377675
143.0,91.10320284697508,83.66013071895425,91.80508933645922
115.0,88.49557522123894,79.36507936507937,89.65657914256045
75.0,75.82417582417582,61.06194690265486,80.48706741025534
50.0,61.33333333333333,44.230769230769226,72.05753502432137
48.0,58.06451612903226,40.909090909090914,70.38971530952541
70.0,57.692307692307686,40.54054054054054,70.20444273840376
91.0,57.534246575342465,40.38461538461539,70.09951739837199
109.0,90.65420560747664,82.90598290598291,91.43302300314222
139.0,92.25092250922509,85.61643835616438,92.78724057625605
154.0,91.2751677852349,83.9506172839506,91.94932942534861
141.0,92.47311827956989,86.0,92.97901972146182
119.0,89.74358974358975,81.3953488372093,90.67370845027966
90.0,81.51658767772511,68.8,84.36107007386704
69.0,69.41176470588235,53.153153153153156,76.5246979725101
59.0,62.35294117647059,45.2991452991453,72.58572970322068
88.0,63.20754716981132,46.206896551724135,73.0256179459812
94.0,87.20930232558139,77.31958762886599,88.63783816484516
115.0,90.0,81.81818181818183,90.88712473699594
143.0,91.81494661921708,84.86842105263158,92.41123212601208
157.0,92.45901639344262,85.97560975609755,92.96482096678666
144.0,91.81494661921708,84.86842105263158,92.41123212601208
118.0,84.51882845188284,73.18840579710145,86.55725831542541
93.0,72.48908296943232,56.849315068493155,78.36177449669643
70.0,66.66666666666666,50.0,74.93913997805049
57.0,58.285714285714285,41.12903225806452,70.49169817392004
80.0,60.86956521739131,43.75,71.80317238627293
148.0,70.12987012987013,54.0,76.93113085138236
119.0,88.49557522123894,79.36507936507937,89.65657914256045
144.0,92.95774647887323,86.8421052631579,93.40107021610457
156.0,92.10526315789474,85.36585365853658,92.65894409683564
146.0,92.6829268292683,86.36363636363636,93.16083622629992
120.0,90.0,81.81818181818183,90.8851235047608
94.0,73.36244541484717,57.931034482758626,78.90462927523701
78.0,68.42105263157895,52.0,75.94013290495101
81.0,62.4390243902439,45.39007092198582,72.61820755550121
109.0,74.14634146341463,58.91472868217055,79.40447012950843
107.0,88.0,78.57142857142857,89.26175645150249
130.0,90.0398406374502,81.88405797101449,90.9170604458672
152.0,92.20338983050847,85.53459119496856,92.74431398277605
156.0,92.45901639344262,85.97560975609755,92.96482096678666
145.0,93.7062937062937,88.1578947368421,94.0609624757309
114.0,79.84496124031007,66.45161290322581,83.1738822609313
117.0,69.42148760330579,53.16455696202531,76.50841439093838
95.0,64.81481481481481,47.94520547945205,73.89676351887424
94.0,75.26881720430107,60.3448275862069,80.12651110679842
122.0,70.995670995671,55.033557046979865,77.4499042471295
142.0,72.0,56.25,78.0621194730013
122.0,91.21338912133892,83.84615384615385,91.90210502541977
149.0,92.09621993127148,85.35031847133759,92.65217853945362
157.0,93.2475884244373,87.34939759036145,93.65371180711332
147.0,93.51535836177474,87.82051282051282,93.89127121870582
121.0,87.3015873015873,77.46478873239437,88.70043655051388
127.0,70.94339622641509,54.97076023391813,77.40850619019895
98.0,65.48672566371681,48.68421052631579,74.26426405921393
98.0,60.08583690987125,42.944785276073624,71.37958938094185
128.0,56.16438356164384,39.04761904761905,69.39604971225525
96.0,66.38655462184873,49.685534591194966,74.76292219509246
117.0,90.35087719298247,82.39999999999999,91.17803207317317
145.0,88.38951310861424,79.19463087248322,89.56635135457634
154.0,84.72222222222221,73.49397590361446,86.703035420541
139.0,89.55223880597015,81.08108108108108,90.51257186545664
106.0,87.75510204081633,78.18181818181819,89.06695221328881
74.0,83.72093023255815,72.0,85.97905111527872
56.0,72.26890756302521,56.57894736842105,78.25656123133517
50.0,83.92857142857143,72.3076923076923,86.13589247433929
73.0,0.0,0.0,49.92725605867347
85.0,87.27272727272727,77.41935483870968,88.68872100868901
116.0,92.64069264069265,86.29032258064517,93.1281847179924
145.0,91.42857142857143,84.21052631578947,92.08128617579754
152.0,90.36544850498339,82.42424242424242,91.18314439357604
144.0,89.12280701754386,80.37974683544303,90.15890376797826
114.0,87.06896551724138,77.09923664122137,88.51966325321179
77.0,84.33734939759037,72.91666666666666,86.43238833672613
56.0,63.888888888888886,46.93877551020408,73.41752260449363
47.0,75.63025210084034,60.810810810810814,80.376481186858
59.0,57.391304347826086,40.243902439024396,70.07309095985481
92.0,83.07692307692308,71.05263157894737,85.4933783705696
120.0,91.9831223628692,85.15625,92.55915042592926
147.0,92.3076923076923,85.71428571428571,92.83516220012103
154.0,91.74917491749174,84.7560975609756,92.35306726680793
143.0,90.59233449477352,82.80254777070064,91.37429870251852
116.0,89.47368421052632,80.95238095238095,90.45222594369858
85.0,74.74747474747475,59.67741935483871,79.78881146976298
60.0,61.25000000000001,44.14414414414414,72.01022915308629
54.0,61.935483870967744,44.85981308411215,72.371057196381
63.0,60.29411764705882,43.15789473684211,71.52509277582108
140.0,50.0,33.33333333333333,66.50097485343926
116.0,90.51724137931035,82.67716535433071,91.31661387286746
145.0,93.61702127659575,88.0,93.98201582607307
156.0,92.76315789473685,86.50306748466258,93.22954913155883
144.0,92.63157894736842,86.27450980392157,93.11627336571269
120.0,89.83050847457628,81.53846153846153,90.74526432225653
104.0,81.81818181818183,69.23076923076923,84.5754532972518
85.0,68.42105263157895,52.0,75.94013290495101
61.0,71.42857142857143,55.55555555555556,77.72988888002057
71.0,67.08860759493672,50.476190476190474,75.18622284418426
174.0,70.37037037037037,54.285714285714285,77.06298653324471
119.0,92.82700421940928,86.61417322834646,93.29010902459147
150.0,92.09621993127148,85.35031847133759,92.65217853945362
158.0,92.15686274509804,85.45454545454545,92.70328951552096
148.0,91.98606271777004,85.16129032258064,92.55766538349478
123.0,89.07563025210085,80.3030303030303,90.1255515006264
112.0,67.76859504132231,51.24999999999999,75.5471463648341
86.0,62.06896551724138,45.0,72.42317362760163
61.0,65.11627906976744,48.275862068965516,74.07807468971022
71.0,61.224489795918366,44.11764705882353,72.00197247916343
183.0,49.60835509138381,32.98611111111111,66.30036770986557
120.0,93.33333333333333,87.5,93.73402045381911
150.0,93.64548494983278,88.0503144654088,94.0061709028619
157.0,93.20388349514563,87.27272727272727,93.61537706776754
145.0,90.59233449477352,82.80254777070064,91.37429870251852
129.0,91.12903225806451,83.7037037037037,91.8298795369686
120.0,74.28571428571429,59.09090909090909,79.48256146369354
96.0,62.5,45.45454545454545,72.64944550370905
86.0,76.36363636363637,61.76470588235294,80.84344088242923
87.0,48.854961832061065,32.323232323232325,66.09480856748725
164.0,55.04087193460491,37.96992481203007,68.82020953532108
134.0,92.3076923076923,85.71428571428571,92.83716523208292
153.0,94.77124183006535,90.06211180124224,95.01506581447453
159.0,92.94871794871796,86.82634730538922,93.39118728424305
148.0,88.96321070234113,80.12048192771084,90.0272693194696
128.0,86.16600790513834,75.69444444444444,87.81226905946032
140.0,65.68265682656826,48.9010989010989,74.35771098947173
83.0,77.34806629834254,63.06306306306306,81.49061826765096
90.0,73.79679144385027,58.47457627118644,79.18839277167201
93.0,0.0,0.0,49.90732621173469
168.0,46.44808743169399,30.2491103202847,64.92891123209141
129.0,91.63346613545816,84.55882352941177,92.25843735348757
151.0,94.0,88.67924528301887,94.32163523269561
160.0,92.6984126984127,86.3905325443787,93.17228006391431
148.0,88.96321070234113,80.12048192771084,90.0272693194696
133.0,88.54961832061069,79.45205479452055,89.69606335411204
128.0,69.43396226415094,53.179190751445084,76.50873122749157
86.0,65.70048309178745,48.92086330935252,74.38958468413264
97.0,78.75647668393782,64.95726495726495,82.43771431495983
115.0,34.48275862068966,20.833333333333336,60.321952702837436
251.0,9.448818897637794,4.958677685950414,52.020733004723496
236.0,35.13513513513514,21.311475409836063,60.2722898698006
234.0,34.332425068119896,20.723684210526315,60.121385537107194
239.0,0.0,0.0,49.5784837372449
236.0,0.0,0.0,49.5735012755102
228.0,0.0,0.0,49.47484853316326
231.0,2.564102564102564,1.2987012987012987,50.043386688259915
231.0,6.626506024096386,3.4267912772585665,51.09529937512088
214.0,0.0,0.0,49.42303093112245
200.0,0.0,0.0,49.478834502551024
29.0,0.0,0.0,49.96014030612245
28.0,0.0,0.0,49.972098214285715
17.0,0.0,0.0,49.97608418367347
24.0,27.450980392156865,15.909090909090908,57.91767009326658
27.0,58.82352941176471,41.66666666666667,70.8124007362958
19.0,33.33333333333333,20.0,59.9681071599426
26.0,58.06451612903226,40.909090909090914,70.42862735573769
31.0,68.96551724137932,52.63157894736842,76.29784545900999
22.0,59.25925925925925,42.10526315789473,71.03070175438597
25.0,56.25,39.130434782608695,69.5373055925883
32.0,73.23943661971832,57.77777777777777,78.86994571840036
23.0,76.92307692307693,62.5,81.23803732355053
28.0,69.56521739130434,53.333333333333336,76.64573031318126
32.0,71.23287671232876,55.319148936170215,77.63863727965041
22.0,70.17543859649122,54.054054054054056,77.01007990205693
28.0,70.27027027027027,54.166666666666664,77.06139913592556
32.0,66.66666666666666,50.0,74.97008734495274
25.0,71.64179104477611,55.81395348837209,77.88803432912783
25.0,65.71428571428571,48.93617021276596,74.44415832234215
30.0,72.28915662650603,56.60377358490566,78.27895375691661
24.0,69.6969696969697,53.48837209302325,76.72424705981093
27.0,65.78947368421053,49.01960784313725,74.48388220515221
30.0,71.42857142857143,55.55555555555556,77.75384765373997
23.0,64.7887323943662,47.91666666666667,73.93340959995747
52.0,0.0,0.0,49.94818239795919
53.0,0.0,0.0,49.947185905612244
49.0,0.0,0.0,49.951171875
51.0,0.0,0.0,49.94917889030612
52.0,0.0,0.0,49.94818239795919
46.0,15.384615384615385,8.333333333333332,54.122817507773256
49.0,58.22784810126582,41.07142857142857,70.50281495765813
45.0,56.79012345679012,39.6551724137931,69.79269298017033
34.0,11.11111111111111,5.88235294117647,52.90928744439937
47.0,78.0952380952381,64.0625,82.00831193278148
42.0,70.27027027027027,54.166666666666664,77.05042350625952
37.0,73.5632183908046,58.18181818181818,79.06797514068573
39.0,72.22222222222221,56.52173913043478,78.23095154060482
43.0,71.7948717948718,56.00000000000001,77.96708820361431
43.0,74.50980392156863,59.375,79.66157156248754
43.0,70.58823529411765,54.54545454545454,77.23782082201518
44.0,63.70370370370371,46.73913043478261,73.32069521160669
37.0,68.62745098039215,52.23880597014925,76.08749297131342
41.0,69.49152542372882,53.246753246753244,76.58747356164331
43.0,65.11627906976744,48.275862068965516,74.09305131213864
36.0,70.2127659574468,54.09836065573771,77.02126017949321
45.0,75.0,60.0,79.97007839460612
46.0,70.86614173228347,54.87804878048781,77.4021210769248
34.0,66.0,49.25373134328358,74.5929626343285
51.0,0.0,0.0,49.75386639030612
58.0,0.0,0.0,49.81166294642857
40.0,0.0,0.0,49.818638392857146
98.0,50.847457627118644,34.090909090909086,66.95868188981233
158.0,71.88612099644128,56.111111111111114,77.9766738780718
208.0,73.5632183908046,58.18181818181818,78.99899732620321
233.0,64.38746438746439,47.47899159663865,73.61465310011906
229.0,65.69767441860465,48.917748917748916,74.34102295177341
209.0,34.70031545741325,20.99236641221374,60.289682936758695
195.0,0.0,0.0,49.70902423469388
175.0,89.02439024390245,80.21978021978022,90.07391169693788
206.0,85.48387096774194,74.64788732394366,87.26996201573155
314.0,68.85245901639344,52.5,76.09802431610943
338.0,68.73857404021938,52.36768802228412,76.01280296129009
344.0,62.082514734774065,45.01424501424501,72.3141919621187
352.0,48.08510638297872,31.652661064425768,65.58263758532597
331.0,46.681922196796336,30.447761194029848,64.99122492740594
328.0,74.55830388692578,59.436619718309856,79.57420898854551
304.0,60.56910569105691,43.440233236151606,71.52622132153593
226.0,75.75057736720554,60.966542750929364,80.37829656941813
304.0,65.9877800407332,49.24012158054711,74.45310753718442
408.0,65.80645161290323,49.03846153846153,74.30711198271031
437.0,68.16143497757847,51.70068027210885,75.63711838543378
395.0,69.07894736842105,52.76381909547738,76.19378162074834
312.0,65.28066528066529,48.45679012345679,74.06145849762275
245.0,56.613756613756614,39.48339483394834,69.57792342508297
178.0,63.537906137184116,46.56084656084656,73.17960072811533
107.0,52.94117647058824,36.0,67.92020905228301
166.0,59.055118110236215,41.899441340782126,70.84593032688494
214.0,85.56701030927834,74.77477477477478,87.33139858514784
235.0,80.39702233250621,67.21991701244814,83.5309806200322
234.0,82.64058679706602,70.41666666666667,85.13734327194193
218.0,12.203389830508476,6.4981949458483745,52.99091333480066
212.0,0.0,0.0,49.6890943877551
186.0,0.0,0.0,49.66517857142857
212.0,88.39506172839506,79.20353982300885,89.55476709133521
356.0,69.52054794520548,53.28083989501312,76.46232377557371
378.0,69.29392446633827,53.015075376884425,76.32040669674802
418.0,64.21725239616613,47.294117647058826,73.4229467675014
408.0,62.45847176079734,45.410628019323674,72.47925975664111
426.0,66.08946608946609,49.353448275862064,74.44147477360485
423.0,65.53191489361701,48.734177215189874,74.12382101324114
413.0,55.625,38.52813852813853,68.98005790361485
378.0,66.23586429725363,49.51690821256038,74.54933281593179
502.0,64.9867374005305,48.1335952848723,73.80243281897978
492.0,76.1786600496278,61.523046092184366,80.56901868466524
459.0,80.6701030927835,67.60259179265658,83.6508837670942
407.0,84.91620111731844,73.7864077669903,86.78492669388976
342.0,72.42647058823529,56.77233429394812,78.23610412050294
246.0,76.5432098765432,62.0,80.90503988324905
180.0,83.79204892966361,72.10526315789474,85.9996728867273
116.0,40.74074074074074,25.581395348837212,62.69497145141639
169.0,0.0,0.0,49.82760682397959
216.0,87.40359897172236,77.6255707762557,88.76379126742233
238.0,90.625,82.85714285714286,91.38654873631762
235.0,92.24137931034483,85.6,92.76397261919058
221.0,0.0,0.0,49.722975127551024
215.0,0.0,0.0,49.68510841836735
206.0,0.0,0.0,49.63827327806122
395.0,62.7906976744186,45.76271186440678,72.65729767705706
398.0,75.67567567567568,60.86956521739131,80.27253599384107
417.0,78.66108786610879,64.82758620689654,82.26046805434417
469.0,78.32699619771863,64.375,82.01604392684541
498.0,78.65707434052757,64.82213438735178,82.23252442365504
452.0,77.33333333333333,63.04347826086957,81.33420277646242
500.0,70.92198581560284,54.94505494505495,77.2259158757675
541.0,59.0047393364929,41.84873949579832,70.57786384928718
519.0,60.0,42.857142857142854,71.1041366860164
539.0,73.09875141884223,57.60286225402504,78.56373706033783
507.0,87.37864077669903,77.58620689655173,88.67556512274493
457.0,91.17983963344788,83.78947368421052,91.81739343738832
415.0,90.86294416243655,83.25581395348837,91.55564393928783
359.0,81.80354267310788,69.20980926430518,84.49172807672612
249.0,83.56164383561644,71.76470588235294,85.81034285976507
186.0,88.76080691642652,79.79274611398964,89.85739020944774
124.0,53.80710659898477,36.80555555555556,68.31200108843356
171.0,16.9811320754717,9.278350515463918,54.46372966580246
220.0,89.55223880597015,81.08108108108108,90.49853718027173
238.0,92.95154185022027,86.83127572016461,93.38361544439132
238.0,92.85714285714286,86.66666666666667,93.29930270576853
223.0,0.0,0.0,49.72397161989796
219.0,0.0,0.0,49.669164540816325
408.0,55.017301038062286,37.94749403341289,68.71383538666066
412.0,62.22222222222222,45.16129032258064,72.3425499231951
411.0,70.09063444108762,53.95348837209303,76.77852217739682
460.0,72.92225201072387,57.383966244725734,78.48959453627758
501.0,78.5377358490566,64.66019417475728,82.14752380727913
543.0,81.6414686825054,68.97810218978103,84.31836150896336
518.0,77.37704918032787,63.101604278074866,81.34306258622944
519.0,78.90295358649789,65.1567944250871,82.37760206375435
555.0,63.63636363636363,46.666666666666664,73.00460355322149
569.0,63.86740331491713,46.91558441558442,73.13005151382383
547.0,84.14634146341463,72.63157894736842,86.15904336219351
523.0,90.22403258655804,82.18923933209648,90.99810427385393
479.0,93.0032292787944,86.92152917505031,93.3954300748201
439.0,91.40811455847255,84.17582417582418,92.01561276873068
377.0,86.09467455621301,75.58441558441558,87.69799109380145
254.0,89.40677966101694,80.84291187739464,90.37142091418016
185.0,88.95348837209302,80.10471204188482,90.0143734929053
147.0,37.142857142857146,22.807017543859647,61.27186946363455
172.0,0.0,0.0,49.793726084183675
218.0,80.0,66.66666666666666,83.26037710706909
240.0,91.77489177489177,84.8,92.36197262028661
240.0,93.80165289256198,88.32684824902724,94.13339349326975
225.0,0.0,0.0,49.720982142857146
218.0,0.0,0.0,49.67016103316326
220.0,0.0,0.0,49.60638552295919
421.0,64.9390243902439,48.081264108352144,73.8104617281348
425.0,82.13820078226858,69.69026548672566,84.70775082162038
457.0,84.1596130592503,72.65135699373695,86.19422630131577
501.0,84.56375838926175,73.25581395348837,86.48934719522686
553.0,85.01026694045176,73.92857142857143,86.81758743045468
527.0,82.1917808219178,69.76744186046511,84.71399450111593
549.0,75.2411575562701,60.30927835051546,79.92282783556882
573.0,67.29957805907173,50.71542130365659,75.04682150887948
569.0,67.96959826275787,51.48026315789473,75.4443210581203
553.0,82.57261410788381,70.31802120141343,84.99026135405157
535.0,88.72950819672131,79.74217311233886,89.76051823499861
493.0,91.29967776584319,83.99209486166008,91.9146420319436
454.0,90.36004645760744,82.41525423728814,91.1242720259492
407.0,83.4733893557423,71.63461538461539,85.69901906806454
260.0,90.04149377593362,81.88679245283019,90.8953568341134
189.0,90.3409090909091,82.38341968911918,91.15772140063052
197.0,21.666666666666668,12.149532710280374,55.887328668201
177.0,0.0,0.0,49.803691007653065
219.0,81.30081300813008,68.4931506849315,84.17761120381785
241.0,89.03803131991052,80.24193548387096,90.0719451915623
244.0,93.44608879492601,87.6984126984127,93.81817842407372
230.0,0.0,0.0,49.720982142857146
224.0,0.0,0.0,49.66617506377551
225.0,0.0,0.0,49.60738201530612
431.0,68.03519061583577,51.55555555555556,75.55953334401195
449.0,81.12244897959184,68.24034334763948,83.97175015671115
515.0,84.94623655913979,73.83177570093457,86.77527195283567
552.0,85.16260162601627,74.15929203539822,86.93293299239613
580.0,86.32395732298738,75.93856655290102,87.8275205932147
582.0,80.22813688212928,66.98412698412697,83.28303507223795
587.0,79.52249770431588,66.0060975609756,82.77889663847787
588.0,69.24603174603175,52.95902883156297,76.16843809170017
583.0,68.99383983572895,52.66457680250783,76.02931889884621
569.0,88.61940298507463,79.5644891122278,89.65951060709881
538.0,92.48554913294798,86.02150537634408,92.93227554715466
500.0,92.13250517598344,85.41266794625719,92.6299228814554
462.0,91.05504587155964,83.57894736842105,91.71112739360605
410.0,85.16483516483517,74.16267942583733,86.973049495135
269.0,89.2,80.50541516245488,90.19865677346814
197.0,89.97289972899729,81.77339901477832,90.84970690590946
215.0,0.0,0.0,49.76582429846938
177.0,0.0,0.0,49.800701530612244
220.0,87.02290076335878,77.02702702702703,88.46251861300357
252.0,87.41721854304636,77.64705882352942,88.76650432072465
244.0,92.0086393088553,85.2,92.56297259972379
245.0,0.0,0.0,49.703045280612244
229.0,0.0,0.0,49.662189094387756
435.0,53.77049180327869,36.771300448430495,68.10371788797595
451.0,68.89818688981869,52.55319148936171,76.05327863438423
475.0,84.57008244994111,73.26530612244898,86.50117183995465
529.0,84.52751817237798,73.20143884892086,86.45102784938358
557.0,89.2337536372454,80.56042031523643,90.16857607603481
596.0,86.25954198473282,75.83892617449665,87.77466379515597
598.0,80.22598870056498,66.98113207547169,83.27951076135393
591.0,82.21626452189454,69.80273141122913,84.70122892872182
612.0,76.3537906137184,61.751824817518255,80.61261170327403
609.0,75.04725897920605,60.06051437216339,79.76508512557426
574.0,89.94515539305301,81.72757475083057,90.75308775380671
543.0,92.55725190839695,86.14564831261102,92.99433911877355
512.0,91.90283400809717,85.0187265917603,92.4289160089649
457.0,91.79954441913439,84.84210526315789,92.3487242607755
414.0,85.82995951417004,75.177304964539,87.4833534329695
272.0,88.44621513944223,79.28571428571428,89.58480373372073
207.0,90.9090909090909,83.33333333333334,91.63166736665266
220.0,0.0,0.0,49.76781728316326
180.0,0.0,0.0,49.80169802295919
219.0,75.56818181818183,60.73059360730594,80.27937070010202
245.0,89.57871396895787,81.12449799196787,90.51522454326853
251.0,90.51724137931035,82.67716535433071,91.29455273680591
247.0,0.0,0.0,49.70204878826531
232.0,0.0,0.0,49.658203125
435.0,53.11475409836065,36.160714285714285,67.79443720044101
457.0,67.50348675034867,50.94736842105263,75.24037624401052
480.0,84.71411901983664,73.48178137651821,86.6093989090047
555.0,86.16915422885573,75.6993006993007,87.70993219835267
564.0,89.61538461538461,81.18466898954703,90.4837044404585
598.0,86.33776091081594,75.95993322203672,87.83515858221766
610.0,76.01128880526811,61.305007587253414,80.39633566696915
608.0,81.29938542581212,68.49112426035504,84.03133245182377
629.0,73.05605786618446,57.54985754985755,78.47556367005053
605.0,78.14814814814814,64.13373860182371,81.82970243995595
583.0,89.33092224231464,80.71895424836602,90.24072184057928
550.0,92.01877934272301,85.21739130434783,92.52315847872465
508.0,91.46341463414635,84.26966292134831,92.0503686042208
468.0,91.68539325842696,84.64730290456431,92.2493064916649
427.0,85.4881266490765,74.65437788018433,87.21686237345492
277.0,90.31007751937985,82.3321554770318,91.11602067346173
208.0,91.3265306122449,84.03755868544602,91.98477730260059
661.0,11.68091168091168,6.202723146747353,52.48303106574428
683.0,21.671018276762403,12.152269399707174,55.47724862794734
222.0,73.23943661971832,57.77777777777777,78.7939762085548
240.0,74.9367088607595,59.91902834008097,79.86056957901147
237.0,79.41176470588235,65.85365853658537,82.84285278170893
219.0,35.36585365853659,21.48148148148148,60.52923988276556
210.0,0.0,0.0,49.67315051020408
452.0,51.45631067961165,34.64052287581699,67.0203634032403
423.0,55.34804753820034,38.26291079812207,68.86852376128687
382.0,62.43386243386243,45.38461538461539,72.47930343222248
406.0,67.40157480314961,50.83135391923991,75.2085195199658
443.0,68.4287812041116,52.00892857142857,75.78921890598139
470.0,55.828220858895705,38.72340425531915,69.07366756351188
517.0,52.42165242165242,35.521235521235525,67.42656431206599
550.0,56.809338521400775,39.67391304347826,69.50366989524034
613.0,38.43329253365973,23.78787878787879,61.39113046133379
592.0,50.505050505050505,33.78378378378378,66.49970364153172
587.0,62.295081967213115,45.23809523809524,72.29646697388633
555.0,74.85907553551297,59.81981981981982,79.68621197234471
529.0,78.54710556186151,64.67289719626169,82.14680380583704
516.0,69.58698372966208,53.35892514395394,76.43596583864097
494.0,61.53846153846154,44.44444444444444,71.94698000907465
440.0,62.18749999999999,45.12471655328798,72.32024690541323
377.0,61.67883211678832,44.59102902374671,72.08554390775794
317.0,31.830238726790448,18.92744479495268,59.207317257401314
170.0,65.9090909090909,49.152542372881356,74.48643110179137
219.0,81.26649076517151,68.44444444444444,84.15125344848266
235.0,83.44988344988346,71.6,85.72899573974439
234.0,83.06264501160094,71.03174603174604,85.4428686356102
221.0,0.0,0.0,49.727957589285715
210.0,0.0,0.0,49.6711575255102
206.0,0.0,0.0,49.61435746173469
429.0,60.89743589743589,43.77880184331797,71.64533258252403
402.0,69.89079563182527,53.71702637889688,76.66532773140872
442.0,79.47019867549669,65.93406593406593,82.81164761135086
460.0,84.36724565756823,72.96137339055794,86.35427205525971
497.0,71.48387096774194,55.62248995983936,77.58979765632603
530.0,64.4607843137255,47.55877034358047,73.48887969225584
520.0,67.63990267639902,51.10294117647059,75.28492683898682
609.0,50.168728908886386,33.48348348348348,66.29832492993864
611.0,57.48898678414097,40.34003091190108,69.78335813851089
576.0,75.42372881355932,60.544217687074834,80.03927062595412
551.0,85.0761421319797,74.02826855123675,86.86641636658045
518.0,88.01696712619301,78.59848484848484,89.18569968997261
493.0,85.58352402745996,74.8,87.2734990562628
492.0,70.09222661396575,53.9553752535497,76.7502782899686
430.0,65.42056074766354,48.61111111111111,74.0834044928329
352.0,61.96078431372549,44.88636363636363,72.24925163304847
304.0,28.24858757062147,16.447368421052634,57.97032268157927
176.0,68.40148698884758,51.9774011299435,75.90384312547012
220.0,81.98433420365535,69.46902654867256,84.66553948437647
241.0,85.0574712643678,74.0,86.93498829789363
242.0,83.7528604118993,72.04724409448819,85.9526121058523
225.0,0.0,0.0,49.71699617346938
212.0,0.0,0.0,49.669164540816325
436.0,55.42949756888168,38.34080717488789,68.89543108469422
438.0,60.9375,43.82022471910113,71.66001732343685
430.0,68.95522388059702,52.61958997722096,76.10156593665333
478.0,77.23270440251572,62.909836065573764,81.2734425670667
494.0,86.45598194130926,76.1431411530815,87.9510717112384
554.0,80.0,66.66666666666666,83.14660134393489
567.0,66.80942184154176,50.160771704180064,74.7695403523307
595.0,69.26229508196722,52.97805642633229,76.18805305364931
636.0,54.62097611630322,37.57142857142857,68.34795258034696
621.0,63.32992849846782,46.337817638266074,72.80894411372255
592.0,78.28685258964143,64.32078559738135,81.94144255463145
559.0,87.01550387596899,77.01543739279589,88.37298303971244
521.0,89.9492385786802,81.73431734317343,90.76762717338633
497.0,90.43478260869566,82.53968253968253,91.18141683254224
483.0,80.09888751545118,66.8041237113402,83.24058388086468
432.0,69.16167664670658,52.8604118993135,76.22397910012226
210.0,88.59416445623343,79.52380952380952,89.7189125005118
348.0,17.322834645669293,9.482758620689655,54.427277641118806
183.0,76.28205128205127,61.6580310880829,80.75509980798056
219.0,87.34491315136476,77.5330396475771,88.71551982378854
241.0,85.71428571428571,75.0,87.43798759751951
239.0,86.7579908675799,76.61290322580645,88.24843536835475
225.0,0.0,0.0,49.703045280612244
222.0,0.0,0.0,49.65621014030612
446.0,55.467511885895405,38.377192982456144,68.90760211111568
448.0,61.42208774583964,44.32314410480349,71.90643427800357
450.0,75.88075880758808,61.135371179039296,80.38931457781531
527.0,78.00453514739229,63.94052044609665,81.7756061854821
541.0,85.74380165289256,75.04520795660035,87.38394117007687
580.0,79.83539094650206,66.43835616438356,83.02234350357847
601.0,62.97071129707113,45.954198473282446,72.62221201859612
643.0,68.25095057034221,51.80375180375181,75.56664897131003
654.0,56.96969696969697,39.83050847457627,69.48834919860613
630.0,65.66265060240963,48.87892376681614,74.09642591478283
604.0,86.00182982616651,75.4414125200642,87.56680129886041
574.0,89.67441860465117,81.28161888701517,90.52912594046899
532.0,90.78295341922696,83.12159709618875,91.46727105302217
499.0,91.9957310565635,85.17786561264822,92.51354834557428
488.0,81.54402895054282,68.83910386965377,84.2660546034733
430.0,71.976401179941,56.22119815668203,77.92034032643842
361.0,64.69500924214418,47.81420765027322,73.71610764506022
336.0,21.553884711779446,12.07865168539326,55.727156213909204
183.0,71.67630057803468,55.85585585585585,77.83002974204125
224.0,83.20802005012531,71.24463519313305,85.55533099388705
246.0,84.47488584474885,73.12252964426878,86.4932525799308
249.0,84.0909090909091,72.54901960784314,86.20449720165315
227.0,0.0,0.0,49.703045280612244
223.0,0.0,0.0,49.657206632653065
443.0,55.50239234449761,38.41059602649007,68.92630917279865
450.0,64.81751824817519,47.94816414686825,73.73286014926389
462.0,85.13674197384067,74.12008281573499,86.9345847456169
510.0,85.00539374325781,73.92120075046904,86.82099168132909
517.0,88.95768833849328,80.11152416356877,89.94821358444797
582.0,83.01886792452831,70.96774193548387,85.31203930248208
598.0,67.90123456790124,51.4018691588785,75.38797065053824
635.0,68.72509960159363,52.35204855842185,75.86095935978325
655.0,61.825318940137386,44.74431818181818,71.98207465618054
636.0,70.05988023952095,53.91705069124424,76.65747165771444
602.0,84.78664192949907,73.59098228663447,86.6305642542004
578.0,86.88212927756655,76.80672268907564,88.26458140125656
539.0,89.2430278884462,80.57553956834532,90.17917905058192
520.0,89.09853249475891,80.34026465028356,90.06561181299126
502.0,81.45539906103286,68.71287128712872,84.1978934291912
445.0,71.26436781609196,55.35714285714286,77.47828301325337
368.0,66.78383128295255,50.131926121372025,74.87691012586426
503.0,0.0,0.0,49.495774872448976
208.0,71.20743034055728,55.28846153846154,77.55134409097823
230.0,82.0,69.49152542372882,84.6737799877182
249.0,81.30841121495327,68.50393700787401,84.171971703809
253.0,78.97196261682244,65.25096525096525,82.53549522371888
254.0,0.0,0.0,49.674147002551024
233.0,0.0,0.0,49.63926977040816
463.0,55.35168195718655,38.266384778012686,68.84116318608605
474.0,66.39118457300276,49.69072164948454,74.60104321184551
518.0,80.18120045300114,66.91871455576559,83.28373205207893
568.0,83.96793587174348,72.36614853195165,86.02229286838352
578.0,86.073500967118,75.55178268251274,87.63111243071766
607.0,82.91746641074856,70.81967213114754,85.23092001539686
630.0,67.43515850144092,50.8695652173913,75.09459194135997
652.0,67.53246753246754,50.98039215686274,75.13887511159606
656.0,55.65565565565566,38.55755894590846,68.83487390559682
635.0,71.32075471698113,55.42521994134897,77.40737682878124
619.0,85.63829787234043,74.88372093023256,87.27885964005037
583.0,88.74656907593778,79.76973684210526,89.76110355417532
535.0,90.94449853943524,83.39285714285715,91.60288414285426
513.0,90.92805005213765,83.36520076481835,91.59514561763234
499.0,83.08051341890315,71.05788423153693,85.38341822977891
450.0,70.10014306151645,53.964757709251096,76.77309003605592
370.0,66.54929577464789,49.86807387862797,74.74398752646664
537.0,0.0,0.0,49.45591517857143
210.0,67.2782874617737,50.69124423963134,75.23876317362463
232.0,81.79551122194513,69.19831223628692,84.52617363393966
257.0,78.68852459016394,64.86486486486487,82.34144699010321
262.0,76.99530516431925,62.59541984732825,81.19973343802067
257.0,0.0,0.0,49.669164540816325
240.0,0.0,0.0,49.63229432397959
473.0,63.2768361581921,46.28099173553719,72.88024602792234
539.0,72.8538283062645,57.299270072992705,78.41498740904458
535.0,84.96319663512094,73.85740402193784,86.78504694386292
583.0,84.99515972894483,73.9057239057239,86.79704234170728
593.0,86.79245283018868,76.66666666666667,88.19253359079573
609.0,84.20056764427626,72.7124183006536,86.18830583046595
632.0,69.76303317535545,53.56622998544396,76.46288531074318
652.0,74.23043095866315,59.02097902097903,79.2160408229468
660.0,60.40268456375839,43.269230769230774,71.22046404388817
642.0,72.57617728531855,56.95652173913044,78.17996627100747
625.0,88.18493150684932,78.86676875957122,89.29444235284294
592.0,88.94878706199461,80.09708737864078,89.92475391053172
546.0,90.63097514340345,82.86713286713287,91.33497885157777
519.0,91.22448979591836,83.86491557223265,91.84598912597838
500.0,85.1258581235698,74.10358565737052,86.92128122319173
457.0,72.29916897506925,56.61605206073753,78.10768545138448
372.0,66.78260869565219,50.13054830287206,74.87421301187136
503.0,1.968503937007874,0.9940357852882704,50.000715247689875
213.0,66.0377358490566,49.29577464788733,74.54004046648126
234.0,73.20954907161804,57.74058577405857,78.769369588736
257.0,68.19338422391857,51.737451737451735,75.7438307805999
261.0,72.05882352941177,56.32183908045977,78.04698562190251
262.0,0.0,0.0,49.66119260204081
242.0,0.0,0.0,49.6273118622449
512.0,52.883263009845294,35.94646271510516,67.63815093825195
532.0,57.14285714285714,40.0,69.67574059247397
530.0,81.74863387978142,69.13123844731977,84.3979552744209
595.0,84.76190476190476,73.55371900826447,86.61599404797813
605.0,85.41862652869237,74.54844006568145,87.11835341444242
618.0,82.30842005676443,69.93569131832797,84.77987195537837
638.0,68.49056603773585,52.08034433285509,75.7049183170308
663.0,73.1877729257642,57.71349862258953,78.54825000466454
666.0,64.81481481481481,47.94520547945205,73.59127572170331
654.0,69.79742173112339,53.6067892503536,76.47405751651564
625.0,86.78260869565217,76.65130568356375,88.17266453733514
598.0,87.97127468581688,78.52564102564102,89.12797367467698
548.0,89.8076923076923,81.50087260034904,90.64381576868124
516.0,91.22448979591836,83.86491557223265,91.84598912597838
502.0,85.81157775255392,75.14910536779324,87.44904563542077
467.0,71.40902872777018,55.53191489361702,77.55660154176994
378.0,65.98290598290598,49.234693877551024,74.41827925576328
676.0,0.0,0.0,49.32637117346938
708.0,0.0,0.0,49.28252551020408
730.0,7.467204843592332,3.878406708595388,51.024745547001984
763.0,12.625250501002002,6.737967914438503,52.498950233435004
761.0,14.80637813211845,7.995079950799508,53.25119685712233
753.0,12.801678908709338,6.838565022421525,52.59018942530833
721.0,18.00865800865801,9.895337773549,54.002030605898966
676.0,15.767634854771783,8.558558558558559,53.265920919821596
668.0,21.141253507951358,11.820083682008368,55.06810268434158
651.0,25.05800464037123,14.323607427055704,56.51668108030903
660.0,31.431897555296857,18.646408839779006,58.7346870041704
667.0,39.69631236442516,24.76319350473613,61.82551890146893
713.0,41.77215189873418,26.400000000000002,62.64775701308576
723.0,15.990730011587488,8.690176322418136,53.62163634808914
746.0,14.532243415077204,7.8354554358472095,52.97853097566873
735.0,11.252653927813164,5.961754780652419,52.14692890360355
691.0,30.723488602576808,18.149882903981265,58.3762349087388
673.0,31.600831600831604,18.765432098765434,58.72503173785225
657.0,19.047619047619047,10.526315789473683,54.63543844241957
628.0,18.58902575587906,10.246913580246913,54.397806499663716
595.0,13.513513513513514,7.246376811594203,52.920887972844845
557.0,2.635431918008785,1.3353115727002967,50.004869492571366
520.0,0.0,0.0,49.35028698979592
448.0,33.200531208499335,19.904458598726116,59.4497418365751
27.0,46.42857142857143,30.23255813953488,65.08637655197545
30.0,69.84126984126983,53.65853658536586,76.81032663299476
20.0,72.0,56.25,78.11104410064196
21.0,63.829787234042556,46.875,73.42055456430295
33.0,67.79661016949152,51.28205128205128,75.6220847366473
24.0,82.35294117647058,70.0,84.9910278137773
23.0,73.46938775510205,58.06451612903226,79.01929901511224
29.0,77.96610169491525,63.888888888888886,81.93148410308899
27.0,80.0,66.66666666666666,83.32236710930334
46.0,55.55555555555556,38.46153846153847,69.19886876023729
35.0,68.85245901639344,52.5,76.23105871797429
26.0,88.0,78.57142857142857,89.27973270897066
40.0,50.0,33.33333333333333,66.63676295661304
34.0,76.92307692307693,62.5,81.23504516360592
28.0,80.76923076923077,67.74193548387096,83.86099864613247
44.0,68.42105263157895,52.0,75.97607178464607
37.0,63.888888888888886,46.93877551020408,73.44346707239113
28.0,80.76923076923077,67.74193548387096,83.86099864613247
47.0,56.56565656565656,39.436619718309856,69.67543676351802
40.0,70.58823529411765,54.54545454545454,77.24780006018788
23.0,75.0,60.0,79.98803780055026
46.0,47.368421052631575,31.03448275862069,65.47736738114455
39.0,67.44186046511628,50.877192982456144,75.41067856991673
26.0,70.58823529411765,54.54545454545454,77.2577745234151
65.0,43.26530612244898,27.604166666666668,63.663424434225135
68.0,38.048780487804876,23.49397590361446,61.62033498094739
73.0,0.0,0.0,49.8355787627551
65.0,59.67741935483871,42.5287356321839,71.21450643074321
57.0,51.2396694214876,34.44444444444444,67.16339282746702
73.0,11.76470588235294,6.25,53.0502556257599
64.0,66.17647058823529,49.45054945054945,74.67939493033747
55.0,54.54545454545454,37.5,68.69515685140499
71.0,16.470588235294116,8.974358974358974,54.41641865877948
65.0,62.857142857142854,45.83333333333333,72.86480358520173
59.0,66.10169491525424,49.36708860759494,74.64365360431405
73.0,7.792207792207792,4.054054054054054,51.956271839974235
63.0,61.19402985074627,44.086021505376344,71.99115077462893
62.0,67.82608695652173,51.31578947368421,75.62099583981995
70.0,5.47945205479452,2.8169014084507045,51.33968999150562
63.0,62.06896551724138,45.0,72.44514372344457
62.0,66.66666666666666,50.0,74.95611585414505
70.0,59.61538461538461,42.465753424657535,71.19099816013014
60.0,59.25925925925925,42.10526315789473,70.99778077313917
65.0,66.18705035971223,49.46236559139785,74.68430467880285
64.0,69.02654867256636,52.702702702702695,76.31644698930336
59.0,59.541984732824424,42.391304347826086,71.14279699709752
64.0,65.21739130434783,48.38709677419355,74.14567381846659
64.0,67.22689075630252,50.63291139240506,75.27756148844762
65.0,59.3939393939394,42.241379310344826,71.05385940401037
71.0,56.481481481481474,39.35483870967742,69.58363505871978
70.0,3.5294117647058822,1.7964071856287425,50.73476907624171
50.0,71.7948717948718,56.00000000000001,77.96708820361431
52.0,68.88888888888889,52.54237288135594,76.24326740587888
49.0,49.31506849315068,32.72727272727273,66.326752915333
32.0,50.0,33.33333333333333,66.6427451293092
54.0,78.63247863247864,64.7887323943662,82.36943102862135
54.0,77.77777777777779,63.63636363636363,81.79424596626495
45.0,72.09302325581395,56.36363636363636,78.15788758056182
36.0,80.59701492537313,67.5,83.7370386248978
50.0,81.73913043478261,69.11764705882352,84.53787756998707
56.0,73.7864077669903,58.46153846153847,79.20384354566013
47.0,74.46808510638297,59.32203389830508,79.63708443883164
35.0,82.35294117647058,70.0,84.9880354151711
51.0,82.75862068965517,70.58823529411765,85.27416871632153
57.0,75.47169811320755,60.60606060606061,80.2771008311937
47.0,77.55102040816327,63.33333333333333,81.64472721954073
35.0,83.78378378378379,72.09302325581395,86.03454632727879
51.0,81.03448275862068,68.11594202898551,84.0360276284288
61.0,76.10619469026548,61.42857142857143,80.68735734375134
47.0,77.55102040816327,63.33333333333333,81.64472721954073
35.0,81.57894736842105,68.88888888888889,84.4304849270449
53.0,77.96610169491525,63.888888888888886,81.91851186914023
61.0,75.0,60.0,79.97207483943032
50.0,81.9047619047619,69.35483870967742,84.65846976075898
35.0,82.92682926829268,70.83333333333334,85.40270631406806
58.0,81.25,68.42105263157895,84.18658568854505
63.0,77.19298245614034,62.857142857142854,81.40263988783896
50.0,82.2429906542056,69.84126984126983,84.9016849485612
39.0,86.04651162790698,75.51020408163265,87.74313530833263
65.0,80.3030303030303,67.08860759493672,83.51836760051286
61.0,77.87610619469027,63.76811594202898,81.85912379723328
51.0,81.81818181818183,69.23076923076923,84.59543687845536
38.0,83.9506172839506,72.3404255319149,86.15724958140159
96.0,85.38011695906432,74.48979591836735,87.21994935331176
101.0,76.36363636363637,61.76470588235294,80.84344088242923
95.0,76.74418604651163,62.264150943396224,81.0921632785231
79.0,72.6027397260274,56.98924731182796,78.454721814444
64.0,87.4074074074074,77.63157894736842,88.79882916081631
66.0,77.68595041322314,63.51351351351351,81.72982623749645
51.0,84.31372549019608,72.88135593220339,86.42472041319242
74.0,67.79661016949152,51.28205128205128,75.60312872064907
58.0,82.53968253968253,70.27027027027027,85.11318956016108
64.0,76.52173913043478,61.97183098591549,80.95898658527403
50.0,85.14851485148515,74.13793103448276,87.05400531138895
43.0,85.71428571428571,75.0,87.48803350618269
64.0,82.44274809160305,70.12987012987013,85.04199104833556
65.0,78.63247863247864,64.7887323943662,82.36943102862135
51.0,84.31372549019608,72.88135593220339,86.42472041319242
42.0,89.41176470588236,80.85106382978722,90.4165566865239
68.0,83.45323741007195,71.60493827160494,85.77952328800326
65.0,76.66666666666667,62.16216216216216,81.05315369229193
51.0,85.43689320388349,74.57627118644068,87.2731750889516
53.0,81.25,68.42105263157895,84.19257550102193
70.0,81.42857142857143,68.67469879518072,84.31141113066565
68.0,79.67479674796748,66.21621621621621,83.08317144722675
53.0,85.45454545454545,74.60317460317461,87.28562847535896
64.0,78.18181818181819,64.17910447761194,82.06561590944207
72.0,80.0,66.66666666666666,83.30540037243948
68.0,75.40983606557377,60.526315789473685,80.23323569246276
55.0,87.5,77.77777777777779,88.87492435879533
74.0,75.40983606557377,60.526315789473685,80.23323569246276
75.0,82.99319727891157,70.93023255813954,85.44017364712325
70.0,76.8,62.33766233766234,81.13990521926206
62.0,80.99173553719008,68.05555555555556,84.00483604976692
76.0,76.8,62.33766233766234,81.13990521926206
96.0,0.5128205128205128,0.2570694087403599,49.74188796794766
104.0,0.0,0.0,49.51371173469388
95.0,0.0,0.0,49.45491868622449
88.0,1.4953271028037385,0.7532956685499058,49.851454499347106
78.0,81.04575163398692,68.13186813186813,84.0370000355234
69.0,76.8,62.33766233766234,81.13990521926206
68.0,81.87919463087249,69.31818181818183,84.63215286658867
52.0,71.07438016528926,55.12820512820513,77.52919541711356
31.0,82.35294117647058,70.0,84.9880354151711
90.0,83.33333333333334,71.42857142857143,85.68234703654699
83.0,79.19463087248322,65.55555555555556,82.74685014843045
81.0,79.53216374269006,66.01941747572816,82.97478417492003
52.0,49.504950495049506,32.89473684210527,66.34562481494004
32.0,77.77777777777779,63.63636363636363,81.80222903840995
98.0,77.72925764192141,63.57142857142857,81.73480287157489
94.0,85.55555555555556,74.75728155339806,87.35269215497006
89.0,74.48979591836735,59.34959349593496,79.62489953622367
65.0,49.30232558139535,32.71604938271605,66.24929217335232
64.0,51.85185185185185,35.0,67.4481534657414
106.0,80.65843621399176,67.58620689655173,83.74617665407482
98.0,84.5360824742268,73.21428571428571,86.57719915130981
93.0,70.4225352112676,54.347826086956516,77.11104004693128
82.0,58.82352941176471,41.66666666666667,70.73554065381391
64.0,46.2962962962963,30.120481927710845,65.00241559646494
114.0,77.20588235294117,62.874251497005986,81.37521366366347
103.0,80.73394495412845,67.6923076923077,83.80422763628322
94.0,66.66666666666666,50.0,74.92515119458693
85.0,65.15837104072398,48.322147651006716,74.08423365306204
66.0,46.15384615384615,30.0,64.93718718219705
116.0,78.06691449814126,64.02439024390245,81.95327878315231
103.0,76.10619469026548,61.42857142857143,80.66038273964008
95.0,66.96035242290749,50.331125827814574,75.09071261450609
84.0,61.53846153846154,44.44444444444444,72.13240903365444
64.0,53.2258064516129,36.26373626373626,68.07403353880429
117.0,74.3859649122807,59.217877094972074,79.53604060460606
103.0,74.235807860262,59.02777777777778,79.45499607381232
95.0,65.2542372881356,48.42767295597484,74.13199851714988
86.0,62.12765957446808,45.06172839506173,72.44204716062688
63.0,53.65853658536586,36.666666666666664,68.27649588842577
120.0,75.52447552447552,60.67415730337079,80.26717372238924
103.0,71.1297071129707,55.1948051948052,77.52852794926221
96.0,64.19753086419753,47.27272727272727,73.54953382279822
75.0,59.57446808510638,42.42424242424242,71.11732218605647
65.0,56.19834710743802,39.08045977011494,69.48737997879127
117.0,74.13127413127413,58.895705521472394,79.38095978949019
97.0,84.0909090909091,72.54901960784314,86.246566807634
84.0,80.44692737430168,67.28971962616822,83.60993246197441
50.0,64.86486486486487,48.0,73.96110889509373
27.0,68.08510638297872,51.61290322580645,75.79149945979317
119.0,71.58671586715867,55.74712643678161,77.79668468647124
98.0,88.64864864864866,79.6116504854369,89.78486464863532
84.0,75.64766839378238,60.83333333333333,80.36976328762748
53.0,68.25396825396825,51.80722891566265,75.86372057555818
29.0,65.3061224489796,48.484848484848484,74.22547846889952
117.0,72.14285714285714,56.424581005586596,78.13440732755616
101.0,86.29441624365482,75.89285714285714,87.91947762215624
86.0,75.37688442211056,60.483870967741936,80.19303426433444
54.0,64.61538461538461,47.72727272727273,73.81775931412903
29.0,60.71428571428571,43.58974358974359,71.77294153310422
118.0,72.47386759581882,56.830601092896174,78.33641414286923
101.0,82.92682926829268,70.83333333333334,85.38173025094329
86.0,74.6268656716418,59.523809523809526,79.71100757422387
54.0,63.565891472868216,46.590909090909086,73.24858110374716
31.0,50.0,33.33333333333333,66.64075115124693
117.0,71.97231833910035,56.21621621621622,78.02722458038802
101.0,79.43925233644859,65.89147286821705,82.9018163686277
89.0,72.81553398058253,57.25190839694656,78.57006709043152
55.0,60.74074074074074,43.61702127659575,71.75565335296827
45.0,38.23529411764706,23.636363636363637,61.77631829327302
120.0,70.50847457627118,54.45026178010471,77.13825598990857
101.0,77.06422018348624,62.68656716417911,81.29337541312044
87.0,72.81553398058253,57.25190839694656,78.57006709043152
54.0,65.24822695035462,48.421052631578945,74.16165338540847
45.0,38.23529411764706,23.636363636363637,61.77631829327302
121.0,71.1864406779661,55.26315789473685,77.54669947621747
102.0,75.77092511013215,60.99290780141844,80.4415527228294
88.0,70.75471698113208,54.74452554744526,77.31038776124784
56.0,60.56338028169014,43.43434343434344,71.6613202819893
43.0,33.89830508474576,20.408163265306122,60.16521068420192
121.0,70.23411371237458,54.123711340206185,76.97298187089797
101.0,72.26890756302521,56.57894736842105,78.22359227075475
90.0,71.36150234741784,55.47445255474452,77.67634803385928
55.0,59.72222222222222,42.57425742574257,71.22928258357521
44.0,28.07017543859649,16.3265306122449,58.12240260479889
116.0,63.12056737588653,46.1139896373057,72.95317546432938
97.0,83.04093567251462,71.0,85.47106077237801
83.0,77.92207792207793,63.829787234042556,81.88097231444326
41.0,51.61290322580645,34.78260869565217,67.36140004160599
21.0,32.0,19.047619047619047,59.50686780332798
70.0,0.0,0.0,49.930245535714285
53.0,0.0,0.0,49.947185905612244
53.0,0.0,0.0,49.947185905612244
67.0,0.0,0.0,49.9332350127551
38.0,0.0,0.0,49.962133290816325
85.0,0.0,0.0,49.9152981505102
66.0,16.666666666666664,9.090909090909092,54.485657854204796
55.0,80.37383177570094,67.1875,83.5728057118066
76.0,65.57377049180327,48.78048780487805,74.34835783254911
65.0,0.0,0.0,49.92725605867347
77.0,44.0,28.205128205128204,64.0467360529569
64.0,61.6822429906542,44.5945945945946,72.25641422289011
60.0,82.14285714285714,69.6969696969697,84.82853671363546
71.0,62.8099173553719,45.78313253012048,72.84669012321174
71.0,2.2222222222222223,1.1235955056179776,50.474104678568835
79.0,78.91891891891892,65.17857142857143,82.55036588912554
73.0,75.13227513227513,60.16949152542372,80.03784425587621
59.0,83.47826086956522,71.64179104477611,85.80194403818761
63.0,84.8,73.61111111111111,86.78660218085732
82.0,67.0967741935484,50.48543689320388,75.19184461370752
76.0,62.16216216216216,45.09803921568628,72.49316483026485
78.0,68.45637583892618,52.04081632653062,75.97352537024786
60.0,85.21739130434783,74.24242424242425,87.1042551918128
71.0,77.68595041322314,63.51351351351351,81.72982623749645
79.0,49.056603773584904,32.5,66.16922133354608
81.0,68.96551724137932,52.63157894736842,76.27090258863454
71.0,72.0,56.25,78.08310223055743
55.0,81.25,68.42105263157895,84.19257550102193
79.0,64.40677966101694,47.5,73.7081156009414
89.0,0.0,0.0,49.91131218112245
84.0,76.0,61.29032258064516,80.59725709870582
86.0,87.05882352941177,77.08333333333334,88.51971145529787
63.0,85.21739130434783,74.24242424242425,87.1042551918128
77.0,85.5072463768116,74.68354430379746,87.3218188426424
79.0,66.66666666666666,50.0,74.95611585414505
83.0,79.7872340425532,66.3716814159292,83.14791731322198
84.0,79.78142076502732,66.36363636363637,83.14489424512776
61.0,84.95575221238938,73.84615384615385,86.9061203319502
75.0,84.50704225352112,73.17073170731707,86.56341677551981
80.0,82.5,70.2127659574468,85.0784444435009
131.0,26.25,15.107913669064748,57.436321504056856
131.0,53.266331658291456,36.3013698630137,68.05791315008914
132.0,30.573248407643312,18.045112781954884,58.913886746696065
133.0,19.230769230769234,10.638297872340425,55.19355335394498
136.0,0.0,0.0,49.864477040816325
131.0,46.85714285714286,30.597014925373134,65.20575788654216
131.0,79.11111111111111,65.44117647058823,82.6736698732441
129.0,77.72511848341233,63.565891472868216,81.73603393062902
131.0,86.0655737704918,75.53956834532374,87.73583238420149
137.0,73.36244541484717,57.931034482758626,78.90462927523701
130.0,57.84313725490197,40.689655172413794,70.25902835640463
129.0,81.25,68.42105263157895,84.16859759461546
118.0,78.97435897435898,65.2542372881356,82.58619966364903
124.0,74.11167512690355,58.87096774193549,79.38458871498906
137.0,64.70588235294117,47.82608695652174,73.84120153054585
129.0,70.48458149779736,54.421768707483,77.14401274722601
128.0,85.83333333333333,75.18248175182481,87.55729044354366
131.0,85.71428571428571,75.0,87.46705074185755
129.0,85.84070796460178,75.1937984496124,87.56494970504743
134.0,89.21933085501858,80.53691275167785,90.23948881950203
130.0,60.396039603960396,43.262411347517734,71.55138925153
129.0,80.8695652173913,67.88321167883211,83.8976787583706
122.0,87.03703703703704,77.04918032786885,88.49663600874894
124.0,86.36363636363636,76.0,87.97004852139534
134.0,85.24590163934425,74.28571428571429,87.10690890831488
127.0,73.21428571428571,57.74647887323944,78.81335202495366
128.0,85.35564853556485,74.45255474452554,87.19132909571206
111.0,86.27450980392157,75.86206896551724,87.90308367617821
126.0,86.99551569506725,76.98412698412699,88.4631092397821
137.0,80.68669527896995,67.62589928057554,83.76802331945395
130.0,84.67741935483872,73.42657342657343,86.67534059677216
128.0,90.47619047619048,82.6086956521739,91.28037754923027
118.0,91.70305676855895,84.67741935483872,92.31973661916209
125.0,92.43697478991596,85.9375,92.95077372867814
137.0,90.49429657794677,82.63888888888889,91.29447291199145
117.0,86.4406779661017,76.11940298507463,88.0277487825481
125.0,91.12903225806451,83.7037037037037,91.8298795369686
114.0,92.37668161434978,85.83333333333333,92.8996914504823
121.0,92.88702928870293,86.71875,93.34239707130729
137.0,90.9090909090909,83.33333333333334,91.64269351659475
127.0,40.25764895330113,25.201612903225808,62.23018448601781
130.0,32.299741602067186,19.26040061633282,59.10673424355232
132.0,32.09242618741977,19.113149847094803,59.02811395373661
130.0,48.249027237354085,31.794871794871792,65.6317122500292
130.0,40.1294498381877,25.101214574898783,62.180991687673156
12.0,42.857142857142854,27.27272727272727,63.620417852030364
13.0,37.83783783783784,23.333333333333332,61.64374414479062
13.0,0.0,0.0,49.9870455994898
7.0,0.0,0.0,49.99302455357143
13.0,45.83333333333333,29.72972972972973,64.83895038265615
13.0,50.0,33.33333333333333,66.64075115124693
14.0,42.30769230769231,26.82926829268293,63.384732820716025
7.0,0.0,0.0,49.98505261479592
13.0,45.83333333333333,29.72972972972973,64.83895038265615
16.0,60.0,42.857142857142854,71.40863562186901
15.0,53.06122448979592,36.11111111111111,68.03263029191501
8.0,0.0,0.0,49.99202806122449
13.0,46.808510638297875,30.555555555555557,65.25286000642325
16.0,61.224489795918366,44.11764705882353,72.03988451304446
15.0,48.0,31.57894736842105,65.7635586854066
10.0,0.0,0.0,49.99003507653062
14.0,50.0,33.33333333333333,66.6427451293092
16.0,56.00000000000001,38.88888888888889,69.4225154942431
15.0,44.44444444444444,28.57142857142857,64.25581236401744
11.0,0.0,0.0,49.98007015306122
12.0,43.90243902439025,28.125,64.03957656427532
17.0,53.333333333333336,36.36363636363637,68.1608868366304
17.0,56.00000000000001,38.88888888888889,69.4225154942431
12.0,0.0,0.0,49.984056122448976
15.0,46.808510638297875,30.555555555555557,65.25286000642325
17.0,52.0,35.13513513513514,67.54364555333397
18.0,53.57142857142857,36.58536585365854,68.26676637811613
15.0,32.25806451612903,19.230769230769234,59.59445619059739
17.0,57.77777777777777,40.625,70.29356173873174
20.0,64.0,47.05882352941176,73.51146918097382
18.0,60.0,42.857142857142854,71.40863562186901
15.0,48.484848484848484,32.0,65.9830569287195
16.0,0.0,0.0,49.984056122448976
13.0,36.36363636363637,22.22222222222222,61.090182269173695
13.0,12.5,6.666666666666667,53.319382162431495
27.0,0.0,0.0,49.97309470663265
15.0,53.65853658536586,36.666666666666664,68.3143958271039
13.0,57.14285714285714,40.0,69.9820588469819
13.0,48.78048780487805,32.25806451612903,66.10810174736005
11.0,0.0,0.0,49.989038584183675
13.0,48.78048780487805,32.25806451612903,66.10810174736005
14.0,55.81395348837209,38.70967741935484,69.3359008259361
13.0,46.51162790697674,30.303030303030305,65.12859125883884
14.0,0.0,0.0,49.986049107142854
14.0,52.38095238095239,35.483870967741936,67.72200126678734
14.0,54.54545454545454,37.5,68.73006538553544
14.0,51.162790697674424,34.375,67.1665690720622
13.0,0.0,0.0,49.9870455994898
16.0,54.166666666666664,37.142857142857146,68.54950005838111
15.0,59.57446808510638,42.42424242424242,71.19318257331095
14.0,50.0,33.33333333333333,66.6427451293092
13.0,0.0,0.0,49.986049107142854
14.0,57.14285714285714,40.0,69.9820588469819
17.0,59.57446808510638,42.42424242424242,71.19318257331095
17.0,59.09090909090909,41.935483870967744,70.94980042480867
15.0,26.08695652173913,15.0,57.48305861718453
14.0,53.333333333333336,36.36363636363637,68.1608868366304
17.0,60.0,42.857142857142854,71.40863562186901
17.0,54.90196078431373,37.83783783783784,68.89599319825388
14.0,41.37931034482759,26.08695652173913,63.02653586501547
19.0,66.66666666666666,50.0,74.98504814497319
19.0,60.0,42.857142857142854,71.40863562186901
17.0,59.09090909090909,41.935483870967744,70.94980042480867
14.0,52.94117647058824,36.0,67.98405326210457
29.0,0.0,0.0,49.94419642857143
31.0,0.0,0.0,49.95914381377551
31.0,0.0,0.0,49.96113679846938
28.0,0.0,0.0,49.95416135204081
52.0,83.47826086956522,71.64179104477611,85.80194403818761
61.0,79.6875,66.23376623376623,83.09094795478835
63.0,77.37226277372264,63.095238095238095,81.51669512047981
66.0,76.05633802816901,61.36363636363637,80.6479009398885
73.0,78.98089171974523,65.26315789473685,82.59865401621146
67.0,80.0,66.66666666666666,83.3044016121952
57.0,78.99159663865547,65.27777777777779,82.61395322290713
41.0,66.0377358490566,49.29577464788733,74.61198855846231
23.0,53.333333333333336,36.36363636363637,68.14692704217387
52.0,84.61538461538461,73.33333333333333,86.65070879544669
63.0,78.04878048780488,64.0,81.97306894350463
69.0,77.86259541984732,63.74999999999999,81.846072319202
71.0,79.71014492753623,66.26506024096386,83.1045977168986
75.0,81.25,68.42105263157895,84.18059276826497
69.0,81.33333333333333,68.53932584269663,84.24172717356822
59.0,87.5,77.77777777777779,88.87492435879533
42.0,81.0126582278481,68.08510638297872,84.02759626743065
26.0,58.333333333333336,41.17647058823529,70.55832800670862
51.0,85.71428571428571,75.0,87.48603741971517
63.0,79.66101694915254,66.19718309859155,83.07465330995328
70.0,76.8,62.33766233766234,81.13990521926206
73.0,77.37226277372264,63.095238095238095,81.51669512047981
78.0,83.66013071895425,71.91011235955057,85.93011205461563
72.0,81.52866242038218,68.81720430107528,84.37966696535246
61.0,87.71929824561403,78.125,89.04853519131788
43.0,79.01234567901234,65.3061224489796,82.63611004388991
28.0,66.66666666666666,50.0,74.97806755194003
52.0,87.5,77.77777777777779,88.87692096293046
63.0,82.05128205128204,69.56521739130434,84.761662318378
70.0,79.36507936507937,65.78947368421053,82.86880219740989
77.0,79.72027972027972,66.27906976744185,83.11060373984336
79.0,86.25,75.82417582417582,87.89013489155187
72.0,89.65517241379311,81.25,90.61003322623775
62.0,86.20689655172413,75.75757575757575,87.86282809743689
45.0,76.74418604651163,62.264150943396224,81.11213250857266
28.0,70.0,53.84615384615385,76.9051325506315
51.0,90.72164948453609,83.01886792452831,91.50045765970292
65.0,86.1788617886179,75.71428571428571,87.84018457451812
71.0,82.17054263565892,69.73684210526315,84.84547749378633
76.0,80.0,66.66666666666666,83.30540037243948
79.0,88.0503144654088,78.65168539325843,89.30688289141627
74.0,90.27777777777779,82.27848101265823,91.12527151748435
62.0,87.39495798319328,77.61194029850746,88.79100725722596
46.0,80.89887640449437,67.9245283018868,83.94531161803553
28.0,40.0,25.0,62.47608036995695
52.0,86.86868686868688,76.78571428571429,88.37989163111837
66.0,86.1788617886179,75.71428571428571,87.84018457451812
74.0,81.81818181818183,69.23076923076923,84.591443032846
78.0,86.11111111111111,75.60975609756098,87.784923545049
80.0,92.3076923076923,85.71428571428571,92.84516776533383
76.0,89.33333333333333,80.72289156626506,90.34548058725953
60.0,91.37931034482759,84.12698412698413,92.05351660312458
47.0,80.0,66.66666666666666,83.31538359260736
29.0,0.0,0.0,49.97110172193878
54.0,89.10891089108911,80.35714285714286,90.16760017326034
67.0,87.09677419354838,77.14285714285715,88.55546751640284
75.0,83.5820895522388,71.7948717948718,85.8754885710193
79.0,87.83783783783784,78.3132530120482,89.1386663775094
80.0,90.79754601226993,83.14606741573034,91.55806424556825
78.0,89.47368421052632,80.95238095238095,90.46022496170177
58.0,92.17391304347827,85.48387096774194,92.73295756954022
45.0,81.81818181818183,69.23076923076923,84.59942929029486
31.0,11.76470588235294,6.25,53.09510403794795
54.0,88.23529411764706,78.94736842105263,89.46171556836877
67.0,90.625,82.85714285714286,91.4165996818936
74.0,88.57142857142857,79.48717948717949,89.72762614060454
80.0,90.06622516556291,81.92771084337349,90.94888775185359
82.0,90.6832298136646,82.95454545454545,91.46230356374959
76.0,88.0,78.57142857142857,89.26775379878553
60.0,90.1639344262295,82.08955223880598,91.03280508929585
46.0,83.87096774193549,72.22222222222221,86.09615209880484
32.0,0.0,0.0,49.965122767857146
64.0,66.0377358490566,49.29577464788733,74.61198855846231
67.0,76.5625,62.0253164556962,80.98273423479047
73.0,77.6978417266187,63.52941176470588,81.73378133824058
74.0,76.43312101910828,61.855670103092784,80.89092069285854
77.0,82.71604938271605,70.52631578947368,85.2352188019591
69.0,77.61194029850746,63.41463414634146,81.67739128911519
59.0,75.92592592592592,61.19402985074627,80.57108493634351
47.0,75.0,60.0,79.97806274056198
68.0,0.0,0.0,49.92127710459184
54.0,82.4742268041237,70.17543859649122,85.07076541281398
64.0,79.3103448275862,65.71428571428571,82.83320509532359
72.0,76.92307692307693,62.5,81.22007540996688
75.0,81.11888111888112,68.23529411764706,84.09071062879838
78.0,83.54430379746836,71.73913043478261,85.84362229182754
72.0,85.13513513513513,74.11764705882354,87.03687313729795
62.0,86.95652173913044,76.92307692307693,88.44657616652191
48.0,76.74418604651163,62.264150943396224,81.11213250857266
35.0,40.0,25.0,62.46411769396381
54.0,87.37864077669903,77.58620689655173,88.78013741927185
64.0,83.47826086956522,71.64179104477611,85.80194403818761
72.0,77.41935483870968,63.1578947368421,81.55101886538881
78.0,80.0,66.66666666666666,83.3044016121952
79.0,86.79245283018868,76.66666666666667,88.3123781773671
73.0,88.88888888888889,80.0,89.98403575989784
61.0,88.69565217391305,79.6875,89.83078241895261
49.0,78.16091954022988,64.15094339622641,82.0565255053008
37.0,22.641509433962266,12.76595744680851,56.34211765105026
55.0,87.37864077669903,77.58620689655173,88.78013741927185
65.0,82.75862068965517,70.58823529411765,85.27416871632153
72.0,79.36507936507937,65.78947368421053,82.86880219740989
76.0,82.35294117647058,70.0,84.97605746209098
80.0,92.20779220779221,85.54216867469879,92.75910948454029
73.0,90.9090909090909,83.33333333333334,91.65369546273938
63.0,87.39495798319328,77.61194029850746,88.79100725722596
53.0,76.59574468085107,62.06896551724138,81.01254418662229
36.0,0.0,0.0,49.950175382653065
56.0,85.43689320388349,74.57627118644068,87.2731750889516
65.0,84.48275862068965,73.13432835820896,86.5492097832699
73.0,81.25,68.42105263157895,84.18658568854505
79.0,82.85714285714286,70.73170731707317,85.3419101651809
82.0,92.3076923076923,85.71428571428571,92.84516776533383
74.0,89.65517241379311,81.25,90.61003322623775
62.0,88.33333333333333,79.1044776119403,89.53827316145565
53.0,79.16666666666666,65.51724137931035,82.73867573772252
37.0,0.0,0.0,49.95615433673469
55.0,88.0,78.57142857142857,89.27374588229931
65.0,85.21739130434783,74.24242424242425,87.1042551918128
75.0,82.17054263565892,69.73684210526315,84.84547749378633
78.0,83.68794326241135,71.95121951219512,85.95266345045277
82.0,90.44585987261146,82.55813953488372,91.26410120143049
78.0,88.74172185430463,79.76190476190477,89.86398936033733
62.0,92.56198347107438,86.15384615384616,93.0679446252072
55.0,77.89473684210526,63.793103448275865,81.87560994229146
36.0,0.0,0.0,49.94917889030612
56.0,87.12871287128714,77.19298245614034,88.58352545770394
66.0,84.48275862068965,73.13432835820896,86.5492097832699
75.0,82.17054263565892,69.73684210526315,84.84547749378633
78.0,86.89655172413792,76.82926829268293,88.39567698951589
82.0,89.87341772151899,81.60919540229885,90.7886312307373
77.0,88.0,78.57142857142857,89.26775379878553
60.0,90.75630252100841,83.07692307692308,91.52748831313134
52.0,80.43478260869566,67.27272727272727,83.61841353763809
36.0,0.0,0.0,49.945192920918366
56.0,87.12871287128714,77.19298245614034,88.58352545770394
67.0,83.76068376068376,72.05882352941177,86.01045990243605
74.0,84.61538461538461,73.33333333333333,86.64671494982143
79.0,90.66666666666666,82.92682926829268,91.44944480896872
83.0,91.92546583850931,85.0574712643678,92.51576209819325
77.0,88.0,78.57142857142857,89.26775379878553
63.0,89.25619834710744,80.59701492537313,90.28553910547816
54.0,78.72340425531915,64.91228070175438,82.43619579673769
38.0,0.0,0.0,49.94120695153062
126.0,0.0,0.0,49.837571747448976
133.0,0.0,0.0,49.808673469387756
140.0,0.0,0.0,49.81465242346938
136.0,0.0,0.0,49.820631377551024
136.0,0.0,0.0,49.81166294642857
136.0,0.0,0.0,49.78276466836735
126.0,0.0,0.0,49.751873405612244
120.0,0.0,0.0,49.7199856505102
123.0,0.0,0.0,49.79970503826531
41.0,31.944444444444443,19.00826446280992,59.40643119657155
58.0,76.92307692307693,62.5,81.22606510292005
70.0,73.50427350427351,58.108108108108105,79.02313629529236
57.0,71.84466019417476,56.060606060606055,78.00138342680076
56.0,71.73913043478261,55.932203389830505,77.94017584285216
46.0,74.66666666666667,59.57446808510638,79.7682901165741
30.0,76.36363636363637,61.76470588235294,80.86939311663257
20.0,61.53846153846154,44.44444444444444,72.20228601807548
45.0,36.22047244094488,22.115384615384613,60.97693941155449
79.0,66.16541353383458,49.43820224719101,74.67421961078931
79.0,79.16666666666666,65.51724137931035,82.72869192012665
70.0,78.46153846153847,64.55696202531645,82.25055083809464
62.0,77.06422018348624,62.68656716417911,81.31835040300949
54.0,78.26086956521739,64.28571428571429,82.12291298649497
37.0,78.26086956521739,64.28571428571429,82.12790171004691
22.0,72.0,56.25,78.11104410064196
48.0,63.63636363636363,46.666666666666664,73.30142777378958
83.0,69.93006993006993,53.76344086021505,76.83882851772672
84.0,84.61538461538461,73.33333333333333,86.64271935076165
75.0,80.2919708029197,67.07317073170732,83.50965054811259
61.0,77.58620689655173,63.38028169014085,81.66420878706239
55.0,84.84848484848484,73.68421052631578,86.82714535570986
41.0,76.5432098765432,62.0,80.98105494067205
30.0,65.67164179104478,48.888888888888886,74.4215150669272
50.0,40.963855421686745,25.757575757575758,62.829943204851006
96.0,69.23076923076923,52.94117647058824,76.4227050702169
85.0,82.5,70.2127659574468,85.0784444435009
77.0,82.75862068965517,70.58823529411765,85.26917551281028
70.0,77.96610169491525,63.888888888888886,81.91851186914023
58.0,81.1881188118812,68.33333333333333,84.14771782852964
44.0,72.09302325581395,56.36363636363636,78.15788758056182
27.0,72.41379310344827,56.75675675675676,78.36242782509356
60.0,52.38095238095239,35.483870967741936,67.68210659449458
100.0,76.30057803468208,61.6822429906542,80.8002114973227
93.0,83.72093023255815,72.0,85.97205811911223
81.0,82.58064516129032,70.32967032967034,85.13789550966275
83.0,76.71232876712328,62.22222222222222,81.07719251574001
58.0,89.28571428571429,80.64516129032258,90.31061080914805
46.0,76.08695652173914,61.40350877192983,80.67981625150409
32.0,68.75,52.38095238095239,76.17053760133076
62.0,42.73504273504273,27.173913043478258,63.520158252512196
100.0,74.85380116959064,59.813084112149525,79.86363816080018
105.0,82.35294117647058,70.0,84.96706521088245
84.0,84.61538461538461,73.33333333333333,86.64271935076165
86.0,76.19047619047619,61.53846153846154,80.73431456811345
61.0,85.21739130434783,74.24242424242425,87.1042551918128
49.0,67.28971962616822,50.70422535211267,75.31721040242252
29.0,64.86486486486487,48.0,73.97407880044665
72.0,71.54471544715447,55.69620253164557,77.81319342252908
102.0,73.74301675977654,58.4070796460177,79.15664299602821
107.0,84.97409326424871,73.87387387387388,86.90799135463168
82.0,85.0,73.91304347826086,86.93257346739738
88.0,76.92307692307693,62.5,81.2140833266821
61.0,86.20689655172413,75.75757575757575,87.86282809743689
50.0,78.0952380952381,64.0625,82.00831193278148
35.0,68.23529411764706,51.78571428571429,75.86593629016407
71.0,45.88235294117647,29.770992366412212,64.79374757439426
106.0,73.44632768361582,58.03571428571429,78.97096125173545
111.0,83.83838383838383,72.17391304347827,86.05501593123746
89.0,86.3905325443787,76.04166666666666,87.99788061593118
88.0,74.68354430379746,59.59595959595959,79.75807317946712
81.0,72.99270072992701,57.47126436781609,78.69872518953387
50.0,65.60000000000001,48.80952380952381,74.36187769213599
34.0,65.11627906976744,48.275862068965516,74.10801957241048
156.0,0.0,0.0,49.77279974489796
137.0,51.08695652173913,34.306569343065696,67.06351627399849
89.0,72.84768211920529,57.291666666666664,78.6049323138006
81.0,80.2919708029197,67.07317073170732,83.50965054811259
92.0,58.01526717557252,40.86021505376344,70.3752589090669
145.0,37.07865168539326,22.758620689655174,61.267629751325
174.0,27.722772277227726,16.091954022988507,57.90040789607589
174.0,29.411764705882355,17.24137931034483,58.47710891094555
153.0,14.44866920152091,7.786885245901639,53.66914691148482
115.0,57.3170731707317,40.17094017094017,70.01565022072114
93.0,77.30061349693251,63.0,81.46308343144493
83.0,81.63265306122449,68.96551724137932,84.45582111570123
89.0,65.71428571428571,48.93617021276596,74.42020958274443
75.0,70.49180327868852,54.43037974683544,77.17928537937189
50.0,68.96551724137932,52.63157894736842,76.28886808414168
179.0,24.509803921568626,13.966480446927374,56.82970390315103
152.0,1.532567049808429,0.7722007722007722,50.12999164452109
127.0,56.98324022346368,39.84375,69.84506701995012
107.0,75.0,60.0,79.95609658750749
92.0,81.70731707317073,69.0721649484536,84.50614773196494
90.0,66.66666666666666,50.0,74.95112414467253
94.0,57.77777777777777,40.625,70.25565575323614
55.0,75.72815533980582,60.9375,80.44381831282287
43.0,75.0,60.0,79.98005822996849
150.0,0.0,0.0,49.708027742346935
131.0,44.70588235294118,28.78787878787879,64.30019811985586
124.0,72.54901960784314,56.92307692307692,78.40565246896331
97.0,83.72093023255815,72.0,85.97205811911223
103.0,71.00591715976331,55.04587155963303,77.47404919668936
100.0,38.70967741935484,24.0,61.92423033976711
54.0,76.0,61.29032258064516,80.62122734800339
174.0,35.84905660377358,21.839080459770116,60.783914556742936
150.0,1.3651877133105803,0.6872852233676976,50.05564484391568
134.0,56.54450261780105,39.416058394160586,69.62523122413428
126.0,73.7864077669903,58.46153846153847,79.17687701520038
103.0,83.14606741573034,71.15384615384616,85.54698415232924
103.0,72.09302325581395,56.36363636363636,78.1339273728626
107.0,65.06024096385542,48.214285714285715,74.04928403267455
91.0,63.94557823129252,47.0,73.44713638811865
176.0,36.27906976744186,22.15909090909091,60.94291980881476
151.0,0.0,0.0,49.70204878826531
135.0,42.93785310734463,27.33812949640288,63.568342740941475
129.0,59.57446808510638,42.42424242424242,71.13630317540932
116.0,75.93582887700535,61.206896551724135,80.55854257782794
112.0,72.1311475409836,56.41025641025641,78.15424015883006
116.0,46.05263157894737,29.914529914529915,64.87549554700189
74.0,61.94690265486725,44.871794871794876,72.39301835490583
180.0,21.782178217821784,12.222222222222221,55.95359625686219
149.0,1.3245033112582782,0.6666666666666667,50.03636677694955
139.0,55.670103092783506,38.57142857142858,69.19992361495095
126.0,68.02030456852792,51.53846153846153,75.70636781048083
124.0,76.0,61.29032258064516,80.59725709870582
110.0,71.03825136612022,55.08474576271186,77.48949028072933
109.0,61.72839506172839,44.642857142857146,72.25958441869346
81.0,62.5,45.45454545454545,72.67940293311284
60.0,62.62626262626263,45.588235294117645,72.7572246367886
138.0,1.2539184952978055,0.6309148264984227,50.001549811702596
138.0,41.269841269841265,26.0,62.85236613199265
129.0,63.212435233160626,46.21212121212121,73.03522353133248
124.0,73.46938775510205,58.06451612903226,78.9803660000103
111.0,67.79661016949152,51.28205128205128,75.58415757493896
109.0,47.22222222222222,30.909090909090907,65.3787606832958
99.0,55.55555555555556,38.46153846153847,69.16694283855605
147.0,36.46408839779006,22.2972972972973,61.03397661067724
153.0,0.0,0.0,49.6452487244898
168.0,17.058823529411764,9.32475884244373,54.38120607087189
175.0,36.67377398720683,22.45430809399478,60.93068768644638
172.0,35.5640535372849,21.627906976744185,60.47751198127388
169.0,0.0,0.0,49.642259247448976
173.0,0.0,0.0,49.669164540816325
174.0,17.307692307692307,9.473684210526317,54.47960866092728
169.0,21.428571428571427,12.0,55.714781498693576
27.0,69.84126984126983,53.65853658536586,76.81032663299476
30.0,75.9493670886076,61.224489795918366,80.59330021642926
51.0,72.16494845360825,56.451612903225815,78.1988823775019
64.0,75.63025210084034,60.810810810810814,80.376481186858
69.0,77.68595041322314,63.51351351351351,81.72982623749645
78.0,85.33333333333334,74.4186046511628,87.18735149544091
66.0,54.285714285714285,37.254901960784316,68.53167891790089
57.0,56.80473372781065,39.66942148760331,69.76189714661047
35.0,70.58823529411765,54.54545454545454,77.25278788845546
33.0,75.0,60.0,79.98205348062773
40.0,75.47169811320755,60.60606060606061,80.2771008311937
63.0,75.21367521367522,60.273972602739725,80.10806265978366
76.0,81.04575163398692,68.13186813186813,84.0370000355234
79.0,83.43558282208589,71.57894736842105,85.76253187851084
81.0,85.18518518518519,74.19354838709677,87.07282544387269
69.0,70.11494252873564,53.98230088495575,76.9392697680291
57.0,66.66666666666666,50.0,74.95212256623046
42.0,55.072463768115945,38.0,68.96909703530913
33.0,76.71232876712328,62.22222222222222,81.0941612826035
41.0,74.07407407407408,58.82352941176471,79.38384065928909
70.0,74.01574803149606,58.75,79.34208492090407
82.0,85.71428571428571,75.0,87.47604981638193
88.0,85.38011695906432,74.48979591836735,87.21994935331176
82.0,80.7017543859649,67.64705882352942,83.79059988096063
74.0,63.10679611650486,46.09929078014184,72.9738137363422
63.0,59.55056179775281,42.4,71.12817668535402
47.0,38.095238095238095,23.52941176470588,61.72583338414705
34.0,74.07407407407408,58.82352941176471,79.39082584734926
46.0,77.96610169491525,63.888888888888886,81.91851186914023
74.0,73.68421052631578,58.333333333333336,79.13175534143276
92.0,85.0828729281768,74.03846153846155,86.99228412358914
93.0,86.31578947368422,75.92592592592592,87.937011751241
86.0,81.52173913043478,68.80733944954129,84.36973826631672
80.0,59.74025974025974,42.592592592592595,71.20349489130298
68.0,57.59162303664922,40.44117647058824,70.13978378207092
49.0,32.25806451612903,19.230769230769234,59.57352359397569
36.0,76.5432098765432,62.0,80.98105494067205
48.0,80.0,66.66666666666666,83.30939461644856
81.0,73.33333333333333,57.89473684210527,78.90746498736216
98.0,81.48148148148148,68.75,84.34006916305714
104.0,86.4321608040201,76.10619469026548,88.02614585780992
88.0,78.97435897435898,65.2542372881356,82.58619966364903
83.0,65.72769953051643,48.95104895104895,74.40267890812736
75.0,57.84313725490197,40.689655172413794,70.25902835640463
59.0,15.384615384615385,8.333333333333332,54.11185412555726
35.0,77.92207792207793,63.829787234042556,81.8979431124945
59.0,75.96899224806202,61.25000000000001,80.59407854050711
84.0,74.84662576687117,59.80392156862745,79.86105486792144
100.0,80.61224489795919,67.52136752136752,83.72275733794388
105.0,85.30805687203792,74.3801652892562,87.15913587307517
92.0,78.67298578199052,64.84375,82.37695854460702
87.0,58.333333333333336,41.17647058823529,70.48844684562845
76.0,61.904761904761905,44.827586206896555,72.33397031004962
57.0,21.21212121212121,11.864406779661017,55.8803785577629
38.0,72.09302325581395,56.36363636363636,78.15788758056182
64.0,75.0,60.0,79.96608478802992
95.0,75.0,60.0,79.95809470596451
101.0,78.81773399014779,65.04065040650406,82.4774076050406
107.0,83.41232227488152,71.54471544715447,85.73741921535172
101.0,80.0,66.66666666666666,83.28741048372068
98.0,61.224489795918366,44.11764705882353,71.9640150425552
76.0,63.888888888888886,46.93877551020408,73.39155431865603
61.0,11.267605633802818,5.970149253731343,52.922290603904656
45.0,72.72727272727273,57.14285714285714,78.54749749293464
62.0,76.92307692307693,62.5,81.22007540996688
90.0,76.08695652173914,61.40350877192983,80.65784746862967
102.0,78.04878048780488,64.0,81.9550862344299
108.0,79.62085308056872,66.14173228346458,83.02794511641886
105.0,80.34188034188034,67.14285714285714,83.52550388790954
102.0,59.92217898832685,42.77777777777778,71.28609242588564
81.0,59.64912280701754,42.5,71.15819829168994
82.0,4.040404040404041,2.0618556701030926,50.93625728855336
35.0,74.66666666666667,59.57446808510638,79.7682901165741
37.0,66.66666666666666,50.0,74.97008734495274
63.0,60.60606060606061,43.47826086956522,71.70024398322117
82.0,70.50359712230215,54.44444444444444,77.18132609837679
71.0,78.74015748031496,64.93506493506493,82.44060033650267
81.0,84.35374149659864,72.94117647058823,86.4476405560029
75.0,64.48087431693989,47.58064516129033,73.72547432556206
58.0,59.25925925925925,42.10526315789473,70.98680010751424
42.0,70.88607594936708,54.90196078431373,77.4280482712348
35.0,75.32467532467533,60.416666666666664,80.18938902958635
42.0,68.96551724137932,52.63157894736842,76.27988712806429
73.0,65.54621848739495,48.75,74.3341120330295
86.0,81.98757763975155,69.47368421052632,84.70790576521128
92.0,82.14285714285714,69.6969696969697,84.81854891139024
82.0,82.5,70.2127659574468,85.0784444435009
77.0,65.60846560846561,48.818897637795274,74.3445966817703
60.0,62.42038216560509,45.370370370370374,72.62633466550517
45.0,63.26530612244898,46.26865671641791,73.09843245632442
37.0,79.48717948717949,65.95744680851064,82.96276967008441
57.0,60.56338028169014,43.43434343434344,71.6613202819893
78.0,66.15384615384615,49.42528735632184,74.66876040766046
94.0,80.0,66.66666666666666,83.29840737636212
98.0,83.33333333333334,71.42857142857143,85.68434619212049
87.0,83.23699421965318,71.28712871287128,85.61462455123046
87.0,67.61904761904762,51.07913669064749,75.47171084607217
70.0,61.62162162162163,44.53125,72.1947935787825
47.0,67.96116504854369,51.470588235294116,75.70238691595583
37.0,79.01234567901234,65.3061224489796,82.63611004388991
62.0,63.76811594202898,46.808510638297875,73.3543869715865
81.0,67.64705882352942,51.11111111111111,75.51166965888689
100.0,80.0,66.66666666666666,83.29540918163673
103.0,84.65608465608466,73.39449541284404,86.66830327972129
89.0,82.87292817679558,70.75471698113208,85.34642098432863
89.0,60.83333333333333,43.712574850299404,71.76248066707134
74.0,60.952380952380956,43.83561643835616,71.83599148865444
52.0,66.12903225806451,49.39759036144578,74.65690827536736
36.0,68.08510638297872,51.61290322580645,75.7765377647858
62.0,59.863945578231295,42.71844660194174,71.3003786508472
90.0,65.33333333333333,48.51485148514851,74.20555748794102
101.0,80.0,66.66666666666666,83.29440962380401
107.0,83.50515463917526,71.68141592920354,85.80876864930084
97.0,83.07692307692308,71.05263157894737,85.4933783705696
89.0,60.83333333333333,43.712574850299404,71.76248066707134
76.0,57.14285714285714,40.0,69.90721155764857
53.0,64.17910447761194,47.25274725274725,73.57850096764584
44.0,71.11111111111111,55.172413793103445,77.56028156151662
65.0,58.666666666666664,41.509433962264154,70.69288023015466
94.0,69.46107784431138,53.21100917431193,76.55462466377514
104.0,80.40201005025126,67.22689075630252,83.57452011465718
106.0,84.0,72.41379310344827,86.17495532358393
98.0,83.41708542713567,71.55172413793103,85.74292333501067
90.0,57.936507936507944,40.78212290502793,70.2852793636171
82.0,55.932203389830505,38.82352941176471,69.30799300362732
53.0,63.63636363636363,46.666666666666664,73.28546162949961
45.0,58.490566037735846,41.333333333333336,70.62279389769668
67.0,51.06382978723404,34.285714285714285,67.0740498034076
97.0,53.987730061349694,36.97478991596639,68.41259243663954
104.0,76.23762376237624,61.6,80.75209485219266
108.0,82.1256038647343,69.67213114754098,84.79913279143435
102.0,80.75117370892019,67.71653543307087,83.81734138393412
92.0,54.054054054054056,37.03703703703704,68.39977026481637
84.0,53.81526104417671,36.81318681318682,68.29184356125624
59.0,59.60264900662252,42.45283018867924,71.16557449670542
51.0,59.64912280701754,42.5,71.2041302700331
67.0,56.95364238410596,39.81481481481482,69.84257984871354
94.0,63.73626373626373,46.774193548387096,73.32125216746542
103.0,74.75728155339806,59.68992248062015,79.79306399685213
109.0,81.73076923076923,69.10569105691057,84.51491456281275
104.0,80.36529680365297,67.17557251908397,83.5448618065792
92.0,56.22489959839358,39.10614525139665,69.4443032168451
86.0,51.93798449612403,35.07853403141361,67.41553674769108
62.0,52.112676056338024,35.23809523809524,67.55123613497335
47.0,0.0,0.0,49.87045599489796
67.0,0.0,0.0,49.80966996173469
92.0,19.718309859154928,10.9375,55.35511816713847
104.0,53.588516746411486,36.60130718954248,68.20388583738895
104.0,49.523809523809526,32.91139240506329,66.34995843220206
101.0,50.717703349282296,33.97435897435898,66.8844322453943
95.0,28.155339805825243,16.38418079096045,58.0445242399774
82.0,16.867469879518072,9.210526315789473,54.467708833904474
60.0,6.211180124223603,3.205128205128205,51.45207876242737
14.0,45.83333333333333,29.72972972972973,64.83895038265615
22.0,75.0,60.0,79.98604326587578
24.0,83.63636363636363,71.875,85.92852745598469
31.0,73.68421052631578,58.333333333333336,79.14672569195183
36.0,85.0,73.91304347826086,86.94455572261732
27.0,82.53968253968253,70.27027027027027,85.12416803643124
35.0,70.58823529411765,54.54545454545454,77.24780006018788
34.0,81.92771084337349,69.38775510204081,84.67892003037902
27.0,82.53968253968253,70.27027027027027,85.12416803643124
35.0,76.5432098765432,62.0,80.98105494067205
39.0,85.71428571428571,75.0,87.48803350618269
27.0,85.71428571428571,75.0,87.49102674031386
41.0,66.01941747572816,49.275362318840585,74.60278027792374
39.0,74.0,58.730158730158735,79.33915144469803
28.0,80.59701492537313,67.5,83.7370386248978
41.0,69.3069306930693,53.03030303030303,76.48423868932035
40.0,67.2566371681416,50.66666666666667,75.2964351722579
28.0,84.375,72.97297297297297,86.47651619794634
41.0,72.91666666666666,57.377049180327866,78.66259770398297
39.0,77.77777777777779,63.63636363636363,81.79823805958108
28.0,81.25,68.42105263157895,84.1985622081125
43.0,70.58823529411765,54.54545454545454,77.24281103818399
43.0,75.24752475247524,60.317460317460316,80.13379896881432
27.0,84.21052631578947,72.72727272727273,86.35466364071405
38.0,51.42857142857142,34.61538461538461,67.25684383613755
37.0,61.6822429906542,44.5945945945946,72.25641422289011
30.0,80.59701492537313,67.5,83.7370386248978
43.0,49.152542372881356,32.58426966292135,66.23231071436494
39.0,62.71186440677966,45.67901234567901,72.79562815373262
30.0,83.33333333333334,71.42857142857143,85.70232065226682
40.0,51.32743362831859,34.523809523809526,67.20706598790034
39.0,62.71186440677966,45.67901234567901,72.79562815373262
30.0,87.87878787878788,78.37837837837837,89.18121264024309
43.0,56.896551724137936,39.75903614457831,69.8296606644755
39.0,61.94690265486725,44.871794871794876,72.39301835490583
29.0,86.15384615384616,75.67567567567568,87.82886439921616
40.0,53.91304347826087,36.904761904761905,68.39953420793982
40.0,60.0,42.857142857142854,71.38070545330218
29.0,78.87323943661971,65.11627906976744,82.5431838038476
41.0,53.91304347826087,36.904761904761905,68.39953420793982
41.0,58.06451612903226,40.909090909090914,70.40269064800377
29.0,88.88888888888889,80.0,89.99302065884982
41.0,55.35714285714286,38.2716049382716,69.08594704985173
41.0,60.16260162601627,43.02325581395349,71.462763749335
28.0,90.32258064516128,82.35294117647058,91.17048829582085
43.0,51.724137931034484,34.883720930232556,67.38602350902806
41.0,57.14285714285714,40.0,69.9461507778221
28.0,91.52542372881356,84.375,92.18251485572992
47.0,50.35971223021583,33.65384615384615,66.7581171097505
38.0,36.94267515923567,22.65625,61.22941520679204
30.0,50.467289719626166,33.75,66.82215747073721
17.0,52.83018867924528,35.8974358974359,67.9237986871255
22.0,61.111111111111114,44.0,71.97208597519639
29.0,69.23076923076923,52.94117647058824,76.44665954279776
32.0,68.4931506849315,52.083333333333336,76.01873591752906
28.0,69.44444444444444,53.191489361702125,76.5738109208064
23.0,63.33333333333333,46.34146341463415,73.14880057108485
30.0,57.971014492753625,40.816326530612244,70.37925346388656
32.0,59.154929577464785,42.0,70.97108962217126
21.0,0.0,0.0,49.96312978316326
22.0,69.56521739130434,53.333333333333336,76.65271132376395
23.0,67.9245283018868,51.42857142857142,75.69733926506525
28.0,84.21052631578947,72.72727272727273,86.35466364071405
29.0,80.76923076923077,67.74193548387096,83.86099864613247
30.0,81.48148148148148,68.75,84.36503070542729
26.0,79.24528301886792,65.625,82.80153399461669
28.0,67.85714285714286,51.35135135135135,75.6577320187584
32.0,66.66666666666666,50.0,74.97906489881368
19.0,60.46511627906976,43.333333333333336,71.64972190658455
25.0,73.68421052631578,58.333333333333336,79.15171302296216
29.0,78.68852459016394,64.86486486486487,82.41947183265576
28.0,83.07692307692308,71.05263157894737,85.51534847207951
28.0,84.375,72.97297297297297,86.47651619794634
27.0,79.36507936507937,65.78947368421053,82.88177598389706
27.0,74.28571428571429,59.09090909090909,79.5275083839391
33.0,74.66666666666667,59.57446808510638,79.7682901165741
33.0,59.70149253731343,42.5531914893617,71.24967972266953
33.0,30.37974683544304,17.91044776119403,58.90040369081948
27.0,61.33333333333333,44.230769230769226,72.0864730846686
27.0,68.42105263157895,52.0,75.97607178464607
30.0,73.17073170731707,57.692307692307686,78.82421789911919
36.0,80.95238095238095,68.0,83.98404531131587
28.0,75.0,60.0,79.98205348062773
31.0,75.0,60.0,79.98005822996849
34.0,71.60493827160494,55.769230769230774,77.86168280639536
42.0,65.88235294117646,49.122807017543856,74.53248909543541
36.0,26.77165354330709,15.454545454545453,57.6345675298007
28.0,70.76923076923077,54.761904761904766,77.36201034358672
30.0,71.05263157894737,55.10204081632652,77.52908577337494
35.0,80.0,66.66666666666666,83.31737928100405
35.0,87.17948717948718,77.27272727272727,88.62639195593604
31.0,77.33333333333333,63.04347826086957,81.50478896392433
29.0,68.29268292682927,51.85185185185185,75.90000265879662
34.0,71.26436781609196,55.35714285714286,77.6536437189294
41.0,65.85365853658537,49.09090909090909,74.51753773754213
35.0,26.804123711340207,15.476190476190476,57.667325945987514
27.0,59.09090909090909,41.935483870967744,70.93184961245296
31.0,78.94736842105263,65.21739130434783,82.59274223614871
33.0,79.48717948717949,65.95744680851064,82.96276967008441
33.0,80.51948051948052,67.3913043478261,83.68069554812783
29.0,77.77777777777779,63.63636363636363,81.80222903840995
33.0,71.26436781609196,55.35714285714286,77.6536437189294
36.0,76.19047619047619,61.53846153846154,80.74928820381916
36.0,58.536585365853654,41.37931034482759,70.6557582191517
37.0,19.298245614035086,10.679611650485436,55.24810842665805
38.0,53.84615384615385,36.84210526315789,68.37319429226332
30.0,78.26086956521739,64.28571428571429,82.12790171004691
40.0,89.74358974358975,81.3953488372093,90.68969691516435
41.0,90.0,81.81818181818183,90.90111324654603
35.0,85.33333333333334,74.4186046511628,87.198333914605
42.0,68.04123711340206,51.5625,75.75033840715554
42.0,66.66666666666666,50.0,74.96210459132793
41.0,81.0126582278481,68.08510638297872,84.02759626743065
45.0,27.81456953642384,16.153846153846153,57.968259932670264
53.0,61.15702479338842,44.047619047619044,71.97693982158171
52.0,71.11111111111111,55.172413793103445,77.56028156151662
48.0,79.01234567901234,65.3061224489796,82.63611004388991
53.0,75.29411764705883,60.37735849056604,80.16773955160083
61.0,53.73134328358209,36.734693877551024,68.30552005405274
60.0,69.93006993006993,53.76344086021505,76.83882851772672
52.0,69.23076923076923,52.94117647058824,76.43069276143562
48.0,40.28776978417266,25.225225225225223,62.52985756754601
41.0,26.356589147286826,15.178571428571427,57.49458685665299
17.0,55.319148936170215,38.23529411764706,69.09671529636913
25.0,64.0,47.05882352941176,73.51146918097382
26.0,6.896551724137931,3.571428571428571,51.758808456117876
31.0,33.33333333333333,20.0,59.97209432119437
29.0,52.38095238095239,35.483870967741936,67.72200126678734
21.0,57.14285714285714,40.0,69.97009330887632
29.0,66.66666666666666,50.0,74.9710850100704
36.0,69.04761904761905,52.72727272727272,76.33771257956154
38.0,50.63291139240506,33.89830508474576,66.91027384391208
22.0,66.66666666666666,50.0,74.98305388863415
25.0,71.69811320754717,55.88235294117647,77.92622342315717
31.0,80.7017543859649,67.64705882352942,83.81256296907932
29.0,83.01886792452831,70.96774193548387,85.4748986026265
30.0,76.19047619047619,61.53846153846154,80.7542762310269
30.0,71.42857142857143,55.55555555555556,77.757837995919
31.0,69.56521739130434,53.333333333333336,76.64573031318126
38.0,65.75342465753424,48.97959183673469,74.46487168802759
38.0,52.17391304347826,35.294117647058826,67.61416277504263
27.0,73.84615384615385,58.536585365853654,79.25134420629578
29.0,74.19354838709677,58.97435897435898,79.47122829781893
35.0,86.11111111111111,75.60975609756098,87.79490696492367
31.0,83.5820895522388,71.7948717948718,85.88646836134272
28.0,74.28571428571429,59.09090909090909,79.5275083839391
30.0,72.5,56.86274509803921,78.40943703941782
35.0,74.07407407407408,58.82352941176471,79.39082584734926
41.0,61.904761904761905,44.827586206896555,72.3818888163097
37.0,30.136986301369863,17.741935483870968,58.76928093729378
38.0,77.64705882352942,63.46153846153846,81.71182341580004
33.0,72.5,56.86274509803921,78.40943703941782
39.0,78.65168539325843,64.81481481481481,82.3884608367367
33.0,76.92307692307693,62.5,81.23205240697165
30.0,74.35897435897436,59.183673469387756,79.57189536232863
36.0,71.73913043478261,55.932203389830505,77.94017584285216
38.0,73.26732673267327,57.8125,78.87932485191169
44.0,76.0,61.29032258064516,80.62122734800339
45.0,37.2093023255814,22.857142857142858,61.32088157534871
29.0,70.12987012987013,54.0,76.97706833635766
34.0,75.0,60.0,79.98005822996849
36.0,78.04878048780488,64.0,81.98205169112956
39.0,82.92682926829268,70.83333333333334,85.40270631406806
32.0,77.5,63.26530612244898,81.61470511028223
34.0,66.66666666666666,50.0,74.96908964004388
36.0,62.857142857142854,45.83333333333333,72.87777788857201
44.0,71.28712871287128,55.38461538461539,77.66338866558252
39.0,24.675324675324674,14.074074074074074,56.92140013690346
61.0,72.56637168141593,56.94444444444444,78.44130569684076
49.0,83.51648351648352,71.69811320754717,85.83409788982408
38.0,82.5,70.2127659574468,85.09242290453558
41.0,80.0,66.66666666666666,83.31737928100405
30.0,77.33333333333333,63.04347826086957,81.50478896392433
37.0,73.11827956989248,57.6271186440678,78.78863012096492
46.0,64.12213740458014,47.19101123595505,73.548631241307
46.0,67.82608695652173,51.31578947368421,75.62099583981995
39.0,29.82456140350877,17.525773195876287,58.68314019151059
59.0,67.27272727272727,50.68493150684932,75.30656555597358
53.0,64.28571428571429,47.368421052631575,73.65429966069533
56.0,76.92307692307693,62.5,81.22905905346923
61.0,71.57894736842105,55.73770491803278,77.8419289218619
60.0,77.66990291262135,63.49206349206349,81.72309413633013
37.0,67.32673267326733,50.74626865671642,75.34022778294718
43.0,63.934426229508205,46.98795180722892,73.4500961341827
45.0,66.07142857142857,49.333333333333336,74.62877201380164
50.0,27.64227642276423,16.037735849056602,57.93015004737764
61.0,69.64285714285714,53.42465753424658,76.67842167256238
58.0,67.3913043478261,50.81967213114754,75.37992281400332
57.0,73.33333333333333,57.89473684210527,78.92343686530208
61.0,70.2127659574468,54.09836065573771,77.02126017949321
61.0,75.0,60.0,79.97407104533578
60.0,77.61194029850746,63.41463414634146,81.67739128911519
53.0,68.65671641791045,52.27272727272727,76.09447255317991
50.0,69.0909090909091,52.77777777777778,76.35498247060335
52.0,27.06766917293233,15.65217391304348,57.72939251096969
66.0,12.807881773399016,6.842105263157896,53.24462777660616
64.0,4.484304932735426,2.293577981651376,50.934514967983816
66.0,5.0359712230215825,2.5830258302583027,51.02840222924744
66.0,1.8604651162790697,0.9389671361502347,50.2592153016423
28.0,12.068965517241379,6.422018348623854,53.00766799971761
41.0,15.593220338983052,8.455882352941178,53.97970079204693
69.0,15.294117647058824,8.280254777070063,53.85298880428777
68.0,4.597701149425287,2.3529411764705883,50.92831431954883
66.0,0.0,0.0,49.73592952806122
30.0,83.63636363636363,71.875,85.92852745598469
35.0,84.84848484848484,73.68421052631578,86.83213477580047
37.0,67.64705882352942,51.11111111111111,75.53362267018478
32.0,66.66666666666666,50.0,74.97906489881368
20.0,55.55555555555556,38.46153846153847,69.20684626272633
34.0,88.88888888888889,80.0,89.99302065884982
44.0,81.0126582278481,68.08510638297872,84.02759626743065
42.0,71.7948717948718,56.00000000000001,77.97806492781368
39.0,70.27027027027027,54.166666666666664,77.06139913592556
29.0,62.5,45.45454545454545,72.70334737437378
38.0,88.57142857142857,79.48717948717949,89.73561287650429
45.0,89.65517241379311,81.25,90.61602459261623
56.0,74.0,58.730158730158735,79.33915144469803
41.0,69.23076923076923,52.94117647058824,76.44665954279776
31.0,62.5,45.45454545454545,72.70334737437378
49.0,89.13043478260869,80.3921568627451,90.18610535866884
59.0,75.72815533980582,60.9375,80.44381831282287
43.0,70.73170731707317,54.71698113207547,77.33456091919943
32.0,60.317460317460316,43.18181818181818,71.56598734519065
5.0,0.0,0.0,49.99501753826531
42.0,87.17948717948718,77.27272727272727,88.62639195593604
50.0,89.36170212765957,80.76923076923077,90.37464211298337
62.0,78.57142857142857,64.70588235294117,82.32900436964063
46.0,68.23529411764706,51.78571428571429,75.86593629016407
33.0,62.68656716417911,45.65217391304348,72.80116421701422
52.0,88.23529411764706,78.94736842105263,89.46171556836877
62.0,77.47747747747748,63.23529411764706,81.59271338240282
46.0,70.45454545454545,54.385964912280706,77.16705763811264
34.0,66.66666666666666,50.0,74.97707016529421
8.0,0.0,0.0,49.99202806122449
53.0,89.52380952380953,81.03448275862068,90.50626968627837
64.0,81.03448275862068,68.11594202898551,84.0360276284288
45.0,71.91011235955057,56.14035087719298,78.04524723183196
33.0,63.76811594202898,46.808510638297875,73.37933208271714
7.0,0.0,0.0,49.99302455357143
44.0,87.91208791208791,78.43137254901961,89.20471611334817
54.0,88.67924528301887,79.66101694915254,89.81853935490503
66.0,84.03361344537815,72.46376811594203,86.2129318176167
47.0,68.88888888888889,52.54237288135594,76.24326740587888
36.0,64.7887323943662,47.91666666666667,73.93340959995747
37.0,88.60759493670885,79.54545454545455,89.76375258135694
54.0,83.49514563106796,71.66666666666667,85.81637843336725
46.0,72.09302325581395,56.36363636363636,78.15788758056182
33.0,70.58823529411765,54.54545454545454,77.25278788845546
17.0,11.11111111111111,5.88235294117647,52.92523227527184
39.0,88.31168831168831,79.06976744186046,89.5259092085454
47.0,89.36170212765957,80.76923076923077,90.37464211298337
65.0,83.05084745762711,71.01449275362319,85.48729704810651
45.0,71.73913043478261,55.932203389830505,77.94017584285216
37.0,70.27027027027027,54.166666666666664,77.06139913592556
40.0,88.60759493670885,79.54545454545455,89.76375258135694
51.0,86.27450980392157,75.86206896551724,87.91707134544113
67.0,82.25806451612904,69.86301369863014,84.90956171215795
53.0,77.66990291262135,63.49206349206349,81.72309413633013
36.0,68.4931506849315,52.083333333333336,76.01873591752906
43.0,87.35632183908046,77.55102040816327,88.76454048051868
56.0,86.20689655172413,75.75757575757575,87.86282809743689
68.0,81.88976377952756,69.33333333333334,84.64372356555742
54.0,76.92307692307693,62.5,81.22606510292005
38.0,70.12987012987013,54.0,76.97706833635766
43.0,84.0909090909091,72.54901960784314,86.26054861602393
60.0,87.60330578512396,77.94117647058823,88.95562504474287
70.0,83.33333333333334,71.42857142857143,85.69233882575595
57.0,80.35714285714286,67.16417910447761,83.56014704161664
40.0,70.0,53.84615384615385,76.8991477534191
66.0,86.36363636363636,76.0,87.9820427382829
70.0,83.21167883211679,71.25,85.60205461002813
57.0,81.35593220338984,68.57142857142857,84.26377046190325
40.0,71.60493827160494,55.769230769230774,77.86168280639536
31.0,27.77777777777778,16.129032258064516,58.03860474596236
52.0,82.56880733944955,70.3125,85.13729964991722
67.0,85.92592592592592,75.32467532467533,87.64338239676441
72.0,83.21167883211679,71.25,85.60205461002813
61.0,81.9672131147541,69.44444444444444,84.7002775228646
39.0,70.88607594936708,54.90196078431373,77.4280482712348
60.0,80.67226890756302,67.6056338028169,83.77987563106053
69.0,82.96296296296296,70.88607594936708,85.42009304252073
73.0,84.05797101449275,72.5,86.2280517977573
61.0,80.64516129032258,67.56756756756756,83.7598441117573
41.0,67.46987951807229,50.90909090909091,75.42762513868041
58.0,69.23076923076923,52.94117647058824,76.4227050702169
64.0,74.66666666666667,59.57446808510638,79.74932502419725
58.0,79.33884297520662,65.75342465753424,82.85177616534548
35.0,75.9493670886076,61.224489795918366,80.59330021642926
31.0,0.0,0.0,49.9691087372449
22.0,0.0,0.0,49.97807716836735
39.0,0.0,0.0,49.96113679846938
52.0,0.0,0.0,49.94818239795919
66.0,0.0,0.0,49.93423150510204
57.0,0.0,0.0,49.94319993622449
60.0,0.0,0.0,49.940210459183675
27.0,0.0,0.0,49.97309470663265
49.0,0.0,0.0,49.94319993622449
58.0,79.38931297709924,65.82278481012658,82.8844591994133
72.0,80.76923076923077,67.74193548387096,83.841035389053
78.0,85.0828729281768,74.03846153846155,86.99228412358914
79.0,80.23952095808383,67.0,83.46707178351195
85.0,82.35294117647058,70.0,84.96706521088245
80.0,91.35802469135803,84.0909090909091,92.03148304731076
80.0,81.65680473372781,69.0,84.46906619833557
53.0,76.36363636363637,61.76470588235294,80.85642243493321
76.0,88.19875776397515,78.88888888888889,89.42548426083003
83.0,85.56149732620321,74.76635514018692,87.3562293107514
89.0,85.71428571428571,75.0,87.4720514253773
89.0,87.43169398907104,77.66990291262135,88.81199553168597
88.0,87.36842105263159,77.57009345794393,88.7610912860957
83.0,85.39325842696628,74.50980392156863,87.2289538569919
64.0,79.67479674796748,66.21621621621621,83.08317144722675
47.0,51.2396694214876,34.44444444444444,67.16339282746702
68.0,85.16129032258064,74.15730337078652,87.05570217431763
79.0,89.57055214723927,81.11111111111111,90.53859050356266
86.0,87.83068783068782,78.30188679245283,89.12798609680334
87.0,85.87570621468926,75.24752475247524,87.59881227643722
88.0,86.51685393258427,76.23762376237624,88.09485930728445
92.0,87.62886597938144,77.98165137614679,88.96686928872022
87.0,85.87570621468926,75.24752475247524,87.59881227643722
65.0,80.31496062992126,67.10526315789474,83.52769392308701
78.0,85.38011695906432,74.48979591836735,87.21994935331176
83.0,82.6086956521739,70.37037037037037,85.15324905744069
91.0,86.40776699029125,76.06837606837607,88.00623666956248
93.0,86.15384615384616,75.67567567567568,87.81088742659453
91.0,86.77248677248677,76.63551401869158,88.2928039211516
96.0,87.25490196078431,77.39130434782608,88.66969733533216
81.0,87.5,77.77777777777779,88.86693236281053
67.0,75.0,60.0,79.9680817108203
83.0,83.24324324324324,71.29629629629629,85.6172094068559
89.0,83.80952380952381,72.1311475409836,86.03163350535844
92.0,84.72906403940887,73.50427350427351,86.72119245187722
94.0,84.375,72.97297297297297,86.45654337839186
96.0,87.56218905472637,77.87610619469027,88.91309702004119
83.0,88.23529411764706,78.94736842105263,89.45372452908283
66.0,77.04918032786885,62.66666666666667,81.30540538743377
50.0,0.0,0.0,49.87543845663265
79.0,84.15300546448088,72.64150943396226,86.2918120235142
88.0,85.57213930348259,74.78260869565217,87.36235645403492
91.0,84.05797101449275,72.5,86.21705863562859
102.0,81.10599078341014,68.21705426356588,84.06759916500448
105.0,85.30805687203792,74.3801652892562,87.15913587307517
100.0,86.13861386138613,75.65217391304347,87.79813670796418
73.0,83.91608391608392,72.28915662650603,86.12163154974435
58.0,71.02803738317756,55.072463768115945,77.50531720856235
90.0,83.90243902439025,72.26890756302521,86.1015130747847
93.0,84.40366972477065,73.01587301587301,86.47399353213585
92.0,84.21052631578947,72.72727272727273,86.33069434159515
109.0,88.26291079812206,78.99159663865547,89.47083925219782
101.0,85.45454545454545,74.60317460317461,87.26963969566101
98.0,86.73469387755102,76.57657657657657,88.26233552232235
71.0,81.53846153846153,68.83116883116884,84.39164331070242
51.0,66.66666666666666,50.0,74.96110656800367
75.0,7.702523240371846,4.005524861878453,51.30979974124692
81.0,0.0,0.0,49.44096779336735
86.0,0.0,0.0,49.630301339285715
84.0,0.0,0.0,49.71400669642857
97.0,0.0,0.0,49.80966996173469
92.0,0.0,0.0,49.76781728316326
95.0,0.0,0.0,49.867466517857146
62.0,81.30081300813008,68.4931506849315,84.2236331567737
70.0,21.85430463576159,12.267657992565056,55.66286511681735
83.0,23.1023102310231,13.059701492537313,56.06483657630896
87.0,0.0,0.0,49.63528380102041
90.0,0.0,0.0,49.70204878826531
104.0,0.0,0.0,49.8046875
88.0,79.78142076502732,66.36363636363637,83.14489424512776
94.0,78.04878048780488,64.0,81.9550862344299
60.0,77.68595041322314,63.51351351351351,81.72982623749645
84.0,79.60199004975125,66.11570247933885,83.01692980881666
90.0,90.9090909090909,83.33333333333334,91.64969755045817
68.0,81.75182481751825,69.1358024691358,84.54296109091267
53.0,77.77777777777779,63.63636363636363,81.79424596626495
10.0,0.0,0.0,49.99003507653062
11.0,27.692307692307693,16.071428571428573,57.98887074314646
8.0,0.0,0.0,49.979073660714285
47.0,0.0,0.0,49.82461734693878
88.0,31.349206349206348,18.58823529411765,58.94878758737461
92.0,32.510288065843625,19.41031941031941,59.37779479308912
95.0,0.0,0.0,49.70005580357143
108.0,0.0,0.0,49.78974011479592
89.0,85.85858585858585,75.22123893805309,87.58267033644785
98.0,78.26086956521739,64.28571428571429,82.09294299519114
73.0,76.92307692307693,62.5,81.21707966720535
44.0,72.54901960784314,56.92307692307692,78.43361608574317
90.0,34.63203463203463,20.94240837696335,60.1697829173223
94.0,32.592592592592595,19.469026548672566,59.462112555916804
96.0,0.0,0.0,49.71002072704081
110.0,0.0,0.0,49.800701530612244
102.0,85.71428571428571,75.0,87.47105152827966
97.0,88.77551020408163,79.81651376146789,89.88629597115299
72.0,77.24137931034483,62.92134831460674,81.42775316767847
47.0,74.50980392156863,59.375,79.66157156248754
76.0,41.24293785310734,25.97864768683274,62.781751442562125
90.0,74.52830188679245,59.3984962406015,79.64535267745987
92.0,35.43689320388349,21.533923303834808,60.50150848544035
97.0,0.0,0.0,49.70404177295919
110.0,0.0,0.0,49.77578922193878
104.0,86.25592417061611,75.83333333333333,87.8877158829989
99.0,87.87878787878788,78.37837837837837,89.1652318332827
72.0,78.26086956521739,64.28571428571429,82.11293016468389
74.0,39.1812865497076,24.363636363636363,61.97427063546922
85.0,46.62576687116564,30.4,65.02634730538922
91.0,37.745098039215684,23.26283987915408,61.3779218657632
88.0,0.0,0.0,49.717992665816325
103.0,0.0,0.0,49.8046875
102.0,88.46153846153845,79.3103448275862,89.63121266616912
112.0,86.23853211009175,75.80645161290323,87.87327492589571
78.0,83.11688311688312,71.11111111111111,85.52961366538953
80.0,37.34643734643734,22.9607250755287,61.22587151980028
90.0,42.857142857142854,27.27272727272727,63.42077325808238
92.0,40.78624078624078,25.617283950617285,62.56808940309296
96.0,0.0,0.0,49.713010204081634
106.0,17.040358744394617,9.313725490196079,54.47244182678155
99.0,88.46153846153845,79.3103448275862,89.63121266616912
111.0,84.50704225352112,73.17073170731707,86.55242251619897
75.0,78.87323943661971,65.11627906976744,82.52821136249744
94.0,17.765042979942695,9.748427672955975,54.588043729787394
88.0,8.391608391608392,4.37956204379562,52.05922491266919
66.0,69.64285714285714,53.42465753424658,76.67842167256238
64.0,0.0,0.0,49.90035076530612
31.0,0.0,0.0,49.9332350127551
12.0,0.0,0.0,49.98007015306122
45.0,0.0,0.0,49.92426658163265
29.0,0.0,0.0,49.8664700255102
44.0,25.88996763754045,14.869888475836431,57.206565428280435
52.0,48.91304347826087,32.37410071942446,66.09329599614478
63.0,61.05263157894737,43.93939393939394,71.89587119851696
70.0,75.77639751552795,61.0,80.46108949416342
51.0,60.0,42.857142857142854,71.37671351924298
46.0,68.46846846846847,52.054794520547944,75.9924935943918
60.0,83.72093023255815,72.0,85.97905111527872
74.0,83.56164383561644,71.76470588235294,85.85840801450782
76.0,83.33333333333334,71.42857142857143,85.69034126540711
60.0,73.21428571428571,57.74647887323944,78.84332021850862
49.0,80.0,66.66666666666666,83.31238946290608
63.0,88.88888888888889,80.0,89.98603351955308
75.0,88.88888888888889,80.0,89.98403575989784
82.0,79.45205479452055,65.9090909090909,82.92461608785085
58.0,77.06422018348624,62.68656716417911,81.31835040300949
53.0,80.73394495412845,67.6923076923077,83.82520914017762
63.0,87.5,77.77777777777779,88.87292719694955
77.0,87.67123287671232,78.04878048780488,89.00643047378749
82.0,80.79470198675497,67.77777777777779,83.85995543583093
65.0,78.68852459016394,64.86486486486487,82.40649882247394
55.0,81.08108108108108,68.18181818181817,84.06996396713338
69.0,88.23529411764706,78.94736842105263,89.45772124460724
81.0,91.3907284768212,84.14634146341463,92.06019849229965
84.0,84.21052631578947,72.72727272727273,86.33969000348311
65.0,76.03305785123968,61.33333333333333,80.63774187113505
67.0,87.4074074074074,77.63157894736842,88.79882916081631
88.0,90.0,81.81818181818183,90.8931241200122
82.0,85.33333333333334,74.4186046511628,87.18735149544091
65.0,79.67479674796748,66.21621621621621,83.08317144722675
22.0,58.536585365853654,41.37931034482759,70.67271075011891
72.0,84.67153284671532,73.41772151898735,86.68791020280744
86.0,86.79245283018868,76.66666666666667,88.3123781773671
92.0,84.33734939759037,72.91666666666666,86.43238833672613
63.0,76.27118644067797,61.64383561643836,80.79399097651823
48.0,48.0,31.57894736842105,65.75059653599887
60.0,82.35294117647058,70.0,84.97905320485965
70.0,83.82352941176471,72.15189873417721,86.05400160276768
84.0,84.61538461538461,73.33333333333333,86.64271935076165
97.0,87.64044943820225,78.0,88.97804303565013
81.0,79.74683544303798,66.3157894736842,83.12596689376745
61.0,87.09677419354838,77.14285714285715,88.55546751640284
72.0,87.5,77.77777777777779,88.8709294771594
83.0,88.46153846153845,79.3103448275862,89.63721085153634
65.0,77.96610169491525,63.888888888888886,81.91851186914023
25.0,28.333333333333332,16.50485436893204,58.16669979755639
54.0,84.11214953271028,72.58064516129032,86.27336700425529
66.0,90.07633587786259,81.94444444444444,90.95925257120561
87.0,85.54216867469879,74.73684210526315,87.34447134701338
84.0,89.94082840236686,81.72043010752688,90.84324898589917
67.0,78.4,64.47368421052632,82.20991051151128
57.0,87.5,77.77777777777779,88.87492435879533
72.0,88.88888888888889,80.0,89.98403575989784
90.0,85.88235294117646,75.25773195876289,87.60491531774441
89.0,90.5027932960894,82.6530612244898,91.30956285099128
78.0,77.46478873239437,63.2183908045977,81.57727265534648
62.0,85.0,73.91304347826086,86.93856662691097
77.0,87.67123287671232,78.04878048780488,89.00643047378749
88.0,85.02994011976048,73.95833333333334,86.9542190566477
91.0,89.61748633879782,81.1881188118812,90.575095058913
83.0,81.57894736842105,68.88888888888889,84.41650813922035
79.0,87.67123287671232,78.04878048780488,89.00643047378749
92.0,84.88372093023256,73.73737373737373,86.84274031858008
98.0,88.29787234042553,79.04761904761905,89.50185036783962
82.0,79.19463087248322,65.55555555555556,82.74685014843045
52.0,26.5625,15.315315315315313,57.563955630105276
66.0,84.5528455284553,73.23943661971832,86.60076531329064
82.0,85.52631578947368,74.71264367816092,87.33437057089584
94.0,85.71428571428571,75.0,87.47505039819565
99.0,87.62886597938144,77.98165137614679,88.96686928872022
90.0,77.70700636942675,63.541666666666664,81.73591364860819
71.0,81.88976377952756,69.33333333333334,84.64372356555742
80.0,85.33333333333334,74.4186046511628,87.18735149544091
98.0,83.79888268156425,72.11538461538461,86.02875076959926
100.0,89.00523560209425,80.18867924528303,90.07337777320747
91.0,78.3132530120482,64.35643564356435,82.14229756475278
72.0,80.0,66.66666666666666,83.3083961749724
76.0,83.91608391608392,72.28915662650603,86.12163154974435
92.0,82.08092485549133,69.6078431372549,84.77298653220393
98.0,89.00523560209425,80.18867924528303,90.07337777320747
99.0,79.55801104972376,66.05504587155964,82.99059973603529
92.0,65.17857142857143,48.34437086092716,74.09434578014324
96.0,55.06072874493927,37.988826815642454,68.88365265105584
101.0,72.80701754385966,57.24137931034483,78.55880476107544
87.0,65.80645161290323,49.03846153846153,74.46636293880682
29.0,0.0,0.0,49.89935427295919
25.0,77.55102040816327,63.33333333333333,81.65570109855055
37.0,80.0,66.66666666666666,83.31737928100405
45.0,80.45977011494253,67.3076923076923,83.63689395903553
39.0,81.92771084337349,69.38775510204081,84.67892003037902
28.0,72.41379310344827,56.75675675675676,78.36242782509356
13.0,75.0,60.0,79.99202615421417
30.0,79.36507936507937,65.78947368421053,82.88177598389706
43.0,84.44444444444444,73.07692307692307,86.52450007210867
47.0,86.5979381443299,76.36363636363637,88.16885292869655
43.0,80.85106382978722,67.85714285714286,83.91062097183203
30.0,76.92307692307693,62.5,81.23504516360592
15.0,77.77777777777779,63.63636363636363,81.81020765447225
29.0,84.375,72.97297297297297,86.47651619794634
41.0,79.12087912087912,65.45454545454545,82.70832577872865
45.0,86.31578947368422,75.92592592592592,87.94999796844816
39.0,83.14606741573034,71.15384615384616,85.56196466131846
30.0,78.68852459016394,64.86486486486487,82.41947183265576
18.0,80.0,66.66666666666666,83.32535885167465
34.0,80.59701492537313,67.5,83.7370386248978
42.0,89.8876404494382,81.63265306122449,90.80735094420727
44.0,88.88888888888889,80.0,89.98902896353627
41.0,84.44444444444444,73.07692307692307,86.52450007210867
33.0,78.37837837837837,64.44444444444444,82.20626912433002
19.0,69.23076923076923,52.94117647058824,76.4546386360278
32.0,84.50704225352112,73.17073170731707,86.5743978801412
43.0,89.13043478260869,80.3921568627451,90.18610535866884
46.0,89.79591836734694,81.48148148148148,90.73076707122824
42.0,86.02150537634408,75.47169811320755,87.72288432068547
36.0,80.0,66.66666666666666,83.31837700580971
22.0,72.72727272727273,57.14285714285714,78.55647522586673
31.0,82.1917808219178,69.76744186046511,84.87075877971209
44.0,86.31578947368422,75.92592592592592,87.94999796844816
47.0,86.27450980392157,75.86206896551724,87.91707134544113
44.0,85.71428571428571,75.0,87.4870355226679
37.0,82.1917808219178,69.76744186046511,84.87075877971209
25.0,73.68421052631578,58.333333333333336,79.15171302296216
33.0,82.5,70.2127659574468,85.09242290453558
45.0,83.16831683168317,71.1864406779661,85.5762657772086
47.0,86.53846153846155,76.27118644067797,88.1216298044885
43.0,85.1063829787234,74.07407407407408,87.0230750137404
36.0,78.94736842105263,65.21739130434783,82.59274223614871
25.0,75.0,60.0,79.98604326587578
35.0,80.48780487804879,67.3469387755102,83.65751501725474
51.0,83.33333333333334,71.42857142857143,85.6963327510494
47.0,85.43689320388349,74.57627118644068,87.2731750889516
45.0,83.33333333333334,71.42857142857143,85.69832911623242
39.0,84.33734939759037,72.91666666666666,86.44536989024286
29.0,74.6268656716418,59.523809523809526,79.7449559473248
31.0,80.55555555555556,67.44186046511628,83.70697127190246
40.0,83.14606741573034,71.15384615384616,85.56196466131846
46.0,85.1063829787234,74.07407407407408,87.0230750137404
42.0,77.27272727272727,62.96296296296296,81.46153812062632
33.0,72.22222222222221,56.52173913043478,78.24092938575578
37.0,63.49206349206349,46.51162790697674,73.23288549029354
31.0,80.55555555555556,67.44186046511628,83.70697127190246
44.0,85.1063829787234,74.07407407407408,87.0230750137404
47.0,87.12871287128714,77.19298245614034,88.58352545770394
44.0,86.31578947368422,75.92592592592592,87.94999796844816
36.0,82.66666666666667,70.45454545454545,85.21431031825887
34.0,77.14285714285715,62.7906976744186,81.37939637554506
37.0,86.07594936708861,75.55555555555556,87.76680892930744
45.0,84.5360824742268,73.21428571428571,86.59218324808731
49.0,85.14851485148515,74.13793103448276,87.05400531138895
43.0,80.89887640449437,67.9245283018868,83.94531161803553
36.0,82.1917808219178,69.76744186046511,84.87075877971209
33.0,75.32467532467533,60.416666666666664,80.18938902958635
37.0,88.31168831168831,79.06976744186046,89.5259092085454
44.0,87.91208791208791,78.43137254901961,89.20471611334817
49.0,92.0,85.18518518518519,92.58461333865284
46.0,86.02150537634408,75.47169811320755,87.72288432068547
39.0,76.74418604651163,62.264150943396224,81.11213250857266
34.0,64.1025641025641,47.16981132075472,73.55698996577506
41.0,85.0574712643678,74.0,86.98703603980933
48.0,88.46153846153845,79.3103448275862,89.64320353288346
50.0,85.98130841121495,75.40983606557377,87.68995693164983
50.0,82.82828282828282,70.6896551724138,85.3278733626106
41.0,82.75862068965517,70.58823529411765,85.27915952978718
35.0,65.78947368421053,49.01960784313725,74.48388220515221
42.0,84.44444444444444,73.07692307692307,86.52450007210867
54.0,81.08108108108108,68.18181818181817,84.06996396713338
56.0,81.41592920353983,68.65671641791045,84.30741266736337
53.0,81.1881188118812,68.33333333333333,84.14771782852964
43.0,78.16091954022988,64.15094339622641,82.0565255053008
35.0,61.53846153846154,44.44444444444444,72.18732551647125
72.0,76.42276422764228,61.8421052631579,80.8921272590401
64.0,77.04918032786885,62.66666666666667,81.30540538743377
58.0,78.94736842105263,65.21739130434783,82.58475836785881
53.0,81.1881188118812,68.33333333333333,84.14771782852964
43.0,80.0,66.66666666666666,83.31638147660644
36.0,65.9090909090909,49.152542372881356,74.5463591278928
69.0,72.58064516129032,56.9620253164557,78.44710150544813
68.0,84.44444444444444,73.07692307692307,86.51751139979157
53.0,79.64601769911505,66.17647058823529,83.06529539664902
53.0,76.19047619047619,61.53846153846154,80.7442985847725
45.0,74.72527472527473,59.64912280701754,79.80162653852531
38.0,62.264150943396224,45.20547945205479,72.56285379977648
75.0,3.115264797507788,1.5822784810126582,50.481199235324056
72.0,7.936507936507936,4.132231404958678,51.834883393744335
68.0,20.224719101123593,11.25,55.34179297965696
54.0,32.11009174311927,19.12568306010929,59.41525771640912
49.0,32.72727272727273,19.565217391304348,59.635021938571995
31.0,24.193548387096776,13.761467889908257,56.78703565345277
10.0,0.0,0.0,49.99003507653062
17.0,0.0,0.0,49.98305963010204
15.0,0.0,0.0,49.98505261479592
17.0,64.86486486486487,48.0,73.98704250059805
19.0,76.92307692307693,62.5,81.24102888698391
20.0,66.66666666666666,50.0,74.98704224229013
18.0,70.27027027027027,54.166666666666664,77.0723690768096
19.0,65.0,48.148148148148145,74.06011956577115
19.0,61.53846153846154,44.44444444444444,72.2072712613738
18.0,70.0,53.84615384615385,76.91111567751254
18.0,70.0,53.84615384615385,76.91111567751254
22.0,58.536585365853654,41.37931034482759,70.67271075011891
18.0,66.66666666666666,50.0,74.98604521350823
18.0,69.76744186046511,53.57142857142857,76.77275601135771
22.0,63.63636363636363,46.666666666666664,73.31738500591418
18.0,66.66666666666666,50.0,74.98604521350823
19.0,68.18181818181817,51.724137931034484,75.84811390082555
20.0,53.65853658536586,36.666666666666664,68.3143958271039
20.0,65.21739130434783,48.38709677419355,74.17759974173484
21.0,64.15094339622641,47.22222222222222,73.59217133958457
23.0,66.66666666666666,50.0,74.98305388863415
20.0,65.21739130434783,48.38709677419355,74.17759974173484
19.0,66.66666666666666,50.0,74.98504814497319
25.0,64.0,47.05882352941176,73.51146918097382
12.0,0.0,0.0,49.98804209183674
15.0,0.0,0.0,49.98505261479592
25.0,0.0,0.0,49.97508769132653
18.0,52.94117647058824,36.0,67.96810080146736
18.0,49.31506849315068,32.72727272727273,66.326752915333
25.0,57.49999999999999,40.35087719298245,70.14154231910005
18.0,53.73134328358209,36.734693877551024,68.33644459019702
18.0,59.01639344262295,41.86046511627907,70.9053113092859
27.0,57.14285714285714,40.0,69.96410910831074
20.0,63.49206349206349,46.51162790697674,73.23288549029354
18.0,55.38461538461539,38.297872340425535,69.12002752154255
26.0,55.00000000000001,37.93103448275862,68.92962778091754
22.0,57.14285714285714,40.0,69.96710132791004
19.0,52.94117647058824,36.0,67.96810080146736
33.0,65.93406593406593,49.18032786885246,74.55925419087738
23.0,59.45945945945946,42.30769230769231,71.12393827012801
21.0,60.86956521739131,43.75,71.84808344133187
33.0,65.85365853658537,49.09090909090909,74.51753773754213
23.0,51.68539325842697,34.84848484848485,67.38137360283594
29.0,63.63636363636363,46.666666666666664,73.30142777378958
33.0,56.86274509803921,39.726027397260275,69.81914267942659
25.0,57.14285714285714,40.0,69.96710132791004
31.0,63.41463414634146,46.42857142857143,73.18437544509328
38.0,69.56521739130434,53.333333333333336,76.63874707509041
25.0,48.54368932038835,32.05128205128205,65.97280060371524
51.0,62.11180124223602,45.04504504504504,72.46167585612186
50.0,64.28571428571429,47.368421052631575,73.63434118399267
100.0,65.38461538461539,48.57142857142857,74.23184894905593
184.0,67.13286713286713,50.526315789473685,75.16930805448125
264.0,80.52516411378556,67.3992673992674,83.61061945735494
336.0,91.19496855345912,83.8150289017341,91.8513864790914
392.0,91.45860709592641,84.26150121065376,92.06552623348774
475.0,87.1559633027523,77.23577235772358,88.50542734682709
557.0,80.38176033934252,67.19858156028369,83.41353661824454
609.0,75.0499001996008,60.063897763578275,79.78094486572489
631.0,24.795640326975477,14.152410575427682,56.52514209514121
647.0,0.0,0.0,49.35526945153062
611.0,29.329608938547487,17.18494271685761,58.087188859577175
548.0,15.384615384615385,8.333333333333332,53.64001489520162
440.0,7.421875,3.8539553752535496,51.45446138880507
320.0,73.15436241610739,57.67195767195767,78.67584432298793
214.0,85.01228501228502,73.93162393162393,86.90481562559238
150.0,84.0909090909091,72.54901960784314,86.23256433303372
82.0,83.22147651006712,71.26436781609196,85.60724077838161
204.0,78.28571428571428,64.31924882629107,82.08368364694317
297.0,88.01431127012522,78.59424920127796,89.23003066913488
365.0,93.53507565337001,87.85529715762273,93.8804939115026
421.0,93.58669833729216,87.94642857142857,93.91897781470067
519.0,93.7007874015748,88.14814814814815,94.00968775616663
586.0,94.36860068259386,89.33764135702747,94.60231925780155
624.0,86.94158075601375,76.89969604863222,88.29683815920639
650.0,48.31591173054588,31.852986217457886,65.48120812634022
654.0,49.88610478359909,33.23216995447648,66.17570625153414
625.0,62.90672451193059,45.88607594936709,72.60025643276798
560.0,41.03967168262654,25.817555938037867,62.4780019725371
451.0,64.02116402116403,47.081712062256805,73.26849651656919
346.0,66.33825944170772,49.631449631449634,74.61061816026398
212.0,83.29621380846325,71.37404580152672,85.61200639713256
160.0,89.6774193548387,81.28654970760235,90.61129851629093
132.0,78.37837837837837,64.44444444444444,82.17430751040925
228.0,84.46601941747572,73.10924369747899,86.49062440863709
329.0,92.11356466876973,85.38011695906432,92.63994220978635
381.0,92.80868385345997,86.58227848101265,93.23796269437317
450.0,91.87935034802784,84.97854077253218,92.41896102507687
540.0,89.22155688622755,80.54054054054053,90.1616817203296
599.0,92.89991445680069,86.74121405750799,93.2869933040144
640.0,86.89771766694844,76.83109118086696,88.25949065909765
651.0,79.12885662431943,65.46546546546547,82.50153048102385
655.0,82.2594880847308,69.86506746626686,84.73036113204712
619.0,76.32093933463796,61.70886075949367,80.611390167639
555.0,78.56410256410257,64.69594594594594,82.13810411590471
435.0,66.9365721997301,50.30425963488844,74.9067765086796
309.0,79.68503937007874,66.2303664921466,82.98598427966503
209.0,82.53275109170306,70.26022304832715,85.05009071875416
147.0,92.41379310344827,85.8974358974359,92.92673641320776
156.0,73.6,58.22784810126582,79.04803474466692
258.0,86.01694915254238,75.46468401486989,87.66630634817895
349.0,92.51101321585902,86.0655737704918,92.98164470999872
391.0,92.3489932885906,85.785536159601,92.83557591412382
468.0,90.74492099322799,83.05785123966942,91.4465532969352
550.0,84.5528455284553,73.23943661971832,86.4669851908881
606.0,89.53386103781882,81.05095541401273,90.4056798533007
643.0,81.79372197309416,69.19575113808801,84.39373236711319
657.0,68.31683168316832,51.8796992481203,75.61876435585361
655.0,68.84272997032642,52.488687782805435,75.92825655095157
623.0,76.45914396887159,61.88976377952756,80.7018270316797
554.0,71.39737991266377,55.51782682512734,77.49611977578058
426.0,68.20027063599458,51.74537987679672,75.63733219462783
292.0,81.6260162601626,68.95604395604396,84.36485222339003
203.0,83.81374722838137,72.13740458015268,85.99568330514025
146.0,92.41379310344827,85.8974358974359,92.92673641320776
166.0,78.4452296819788,64.53488372093024,82.20652105750897
267.0,87.07753479125249,77.11267605633803,88.49128208005364
352.0,85.25641025641025,74.30167597765363,87.0586720902093
402.0,82.25108225108225,69.85294117647058,84.80320186241299
472.0,72.37354085603113,56.70731707317073,78.14021885083271
564.0,78.82599580712788,65.05190311418684,82.3231403121135
607.0,84.57987072945522,73.28,86.47205277766604
653.0,73.74407582938389,58.408408408408405,78.92601913581285
660.0,60.0,42.857142857142854,71.04774121871394
657.0,65.17311608961303,48.338368580060425,73.82619648515217
622.0,63.69565217391304,46.730462519936204,73.03044786682815
549.0,67.27480045610034,50.687285223367695,75.0559579221227
426.0,66.57223796033995,49.89384288747346,74.71064263474211
302.0,79.09238249594813,65.41554959785523,82.57859912000427
212.0,84.14096916299559,72.6235741444867,86.2397654657614
151.0,90.10238907849829,81.98757763975155,90.96481431743793
173.0,77.3972602739726,63.128491620111724,81.49832886540612
273.0,87.71929824561403,78.125,88.99943819943546
362.0,86.86244204018547,76.775956284153,88.30279926643766
411.0,87.8048780487805,78.26086956521739,89.04016759172369
479.0,75.53324968632371,60.68548387096774,80.14725321367936
573.0,75.05330490405117,60.068259385665534,79.79930310323739
612.0,86.20071684587813,75.74803149606299,87.71907058252188
649.0,79.34485896269335,65.76168929110105,82.65265807538566
659.0,66.73346693386773,50.07518796992482,74.7045482212644
657.0,63.36429308565531,46.37462235649547,72.83137863498439
626.0,67.08860759493672,50.476190476190474,74.92520663446092
558.0,68.60986547085201,52.218430034129696,75.82848511933074
426.0,59.05044510385756,41.89473684210526,70.67124140262415
312.0,79.93827160493827,66.58097686375322,83.16027227305295
210.0,85.19362186788155,74.20634920634922,87.03816030002791
151.0,89.79591836734694,81.48148148148148,90.71076711752917
184.0,79.375,65.80310880829016,82.83561902082073
290.0,88.92857142857142,80.06430868167203,89.97006368848358
365.0,90.30390738060781,82.32189973614776,91.09376713102911
429.0,87.85529715762273,78.3410138248848,89.07619757782486
501.0,70.03792667509482,53.89105058365759,76.70804558281658
580.0,77.39938080495357,63.13131313131313,81.34578146274698
616.0,80.22388059701493,66.97819314641744,83.27601411431755
658.0,76.47058823529412,61.904761904761905,80.69514622569285
667.0,54.82123510292525,37.76119402985075,68.46295384444284
656.0,57.945945945945944,40.791476407914764,70.00602112453123
628.0,59.06040268456376,41.904761904761905,70.58573565666049
552.0,62.216924910607865,45.15570934256055,72.2603148535902
417.0,67.96657381615599,51.47679324894515,75.50808339848523
291.0,82.6086956521739,70.37037037037037,85.07298322165082
207.0,85.26077097505669,74.30830039525692,87.08913459388357
153.0,89.93288590604027,81.70731707317073,90.82368371543512
181.0,77.95527156549521,63.87434554973822,81.86824721447434
282.0,87.54578754578755,77.85016286644951,88.85699564513176
364.0,93.66391184573003,88.08290155440415,93.9952994006871
411.0,88.48167539267016,79.34272300469483,89.58307545555581
488.0,74.07407407407408,58.82352941176471,79.20124261108727
576.0,75.78288100208769,61.00840336134454,80.27133074336675
613.0,82.77119416590702,70.60653188180405,85.11320922556474
660.0,81.46853146853147,68.73156342182891,84.1525449376294
672.0,66.73151750972762,50.07299270072993,74.69335024236423
664.0,70.72463768115942,54.7085201793722,77.05010429767647
630.0,69.15113871635612,52.84810126582279,76.12510596776954
560.0,75.0263435194942,60.03372681281619,79.77900712379066
433.0,69.05710491367863,52.73833671399595,76.13577625827212
323.0,79.45619335347432,65.91478696741855,82.82115643123798
217.0,84.95575221238938,73.84615384615385,86.85505515611149
152.0,92.3076923076923,85.71428571428571,92.83416032386815
96.0,75.32467532467533,60.416666666666664,80.17042280218683
205.0,75.0,60.0,79.91608391608392
332.0,84.7972972972973,73.60703812316716,86.71338385877937
383.0,93.51351351351352,87.81725888324873,93.86046568485133
439.0,94.15807560137456,88.96103896103897,94.42927864860951
532.0,93.7679769894535,88.26714801444044,94.06816454398033
593.0,94.23728813559322,89.1025641025641,94.48276129352308
637.0,89.0742285237698,80.30075187969925,90.01843121562418
655.0,75.53093259464451,60.682492581602375,80.07500560922504
669.0,87.52025931928688,77.80979827089337,88.74976979383979
633.0,87.21934369602764,77.33537519142419,88.51870730540186
586.0,93.11246730601569,87.11256117455139,93.47671086808629
483.0,93.30543933054393,87.45098039215686,93.66114271970602
384.0,85.54913294797689,74.74747474747475,87.27349679635165
238.0,87.4439461883408,77.68924302788844,88.78860022585475
173.0,86.687306501548,76.50273224043715,88.20839705794342
145.0,65.43778801843318,48.63013698630137,74.24022566309381
215.0,81.38297872340425,68.60986547085201,84.23496492062081
335.0,88.41761827079935,79.23976608187134,89.54874788413775
389.0,95.07772020725389,90.61728395061729,95.27049625867109
447.0,94.19642857142857,89.0295358649789,94.46251082753307
545.0,94.18282548476455,89.00523560209425,94.43919413093074
602.0,94.03973509933775,88.75,94.30243105950653
642.0,90.77786688051323,83.11306901615272,91.44063045647385
660.0,76.78571428571429,62.31884057971014,80.89809274593193
670.0,85.61928512053201,74.8546511627907,87.25314463457592
633.0,87.56476683937824,77.88018433179722,88.79513253312969
579.0,91.05403011514615,83.57723577235772,91.68693047930843
472.0,89.00862068965517,80.19417475728156,89.9946015960312
372.0,88.13559322033898,78.78787878787878,89.30971029077878
230.0,90.82774049217002,83.19672131147541,91.55733850377564
170.0,89.6969696969697,81.31868131868131,90.62535968868423
156.0,69.70954356846472,53.503184713375795,76.67872642999302
236.0,82.6603325415677,70.44534412955466,85.14967498466052
347.0,90.9090909090909,83.33333333333334,91.60651749672522
397.0,95.35759096612296,91.12709832134293,95.52639758223143
466.0,93.53448275862068,87.85425101214574,93.86681430025084
553.0,93.55131698455949,87.8839590443686,93.87049485614858
606.0,93.55371900826445,87.88819875776397,93.86548619605594
643.0,93.28125,87.40849194729137,93.61751570478185
658.0,87.65133171912834,78.01724137931035,88.8544893657376
665.0,93.32298136645963,87.48180494905385,93.6541652077594
633.0,91.66666666666666,84.61538461538461,92.20693867048601
569.0,92.7743086529884,86.522462562396,93.17967014055036
458.0,88.36158192090396,79.1497975708502,89.4714539727305
350.0,89.02255639097744,80.21680216802169,90.03522546251926
222.0,90.32258064516128,82.35294117647058,91.1344537815126
159.0,91.48264984227129,84.30232558139535,92.1241795203253
166.0,69.01960784313725,52.69461077844312,76.2684441849411
243.0,84.30493273542601,72.86821705426357,86.36409172309881
358.0,91.32947976878613,84.04255319148936,91.96110812402387
407.0,95.07389162561576,90.61032863849765,95.26499561067281
476.0,93.00847457627118,86.93069306930693,93.39899753893599
558.0,92.58920402561756,86.20102214650767,93.01897292145193
614.0,91.28978224455612,83.9753466872111,91.88290011719464
645.0,90.0481540930979,81.89781021897811,90.82394290047968
664.0,84.52579034941763,73.19884726224784,86.41218033564192
666.0,90.22435897435898,82.18978102189782,90.97193886521089
636.0,90.25210084033614,82.23583460949465,91.00107369387683
577.0,93.28621908127208,87.41721854304636,93.63207043813613
456.0,87.26851851851852,77.41273100616016,88.59592151826111
338.0,88.58024691358025,79.50138504155125,89.6765278752626
221.0,91.70506912442397,84.68085106382979,92.3044089642938
153.0,92.25806451612904,85.62874251497006,92.79038708703753
166.0,74.81481481481481,59.76331360946746,79.81375865196289
264.0,88.39103869653768,79.1970802919708,89.54149336762714
361.0,92.37288135593221,85.8267716535433,92.8592222527782
411.0,93.81818181818183,88.35616438356165,94.12686605970346
478.0,93.19371727748691,87.25490196078431,93.56209938882955
564.0,92.7927927927928,86.5546218487395,93.19676482179429
614.0,91.18136439267886,83.79204892966361,91.78922991336891
650.0,88.14935064935064,78.80986937590711,89.2578551239538
666.0,83.65465213746856,71.90201729106627,85.75474075496004
670.0,87.83673469387755,78.31149927219796,89.00566300891819
638.0,86.41114982578398,76.07361963190185,87.87980498503305
578.0,93.88839681133747,88.48080133555926,94.17090866439568
456.0,86.74418604651163,76.59137577002053,88.1812369483197
340.0,89.86384266263238,81.5934065934066,90.72954076337263
223.0,91.81818181818183,84.87394957983193,92.40095606017651
161.0,91.48264984227129,84.30232558139535,92.1241795203253
170.0,76.2589928057554,61.627906976744185,80.74804575919295
267.0,88.04780876494024,78.64768683274022,89.26378936772632
363.0,92.39280774550484,85.8611825192802,92.8754169086911
412.0,94.64922711058263,89.84198645598194,94.87579253692262
481.0,93.89002036659878,88.48368522072937,94.1814986497894
570.0,92.00359389038636,85.19134775374376,92.50607175058323
614.0,90.15979814970564,82.08269525267994,90.92349911707325
654.0,86.77074774034512,76.63280116110305,88.15425910456054
670.0,85.52522746071133,74.71098265895954,87.17928963391603
672.0,88.81632653061224,79.88252569750367,89.80324705249136
643.0,91.74917491749174,84.7560975609756,92.27728296025403
574.0,92.40393208221627,85.88039867109634,92.85461565484579
456.0,86.7132867132867,76.5432098765432,88.15715629960805
345.0,88.49028400597906,79.35656836461126,89.60109893771862
220.0,92.23744292237443,85.59322033898306,92.76259248029315
159.0,90.7936507936508,83.13953488372093,91.5407865692364
172.0,79.86348122866895,66.47727272727273,83.17970590158158
279.0,88.42504743833017,79.25170068027211,89.56478072076997
364.0,93.60544217687075,87.97953964194375,93.9426113685718
420.0,94.15971394517283,88.96396396396396,94.43276641781091
497.0,89.81288981288982,81.50943396226415,90.65621263889985
576.0,89.25318761384335,80.5921052631579,90.17730690843761
618.0,88.66328257191202,79.63525835866263,89.68269000266169
656.0,86.88524590163934,76.81159420289855,88.2446562240372
674.0,82.56107834877844,70.3012912482066,84.94233744876216
671.0,83.33333333333334,71.42857142857143,85.51907933888575
638.0,85.41114058355438,74.53703703703704,87.10249915965508
574.0,91.93109700815957,85.06711409395973,92.44396394061573
453.0,84.58781362007169,73.29192546583852,86.51650185218385
326.0,90.48361934477379,82.62108262108262,91.24940191271426
224.0,91.36363636363637,84.10041841004184,92.01219019551617
161.0,91.19496855345912,83.8150289017341,91.87953180011053
170.0,77.46478873239437,63.2183908045977,81.54527977093225
273.0,88.32684824902724,79.09407665505228,89.4869770650384
365.0,92.66304347826086,86.32911392405063,93.11037817201829
418.0,93.77990430622009,88.28828828828829,94.09191852948884
486.0,90.89026915113871,83.30170777988614,91.56238856231977
575.0,88.96991795806746,80.13136288998358,89.94392166395815
617.0,90.18302828618968,82.12121212121211,90.94173593125923
656.0,87.84440842787681,78.32369942196532,89.01074361435535
674.0,84.34925864909391,72.93447293447294,86.27595102909214
677.0,88.09716599190284,78.72648335745296,89.21515173675357
645.0,89.15054667788057,80.42488619119878,90.0825232631859
580.0,92.97777777777779,86.87707641196013,93.35898611446495
463.0,86.07888631090486,75.56008146639512,87.6595709008514
364.0,89.7841726618705,81.4621409921671,90.65987684936448
229.0,90.2654867256637,82.25806451612904,91.0850076042584
167.0,90.85365853658537,83.24022346368714,91.5901279231003
100.0,78.02197802197803,63.96396396396396,81.94206580595164
234.0,75.06172839506173,60.079051383399204,79.93857414844037
355.0,79.21092564491654,65.57788944723619,82.65171142701386
409.0,80.6312769010043,67.54807692307693,83.6387543649356
478.0,62.0199146514936,44.948453608247426,72.20700233557012
566.0,41.51967435549525,26.1986301369863,62.66851323733549
621.0,32.8515111695138,19.654088050314467,59.31656471405455
709.0,40.969162995594715,25.761772853185594,62.34477920514851
724.0,49.84488107549121,33.19559228650138,66.11216482253376
746.0,57.414448669201526,40.266666666666666,69.68420152116667
683.0,64.15094339622641,47.22222222222222,73.24904664157066
637.0,78.4243509400179,64.50662739322533,82.01104420447386
528.0,49.78783592644979,33.14500941619586,66.21750470809793
430.0,0.0,0.0,49.571508290816325
274.0,92.13483146067416,85.41666666666666,92.66627445089793
182.0,87.32394366197182,77.5,88.70501889206534
108.0,69.00584795321637,52.67857142857143,76.28640944475642
115.0,54.6583850931677,37.60683760683761,68.73061101597764
127.0,80.68669527896995,67.62589928057554,83.76802331945395
131.0,18.91891891891892,10.44776119402985,55.104268141371215
134.0,0.0,0.0,49.8664700255102
127.0,0.0,0.0,49.87344547193878
116.0,0.0,0.0,49.8844068877551
75.0,5.194805194805195,2.666666666666667,51.26058649233999
117.0,82.62910798122066,70.39999999999999,85.16306500559017
126.0,86.4,76.05633802816901,87.99421519128352
133.0,86.16600790513834,75.69444444444444,87.81226905946032
143.0,69.26406926406926,52.980132450331126,76.41920228393273
148.0,77.64705882352942,63.46153846153846,81.67385687579589
135.0,81.9672131147541,69.44444444444444,84.6782890007189
122.0,46.913580246913575,30.64516129032258,65.23681735185083
71.0,73.77049180327869,58.44155844155844,79.18886284169243
117.0,88.31168831168831,79.06976744186046,89.50792362187683
122.0,87.3015873015873,77.46478873239437,88.70043655051388
133.0,85.82375478927203,75.16778523489933,87.54693991690637
152.0,77.20588235294117,62.874251497005986,81.37521366366347
158.0,69.17293233082707,52.87356321839081,76.35491913814676
143.0,74.57627118644068,59.45945945945946,79.66983514420026
125.0,57.92349726775956,40.76923076923077,70.30780433978568
84.0,73.38129496402878,57.95454545454546,78.94036499659941
116.0,88.31168831168831,79.06976744186046,89.50792362187683
127.0,91.2,83.82352941176471,91.88979195209706
150.0,84.72222222222221,73.49397590361446,86.703035420541
158.0,79.72508591065292,66.28571428571428,83.08392785799896
171.0,81.04956268221575,68.13725490196079,84.00367551541271
160.0,81.60919540229885,68.93203883495146,84.40206290790225
134.0,79.40074906367042,65.83850931677019,82.8643315507358
119.0,78.01418439716312,63.95348837209303,81.91482591816013
118.0,90.43478260869566,82.53968253968253,91.24787290428766
136.0,90.07633587786259,81.94444444444444,90.94625234727715
141.0,88.57142857142857,79.48717948717949,89.7116229890145
155.0,88.88888888888889,80.0,89.96602717825739
163.0,88.88888888888889,80.0,89.96502518186907
151.0,85.8108108108108,75.14792899408283,87.5320056167441
140.0,85.39325842696628,74.50980392156863,87.21595026089219
108.0,77.31958762886599,63.02521008403361,81.46869374284114
119.0,90.35087719298247,82.39999999999999,91.17803207317317
129.0,92.24806201550388,85.61151079136691,92.78577816972104
140.0,87.10801393728222,77.1604938271605,88.54328461512468
154.0,89.87341772151899,81.60919540229885,90.77261944636268
171.0,88.62275449101796,79.56989247311827,89.746967504649
158.0,87.5776397515528,77.90055248618785,88.91030422350764
167.0,84.10596026490066,72.57142857142857,86.23776127966022
129.0,75.43859649122807,60.56338028169014,80.22579075973107
126.0,81.41592920353983,68.65671641791045,84.28642865061325
133.0,90.97744360902256,83.44827586206897,91.7001643020264
140.0,90.9090909090909,83.33333333333334,91.6406905646805
155.0,88.02588996763754,78.61271676300578,89.26938795784183
174.0,86.50306748466258,76.21621621621621,88.0641388865632
168.0,85.26645768025078,74.31693989071039,87.11150751529924
161.0,80.41958041958041,67.2514619883041,83.56979923090321
144.0,74.50980392156863,59.375,79.6226051296899
128.0,83.13725490196079,71.14093959731544,85.52752991449555
142.0,85.1985559566787,74.21383647798741,87.06596574388803
146.0,86.20689655172413,75.75757575757575,87.83882863721428
153.0,82.0,69.49152542372882,84.69181989125426
170.0,80.25078369905955,67.01570680628272,83.44491382513624
162.0,76.02739726027397,61.32596685082873,80.59307430726795
163.0,71.48288973384031,55.62130177514793,77.73577368618425
138.0,74.04255319148936,58.78378378378378,79.3310002789629
109.0,88.37209302325581,79.16666666666666,89.55837376782945
118.0,87.70491803278688,78.1021897810219,89.02113623345768
126.0,86.16600790513834,75.69444444444444,87.81226905946032
137.0,81.85328185328186,69.28104575163398,84.59358858382578
145.0,40.42553191489361,25.333333333333336,62.554974935843745
130.0,31.84713375796178,18.939393939393938,59.363019136752456
106.0,49.29577464788733,32.71028037383177,66.2833426559532
120.0,40.52287581699346,25.40983606557377,62.614181169689864
113.0,88.9908256880734,80.16528925619835,90.05868248828008
123.0,86.95652173913044,76.92307692307693,88.42858196411505
134.0,87.45247148288973,77.7027027027027,88.818391562294
138.0,86.25954198473282,75.83892617449665,87.88350839016665
151.0,81.25,68.42105263157895,84.15658996068849
136.0,81.66666666666667,69.01408450704226,84.4631107866095
110.0,81.44329896907216,68.69565217391305,84.31189579172926
111.0,59.3939393939394,42.241379310344826,71.05385940401037
115.0,88.98305084745762,80.1526717557252,90.05037274551053
123.0,87.02290076335878,77.02702702702703,88.47955562129985
133.0,89.04593639575971,80.2547770700637,90.09641950406282
140.0,87.97250859106529,78.52760736196319,89.22883724875653
154.0,78.32167832167832,64.36781609195403,82.12198730452607
138.0,86.27450980392157,75.86206896551724,87.896080621855
113.0,81.1881188118812,68.33333333333333,84.12873797261149
91.0,64.23357664233576,47.31182795698925,73.60704299788343
111.0,92.17391304347827,85.48387096774194,92.72396064864029
121.0,89.14728682170544,80.41958041958041,90.18182432816579
133.0,86.31578947368422,75.92592592592592,87.92400425918896
144.0,81.52866242038218,68.81720430107528,84.3506577771361
160.0,83.5734870317003,71.78217821782178,85.83412442701366
150.0,84.68468468468468,73.4375,86.66778567502749
127.0,81.06060606060606,68.15286624203821,84.02650202593033
150.0,65.09803921568627,48.25581395348838,74.03907220941143
118.0,88.60759493670885,79.54545454545455,89.74576555836167
126.0,88.88888888888889,80.0,89.97103475829005
138.0,86.48648648648648,76.19047619047619,88.05527645840945
137.0,80.13245033112582,66.85082872928176,83.36548029212065
150.0,81.55339805825243,68.85245901639344,84.36928645125366
150.0,86.2876254180602,75.88235294117646,87.90021497439466
129.0,83.2618025751073,71.32352941176471,85.62282622867635
104.0,70.52023121387283,54.46428571428571,77.18125988797195
114.0,89.83050847457628,81.53846153846153,90.74526432225653
129.0,88.0,78.57142857142857,89.25275054582815
132.0,83.66013071895425,71.91011235955057,85.90510413373947
136.0,84.21052631578947,72.72727272727273,86.31568239944198
163.0,84.02366863905326,72.44897959183673,86.17052649096574
146.0,85.43046357615894,74.56647398843931,87.23927831537776
162.0,78.83211678832117,65.06024096385542,82.4721992547966
146.0,62.727272727272734,45.6953642384106,72.76585722448002
121.0,85.59322033898306,74.81481481481481,87.373458331022
130.0,88.72727272727273,79.73856209150327,89.83831448963224
136.0,86.0,75.43859649122807,87.67733768853769
147.0,82.35294117647058,70.0,84.94304897787902
171.0,84.72622478386167,73.5,86.69703072218114
162.0,86.76923076923076,76.63043478260869,88.27224747024908
150.0,83.98576512455516,72.39263803680981,86.15137115792307
147.0,64.31718061674009,47.4025974025974,73.62046521827374
120.0,86.16600790513834,75.69444444444444,87.81226905946032
131.0,86.21908127208481,75.77639751552795,87.84924083232345
142.0,83.97435897435898,72.37569060773481,86.13789026340382
138.0,80.3680981595092,67.17948717948717,83.52580113795021
166.0,80.23952095808383,67.0,83.43405539346949
153.0,78.57142857142857,64.70588235294117,82.28701369669834
136.0,80.0,66.66666666666666,83.28440965427266
118.0,71.28712871287128,55.38461538461539,77.63442808189735
113.0,0.0,0.0,49.80169802295919
127.0,51.75202156334232,34.909090909090914,67.27583139703746
137.0,40.52287581699346,25.40983606557377,62.43237046175479
149.0,0.0,0.0,49.55257493622449
159.0,1.3651877133105803,0.6872852233676976,50.05564484391568
143.0,3.289473684210526,1.6722408026755853,50.5431224543166
131.0,0.0,0.0,49.7249681122449
115.0,0.0,0.0,49.74589445153062
49.0,71.11111111111111,55.172413793103445,77.56028156151662
53.0,75.92592592592592,61.19402985074627,80.57108493634351
77.0,79.53216374269006,66.01941747572816,82.97478417492003
111.0,89.56521739130436,81.10236220472441,90.52721609127839
134.0,91.36690647482014,84.10596026490066,92.0290036294233
166.0,90.0,81.81818181818183,90.87510654189983
146.0,86.53846153846155,76.27118644067797,88.09362763212133
128.0,89.2988929889299,80.66666666666666,90.30436519828189
112.0,86.95652173913044,76.92307692307693,88.43158399233167
82.0,77.9874213836478,63.91752577319587,81.92384250506782
42.0,84.61538461538461,73.33333333333333,86.6547008887914
64.0,78.57142857142857,64.70588235294117,82.32900436964063
108.0,78.84615384615384,65.07936507936508,82.49576510446074
122.0,89.57528957528957,81.11888111888112,90.53247292060715
148.0,89.80891719745223,81.5028901734104,90.71946747103617
184.0,90.95744680851064,83.41463414634146,91.67332047283077
166.0,89.45868945868945,80.9278350515464,90.42693158043242
145.0,91.50326797385621,84.33734939759037,92.14269340532648
116.0,87.96680497925311,78.51851851851852,89.23029980249872
103.0,82.53968253968253,70.27027027027027,85.10219968861033
56.0,70.2127659574468,54.09836065573771,77.02126017949321
90.0,68.91891891891892,52.57731958762887,76.24277450703138
117.0,79.82456140350878,66.42335766423358,83.1657568994024
139.0,89.04593639575971,80.2547770700637,90.09641950406282
154.0,90.6344410876133,82.87292817679558,91.40548020001975
189.0,90.53708439897699,82.71028037383178,91.31813944690109
182.0,89.29503916449086,80.66037735849056,90.28919277883533
166.0,91.22807017543859,83.87096774193549,91.90549586616966
131.0,88.88888888888889,80.0,89.9700335624101
109.0,88.37209302325581,79.16666666666666,89.55837376782945
57.0,74.50980392156863,59.375,79.66157156248754
93.0,70.3030303030303,54.20560747663551,77.0539191060499
125.0,83.06451612903226,71.03448275862068,85.47530260991365
150.0,87.94788273615634,78.48837209302324,89.20721636165321
166.0,89.6358543417367,81.21827411167513,90.57214889204998
199.0,89.90384615384616,81.6593886462882,90.78768508111085
187.0,90.86294416243655,83.25581395348837,91.59190481661457
163.0,90.85545722713864,83.24324324324324,91.59063525562267
132.0,89.96282527881041,81.75675675675676,90.85140804574428
110.0,92.5233644859813,86.08695652173914,93.02750286298232
62.0,81.41592920353983,68.65671641791045,84.30741266736337
103.0,70.45454545454545,54.385964912280706,77.14110074643847
133.0,84.2911877394636,72.84768211920529,86.38289510825842
157.0,88.0503144654088,78.65168539325843,89.28787003694418
176.0,89.4878706199461,80.97560975609757,90.4488126764891
197.0,90.32258064516128,82.35294117647058,91.13746590767362
194.0,90.29126213592234,82.30088495575221,91.11043447627578
181.0,90.41095890410958,82.5,91.21500769830637
137.0,91.54929577464789,84.4155844155844,92.18381426749728
116.0,90.9090909090909,83.33333333333334,91.64569644438232
84.0,76.92307692307693,62.5,81.21707966720535
112.0,74.6268656716418,59.523809523809526,79.71100757422387
149.0,86.7132867132867,76.5432098765432,88.23364441721351
167.0,89.42598187311178,80.87431693989072,90.40217805897551
179.0,89.29503916449086,80.66037735849056,90.28919277883533
204.0,89.95215311004785,81.73913043478261,90.82755513497153
204.0,89.2156862745098,80.53097345132744,90.22148144503004
183.0,91.10512129380054,83.66336633663366,91.79868778767012
148.0,92.97658862876254,86.875,93.41651552850891
117.0,90.2127659574468,82.17054263565892,91.06230347281247
85.0,75.16778523489933,60.215053763440864,80.07061546911069
114.0,75.34883720930232,60.447761194029844,80.17098110604776
150.0,88.35616438356165,79.14110429447852,89.53658407722507
177.0,86.28571428571429,75.87939698492463,87.8917224804683
186.0,89.05472636815921,80.26905829596413,90.09052650782365
198.0,89.2156862745098,80.53097345132744,90.22148144503004
200.0,90.37037037037037,82.43243243243244,91.17721075545171
186.0,90.32258064516128,82.35294117647058,91.14047634731384
145.0,91.83673469387756,84.90566037735849,92.42884985255486
117.0,89.74358974358975,81.3953488372093,90.67370845027966
99.0,74.25149700598801,59.04761904761905,79.48090734078681
114.0,75.34883720930232,60.447761194029844,80.17098110604776
150.0,86.10169491525423,75.59523809523809,87.75665918828119
179.0,86.51685393258427,76.23762376237624,88.07083299189941
187.0,88.44221105527639,79.27927927927928,89.59363963963965
200.0,88.61985472154964,79.56521739130434,89.73560211473084
203.0,90.43062200956938,82.53275109170306,91.22636514314682
191.0,91.51670951156812,84.36018957345972,92.14709346667706
152.0,93.42105263157895,87.65432098765432,93.80717408458544
119.0,90.75630252100841,83.07692307692308,91.5164914178256
98.0,52.23880597014925,35.35353535353536,67.61294764924529
94.0,56.934306569343065,39.795918367346935,69.83912040193543
118.0,77.98165137614679,63.90977443609023,81.90697441933877
115.0,92.76595744680851,86.5079365079365,93.23699100348391
145.0,91.72413793103448,84.71337579617835,92.33270852035402
173.0,91.66666666666666,84.61538461538461,92.27970462227388
162.0,89.23076923076924,80.55555555555556,90.24279946433211
151.0,89.8360655737705,81.54761904761905,90.74283368496383
122.0,91.56626506024097,84.44444444444444,92.2012482299726
151.0,71.72995780590718,55.92105263157895,77.89364803426186
92.0,57.77777777777777,40.625,70.25565575323614
97.0,65.38461538461539,48.57142857142857,74.23184894905593
123.0,79.64601769911505,66.17647058823529,83.04231427826491
133.0,89.39393939393939,80.82191780821918,90.38299134647644
160.0,92.5925925925926,86.20689655172413,93.07946074937583
185.0,91.05691056910568,83.5820895522388,91.75805005527474
179.0,90.35812672176309,82.41206030150754,91.17103854873825
171.0,90.14925373134328,82.06521739130434,90.9996251874063
137.0,91.04477611940298,83.56164383561644,91.75684780984483
117.0,85.97285067873304,75.39682539682539,87.66746283718788
96.0,62.16216216216216,45.09803921568628,72.49316483026485
108.0,69.31818181818183,53.04347826086957,76.46786304543029
131.0,81.66666666666667,69.01408450704226,84.4631107866095
158.0,87.70764119601328,78.10650887573965,89.01628696924222
172.0,92.17391304347827,85.48387096774194,92.71494466075083
188.0,89.47368421052632,80.95238095238095,90.43619527561455
193.0,89.8989898989899,81.65137614678899,90.7856864733305
178.0,89.6358543417367,81.21827411167513,90.57214889204998
149.0,89.27335640138409,80.625,90.28152911263412
149.0,80.91603053435115,67.94871794871796,83.92442887649598
92.0,67.12328767123287,50.51546391752577,75.20985356987066
111.0,71.20418848167539,55.28455284552846,77.5873949667093
138.0,86.89138576779027,76.82119205298014,88.37563797615047
178.0,87.27272727272727,77.41935483870968,88.66770428216265
180.0,92.34972677595628,85.78680203045685,92.8654049346797
194.0,88.71794871794872,79.72350230414746,89.81775379191535
209.0,86.0,75.43859649122807,87.66330272525566
178.0,90.28571428571428,82.29166666666666,91.11184556892852
148.0,89.12280701754386,80.37974683544303,90.15890376797826
161.0,79.27272727272727,65.66265060240963,82.77440157899258
95.0,68.83116883116884,52.475247524752476,76.18974155261226
112.0,72.36180904522614,56.69291338582677,78.2915708554553
142.0,87.64044943820225,78.0,88.96703889410496
174.0,87.95180722891565,78.49462365591397,89.20733581356562
184.0,92.02127659574468,85.22167487684729,92.58083923831565
210.0,86.36363636363636,76.0,87.94600539946005
196.0,89.62025316455696,81.19266055045871,90.55532945521296
186.0,89.67391304347827,81.2807881773399,90.60240244683115
169.0,86.16352201257862,75.69060773480662,87.80133816065458
156.0,81.75182481751825,69.1358024691358,84.51796515275262
98.0,71.8562874251497,56.074766355140184,77.99049196518283
114.0,72.27722772277228,56.58914728682171,78.2386887662578
150.0,88.58131487889274,79.5031055900621,89.71858444464742
180.0,86.47058823529412,76.16580310880829,88.03692821893871
209.0,90.81885856079404,83.18181818181817,91.55390391018379
222.0,87.43961352657004,77.6824034334764,88.78919651621815
213.0,88.88888888888889,80.0,89.95399263882221
206.0,87.30964467005076,77.47747747747748,88.68874273841875
181.0,84.84848484848484,73.68421052631578,86.79214123725654
164.0,80.56537102473497,67.45562130177515,83.6728787664243
103.0,74.28571428571429,59.09090909090909,79.5005542241678
117.0,75.70093457943925,60.902255639097746,80.39922643218486
150.0,88.43537414965986,79.26829268292683,89.60017759271226
182.0,86.37681159420289,76.0204081632653,87.96322944793485
207.0,89.97555012224939,81.77777777777779,90.84788232783913
222.0,87.47044917257683,77.73109243697479,88.8125366767699
214.0,85.43689320388349,74.57627118644068,87.22813559322033
206.0,86.4321608040201,76.10619469026548,87.99910166478718
176.0,84.92307692307692,73.79679144385027,86.84943293364422
165.0,78.87323943661971,65.11627906976744,82.49821623670539
106.0,75.97765363128491,61.261261261261254,80.58772331044224
115.0,76.77725118483413,62.30769230769231,81.10493907729162
147.0,86.98630136986301,76.96969696969697,88.44688568838902
189.0,87.64044943820225,78.0,88.95601759296281
208.0,89.27680798004988,80.63063063063063,90.2723127351605
228.0,86.91588785046729,76.85950413223141,88.37374086387526
215.0,88.57142857142857,79.48717948717949,89.69558014166937
207.0,86.86868686868688,76.78571428571429,88.34086130252436
189.0,81.76470588235294,69.15422885572139,84.5151602739346
168.0,80.27681660899654,67.05202312138728,83.46907987871202
101.0,0.0,0.0,49.75884885204081
88.0,0.0,0.0,49.73891900510204
134.0,0.0,0.0,49.574497767857146
175.0,26.31578947368421,15.151515151515152,57.07262296728415
202.0,17.034700315457414,9.310344827586208,54.130452729822
214.0,0.0,0.0,49.6452487244898
210.0,18.67469879518072,10.299003322259136,54.88028239699555
206.0,14.835164835164836,8.011869436201781,53.69685577335623
184.0,24.0,13.636363636363635,56.458038958188595
169.0,12.106537530266344,6.443298969072164,52.85974244379911
35.0,71.64179104477611,55.81395348837209,77.88803432912783
43.0,79.51807228915662,66.0,82.98304848134336
46.0,86.04651162790698,75.51020408163265,87.74313530833263
37.0,88.31168831168831,79.06976744186046,89.5259092085454
21.0,58.536585365853654,41.37931034482759,70.67271075011891
35.0,80.0,66.66666666666666,83.31937465103294
46.0,80.0,66.66666666666666,83.31338758576672
51.0,84.40366972477065,73.01587301587301,86.49098059331453
43.0,84.31372549019608,72.88135593220339,86.42472041319242
23.0,66.66666666666666,50.0,74.97906489881368
37.0,81.69014084507043,69.04761904761905,84.51084763177211
46.0,79.20792079207921,65.57377049180327,82.7659422109567
55.0,88.69565217391305,79.6875,89.83078241895261
48.0,86.23853211009175,75.80645161290323,87.88826440686255
35.0,76.31578947368422,61.702127659574465,80.8331165946585
38.0,80.48780487804879,67.3469387755102,83.65751501725474
49.0,83.92857142857143,72.3076923076923,86.13589247433929
58.0,90.1639344262295,82.08955223880598,91.03280508929585
51.0,85.21739130434783,74.24242424242425,87.1042551918128
37.0,76.74418604651163,62.264150943396224,81.11213250857266
41.0,80.89887640449437,67.9245283018868,83.94531161803553
52.0,84.21052631578947,72.72727272727273,86.34568232597279
61.0,91.33858267716536,84.05797101449275,92.01801140612503
56.0,88.18897637795276,78.87323943661971,89.42165563211672
40.0,79.54545454545455,66.0377358490566,83.00091854178763
48.0,81.41592920353983,68.65671641791045,84.30741266736337
57.0,84.8,73.61111111111111,86.78660218085732
68.0,91.78082191780823,84.81012658227847,92.3930893942345
56.0,88.18897637795276,78.87323943661971,89.42165563211672
40.0,73.91304347826086,58.620689655172406,79.28641279456
53.0,72.44094488188976,56.79012345679012,78.36015249240862
60.0,85.71428571428571,75.0,87.48104511263193
68.0,88.57142857142857,79.48717948717949,89.72762614060454
63.0,86.52482269503547,76.25,88.10604359972064
54.0,71.94244604316546,56.17977528089888,78.05098567340639
60.0,46.61016949152542,30.386740331491712,65.06767434962089
64.0,85.1063829787234,74.07407407407408,87.01608564426826
73.0,88.43537414965986,79.26829268292683,89.6171839978662
64.0,87.32394366197182,77.5,88.73204094664166
52.0,60.37735849056604,43.24324324324324,71.55878248979909
47.0,82.97872340425532,70.9090909090909,85.43858917475208
47.0,85.43689320388349,74.57627118644068,87.2731750889516
49.0,88.88888888888889,80.0,89.98803064155761
39.0,88.63636363636364,79.59183673469387,89.78594569247609
24.0,0.0,0.0,49.94120695153062
46.0,85.43689320388349,74.57627118644068,87.2731750889516
52.0,85.21739130434783,74.24242424242425,87.1042551918128
57.0,88.88888888888889,80.0,89.98603351955308
50.0,83.33333333333334,71.42857142857143,85.69433598759697
30.0,74.6268656716418,59.523809523809526,79.7449559473248
44.0,80.3921568627451,67.21311475409836,83.58661123164177
52.0,85.96491228070175,75.38461538461539,87.67634822934363
59.0,89.76377952755905,81.42857142857143,90.70131658082336
51.0,80.64516129032258,67.56756756756756,83.7598441117573
34.0,71.23287671232876,55.319148936170215,77.63863727965041
55.0,78.33333333333333,64.38356164383562,82.16584772929677
60.0,79.16666666666666,65.51724137931035,82.72869192012665
64.0,88.88888888888889,80.0,89.98503471945088
55.0,82.70676691729322,70.51282051282051,85.23346578203824
44.0,73.33333333333333,57.89473684210527,78.92343686530208
62.0,78.32167832167832,64.36781609195403,82.15298226784454
65.0,76.25,61.61616161616161,80.77016800752209
65.0,88.40579710144928,79.22077922077922,89.59442632594383
63.0,81.57894736842105,68.88888888888889,84.41650813922035
45.0,74.15730337078652,58.92857142857143,79.44135130669143
65.0,69.56521739130434,53.333333333333336,76.61079182630907
66.0,72.62569832402235,57.01754385964912,78.4598804688679
68.0,89.47368421052632,80.95238095238095,90.46022496170177
64.0,79.5031055900621,65.97938144329896,82.95676447643876
37.0,72.72727272727273,57.14285714285714,78.54749749293464
80.0,58.498023715415016,41.340782122905026,70.56560482537411
68.0,73.03370786516854,57.52212389380531,78.71316827086345
68.0,87.24832214765101,77.38095238095238,88.671518277044
67.0,82.5,70.2127659574468,85.0784444435009
51.0,65.21739130434783,48.38709677419355,74.14567381846659
72.0,50.89605734767025,34.13461538461539,66.9305947894038
67.0,67.00507614213198,50.38167938931297,75.12598238074708
68.0,86.09271523178808,75.5813953488372,87.76974419115146
71.0,80.95238095238095,68.0,83.96806897102259
53.0,55.94405594405595,38.83495145631068,69.35464662332049
90.0,51.798561151079134,34.95145631067961,67.34200629680555
93.0,48.42767295597484,31.950207468879665,65.81142781276475
91.0,52.282157676348554,35.39325842696629,67.5818885274336
64.0,0.0,0.0,49.87942442602041
26.0,0.0,0.0,49.923270089285715
108.0,83.4862385321101,71.65354330708661,85.79083274967986
141.0,86.12099644128114,75.625,87.77354285286185
155.0,87.8048780487805,78.26086956521739,89.09546974764366
153.0,82.66666666666667,70.45454545454545,85.17532675108797
153.0,82.69794721407625,70.5,85.19104127111021
175.0,83.2,71.23287671232876,85.55346354608841
191.0,85.27918781725889,74.33628318584071,87.11015087143579
207.0,88.61985472154964,79.56521739130434,89.73560211473084
208.0,89.42731277533039,80.87649402390437,90.39022107794783
190.0,86.66666666666667,76.47058823529412,88.183301396628
166.0,84.9673202614379,73.86363636363636,86.88586046291957
120.0,88.0,78.57142857142857,89.25875580177954
83.0,81.69014084507043,69.04761904761905,84.49787073934087
117.0,84.16289592760181,72.65625,86.29318300371384
155.0,89.49152542372882,80.98159509202453,90.45982480202697
162.0,87.66233766233766,78.03468208092485,88.97937217493217
169.0,85.01529051987767,73.93617021276596,86.91912133957042
172.0,83.51648351648352,71.69811320754717,85.78908538995623
192.0,83.5,71.67381974248927,85.77092174910662
199.0,86.39618138424821,76.05042016806722,87.96820438346356
218.0,89.41684665226782,80.859375,90.38065710115272
228.0,90.9090909090909,83.33333333333334,91.62162252340626
220.0,90.06928406466513,81.9327731092437,90.92337020841028
187.0,89.08045977011494,80.31088082901555,90.11745636780739
134.0,89.06882591093117,80.2919708029197,90.11902099447707
90.0,85.53459119496856,74.72527472527473,87.33968693555984
125.0,84.44444444444444,73.07692307692307,86.5035181467561
160.0,88.37209302325581,79.16666666666666,89.54836340746957
168.0,86.45161290322581,76.13636363636364,88.02621706857148
171.0,85.71428571428571,75.0,87.45203070035177
186.0,83.85416666666666,72.19730941704036,86.03667330294185
207.0,84.00954653937947,72.42798353909465,86.14699176954733
204.0,87.67772511848341,78.05907172995781,88.9775265032938
226.0,89.30041152263375,80.66914498141264,90.28252981571283
234.0,89.32038834951457,80.7017543859649,90.2958177287611
231.0,90.36402569593149,82.421875,91.16590597793454
205.0,92.82051282051282,86.60287081339713,93.27343260641854
141.0,89.55223880597015,81.08108108108108,90.51257186545664
89.0,84.81012658227847,73.62637362637363,86.78923901937732
132.0,81.5126050420168,68.79432624113475,84.35323253089906
160.0,88.88888888888889,80.0,89.96602717825739
177.0,85.0,73.91304347826086,86.908560108435
185.0,85.6353591160221,74.8792270531401,87.38763535740111
193.0,84.92462311557789,73.7991266375546,86.83957171760146
210.0,83.67816091954023,71.93675889328063,85.89737092561779
221.0,88.74172185430463,79.76190476190477,89.829926868196
238.0,90.54325955734407,82.72058823529412,91.31324801246397
244.0,89.13857677902621,80.4054054054054,90.14463069341119
242.0,90.5811623246493,82.78388278388277,91.34489434489434
212.0,91.4004914004914,84.16289592760181,92.04644096240062
147.0,91.42857142857143,84.21052631578947,92.08128617579754
95.0,87.43169398907104,77.66990291262135,88.81199553168597
132.0,80.65843621399176,67.58620689655173,83.74617665407482
166.0,90.51987767584097,82.68156424581005,91.30979947318887
177.0,83.43558282208589,71.57894736842105,85.73551684967815
191.0,85.86666666666667,75.23364485981308,87.56383832513797
197.0,83.61858190709046,71.84873949579831,85.85737644722923
210.0,83.87096774193549,72.22222222222221,86.04110271010299
237.0,89.07216494845362,80.29739776951673,90.09565645081122
240.0,89.66861598440545,81.2720848056537,90.58298510094082
255.0,90.28776978417267,82.29508196721311,91.09345986192403
258.0,89.14285714285714,80.41237113402062,90.14911937022202
215.0,92.01877934272301,85.21739130434783,92.57468204673174
141.0,89.78102189781022,81.45695364238411,90.70050646976458
87.0,90.9090909090909,83.33333333333334,91.65169690558406
143.0,80.7843137254902,67.76315789473685,83.83265038307229
169.0,90.9090909090909,83.33333333333334,91.63668225855888
193.0,83.62573099415205,71.85929648241206,85.87368517682852
199.0,87.20626631853786,77.31481481481481,88.6084162258201
202.0,83.87096774193549,72.22222222222221,86.04612020983728
228.0,84.49438202247191,73.15175097276264,86.50685892240597
239.0,89.60000000000001,81.15942028985508,90.52766017695828
249.0,89.94307400379506,81.72413793103448,90.80900422653568
269.0,89.1566265060241,80.43478260869566,90.15428655045636
275.0,91.07142857142857,83.60655737704919,91.75319956350707
221.0,92.85714285714286,86.66666666666667,93.30131284021775
161.0,90.06622516556291,81.92771084337349,90.9338794025021
104.0,88.08290155440415,78.70370370370371,89.32889363580506
146.0,83.96946564885496,72.36842105263158,86.14226589323147
170.0,91.3946587537092,84.15300546448088,92.04751548662851
186.0,84.72622478386167,73.5,86.69703072218114
196.0,87.40359897172236,77.6255707762557,88.76379126742233
212.0,83.65384615384616,71.900826446281,85.8824159430317
228.0,82.78867102396515,70.63197026022306,85.23696300391619
239.0,89.91935483870968,81.68498168498168,90.79244379826928
255.0,89.62962962962962,81.20805369127517,90.54795282793422
270.0,89.30390492359932,80.67484662576688,90.27431350181216
276.0,90.94076655052264,83.38658146964856,91.64120218428837
229.0,93.5064935064935,87.8048780487805,93.87241500517487
163.0,89.1025641025641,80.34682080924856,90.13943554601964
103.0,87.5,77.77777777777779,88.86493296778373
151.0,81.64794007490637,68.9873417721519,84.44473645820929
171.0,91.44542772861357,84.23913043478261,92.09057739227785
197.0,85.55858310626702,74.76190476190476,87.32797251330209
205.0,86.97788697788698,76.95652173913044,88.42525980954402
217.0,85.6470588235294,74.8971193415638,87.38755234990339
233.0,83.8012958963283,72.11895910780669,85.98445254417985
245.0,88.30645161290323,79.06137184115524,89.4726359976439
269.0,89.87108655616943,81.60535117056857,90.74760068341774
276.0,89.7133220910624,81.34556574923548,90.61167287662134
280.0,90.66666666666666,82.92682926829268,91.40730690731081
230.0,91.70124481327801,84.67432950191571,92.29712871852867
171.0,90.51987767584097,82.68156424581005,91.30979947318887
104.0,89.0,80.18018018018019,90.06812830359858
113.0,85.84474885844749,75.2,87.56905075675891
148.0,87.85714285714286,78.343949044586,89.13801052413103
158.0,84.45945945945947,73.09941520467837,86.50375447452954
167.0,83.76623376623377,72.06703910614524,85.9835665089341
160.0,84.17910447761194,72.68041237113401,86.28724325961518
189.0,84.4559585492228,73.09417040358744,86.48710079773878
193.0,86.00508905852418,75.44642857142857,87.66822198463645
227.0,89.27789934354486,80.63241106719367,90.26717807822182
227.0,91.28630705394191,83.96946564885496,91.94269583187403
222.0,88.32951945080092,79.09836065573771,89.49816298197125
205.0,88.10810810810811,78.74396135265701,89.32799211335487
167.0,80.28673835125448,67.06586826347305,83.47800444173971
218.0,45.39007092198582,29.357798165137616,64.52524327158541
124.0,83.84279475982532,72.18045112781954,86.05328466934108
155.0,89.63210702341136,81.21212121212122,90.57508662420537
170.0,85.53846153846155,74.73118279569893,87.3186261521313
173.0,83.75,72.04301075268818,85.96954901968368
181.0,82.45125348189416,70.14218009478674,85.00812530764763
201.0,85.35353535353535,74.44933920704845,87.16667772238759
201.0,88.72549019607843,79.73568281938326,89.82183680923158
231.0,90.40511727078892,82.49027237354085,91.20010376342562
235.0,92.92929292929293,86.79245283018868,93.3611885742262
238.0,90.08620689655173,81.96078431372548,90.93436177681191
216.0,89.33002481389578,80.71748878923766,90.31574095434361
174.0,83.66013071895425,71.91011235955057,85.90510413373947
183.0,65.93406593406593,49.18032786885246,74.49732361976744
129.0,83.11688311688312,71.11111111111111,85.51661785587504
159.0,89.18032786885246,80.4733727810651,90.20371276942942
173.0,83.22981366459628,71.27659574468085,85.58434319426999
182.0,83.33333333333334,71.42857142857143,85.65832600527621
186.0,82.64462809917356,70.4225352112676,85.14830034860745
209.0,82.64058679706602,70.41666666666667,85.13734327194193
213.0,88.47058823529412,79.32489451476793,89.61343549456089
236.0,89.57055214723927,81.11111111111111,90.50451165780349
245.0,92.33791748526524,85.76642335766424,92.84416560446435
260.0,89.64143426294821,81.2274368231047,90.56166740156254
224.0,91.54929577464789,84.4155844155844,92.17177852259184
186.0,84.14634146341463,72.63157894736842,86.26382896367181
173.0,69.17293233082707,52.87356321839081,76.35491913814676
134.0,82.64462809917356,70.4225352112676,85.16933134874427
161.0,89.74358974358975,81.3953488372093,90.66569744202779
184.0,82.35294117647058,70.0,84.94004316891838
190.0,83.88888888888889,72.24880382775119,86.06643089938284
191.0,83.6842105263158,71.94570135746606,85.91087175156827
222.0,82.94930875576037,70.86614173228347,85.3590649456681
226.0,86.93693693693693,76.89243027888446,88.38819541273514
243.0,91.20654396728017,83.83458646616542,91.87425277505217
257.0,91.18773946360153,83.80281690140845,91.85535133988681
272.0,89.35361216730038,80.75601374570446,90.32194071478573
226.0,91.24423963133641,83.89830508474576,91.91113581501284
190.0,85.45994065281899,74.61139896373057,87.25673082180772
212.0,63.722397476340696,46.75925925925926,73.26480187126717
136.0,79.83870967741935,66.44295302013423,83.17155339166945
172.0,90.03021148036254,81.86813186813187,90.90108374444831
188.0,81.60919540229885,68.93203883495146,84.40206290790225
195.0,83.51648351648352,71.69811320754717,85.78908538995623
199.0,83.93782383419689,72.32142857142857,86.09873164085484
225.0,84.06466512702079,72.50996015936255,86.18597179868756
228.0,89.73214285714286,81.37651821862349,90.64223609780599
253.0,90.87301587301587,83.27272727272728,91.59031482462319
270.0,91.83303085299455,84.8993288590604,92.4045950226436
276.0,90.44117647058823,82.5503355704698,91.22309488317202
233.0,90.5829596412556,82.78688524590164,91.35142077158811
194.0,82.69794721407625,70.5,85.19104127111021
204.0,65.37216828478964,48.55769230769231,74.17200641345674
153.0,79.69924812030075,66.25,83.07107549430796
177.0,90.11627906976744,82.01058201058201,90.97130527929592
218.0,76.92307692307693,62.5,81.16305390657791
222.0,82.20551378446115,69.7872340425532,84.82263405718797
213.0,84.1309823677582,72.60869565217392,86.24135916404613
232.0,84.87584650112868,73.72549019607844,86.79572901417909
248.0,86.0813704496788,75.56390977443608,87.71692237095992
258.0,90.69767441860465,82.97872340425532,91.44130595746385
277.0,91.48936170212765,84.31372549019608,92.10878389578517
286.0,91.56626506024097,84.44444444444444,92.17313386317593
243.0,91.91489361702128,85.03937007874016,92.48165461503062
210.0,80.99173553719008,68.05555555555556,83.95881777457963
212.0,66.45962732919256,49.76744186046512,74.77586976484079
145.0,81.53846153846153,68.83116883116884,84.36765152163595
176.0,90.43478260869566,82.53968253968253,91.23685446456338
202.0,80.43478260869566,67.27272727272727,83.56440393379707
219.0,83.82352941176471,72.15189873417721,86.00995596642866
209.0,83.12342569269522,71.12068965517241,85.49335956434412
231.0,84.68468468468468,73.4375,86.65073367608225
243.0,88.27292110874201,79.00763358778626,89.44878267273802
264.0,89.69465648854961,81.31487889273356,90.60337565108836
280.0,91.71075837742504,84.69055374592834,92.29819778008815
290.0,92.2279792746114,85.57692307692307,92.74337948913175
252.0,89.9581589958159,81.74904942965779,90.82648724560289
228.0,79.06976744186046,65.38461538461539,82.61134493517596
227.0,63.50148367952523,46.52173913043478,73.138039071299
159.0,79.85611510791367,66.46706586826348,83.1776056396146
188.0,88.02228412256268,78.60696517412936,89.26049806149388
228.0,77.0,62.601626016260155,81.20885347032672
234.0,82.32558139534883,69.96047430830039,84.9042356341198
211.0,82.46913580246914,70.16806722689076,85.0130463911454
238.0,84.14096916299559,72.6235741444867,86.2397654657614
256.0,86.0125260960334,75.45787545787546,87.66189750480325
269.0,87.25868725868726,77.3972602739726,88.63256407092024
293.0,91.09947643979058,83.65384615384616,91.77583622928209
295.0,92.48747913188647,86.0248447204969,92.96733127625879
282.0,86.69201520912547,76.51006711409396,88.18496068125616
237.0,80.19801980198021,66.94214876033058,83.39109677389504
225.0,67.80626780626781,51.293103448275865,75.53368039745037
269.0,24.92753623188406,14.23841059602649,56.860892410294575
289.0,36.86131386861314,22.595078299776286,60.952057372554144
260.0,63.829787234042556,46.875,73.28462535720709
233.0,46.39498432601881,30.20408163265306,64.76023222913537
232.0,39.88183161004431,24.907749077490777,62.047208005302814
242.0,47.330960854092524,31.002331002331,65.20541984243201
253.0,30.18242122719735,17.7734375,58.46643323537486
269.0,8.264462809917356,4.310344827586207,51.71255338516243
305.0,34.876543209876544,21.121495327102803,60.139278714427306
322.0,61.57826649417852,44.48598130841121,71.94562191697143
322.0,62.8032345013477,45.77603143418468,72.61170071799337
346.0,54.10071942446043,37.08086785009862,68.2213573466705
254.0,47.35945485519591,31.026785714285715,65.20462134805958
49.0,0.0,0.0,49.950175382653065
58.0,8.60215053763441,4.49438202247191,52.16248240882824
110.0,39.50617283950617,24.615384615384617,62.209973737175396
106.0,64.80446927374301,47.93388429752066,73.90409047870166
97.0,73.49397590361446,58.0952380952381,79.00372001539317
102.0,67.46987951807229,50.90909090909091,75.40067474425017
92.0,77.9874213836478,63.91752577319587,81.92384250506782
90.0,78.70967741935485,64.8936170212766,82.41388423646889
84.0,80.79470198675497,67.77777777777779,83.85995543583093
82.0,80.0,66.66666666666666,83.30340277223507
81.0,77.01863354037268,62.62626262626263,81.27621548122805
81.0,82.71604938271605,70.52631578947368,85.2352188019591
72.0,84.84848484848484,73.68421052631578,86.82215314823371
53.0,81.63265306122449,68.96551724137932,84.46480744787969
53.0,77.41935483870968,63.1578947368421,81.55800600424075
75.0,35.8974358974359,21.875,60.86273178147742
59.0,38.333333333333336,23.711340206185564,61.78189585230021
107.0,57.42574257425742,40.27777777777778,70.05309137103104
116.0,80.75117370892019,67.71653543307087,83.81734138393412
111.0,86.82926829268293,76.72413793103449,88.33511586391403
116.0,80.38277511961722,67.2,83.55907530144535
108.0,83.16831683168317,71.1864406779661,85.55928278408406
101.0,88.88888888888889,80.0,89.97703857519367
95.0,89.10891089108911,80.35714285714286,90.15660920359838
89.0,86.66666666666667,76.47058823529412,88.21134106562901
89.0,81.76795580110497,69.1588785046729,84.54650643528323
87.0,84.32432432432432,72.89719626168224,86.41965485965265
79.0,89.6969696969697,81.31868131868131,90.64237526873748
73.0,83.87096774193549,72.22222222222221,86.08616648817403
57.0,80.0,66.66666666666666,83.31139126040586
72.0,48.36601307189542,31.896551724137932,65.86949487321797
56.0,30.357142857142854,17.894736842105264,58.869615674785756
117.0,54.54545454545454,37.5,68.66021906548023
110.0,81.9047619047619,69.35483870967742,84.63948763193994
122.0,79.02439024390245,65.32258064516128,82.61837186764502
118.0,78.04878048780488,64.0,81.9550862344299
114.0,82.1256038647343,69.67213114754098,84.79913279143435
102.0,84.32432432432432,72.89719626168224,86.41965485965265
108.0,83.6734693877551,71.9298245614035,85.93297232781319
98.0,88.88888888888889,80.0,89.97903856903298
95.0,60.431654676258994,43.29896907216495,71.59463154210633
96.0,77.83783783783784,63.716814159292035,81.81749218263181
84.0,86.20689655172413,75.75757575757575,87.85483626105571
81.0,88.48484848484848,79.34782608695652,89.65495210301562
70.0,78.83211678832117,65.06024096385542,82.50119106969356
73.0,69.44444444444444,53.191489361702125,76.55185528213583
80.0,45.83333333333333,29.72972972972973,64.78708730867557
117.0,29.268292682926827,17.142857142857142,58.455780142652046
108.0,64.28571428571429,47.368421052631575,73.61436836958998
120.0,80.0,66.66666666666666,83.29241026869485
119.0,78.67298578199052,64.84375,82.37695854460702
121.0,77.57009345794393,63.358778625954194,81.63147842722461
119.0,77.45098039215686,63.2,81.55408906720962
119.0,77.83251231527095,63.70967741935484,81.80992584064334
106.0,75.67567567567568,60.86956521739131,80.38987780687552
98.0,68.42105263157895,52.0,75.95211874551113
95.0,69.87951807228916,53.70370370370371,76.80196957402752
91.0,79.76878612716763,66.34615384615384,83.13815166313321
89.0,89.01734104046243,80.20833333333334,90.08520421232626
81.0,85.18518518518519,74.19354838709677,87.07282544387269
73.0,72.48322147651007,56.84210526315789,78.3801524280755
80.0,53.503184713375795,36.52173913043478,68.1880646823036
114.0,35.02824858757062,21.232876712328768,60.50177089181101
113.0,59.0,41.843971631205676,70.84017724765184
117.0,73.57512953367875,58.19672131147541,79.04746753129903
124.0,78.87323943661971,65.11627906976744,82.51322218281155
127.0,79.47598253275109,65.94202898550725,82.92409425715415
123.0,78.70370370370371,64.8854961832061,82.39683165950946
119.0,69.89247311827957,53.71900826446281,76.80362817685234
120.0,68.75,52.38095238095239,76.13060790071367
112.0,65.08875739644971,48.24561403508772,74.06394945285042
97.0,64.42953020134227,47.524752475247524,73.70951157116988
99.0,73.25581395348837,57.798165137614674,78.85318629438754
90.0,83.8323353293413,72.16494845360825,86.05553134571204
86.0,85.22727272727273,74.25742574257426,87.1027652854106
74.0,68.26347305389223,51.81818181818182,75.85621674959052
81.0,58.895705521472394,41.73913043478261,70.80273629942131
118.0,38.50267379679144,23.841059602649008,61.80585090224193
109.0,60.30150753768844,43.16546762589928,71.50391666872424
115.0,75.0,60.0,79.95010079639128
130.0,75.11737089201877,60.150375939849624,80.02228953492002
133.0,78.41409691629956,64.4927536231884,82.19746192349947
131.0,77.67857142857143,63.503649635036496,81.70191365937973
121.0,65.19337016574586,48.36065573770492,74.11747494469498
123.0,63.387978142076506,46.400000000000006,73.13315774771539
115.0,65.92178770949721,49.166666666666664,74.52247574010148
99.0,71.8562874251497,56.074766355140184,77.99049196518283
103.0,77.41935483870968,63.1578947368421,81.53703454708943
95.0,80.95238095238095,68.0,83.96806897102259
87.0,84.7457627118644,73.52941176470588,86.73776031240423
73.0,66.66666666666666,50.0,74.94413407821229
87.0,63.2768361581921,46.28099173553719,73.075651494265
122.0,46.82926829268293,30.573248407643312,65.1779025313033
101.0,65.0485436893204,48.201438848920866,74.02887604303194
109.0,73.68421052631578,58.333333333333336,79.11677244242206
138.0,79.14893617021276,65.49295774647888,82.6975600784388
131.0,78.0701754385965,64.02877697841727,81.96447533809157
124.0,74.64114832535886,59.541984732824424,79.7180960432057
135.0,59.375,42.22222222222222,71.03329631033695
123.0,51.80722891566265,34.959349593495936,67.39988703220166
118.0,53.57142857142857,36.58536585365854,68.2148867528052
101.0,59.06040268456376,41.904761904761905,70.89154156835478
104.0,77.83783783783784,63.716814159292035,81.81749218263181
90.0,78.26086956521739,64.28571428571429,82.10793606449425
87.0,84.91620111731844,73.7864077669903,86.86625777571071
80.0,59.13978494623656,41.98473282442748,70.91654988820186
103.0,52.459016393442624,35.55555555555556,67.69099992907047
117.0,58.44748858447488,41.29032258064516,70.55436467474149
93.0,76.84729064039408,62.4,81.15309193979799
129.0,79.11111111111111,65.44117647058823,82.6736698732441
130.0,81.45161290322581,68.70748299319727,84.30781039325366
138.0,78.36734693877551,64.42953020134227,82.16184976520789
123.0,74.6268656716418,59.523809523809526,79.71100757422387
126.0,65.625,48.837209302325576,74.35275347482133
124.0,47.72727272727273,31.343283582089555,65.57988769203014
124.0,38.961038961038966,24.193548387096776,62.003047874400295
104.0,73.14285714285714,57.65765765765766,78.7819338735287
101.0,81.72043010752688,69.0909090909091,84.511522409726
92.0,84.15300546448088,72.64150943396226,86.2918120235142
88.0,83.69565217391305,71.96261682242991,85.95136769383535
54.0,0.0,0.0,49.937220982142854
109.0,10.606060606060606,5.6000000000000005,52.68239749646197
122.0,26.31578947368421,15.151515151515152,57.46410592889578
116.0,46.15384615384615,30.0,64.91623454327882
109.0,58.38509316770186,41.228070175438596,70.54720750288817
109.0,62.65060240963856,45.614035087719294,72.74517092347818
95.0,66.66666666666666,50.0,74.95012568327815
90.0,71.14093959731544,55.208333333333336,77.56127218708644
87.0,76.92307692307693,62.5,81.2140833266821
86.0,76.0,61.29032258064516,80.60924676688835
83.0,71.72413793103448,55.91397849462365,77.91609067576925
78.0,80.28169014084507,67.05882352941175,83.50147824647927
79.0,80.88235294117648,67.90123456790124,83.92468005205181
62.0,68.68686868686868,52.307692307692314,76.12293394452064
58.0,61.53846153846154,44.44444444444444,72.18732551647125
83.0,0.0,0.0,49.90234375
104.0,28.767123287671232,16.8,58.29632140364869
120.0,54.63917525773196,37.5886524822695,68.70654218990079
123.0,64.55026455026454,47.65625,73.76127874638331
114.0,72.3404255319149,56.666666666666664,78.28144541124504
111.0,73.57512953367875,58.19672131147541,79.04746753129903
101.0,78.4090909090909,64.48598130841121,82.20507180055242
101.0,76.30057803468208,61.6822429906542,80.8002114973227
97.0,79.04191616766467,65.34653465346535,82.63834415770454
93.0,83.13253012048193,71.1340206185567,85.53907010132338
88.0,77.57575757575758,63.366336633663366,81.64625101159541
85.0,80.74534161490683,67.70833333333334,83.82323533422469
84.0,89.171974522293,80.45977011494253,90.2129210212281
75.0,83.21167883211679,71.25,85.60205461002813
60.0,69.3069306930693,53.03030303030303,76.48423868932035
87.0,43.90243902439025,28.125,63.99370500907297
105.0,36.84210526315789,22.58064516129032,61.19460590201391
121.0,57.42574257425742,40.27777777777778,70.05309137103104
126.0,65.32663316582915,48.507462686567166,74.18488418397725
118.0,72.91666666666666,57.377049180327866,78.63663459694953
117.0,77.45098039215686,63.2,81.55408906720962
111.0,77.89473684210526,63.793103448275865,81.85463722970657
104.0,76.30057803468208,61.6822429906542,80.8002114973227
105.0,79.09604519774011,65.42056074766354,82.67335864789077
94.0,83.33333333333334,71.42857142857143,85.68634494870874
98.0,71.25,55.33980582524271,77.62401213267762
95.0,77.45664739884393,63.20754716981132,81.56485841996523
83.0,85.52631578947368,74.71264367816092,87.33437057089584
81.0,82.58064516129032,70.32967032967034,85.13789550966275
75.0,73.33333333333333,57.89473684210527,78.91545267861268
89.0,60.56338028169014,43.43434343434344,71.6613202819893
100.0,10.81081081081081,5.714285714285714,52.75847831658077
119.0,40.93567251461988,25.735294117647058,62.76693107788975
126.0,77.05627705627705,62.676056338028175,81.28512022883001
124.0,72.44897959183673,56.8,78.34611316235905
125.0,74.14634146341463,58.91472868217055,79.40447012950843
124.0,73.07692307692307,57.57575757575758,78.7319905643259
108.0,79.14438502673798,65.48672566371681,82.70444222988644
115.0,79.58115183246073,66.08695652173913,83.00455610518094
105.0,82.35294117647058,70.0,84.96706521088245
97.0,80.23255813953489,66.99029126213593,83.46121823569406
98.0,74.11764705882354,58.87850467289719,79.39535155222094
92.0,82.14285714285714,69.6969696969697,84.81854891139024
84.0,86.07594936708861,75.55555555555556,87.75582519535581
83.0,82.89473684210526,70.78651685393258,85.36731705446815
90.0,62.585034013605444,45.54455445544555,72.71741985688695
100.0,22.22222222222222,12.5,56.15231649455763
123.0,49.46236559139785,32.857142857142854,66.33481519477928
123.0,72.24669603524228,56.55172413793104,78.21298028671615
123.0,68.06282722513089,51.587301587301596,75.73278591368432
130.0,73.68421052631578,58.333333333333336,79.11177535147075
129.0,75.34883720930232,60.447761194029844,80.17098110604776
119.0,76.38190954773869,61.78861788617886,80.84740275546469
116.0,78.53403141361257,64.65517241379311,82.28666885993741
110.0,83.50515463917526,71.68141592920354,85.80876864930084
113.0,75.26881720430107,60.3448275862069,80.12651110679842
102.0,73.37278106508876,57.943925233644855,78.92706498342656
99.0,78.61271676300578,64.76190476190476,82.34403212869725
93.0,83.33333333333334,71.42857142857143,85.68634494870874
86.0,84.07643312101911,72.52747252747253,86.23879114300188
92.0,70.58823529411765,54.54545454545454,77.22284300423019
100.0,31.496062992125985,18.69158878504673,59.259064988264655
125.0,57.99999999999999,40.845070422535215,70.33873298452272
125.0,74.16666666666667,58.94039735099338,79.40830636811154
125.0,72.27722772277228,56.58914728682171,78.2386887662578
130.0,71.84466019417476,56.060606060606055,77.97242110942162
131.0,75.22935779816514,60.29411764705882,80.09316015302994
119.0,74.74747474747475,59.67741935483871,79.78881146976298
115.0,79.58115183246073,66.08695652173913,83.00455610518094
119.0,78.81773399014779,65.04065040650406,82.4774076050406
114.0,77.77777777777779,63.63636363636363,81.77426876602509
103.0,79.12087912087912,65.45454545454545,82.68935160321078
104.0,79.55801104972376,66.05504587155964,82.99059973603529
101.0,80.45977011494253,67.3076923076923,83.61991808135983
87.0,85.71428571428571,75.0,87.47704911489413
94.0,70.45454545454545,54.385964912280706,77.14110074643847
114.0,52.27272727272727,35.38461538461539,67.60852552594024
128.0,65.75342465753424,48.97959183673469,74.41495159456086
126.0,76.98744769874477,62.585034013605444,81.23760925183107
132.0,68.59903381642512,52.20588235294118,76.0380773904213
138.0,69.1588785046729,52.85714285714286,76.362705794465
135.0,74.43946188340807,59.285714285714285,79.58596296602605
125.0,69.34673366834171,53.07692307692308,76.47759179970248
127.0,69.0721649484536,52.75590551181102,76.31808327138177
122.0,75.75757575757575,60.97560975609756,80.43990164258442
116.0,72.43243243243244,56.779661016949156,78.3389414466294
103.0,78.2122905027933,64.22018348623854,82.07117424820848
104.0,77.77777777777779,63.63636363636363,81.77826643878615
96.0,81.437125748503,68.68686868686868,84.31250115911249
86.0,83.33333333333334,71.42857142857143,85.68834330643116
92.0,64.80446927374301,47.93388429752066,73.90409047870166
125.0,48.1283422459893,31.690140845070424,65.74832389842837
127.0,65.53191489361701,48.734177215189874,74.28624867067005
134.0,70.58823529411765,54.54545454545454,77.20785442351173
134.0,74.54545454545455,59.42028985507246,79.65425000998123
135.0,75.9825327510917,61.267605633802816,80.57890054294904
130.0,72.22222222222221,56.52173913043478,78.20098693517228
118.0,73.01587301587301,57.49999999999999,78.69910890693914
129.0,69.03553299492386,52.71317829457365,76.29572062329864
122.0,59.48717948717949,42.33576642335766,71.08906921271638
123.0,56.64739884393064,39.516129032258064,69.68325453348494
106.0,66.25766871165644,49.54128440366973,74.7157760751839
106.0,75.42857142857143,60.550458715596335,80.23232375013502
91.0,83.8323353293413,72.16494845360825,86.05553134571204
85.0,79.48717948717949,65.95744680851064,82.94679619828493
125.0,0.8733624454148471,0.43859649122807015,49.993089974562714
128.0,2.359882005899705,1.1940298507462688,50.26714966187955
138.0,2.5316455696202533,1.282051282051282,50.33408152877179
121.0,6.228373702422145,3.214285714285714,51.337044984039025
124.0,12.582781456953644,6.713780918727916,53.093716824577186
124.0,7.142857142857142,3.7037037037037033,51.670464939615215
120.0,5.376344086021505,2.7624309392265194,51.20581533806317
132.0,1.762114537444934,0.8888888888888888,50.22221779319081
134.0,1.4705882352941175,0.7407407407407408,50.10329977603865
137.0,1.3559322033898304,0.6825938566552902,50.05130609642268
119.0,0.0,0.0,49.77479272959184
111.0,0.0,0.0,49.85052614795919
112.0,0.0,0.0,49.869459502551024
81.0,0.0,0.0,49.91928411989796
75.0,0.0,0.0,49.92526307397959
161.0,17.435897435897434,9.550561797752808,54.61479125594094
242.0,77.96610169491525,63.888888888888886,81.82737185944174
341.0,81.83206106870229,69.25064599483204,84.50610363378695
380.0,85.32974427994617,74.4131455399061,87.09726452069013
379.0,86.67529107373868,76.48401826484019,88.13868054752011
404.0,90.57527539779682,82.77404921700223,91.30972468479715
389.0,87.33850129198967,77.52293577981652,88.66314933779942
395.0,61.27946127946128,44.1747572815534,71.8573510374643
386.0,66.88741721854305,50.24875621890548,74.92427405534461
338.0,73.52941176470588,58.139534883720934,78.92569828866694
299.0,89.4927536231884,80.98360655737706,90.43372080157101
251.0,88.60759493670885,79.54545454545455,89.71869052774069
190.0,88.70056497175142,79.69543147208121,89.8077309302668
120.0,84.30493273542601,72.86821705426357,86.39916583314991
58.0,77.06422018348624,62.68656716417911,81.31835040300949
182.0,0.0,0.0,49.818638392857146
268.0,0.0,0.0,49.71002072704081
372.0,34.583333333333336,20.906801007556673,60.13998345948073
394.0,54.45544554455446,37.41496598639456,68.43154369984182
405.0,92.00968523002422,85.20179372197309,92.53462647782325
408.0,89.34010152284264,80.73394495412845,90.28267575259409
426.0,74.08491947291361,58.837209302325576,79.24133165074214
413.0,0.0,0.0,49.561543367346935
407.0,0.0,0.0,49.59442761479592
359.0,18.64801864801865,10.282776349614396,54.793334879769695
307.0,0.0,0.0,49.64923469387755
278.0,31.60919540229885,18.771331058020476,59.14824009855194
214.0,0.0,0.0,49.7867506377551
151.0,83.45864661654136,71.61290322580646,85.76250873863978
70.0,83.33333333333334,71.42857142857143,85.69233882575595
190.0,0.0,0.0,49.810666454081634
281.0,0.0,0.0,49.67813297193878
385.0,0.0,0.0,49.588448660714285
410.0,0.0,0.0,49.574497767857146
415.0,83.31108144192257,71.395881006865,85.57259957611019
427.0,88.7218045112782,79.72972972972973,89.77454332016573
428.0,72.11267605633803,56.38766519823789,77.99551529142663
420.0,0.0,0.0,49.53364158163265
414.0,0.0,0.0,49.58745216836735
368.0,0.0,0.0,49.588448660714285
314.0,0.0,0.0,49.60638552295919
285.0,45.93967517401392,29.819277108433734,64.67699682248373
224.0,18.461538461538463,10.16949152542373,54.873388289430636
172.0,80.53691275167785,67.41573033707866,83.64993005586552
76.0,82.75862068965517,70.58823529411765,85.26917551281028
209.0,0.0,0.0,49.7917330994898
316.0,0.0,0.0,49.64624521683674
421.0,0.0,0.0,49.53762755102041
424.0,0.0,0.0,49.5426100127551
449.0,58.78787878787879,41.63090128755365,70.54335268851293
437.0,71.83908045977012,56.05381165919282,77.83061531964168
436.0,61.46926536731634,44.37229437229438,71.92899803964221
438.0,0.0,0.0,49.50474330357143
424.0,0.0,0.0,49.56552933673469
383.0,0.0,0.0,49.57549426020408
331.0,0.0,0.0,49.55855389030612
286.0,19.902912621359224,11.05121293800539,55.196495069780596
229.0,11.683848797250858,6.204379562043796,52.846004450373364
179.0,77.41935483870968,63.1578947368421,81.50902568071128
91.0,84.21052631578947,72.72727272727273,86.33669240706602
218.0,0.0,0.0,49.78176817602041
348.0,0.0,0.0,49.60239955357143
442.0,0.0,0.0,49.505739795918366
457.0,0.0,0.0,49.49976084183674
449.0,33.50785340314136,20.125786163522015,59.68250170795909
447.0,37.74954627949184,23.2662192393736,61.290602829464724
444.0,0.0,0.0,49.53563456632653
445.0,0.0,0.0,49.50275031887755
428.0,0.0,0.0,49.566525829081634
386.0,0.0,0.0,49.5784837372449
333.0,2.6490066225165565,1.342281879194631,50.231635258911645
289.0,21.333333333333336,11.940298507462686,55.61705317968091
237.0,0.0,0.0,49.70404177295919
201.0,63.030303030303024,46.017699115044245,72.88702498490669
117.0,76.0,61.29032258064516,80.59725709870582
257.0,0.0,0.0,49.73891900510204
429.0,0.0,0.0,49.510722257653065
451.0,0.0,0.0,49.49477838010204
464.0,0.0,0.0,49.48182397959184
467.0,0.0,0.0,49.53463807397959
441.0,0.4524886877828055,0.22675736961451248,49.67491331360646
433.0,0.0,0.0,49.539620535714285
429.0,0.0,0.0,49.48680644132653
413.0,0.0,0.0,49.527662627551024
365.0,0.0,0.0,49.517697704081634
316.0,7.4074074074074066,3.8461538461538463,51.49942413893051
287.0,0.0,0.0,49.60239955357143
223.0,0.0,0.0,49.72895408163265
201.0,77.19298245614034,62.857142857142854,81.35064000822135
141.0,68.46846846846847,52.054794520547944,75.95753698083286
265.0,0.0,0.0,49.70703125
432.0,0.0,0.0,49.50175382653062
449.0,0.0,0.0,49.49477838010204
458.0,0.0,0.0,49.49278539540816
459.0,2.9227557411273484,1.4830508474576272,50.27809182927806
455.0,0.0,0.0,49.49976084183674
459.0,0.0,0.0,49.473852040816325
429.0,0.0,0.0,49.476841517857146
408.0,0.0,0.0,49.48481345663265
361.0,0.0,0.0,49.515704719387756
309.0,0.0,0.0,49.559550382653065
270.0,0.0,0.0,49.63428730867347
224.0,0.0,0.0,49.720982142857146
173.0,70.39473684210526,54.314720812182735,77.06748443493157
109.0,68.18181818181817,51.724137931034484,75.80619858480051
264.0,0.0,0.0,49.73692602040816
445.0,0.0,0.0,49.4937818877551
456.0,0.0,0.0,49.48680644132653
471.0,0.0,0.0,49.47783801020408
472.0,0.0,0.0,49.5246731505102
470.0,0.0,0.0,49.525669642857146
483.0,0.0,0.0,49.461894132653065
441.0,0.0,0.0,49.49677136479592
428.0,0.0,0.0,49.50474330357143
374.0,0.0,0.0,49.5246731505102
332.0,0.0,0.0,49.53663105867347
297.0,0.0,0.0,49.581473214285715
238.0,0.0,0.0,49.70204878826531
203.0,61.212121212121204,44.10480349344978,71.92459345915624
138.0,64.60176991150442,47.712418300653596,73.77637361153671
218.0,0.0,0.0,49.78176817602041
285.0,58.82352941176471,41.66666666666667,70.6655212828299
421.0,21.231422505307858,11.87648456057007,55.56817485020883
405.0,74.4186046511628,59.25925925925925,79.45334757834758
425.0,85.86251621271076,75.22727272727273,87.50429741288906
417.0,88.3419689119171,79.11832946635731,89.46886674983361
428.0,83.04405874499332,71.00456621004567,85.37493927668632
426.0,0.0,0.0,49.56752232142857
410.0,0.0,0.0,49.58944515306122
355.0,31.353919239904986,18.591549295774648,59.00740905219784
302.0,89.44543828264759,80.90614886731392,90.39398698423182
262.0,88.7063655030801,79.70479704797047,89.79735448875705
208.0,91.37055837563452,84.11214953271028,92.02207204613752
172.0,73.30960854092527,57.865168539325836,78.85769361002599
142.0,58.252427184466015,41.0958904109589,70.46214426366446
240.0,0.0,0.0,49.76084183673469
364.0,0.0,0.0,49.6273118622449
433.0,0.0,0.0,49.56851881377551
431.0,28.118811881188122,16.359447004608295,57.81748420482884
436.0,80.32564450474898,67.12018140589569,83.41474186573853
437.0,62.36220472440945,45.30892448512586,72.41535703627216
437.0,0.0,0.0,49.55257493622449
433.0,0.0,0.0,49.52168367346938
421.0,0.0,0.0,49.58047672193878
364.0,0.0,0.0,49.6223294005102
315.0,0.0,0.0,49.672154017857146
277.0,0.0,0.0,49.72397161989796
218.0,62.46056782334385,45.412844036697244,72.58760499656218
185.0,74.9185667752443,59.895833333333336,79.87101049219952
145.0,65.76576576576578,48.99328859060403,74.42080053345143
249.0,0.0,0.0,49.751873405612244
373.0,0.0,0.0,49.59243463010204
446.0,0.0,0.0,49.53862404336735
461.0,0.0,0.0,49.54061702806122
463.0,36.267605633802816,22.1505376344086,60.71379656669005
453.0,43.986254295532646,28.193832599118945,63.771228959406024
465.0,0.0,0.0,49.515704719387756
445.0,0.0,0.0,49.478834502551024
424.0,0.0,0.0,49.56552933673469
370.0,0.0,0.0,49.546595982142854
320.0,0.0,0.0,49.630301339285715
279.0,0.0,0.0,49.72197863520408
223.0,15.573770491803279,8.444444444444445,54.016867037502244
190.0,77.20364741641338,62.87128712871287,81.36071699239696
149.0,66.66666666666666,50.0,74.92115296325129
267.0,0.0,0.0,49.73393654336735
384.0,0.0,0.0,49.58446269132653
455.0,0.0,0.0,49.51470822704081
473.0,0.0,0.0,49.50673628826531
474.0,21.052631578947366,11.76470588235294,55.46335852776865
469.0,17.15399610136452,9.381663113006397,54.266950602222494
472.0,0.0,0.0,49.500757334183675
447.0,0.0,0.0,49.48580994897959
428.0,0.0,0.0,49.56951530612245
375.0,0.0,0.0,49.55556441326531
328.0,0.0,0.0,49.59741709183674
290.0,0.0,0.0,49.68809789540816
235.0,0.0,0.0,49.73194355867347
200.0,78.51002865329512,64.62264150943396,82.23637920912255
156.0,71.7557251908397,55.952380952380956,77.90231163748595
281.0,0.0,0.0,49.7199856505102
437.0,0.0,0.0,49.52168367346938
459.0,0.0,0.0,49.50275031887755
478.0,0.0,0.0,49.500757334183675
486.0,7.905138339920949,4.11522633744856,51.593062566602896
479.0,6.0728744939271255,3.1315240083507305,51.10325128867926
478.0,0.0,0.0,49.52168367346938
453.0,0.0,0.0,49.5426100127551
428.0,0.0,0.0,49.5735012755102
380.0,0.0,0.0,49.5475924744898
331.0,0.0,0.0,49.576490752551024
292.0,0.0,0.0,49.65023118622449
239.0,0.0,0.0,49.720982142857146
204.0,75.39267015706807,60.50420168067227,80.15816096185836
159.0,75.27675276752768,60.35502958579882,80.11061380635948
310.0,0.0,0.0,49.68411192602041
471.0,0.0,0.0,49.48182397959184
464.0,0.0,0.0,49.49477838010204
483.0,0.0,0.0,49.483816964285715
483.0,0.0,0.0,49.51869419642857
479.0,0.0,0.0,49.522680165816325
477.0,0.0,0.0,49.49278539540816
446.0,0.0,0.0,49.50673628826531
423.0,0.0,0.0,49.5784837372449
366.0,0.0,0.0,49.51470822704081
322.0,0.0,0.0,49.56752232142857
281.0,0.0,0.0,49.63329081632653
240.0,4.026845637583892,2.054794520547945,50.742366365316826
196.0,79.1907514450867,65.55023923444976,82.70317573345423
153.0,77.90262172284645,63.80368098159509,81.84292532863107
336.0,0.0,0.0,49.64325573979592
485.0,0.0,0.0,49.45093271683674
470.0,0.0,0.0,49.47484853316326
481.0,0.0,0.0,49.49976084183674
486.0,0.819672131147541,0.411522633744856,49.72343979576588
485.0,0.0,0.0,49.51670121173469
473.0,0.0,0.0,49.50474330357143
441.0,0.0,0.0,49.46787308673469
422.0,0.0,0.0,49.50175382653062
367.0,0.0,0.0,49.50374681122449
314.0,0.0,0.0,49.561543367346935
269.0,0.0,0.0,49.6452487244898
241.0,0.0,0.0,49.696069834183675
189.0,72.26890756302521,56.57894736842105,78.19056665681627
143.0,76.47058823529412,61.904761904761905,80.89647599081562
344.0,0.0,0.0,49.657206632653065
487.0,0.0,0.0,49.466876594387756
473.0,0.0,0.0,49.48282047193878
492.0,0.0,0.0,49.483816964285715
493.0,0.0,0.0,49.50872927295919
490.0,0.0,0.0,49.50275031887755
488.0,0.0,0.0,49.490792410714285
458.0,0.0,0.0,49.52068718112245
429.0,0.0,0.0,49.57250478316326
366.0,0.0,0.0,49.58545918367347
333.0,0.0,0.0,49.554567920918366
285.0,0.0,0.0,49.6273118622449
248.0,39.130434782608695,24.324324324324326,61.93862711506013
197.0,71.19565217391305,55.27426160337553,77.53122611590497
155.0,73.18840579710145,57.714285714285715,78.78325369089222
540.0,22.18214607754734,12.474645030425965,55.37523632657294
533.0,49.76525821596244,33.125,65.91867152713708
531.0,41.424554826616685,26.12293144208038,62.43590271433415
535.0,36.427732079905994,22.270114942528735,60.594284595872026
528.0,31.828978622327792,18.926553672316384,58.88975859148372
519.0,27.380952380952383,15.862068965517242,57.321777775940944
497.0,29.39150401836969,17.227456258411845,57.99931796296551
477.0,15.606242496998798,8.463541666666668,53.53032803634265
443.0,10.54054054054054,5.563480741797433,52.12154929444819
369.0,21.311475409836063,11.926605504587156,55.3884295038605
321.0,31.32530120481928,18.571428571428573,58.773318912254965
268.0,52.73775216138329,35.81213307240704,67.57802060977383
241.0,45.2991452991453,29.2817679558011,64.25701449352525
181.0,37.35294117647059,22.965641952983727,61.05723804776202
134.0,1.5706806282722512,0.79155672823219,50.02107483831537
52.0,62.5,45.45454545454545,72.68539083421116
70.0,74.4186046511628,59.25925925925925,79.59671389391306
68.0,81.88976377952756,69.33333333333334,84.64372356555742
77.0,84.44444444444444,73.07692307692307,86.51751139979157
83.0,87.24832214765101,77.38095238095238,88.671518277044
91.0,84.472049689441,73.11827956989248,86.53419366855763
85.0,88.75,79.7752808988764,89.86967817022456
86.0,83.87096774193549,72.22222222222221,86.08616648817403
79.0,81.69014084507043,69.04761904761905,84.49787073934087
67.0,84.8,73.61111111111111,86.78660218085732
58.0,88.07339449541286,78.68852459016394,89.33129549010272
55.0,88.28828828828829,79.03225806451613,89.50316196859976
59.0,67.85714285714286,51.35135135135135,75.63977476219688
81.0,76.71232876712328,62.22222222222222,81.07719251574001
80.0,79.72027972027972,66.27906976744185,83.11060373984336
84.0,83.54430379746836,71.73913043478261,85.84362229182754
93.0,88.63636363636364,79.59183673469387,89.77595749066523
97.0,87.77777777777777,78.21782178217822,89.08695348845023
92.0,86.03351955307262,75.49019607843137,87.72014744139935
91.0,85.20710059171599,74.22680412371135,87.08845395392018
88.0,83.9506172839506,72.3404255319149,86.14426880491331
78.0,84.72222222222221,73.49397590361446,86.72503843569429
67.0,84.375,72.97297297297297,86.46653516770431
72.0,81.88976377952756,69.33333333333334,84.64372356555742
63.0,66.66666666666666,50.0,74.96010850486677
86.0,77.12418300653596,62.76595744680851,81.34806043220566
87.0,80.76923076923077,67.74193548387096,83.841035389053
92.0,85.0574712643678,74.0,86.97405293201868
101.0,86.86868686868688,76.78571428571429,88.36690385876851
103.0,87.68472906403942,78.0701754385965,89.01013114373973
101.0,84.36018957345972,72.95081967213115,86.44246715632832
97.0,86.02150537634408,75.47169811320755,87.70989888094105
96.0,85.71428571428571,75.0,87.4740508603138
96.0,81.56424581005587,68.86792452830188,84.40103010440004
85.0,81.25,68.42105263157895,84.18059276826497
90.0,79.73856209150327,66.30434782608695,83.12124504942979
66.0,73.4375,58.0246913580247,78.97843317327715
93.0,72.72727272727273,57.14285714285714,78.52653272978118
89.0,86.06060606060606,75.53191489361703,87.74300564559108
101.0,80.0,66.66666666666666,83.2964086596676
108.0,87.32394366197182,77.5,88.7230447457221
110.0,89.90825688073394,81.66666666666667,90.81136759987753
106.0,85.46255506607929,74.61538461538461,87.27474436544107
104.0,85.98130841121495,75.40983606557377,87.6749683482569
100.0,88.0,78.57142857142857,89.26175645150249
100.0,86.0,75.43859649122807,87.69134855505703
95.0,86.63101604278076,76.41509433962264,88.18259457973248
93.0,82.20858895705521,69.79166666666666,84.86689641581353
66.0,71.42857142857143,55.55555555555556,77.74187185130515
95.0,70.23809523809523,54.12844036697248,77.01433691034538
96.0,82.75862068965517,70.58823529411765,85.26417991753623
109.0,83.49514563106796,71.66666666666667,85.79939442337127
110.0,84.84848484848484,73.68421052631578,86.80715977811457
111.0,86.69527896995707,76.51515151515152,88.22662218793023
103.0,80.68669527896995,67.62589928057554,83.76802331945395
108.0,83.33333333333334,71.42857142857143,85.67634717471981
101.0,84.61538461538461,73.33333333333333,86.6347228877176
102.0,80.71748878923766,67.66917293233082,83.79166029917265
103.0,83.56807511737088,71.7741935483871,85.8521575684116
96.0,80.7017543859649,67.64705882352942,83.79059988096063
71.0,76.47058823529412,61.904761904761905,80.92046011605505
100.0,66.66666666666666,50.0,74.94413407821229
102.0,81.11111111111111,68.22429906542055,84.07821942872448
112.0,85.04672897196261,73.98373983739837,86.95992422637615
114.0,84.25531914893617,72.79411764705883,86.36011571591513
122.0,85.6,74.82517482517483,87.3766370241235
110.0,79.03225806451613,65.33333333333333,82.61474766031658
109.0,80.99173553719008,68.05555555555556,83.98184942600655
106.0,82.96943231441048,70.8955223880597,85.4088242718438
109.0,77.68595041322314,63.51351351351351,81.70284517175615
106.0,80.88888888888889,67.91044776119402,83.91229685653792
98.0,78.45303867403315,64.54545454545455,82.2338090010977
70.0,75.86206896551724,61.111111111111114,80.5206400510764
103.0,77.34806629834254,63.06306306306306,81.49061826765096
107.0,82.4742268041237,70.17543859649122,85.0537844531482
114.0,84.12017167381974,72.5925925925926,86.25935392639335
120.0,85.6,74.82517482517483,87.3766370241235
126.0,81.88405797101449,69.32515337423312,84.61263960783646
122.0,80.41958041958041,67.2514619883041,83.56979923090321
121.0,79.5539033457249,66.0493827160494,82.96976715342703
112.0,81.42292490118577,68.66666666666667,84.2864018532942
120.0,74.52471482889734,59.3939393939394,79.63007405417247
113.0,80.49792531120332,67.36111111111111,83.63362969840985
110.0,80.3921568627451,67.21311475409836,83.56663243593847
103.0,76.76767676767676,62.295081967213115,81.10163279997383
110.0,77.31958762886599,63.02521008403361,81.46869374284114
117.0,81.08108108108108,68.18181818181817,84.04898120686963
117.0,83.26530612244898,71.32867132867133,85.62339625466197
128.0,83.75451263537906,72.04968944099379,85.97989865577456
129.0,83.09859154929578,71.08433734939759,85.49422429018483
124.0,82.3076923076923,69.93464052287581,84.92138365395623
115.0,83.60655737704919,71.83098591549296,85.87555207025997
122.0,79.42238267148014,65.86826347305389,82.87720687734107
124.0,76.01476014760148,61.30952380952381,80.5898566664099
115.0,79.50819672131148,65.98639455782312,82.94327615428847
95.0,81.25,68.42105263157895,84.17459673776241
58.0,50.90909090909091,34.146341463414636,67.01933009997724
68.0,66.11570247933885,49.382716049382715,74.6504692421798
71.0,78.74015748031496,64.93506493506493,82.44060033650267
79.0,82.35294117647058,70.0,84.97605746209098
84.0,85.33333333333334,74.4186046511628,87.18735149544091
90.0,83.87096774193549,72.22222222222221,86.08616648817403
87.0,89.171974522293,80.45977011494253,90.2129210212281
85.0,84.0,72.41379310344827,86.18295066941815
81.0,80.28169014084507,67.05882352941175,83.50147824647927
65.0,84.29752066115702,72.85714285714285,86.40961881011756
60.0,85.71428571428571,75.0,87.48404085541014
70.0,79.33884297520662,65.75342465753424,82.85177616534548
61.0,66.0377358490566,49.29577464788733,74.61198855846231
82.0,70.07299270072993,53.93258426966292,76.92539682681996
84.0,80.82191780821918,67.81609195402298,83.88011134405262
82.0,86.27450980392157,75.86206896551724,87.91008058134173
94.0,87.20930232558139,77.31958762886599,88.63783816484516
97.0,88.88888888888889,80.0,89.98003832641328
96.0,85.0828729281768,74.03846153846155,86.99228412358914
92.0,86.04651162790698,75.51020408163265,87.73115090114126
90.0,82.71604938271605,70.52631578947368,85.2352188019591
81.0,81.08108108108108,68.18181818181817,84.06297390055072
65.0,86.4,76.05633802816901,88.01121039311965
88.0,76.71232876712328,62.22222222222222,81.07719251574001
63.0,67.24137931034483,50.649350649350644,75.28677916016608
89.0,74.02597402597402,58.76288659793815,79.34153827293105
89.0,80.0,66.66666666666666,83.30240385254952
97.0,84.57142857142857,73.26732673267327,86.6067183342022
101.0,87.04663212435233,77.06422018348624,88.50715600725859
101.0,87.5,77.77777777777779,88.86493296778373
103.0,84.0,72.41379310344827,86.17495532358393
100.0,84.81675392670157,73.63636363636363,86.78923681369035
99.0,83.06010928961749,71.02803738317756,85.48308056783628
98.0,84.44444444444444,73.07692307692307,86.5105174266851
88.0,78.75,64.94845360824742,82.44030347085689
94.0,77.70700636942675,63.541666666666664,81.73591364860819
68.0,73.17073170731707,57.692307692307686,78.8132400802206
95.0,70.37037037037037,54.285714285714285,77.0949711116115
96.0,78.04878048780488,64.0,81.96408045977012
98.0,81.81818181818183,69.23076923076923,84.58345103722718
100.0,84.81675392670157,73.63636363636363,86.78923681369035
108.0,89.2018779342723,80.50847457627118,90.23127448787203
108.0,87.78280542986425,78.2258064516129,89.08594581850997
106.0,88.03827751196172,78.63247863247864,89.29128124579766
98.0,85.71428571428571,75.0,87.4720514253773
106.0,83.5820895522388,71.7948717948718,85.86449650591629
95.0,82.87292817679558,70.75471698113208,85.34642098432863
97.0,83.52941176470588,71.71717171717171,85.83064453536463
64.0,71.07438016528926,55.12820512820513,77.52919541711356
96.0,67.0967741935484,50.48543689320388,75.19184461370752
97.0,80.23952095808383,67.0,83.46707178351195
110.0,83.24873096446701,71.30434782608695,85.61923583662714
105.0,85.5813953488372,74.79674796747967,87.36742597639218
113.0,86.58008658008657,76.33587786259542,88.13698597978401
107.0,87.27272727272727,77.41935483870968,88.68172214778934
108.0,85.84905660377359,75.20661157024794,87.57335669857112
105.0,84.72906403940887,73.50427350427351,86.72119245187722
115.0,80.35714285714286,67.16417910447761,83.53816510229272
106.0,85.02415458937197,73.94957983193278,86.9438443801095
99.0,79.53216374269006,66.01941747572816,82.97478417492003
68.0,74.60317460317461,59.49367088607595,79.71491779058131
99.0,64.96815286624204,48.113207547169814,74.00174093069214
103.0,74.85380116959064,59.813084112149525,79.86363816080018
117.0,80.76923076923077,67.74193548387096,83.8310412067602
112.0,86.09865470852019,75.59055118110236,87.76432511131796
127.0,87.86610878661088,78.35820895522389,89.15014559921926
122.0,87.76371308016878,78.19548872180451,89.06878606085432
118.0,83.55555555555556,71.7557251908397,85.84092317606759
120.0,80.0,66.66666666666666,83.28841060043392
120.0,79.50819672131148,65.98639455782312,82.94327615428847
108.0,80.18867924528303,66.92913385826772,83.4226432302658
103.0,78.02197802197803,63.96396396396396,81.94206580595164
69.0,70.86614173228347,54.87804878048781,77.4021210769248
96.0,65.78947368421053,49.01960784313725,74.4579346321779
103.0,78.65168539325843,64.81481481481481,82.36948779698152
119.0,81.30841121495327,68.50393700787401,84.2120395774262
119.0,87.65957446808511,78.03030303030303,88.98619379342523
136.0,84.52830188679246,73.20261437908496,86.56035960245396
126.0,85.37549407114624,74.48275862068967,87.20442956200259
124.0,84.16666666666667,72.66187050359713,86.29299216642661
130.0,84.4621513944223,73.10344827586206,86.5127786615979
127.0,79.69924812030075,66.25,83.07107549430796
113.0,79.33884297520662,65.75342465753424,82.8267922009716
108.0,78.78787878787878,65.0,82.45808215896841
71.0,76.11940298507463,61.44578313253012,80.69097136676382
108.0,59.49367088607595,42.34234234234234,71.10733586625784
114.0,78.97435897435898,65.2542372881356,82.58619966364903
115.0,82.66666666666667,70.45454545454545,85.18833735998244
122.0,86.0655737704918,75.53956834532374,87.73583238420149
135.0,86.2453531598513,75.81699346405229,87.87154107881
126.0,85.24590163934425,74.28571428571429,87.10690890831488
125.0,81.54506437768241,68.84057971014492,84.37735940240579
127.0,82.44274809160305,70.12987012987013,85.01899753996902
126.0,79.1044776119403,65.4320987654321,82.66012767310951
115.0,79.01234567901234,65.3061224489796,82.60214269413835
103.0,75.1269035532995,60.16260162601627,80.03240056950489
107.0,0.0,0.0,49.89337531887755
114.0,0.0,0.0,49.86348054846938
114.0,0.0,0.0,49.88241390306122
121.0,0.0,0.0,49.87942442602041
120.0,0.0,0.0,49.87344547193878
133.0,0.0,0.0,49.7867506377551
136.0,1.929260450160772,0.974025974025974,50.18306464826505
129.0,14.117647058823529,7.59493670886076,53.5063533440619
127.0,14.399999999999999,7.758620689655173,53.66598445464058
126.0,0.0,0.0,49.76781728316326
105.0,0.0,0.0,49.83159279336735
99.0,0.0,0.0,49.82760682397959
24.0,58.536585365853654,41.37931034482759,70.67271075011891
33.0,62.96296296296296,45.94594594594595,72.95303637136608
37.0,64.61538461538461,47.72727272727273,73.84070744328943
41.0,67.64705882352942,51.11111111111111,75.53362267018478
67.0,54.0,36.986301369863014,68.44728735764681
70.0,70.79646017699115,54.794520547945204,77.36434979048768
83.0,73.68421052631578,58.333333333333336,79.13175534143276
81.0,73.91304347826086,58.620689655172406,79.2744346031473
78.0,73.91304347826086,58.620689655172406,79.2744346031473
89.0,67.58620689655173,51.041666666666664,75.47395241087638
93.0,67.54966887417218,51.0,75.45112219451372
116.0,58.75706214689266,41.6,70.72718059213152
90.0,55.94405594405595,38.83495145631068,69.35464662332049
85.0,60.431654676258994,43.29896907216495,71.59463154210633
85.0,70.1492537313433,54.02298850574713,76.97159718730273
74.0,66.08695652173913,49.35064935064935,74.63643201905597
52.0,80.43478260869566,67.27272727272727,83.61841353763809
55.0,75.78947368421053,61.016949152542374,80.48553879645468
54.0,63.73626373626373,46.774193548387096,73.35419350979089
46.0,66.66666666666666,50.0,74.9730802209416
41.0,60.273972602739725,43.13725490196079,71.53971649671952
51.0,53.84615384615385,36.84210526315789,68.3851638866881
33.0,73.33333333333333,57.89473684210527,78.9314175497363
37.0,78.94736842105263,65.21739130434783,82.59274223614871
47.0,82.22222222222221,69.81132075471697,84.88970473404689
69.0,66.66666666666666,50.0,74.96410051854807
79.0,70.76923076923077,54.761904761904766,77.34305092473855
91.0,75.81699346405229,61.05263157894737,80.48940290388367
96.0,74.02597402597402,58.76288659793815,79.34153827293105
90.0,81.29032258064515,68.47826086956522,84.2101958269962
95.0,73.93939393939394,58.65384615384615,79.28402174997507
121.0,63.101604278074866,46.09375,72.97803608306563
110.0,65.55555555555556,48.760330578512395,74.31831003056153
125.0,64.28571428571429,47.368421052631575,73.61436836958998
110.0,70.2127659574468,54.09836065573771,76.99330325742383
99.0,77.00534759358288,62.60869565217392,81.26143708043791
88.0,79.72972972972973,66.29213483146067,83.11613745184583
85.0,75.36231884057972,60.46511627906976,80.1986422509386
53.0,84.61538461538461,73.33333333333333,86.65070879544669
64.0,71.30434782608695,55.4054054054054,77.66979156278049
61.0,70.9090909090909,54.929577464788736,77.43287617280762
51.0,68.08510638297872,51.61290322580645,75.7765377647858
49.0,63.73626373626373,46.774193548387096,73.35419350979089
51.0,70.83333333333334,54.83870967741935,77.39143413351243
38.0,73.23943661971832,57.77777777777777,78.86994571840036
48.0,77.77777777777779,63.63636363636363,81.79823805958108
73.0,63.49206349206349,46.51162790697674,73.20993873408514
86.0,64.17910447761194,47.25274725274725,73.57850096764584
89.0,72.6027397260274,56.98924731182796,78.454721814444
103.0,74.69879518072288,59.61538461538461,79.76578784985617
99.0,75.77639751552795,61.0,80.46108949416342
100.0,79.76190476190477,66.33663366336634,83.13439079045305
114.0,68.85245901639344,52.5,76.19312852952328
125.0,65.98984771573603,49.24242424242424,74.55436053174076
133.0,65.3658536585366,48.55072463768116,74.20451676215416
130.0,65.68627450980392,48.9051094890511,74.38270701258118
118.0,72.636815920398,57.03125,78.4607380670818
101.0,79.79274611398964,66.37931034482759,83.15073223982033
98.0,78.10650887573965,64.07766990291263,82.00191617276941
86.0,77.46478873239437,63.2183908045977,81.57727265534648
65.0,76.03305785123968,61.33333333333333,80.63774187113505
68.0,73.94957983193278,58.666666666666664,79.30241495784462
63.0,69.02654867256636,52.702702702702695,76.31644698930336
57.0,68.04123711340206,51.5625,75.75033840715554
53.0,58.06451612903226,40.909090909090914,70.41566132923887
55.0,67.3469387755102,50.76923076923077,75.35270664361464
43.0,73.68421052631578,58.333333333333336,79.14672569195183
52.0,80.0,66.66666666666666,83.31238946290608
84.0,65.24822695035462,48.421052631578945,74.16165338540847
100.0,66.66666666666666,50.0,74.9481286409704
98.0,75.30864197530865,60.396039603960396,80.15811159086577
105.0,77.45664739884393,63.20754716981132,81.56485841996523
108.0,75.42857142857143,60.550458715596335,80.23232375013502
110.0,81.28342245989305,68.46846846846847,84.19930409451368
134.0,68.89952153110048,52.55474452554745,76.21250718214144
132.0,66.35071090047393,49.645390070921984,74.75184523703365
140.0,65.75342465753424,48.97959183673469,74.41495159456086
130.0,66.98113207547169,50.35460992907801,75.1074516564859
127.0,75.22935779816514,60.29411764705882,80.09316015302994
111.0,78.84615384615384,65.07936507936508,82.49576510446074
103.0,77.96610169491525,63.888888888888886,81.90552772622144
90.0,76.82119205298014,62.365591397849464,81.1478781044477
82.0,72.46376811594203,56.81818181818182,78.3711864283823
70.0,74.01574803149606,58.75,79.34208492090407
69.0,70.39999999999999,54.32098765432099,77.12359124996428
57.0,67.9245283018868,51.42857142857142,75.68038064847
59.0,70.47619047619048,54.41176470588235,77.17496829402496
56.0,70.47619047619048,54.41176470588235,77.17496829402496
66.0,65.38461538461539,48.57142857142857,74.24981623617498
75.0,70.76923076923077,54.761904761904766,77.34305092473855
90.0,67.54966887417218,51.0,75.45112219451372
110.0,66.66666666666666,50.0,74.94413407821229
107.0,74.4186046511628,59.25925925925925,79.58572796934867
115.0,77.6595744680851,63.47826086956522,81.69721677691781
112.0,75.82417582417582,61.06194690265486,80.48706741025534
115.0,79.38144329896907,65.8119658119658,82.86606194947679
137.0,71.23287671232876,55.319148936170215,77.59669770653774
136.0,68.75,52.38095238095239,76.12061451659049
144.0,67.24890829694323,50.6578947368421,75.25409557497208
134.0,65.15837104072398,48.322147651006716,74.08423365306204
128.0,74.43946188340807,59.285714285714285,79.58596296602605
117.0,81.44796380090497,68.70229007633588,84.31021543708181
103.0,82.6086956521739,70.37037037037037,85.15324905744069
92.0,77.41935483870968,63.1578947368421,81.5440283804731
81.0,71.01449275362319,55.0561797752809,77.48819123023027
74.0,75.75757575757575,60.97560975609756,80.45588531534679
71.0,74.4186046511628,59.25925925925925,79.59671389391306
58.0,70.58823529411765,54.54545454545454,77.24281103818399
63.0,65.42056074766354,48.61111111111111,74.26865960214417
61.0,67.3076923076923,50.72463768115942,75.32841445095843
84.0,62.5,45.45454545454545,72.67940293311284
82.0,72.85714285714285,57.30337078651685,78.6137801563507
95.0,69.62025316455697,53.398058252427184,76.65114500578503
110.0,67.44186046511628,50.877192982456144,75.38272834006482
112.0,76.08695652173914,61.40350877192983,80.65784746862967
117.0,77.08333333333334,62.71186440677966,81.31202178065222
124.0,74.74747474747475,59.67741935483871,79.78881146976298
127.0,76.92307692307693,62.5,81.2020919833919
142.0,72.48908296943232,56.849315068493155,78.36177449669643
142.0,72.88135593220339,57.333333333333336,78.60278165967924
144.0,69.19831223628692,52.903225806451616,76.37874988569877
134.0,66.07142857142857,49.333333333333336,74.59082139102897
133.0,74.00881057268722,58.74125874125874,79.31173773124584
122.0,82.75862068965517,70.58823529411765,85.2541815448224
111.0,82.23350253807106,69.82758620689656,84.87885947733788
97.0,78.26086956521739,64.28571428571429,82.10793606449425
87.0,73.68421052631578,58.333333333333336,79.12676243681831
83.0,69.79865771812081,53.608247422680414,76.75923503525689
73.0,74.24242424242425,59.036144578313255,79.48415843035798
56.0,69.72477064220183,53.52112676056338,76.72765420959279
62.0,65.42056074766354,48.61111111111111,74.26865960214417
60.0,67.9245283018868,51.42857142857142,75.68038064847
94.0,57.55395683453237,40.4040404040404,70.14318024669868
92.0,71.52317880794702,55.670103092783506,77.79215621101008
103.0,69.87951807228916,53.70370370370371,76.80196957402752
113.0,67.81609195402298,51.30434782608696,75.59630464712572
113.0,79.7872340425532,66.3716814159292,83.14791731322198
118.0,78.35051546391753,64.40677966101694,82.1614736628438
122.0,78.60696517412936,64.75409836065575,82.33413243880644
137.0,73.0593607305936,57.55395683453237,78.71809148018538
144.0,74.04255319148936,58.78378378378378,79.3310002789629
142.0,76.5432098765432,62.0,80.9430944631911
146.0,70.49180327868852,54.43037974683544,77.14331924055688
137.0,68.99563318777294,52.666666666666664,76.26247080663514
138.0,74.3801652892562,59.210526315789465,79.54336961478887
132.0,81.85654008438819,69.28571428571428,84.59992497568128
111.0,84.15841584158416,72.64957264957265,86.29284445898209
103.0,79.3103448275862,65.71428571428571,82.82121973262932
93.0,76.5432098765432,62.0,80.96208644291016
88.0,75.30864197530865,60.396039603960396,80.15811159086577
86.0,70.06369426751591,53.92156862745098,76.91389777913919
60.0,68.85245901639344,52.5,76.2121015677983
60.0,68.46846846846847,52.054794520547944,75.9924935943918
60.0,70.17543859649122,54.054054054054056,76.99311925616378
106.0,54.54545454545454,37.5,68.68018709857581
109.0,69.36416184971098,53.09734513274337,76.49579524176477
113.0,71.50837988826815,55.65217391304348,77.77520094119608
116.0,72.04301075268818,56.30252100840336,78.09937361761445
118.0,78.97435897435898,65.2542372881356,82.58619966364903
125.0,76.84729064039408,62.4,81.15309193979799
123.0,83.41232227488152,71.54471544715447,85.73741921535172
141.0,74.78260869565217,59.72222222222222,79.80321532352876
146.0,75.20661157024794,60.264900662251655,80.0725521580201
152.0,80.0,66.66666666666666,83.28140810566119
155.0,70.3125,54.21686746987952,77.03256423048741
145.0,70.53941908713693,54.48717948717948,77.1727187288366
136.0,74.28571428571429,59.09090909090909,79.48256146369354
136.0,80.0,66.66666666666666,83.28440965427266
124.0,80.71748878923766,67.66917293233082,83.79166029917265
110.0,80.21390374331551,66.96428571428571,83.44521744647241
92.0,77.38095238095238,63.10679611650486,81.51548223138806
91.0,73.05389221556887,57.54716981132076,78.72868816815664
93.0,70.73170731707317,54.71698113207547,77.31060357932637
64.0,72.44094488188976,56.79012345679012,78.36015249240862
65.0,69.56521739130434,53.333333333333336,76.63176160842508
61.0,69.0909090909091,52.77777777777778,76.35498247060335
98.0,36.507936507936506,22.330097087378643,61.08529259688653
38.0,72.46376811594203,56.81818181818182,78.39014811632507
49.0,72.94117647058823,57.407407407407405,78.68077021083303
76.0,60.0,42.857142857142854,71.3846969096954
80.0,66.14173228346458,49.411764705882355,74.66299728492348
96.0,68.0,51.515151515151516,75.70969545832389
98.0,71.42857142857143,55.55555555555556,77.73388400071826
98.0,74.53416149068323,59.4059405940594,79.6620651968621
94.0,72.61146496815286,56.99999999999999,78.45710209700911
114.0,63.63636363636363,46.666666666666664,73.26948656557595
105.0,64.67065868263472,47.78761061946903,73.8349489193271
120.0,60.43956043956044,43.30708661417323,71.58171712644376
108.0,59.756097560975604,42.608695652173914,71.23851504136016
99.0,66.66666666666666,50.0,74.9451327786756
94.0,68.45637583892618,52.04081632653062,75.97352537024786
84.0,65.625,48.837209302325576,74.37472225598188
73.0,68.42105263157895,52.0,75.96409837046492
63.0,68.62745098039215,52.23880597014925,76.08749297131342
55.0,65.21739130434783,48.38709677419355,74.16164155504636
53.0,63.829787234042556,46.875,73.40359899094643
44.0,55.42168674698795,38.333333333333336,69.12977954127038
53.0,59.77011494252874,42.62295081967213,71.27658009577824
115.0,40.816326530612244,25.64102564102564,62.73376612087576
48.0,74.15730337078652,58.92857142857143,79.44135130669143
77.0,64.0,47.05882352941176,73.48453383268098
81.0,67.2,50.602409638554214,75.2603144055858
83.0,72.46376811594203,56.81818181818182,78.3711864283823
100.0,75.60975609756098,60.78431372549019,80.35224785528212
106.0,74.11764705882354,58.87850467289719,79.39535155222094
102.0,79.06976744186046,65.38461538461539,82.65638528470811
111.0,74.46808510638297,59.32203389830508,79.61311849387772
125.0,66.66666666666666,50.0,74.93414488126122
124.0,66.66666666666666,50.0,74.93314574228182
125.0,66.66666666666666,50.0,74.93314574228182
118.0,67.3469387755102,50.76923076923077,75.32075587553535
104.0,78.97435897435898,65.2542372881356,82.58619966364903
97.0,78.3132530120482,64.35643564356435,82.14229756475278
87.0,78.62068965517241,64.77272727272727,82.35543724118418
72.0,76.92307692307693,62.5,81.22007540996688
70.0,70.3125,54.21686746987952,77.07053303477419
63.0,65.48672566371681,48.68421052631579,74.30321338258588
53.0,67.96116504854369,51.470588235294116,75.70238691595583
47.0,57.14285714285714,40.0,69.96111665004985
53.0,68.68686868686868,52.307692307692314,76.12293394452064
125.0,43.47826086956522,27.77777777777778,63.798144787255495
74.0,66.11570247933885,49.382716049382715,74.6504692421798
83.0,66.18705035971223,49.46236559139785,74.68430467880285
89.0,66.66666666666666,50.0,74.95312094795428
100.0,72.04968944099379,56.310679611650485,78.11044575578335
111.0,75.82417582417582,61.06194690265486,80.48706741025534
109.0,75.70621468926554,60.909090909090914,80.41163899063677
108.0,81.08108108108108,68.18181818181817,84.05597964838299
128.0,72.11538461538461,56.390977443609025,78.13760564561841
129.0,68.57142857142857,52.17391304347826,76.02109351678943
137.0,67.57990867579909,51.03448275862069,75.44638592443829
130.0,67.29857819905213,50.71428571428571,75.28828745349053
125.0,72.38095238095238,56.71641791044776,78.30032472368696
108.0,76.84729064039408,62.4,81.15309193979799
100.0,79.3296089385475,65.74074074074075,82.83344790754231
88.0,81.04575163398692,68.13186813186813,84.0370000355234
78.0,75.36231884057972,60.46511627906976,80.1986422509386
72.0,72.72727272727273,57.14285714285714,78.53552049610141
70.0,69.35483870967742,53.086419753086425,76.50531068838372
57.0,68.57142857142857,52.17391304347826,76.05404866374153
58.0,58.82352941176471,41.66666666666667,70.79145561626716
56.0,62.62626262626263,45.588235294117645,72.7572246367886
138.0,41.14285714285714,25.899280575539567,62.846927882504524
91.0,66.20689655172414,49.48453608247423,74.6933931609307
87.0,64.82758620689654,47.95918367346938,73.92872307813188
108.0,65.85365853658537,49.09090909090909,74.48959085286447
105.0,75.70621468926554,60.909090909090914,80.41163899063677
117.0,76.68393782383419,62.18487394957983,81.04752858789918
120.0,75.25773195876289,60.33057851239669,80.11738793292429
116.0,78.97435897435898,65.2542372881356,82.58619966364903
133.0,74.54545454545455,59.42028985507246,79.65425000998123
133.0,70.85201793721974,54.861111111111114,77.36568141139524
142.0,68.3982683982684,51.973684210526315,75.91398345105233
130.0,67.5925925925926,51.048951048951054,75.45461942803419
130.0,73.30316742081448,57.85714285714286,78.86968331598534
114.0,80.37383177570094,67.1875,83.55182546416451
106.0,79.56989247311827,66.07142857142857,82.99779164789544
89.0,80.0,66.66666666666666,83.30240385254952
82.0,72.0,56.25,78.08310223055743
78.0,70.4225352112676,54.347826086956516,77.1320186174319
70.0,70.76923076923077,54.761904761904766,77.34305092473855
61.0,69.02654867256636,52.702702702702695,76.31644698930336
62.0,61.6822429906542,44.5945945945946,72.25641422289011
57.0,66.66666666666666,50.0,74.96509842244869
144.0,41.53005464480874,26.20689655172414,62.996742783022306
98.0,67.0967741935484,50.48543689320388,75.19184461370752
102.0,70.3030303030303,54.20560747663551,77.0539191060499
115.0,67.04545454545455,50.427350427350426,75.15581061683183
113.0,75.67567567567568,60.86956521739131,80.38987780687552
121.0,77.0,62.601626016260155,81.25490390814805
123.0,80.0,66.66666666666666,83.29241026869485
132.0,73.83177570093457,58.51851851851851,79.20336768890574
140.0,73.91304347826086,58.620689655172406,79.25045382920327
137.0,72.41379310344827,56.75675675675676,78.31449592209793
147.0,70.0,53.84615384615385,76.85120915976142
135.0,68.75,52.38095238095239,76.12061451659049
132.0,74.66666666666667,59.57446808510638,79.73033872992842
122.0,80.1762114537445,66.91176470588235,83.41095872311189
110.0,79.79274611398964,66.37931034482759,83.15073223982033
90.0,79.74683544303798,66.3157894736842,83.12596689376745
86.0,74.35897435897436,59.183673469387756,79.55193091243441
82.0,71.23287671232876,55.319148936170215,77.61767837040735
71.0,73.2824427480916,57.831325301204814,78.8807520218121
70.0,68.85245901639344,52.5,76.2121015677983
61.0,60.37735849056604,43.24324324324324,71.57974223425722
60.0,60.19417475728155,43.05555555555556,71.48689633396484
148.0,42.70833333333333,27.1523178807947,63.46645514065665
144.0,55.172413793103445,38.095238095238095,68.95683692471401
139.0,60.09852216748769,42.95774647887324,71.3980591119299
122.0,67.01570680628272,50.39370078740157,75.13399119829849
120.0,75.75757575757575,60.97560975609756,80.43990164258442
123.0,79.02439024390245,65.32258064516128,82.61837186764502
127.0,80.75117370892019,67.71653543307087,83.81734138393412
140.0,72.6457399103139,57.04225352112676,78.46024244077098
143.0,73.19148936170212,57.71812080536913,78.79617359893132
142.0,75.51867219917013,60.66666666666667,80.27443346311271
147.0,69.70954356846472,53.503184713375795,76.67872642999302
141.0,67.23404255319149,50.641025641025635,75.24366191127673
137.0,72.88135593220339,57.333333333333336,78.60278165967924
129.0,80.3347280334728,67.13286713286713,83.51950864630578
117.0,79.20792079207921,65.57377049180327,82.74496573136953
94.0,78.82352941176471,65.0485436893204,82.48835015394596
85.0,73.41772151898735,57.99999999999999,78.95809888662755
84.0,73.68421052631578,58.333333333333336,79.12676243681831
102.0,60.97560975609756,43.859649122807014,71.86598543599952
68.0,66.66666666666666,50.0,74.95911040191483
64.0,60.0,42.857142857142854,71.3846969096954
67.0,60.71428571428571,43.58974358974359,71.75099640099042
150.0,43.07692307692308,27.450980392156865,63.61478688096294
138.0,58.291457286432156,41.13475177304964,70.48457130533643
139.0,61.76470588235294,44.680851063829785,72.26260141442043
130.0,65.65656565656566,48.87218045112782,74.36824085117505
117.0,79.7979797979798,66.38655462184873,83.15335476067186
122.0,80.3921568627451,67.21311475409836,83.56663243593847
129.0,81.10599078341014,68.21705426356588,84.06759916500448
135.0,76.36363636363637,61.76470588235294,80.83044844544861
150.0,73.46938775510205,58.06451612903226,78.96736967255032
147.0,78.08764940239044,64.05228758169935,81.97122945721014
155.0,74.70817120622569,59.62732919254658,79.74876843013911
142.0,69.74789915966386,53.5483870967742,76.70232721975835
139.0,75.10204081632654,60.130718954248366,80.00446178524653
136.0,81.14754098360656,68.27586206896552,84.09200176555692
121.0,78.67298578199052,64.84375,82.37695854460702
106.0,77.77777777777779,63.63636363636363,81.77826643878615
93.0,73.37278106508876,57.943925233644855,78.92706498342656
87.0,75.60975609756098,60.78431372549019,80.35224785528212
109.0,62.98342541436463,45.96774193548387,72.91703004912824
75.0,66.18705035971223,49.46236559139785,74.68430467880285
72.0,60.65573770491803,43.529411764705884,71.71683895241816
70.0,63.86554621848739,46.913580246913575,73.41390847680157
151.0,42.857142857142854,27.27272727272727,63.52466299408495
148.0,57.27699530516433,40.131578947368425,69.97499829339887
148.0,60.46511627906976,43.333333333333336,71.58185494868059
132.0,67.31707317073172,50.73529411764706,75.30079013264555
123.0,79.8076923076923,66.4,83.15807797496657
125.0,80.95238095238095,68.0,83.9600726677447
135.0,81.05726872246696,68.14814814814815,84.03114619291442
146.0,75.63025210084034,60.810810810810814,80.34750499411282
150.0,75.0,60.0,79.93810274943594
150.0,78.76447876447877,64.96815286624204,82.42915771282705
160.0,73.2824427480916,57.831325301204814,78.84577447168867
145.0,72.1311475409836,56.41025641025641,78.13724767486147
146.0,75.4863813229572,60.62499999999999,80.24959938297489
145.0,79.37743190661479,65.80645161290323,82.85030413053198
130.0,78.22222222222223,64.23357664233576,82.06787440965215
109.0,78.72340425531915,64.91228070175438,82.4162217847521
97.0,72.72727272727273,57.14285714285714,78.52353585112206
111.0,67.02127659574468,50.4,75.13813980404286
116.0,63.101604278074866,46.09375,72.97803608306563
81.0,67.58620689655173,51.041666666666664,75.47395241087638
75.0,64.51612903225806,47.61904761904761,73.76564316487725
73.0,56.896551724137936,39.75903614457831,69.8296606644755
144.0,5.9171597633136095,3.048780487804878,51.36593217051343
162.0,18.181818181818183,10.0,54.83851030742852
179.0,42.1875,26.732673267326735,63.218696874675295
167.0,43.80165289256198,28.04232804232804,63.885497760166075
164.0,14.736842105263156,7.954545454545454,53.81579591215371
179.0,38.26086956521739,23.655913978494624,61.68633088216999
181.0,45.95744680851064,29.83425414364641,64.79043619755642
179.0,61.36363636363637,44.26229508196721,72.0293409734619
169.0,52.75590551181102,35.82887700534759,67.79469953362631
166.0,46.47302904564315,30.270270270270274,65.00644399387416
159.0,47.90874524714829,31.5,65.61330892183665
155.0,46.101694915254235,29.955947136563875,64.81931626805044
152.0,50.17667844522968,33.490566037735846,66.604578498361
147.0,49.65034965034965,33.02325581395349,66.36792967326754
142.0,44.522968197879855,28.636363636363637,64.16153583809681
133.0,44.53125,28.643216080402013,64.179945197766
118.0,64.86486486486487,48.0,73.93515045095378
118.0,63.31658291457286,46.32352941176471,73.0889293138683
99.0,55.55555555555556,38.46153846153847,69.15097032401425
77.0,53.125,36.17021276595745,68.02527630041321
67.0,40.94488188976378,25.742574257425744,62.79651145573182
80.0,46.666666666666664,30.434782608695656,65.13761626994484
15.0,65.11627906976744,48.275862068965516,74.1229794775273
11.0,62.857142857142854,45.83333333333333,72.90370942556231
15.0,87.5,77.77777777777779,88.8849018070341
15.0,82.75862068965517,70.58823529411765,85.28913399344269
17.0,91.42857142857143,84.21052631578947,92.10227272727273
16.0,85.71428571428571,75.0,87.49501604832439
20.0,85.0,73.91304347826086,86.95054075864836
16.0,83.33333333333334,71.42857142857143,85.708304972275
21.0,80.0,66.66666666666666,83.32535885167465
18.0,81.08108108108108,68.18181818181817,84.08393155856324
24.0,81.81818181818183,69.23076923076923,84.60740981575145
19.0,78.94736842105263,65.21739130434783,82.60072132949294
24.0,85.1063829787234,74.07407407407408,87.03005880910817
19.0,76.19047619047619,61.53846153846154,80.7592626671574
27.0,80.0,66.66666666666666,83.3233644362921
23.0,75.55555555555556,60.71428571428571,80.34617772625907
17.0,72.72727272727273,57.14285714285714,78.56245799491953
14.0,39.130434782608695,24.324324324324326,62.13425537084516
21.0,73.17073170731707,57.692307692307686,78.83518915246752
16.0,73.33333333333333,57.89473684210527,78.93939473421918
22.0,69.76744186046511,53.57142857142857,76.77275601135771
18.0,66.66666666666666,50.0,74.989036180604
28.0,69.38775510204081,53.125,76.54754754879482
18.0,64.70588235294117,47.82608695652174,73.9010829480107
29.0,74.50980392156863,59.375,79.67454069222642
18.0,57.89473684210527,40.74074074074074,70.35442299670348
28.0,70.58823529411765,54.54545454545454,77.2577745234151
18.0,59.45945945945946,42.30769230769231,71.13889549103344
29.0,74.50980392156863,59.375,79.67454069222642
19.0,57.89473684210527,40.74074074074074,70.35442299670348
29.0,74.50980392156863,59.375,79.67454069222642
21.0,55.00000000000001,37.93103448275862,68.94757644600405
29.0,0.0,0.0,49.896364795918366
20.0,0.0,0.0,49.81664540816326
24.0,51.42857142857142,34.61538461538461,67.29074889867842
41.0,67.6923076923077,51.162790697674424,75.5604598302345
47.0,74.66666666666667,59.57446808510638,79.7682901165741
47.0,78.48101265822784,64.58333333333334,82.27471582411007
43.0,78.87323943661971,65.11627906976744,82.5431838038476
42.0,75.36231884057972,60.46511627906976,80.21560898699252
39.0,70.76923076923077,54.761904761904766,77.36201034358672
37.0,66.66666666666666,50.0,74.97806755194003
18.0,65.0,48.148148148148145,74.06011956577115
29.0,75.0,60.0,79.98604326587578
42.0,84.61538461538461,73.33333333333333,86.6547008887914
51.0,79.56989247311827,66.07142857142857,83.01676695928177
48.0,88.17204301075269,78.84615384615384,89.41210654310285
45.0,81.31868131868131,68.51851851851852,84.24230638824069
51.0,85.14851485148515,74.13793103448276,87.05400531138895
44.0,80.85106382978722,67.85714285714286,83.91062097183203
34.0,75.0,60.0,79.98005822996849
26.0,67.74193548387096,51.21951219512195,75.58981790595496
39.0,71.64179104477611,55.81395348837209,77.88803432912783
46.0,82.92682926829268,70.83333333333334,85.40270631406806
53.0,80.41237113402062,67.24137931034483,83.6017415729178
52.0,85.71428571428571,75.0,87.48603741971517
48.0,87.75510204081633,78.18181818181819,89.07894092622715
54.0,89.90825688073394,81.66666666666667,90.82236120254554
47.0,79.24528301886792,65.625,82.79055880240954
45.0,77.77777777777779,63.63636363636363,81.79424596626495
28.0,70.27027027027027,54.166666666666664,77.06139913592556
37.0,70.76923076923077,54.761904761904766,77.36201034358672
44.0,89.1566265060241,80.43478260869566,90.20841625498505
51.0,87.5,77.77777777777779,88.87692096293046
54.0,82.35294117647058,70.0,84.98204811106235
53.0,86.0,75.43859649122807,87.70533538681843
52.0,86.79245283018868,76.66666666666667,88.31936963893877
55.0,83.92857142857143,72.3076923076923,86.13589247433929
50.0,80.0,66.66666666666666,83.31139126040586
34.0,72.72727272727273,57.14285714285714,78.55049054797799
36.0,68.85245901639344,52.5,76.23105871797429
48.0,86.04651162790698,75.51020408163265,87.74313530833263
54.0,85.71428571428571,75.0,87.48603741971517
55.0,85.71428571428571,75.0,87.48503919730307
53.0,86.27450980392157,75.86206896551724,87.91707134544113
57.0,88.13559322033898,78.78787878787878,89.3799740280468
52.0,81.66666666666667,69.01408450704226,84.48509799194552
52.0,80.34188034188034,67.14285714285714,83.54848775872534
31.0,67.44186046511628,50.877192982456144,75.41067856991673
38.0,71.64179104477611,55.81395348837209,77.88803432912783
50.0,84.44444444444444,73.07692307692307,86.52450007210867
54.0,85.14851485148515,74.13793103448276,87.05400531138895
55.0,85.71428571428571,75.0,87.48503919730307
58.0,83.63636363636363,71.875,85.91954667863556
59.0,89.25619834710744,80.59701492537313,90.28553910547816
56.0,77.94117647058823,63.85542168674698,81.897784462271
54.0,77.27272727272727,62.96296296296296,81.45155629444906
33.0,66.66666666666666,50.0,74.97008734495274
39.0,70.58823529411765,54.54545454545454,77.25278788845546
49.0,86.66666666666667,76.47058823529412,88.22332690780203
56.0,84.61538461538461,73.33333333333333,86.65070879544669
57.0,84.90566037735849,73.77049180327869,86.86928771209594
60.0,87.5,77.77777777777779,88.87492435879533
63.0,89.76377952755905,81.42857142857143,90.70131658082336
61.0,76.51006711409396,61.95652173913043,80.94334397178193
56.0,76.69172932330827,62.19512195121951,81.06663828234292
35.0,69.47368421052632,53.2258064516129,76.58398592927453
45.0,68.4931506849315,52.083333333333336,76.01873591752906
51.0,85.71428571428571,75.0,87.4870355226679
55.0,83.80952380952381,72.1311475409836,86.04861853232057
56.0,83.33333333333334,71.42857142857143,85.6963327510494
61.0,88.69565217391305,79.6875,89.83078241895261
64.0,89.39393939393939,80.82191780821918,90.39699158763015
61.0,77.02702702702703,62.637362637362635,81.28476204654899
59.0,73.20261437908496,57.73195876288659,78.82507754584871
46.0,68.46846846846847,52.054794520547944,75.9924935943918
27.0,55.00000000000001,37.93103448275862,68.94757644600405
38.0,75.0,60.0,79.98404849258255
45.0,81.48148148148148,68.75,84.36004277765589
47.0,79.01234567901234,65.3061224489796,82.63611004388991
46.0,84.33734939759037,72.91666666666666,86.44536989024286
46.0,81.48148148148148,68.75,84.36004277765589
45.0,77.92207792207793,63.829787234042556,81.8979431124945
45.0,64.1025641025641,47.16981132075472,73.55698996577506
41.0,60.0,42.857142857142854,71.39666841373653
29.0,71.69811320754717,55.88235294117647,77.92622342315717
41.0,88.0,78.57142857142857,89.27673995230782
44.0,88.37209302325581,79.16666666666666,89.573360857367
49.0,82.10526315789474,69.64285714285714,84.80447502414812
49.0,82.10526315789474,69.64285714285714,84.80447502414812
49.0,85.41666666666666,74.54545454545455,87.2587649709421
46.0,81.25,68.42105263157895,84.19257550102193
43.0,76.40449438202246,61.81818181818181,80.88815038019298
32.0,72.22222222222221,56.52173913043478,78.24092938575578
33.0,72.41379310344827,56.75675675675676,78.36242782509356
44.0,84.61538461538461,73.33333333333333,86.6547008887914
48.0,86.66666666666667,76.47058823529412,88.22332690780203
51.0,82.4742268041237,70.17543859649122,85.07076541281398
49.0,84.5360824742268,73.21428571428571,86.59218324808731
53.0,88.46153846153845,79.3103448275862,89.64320353288346
47.0,81.1881188118812,68.33333333333333,84.14771782852964
55.0,84.21052631578947,72.72727272727273,86.34568232597279
36.0,70.88607594936708,54.90196078431373,77.4280482712348
30.0,71.42857142857143,55.55555555555556,77.76182754251181
43.0,83.54430379746836,71.73913043478261,85.85660229135975
46.0,89.8876404494382,81.63265306122449,90.80735094420727
54.0,81.55339805825243,68.85245901639344,84.40728029209588
57.0,82.6923076923077,70.49180327868852,85.22794939232135
56.0,86.79245283018868,76.66666666666667,88.31936963893877
52.0,83.01886792452831,70.96774193548387,85.46591836261945
51.0,83.63636363636363,71.875,85.91954667863556
38.0,75.60975609756098,60.78431372549019,80.37221469503146
34.0,67.85714285714286,51.35135135135135,75.6577320187584
46.0,86.74698795180723,76.59574468085107,88.28690305442632
49.0,83.14606741573034,71.15384615384616,85.56196466131846
51.0,84.0,72.41379310344827,86.1909393171129
55.0,83.16831683168317,71.1864406779661,85.5762657772086
62.0,88.69565217391305,79.6875,89.83078241895261
57.0,83.1858407079646,71.21212121212122,85.58710949991446
55.0,84.48275862068965,73.13432835820896,86.5492097832699
47.0,75.0,60.0,79.97606701236538
35.0,71.1864406779661,55.26315789473685,77.6146314845033
46.0,84.70588235294117,73.46938775510205,86.7217301759156
52.0,85.41666666666666,74.54545454545455,87.2587649709421
53.0,84.31372549019608,72.88135593220339,86.42472041319242
57.0,80.76923076923077,67.74193548387096,83.85102119867143
61.0,90.43478260869566,82.53968253968253,91.25886848235423
55.0,80.34188034188034,67.14285714285714,83.54848775872534
60.0,83.07692307692308,71.05263157894737,85.50436933881329
48.0,75.51020408163265,60.65573770491803,80.30393538749163
37.0,68.85245901639344,52.5,76.23105871797429
47.0,85.71428571428571,75.0,87.48803350618269
50.0,82.6086956521739,70.37037037037037,85.16922922363905
53.0,84.31372549019608,72.88135593220339,86.42472041319242
60.0,79.62962962962963,66.15384615384615,83.05498144167285
64.0,86.4406779661017,76.11940298507463,88.04374139278669
61.0,84.29752066115702,72.85714285714285,86.40961881011756
60.0,81.88976377952756,69.33333333333334,84.64372356555742
49.0,76.76767676767676,62.295081967213115,81.124604288884
37.0,68.85245901639344,52.5,76.23105871797429
48.0,83.33333333333334,71.42857142857143,85.7003250832652
53.0,83.33333333333334,71.42857142857143,85.69832911623242
53.0,82.0,69.49152542372882,84.72781118099775
62.0,81.81818181818183,69.23076923076923,84.59543687845536
63.0,87.17948717948718,77.27272727272727,88.62140104284742
61.0,82.8125,70.66666666666667,85.31138732052483
59.0,81.48148148148148,68.75,84.35006035394346
53.0,78.50467289719626,64.61538461538461,82.28475378293865
24.0,26.666666666666668,15.384615384615385,57.67038311286099
42.0,54.347826086956516,37.3134328358209,68.614842876007
44.0,61.702127659574465,44.61538461538462,72.27179783743487
49.0,62.92134831460674,45.90163934426229,72.91791706385166
55.0,50.42016806722689,33.70786516853933,66.79510436267671
63.0,48.97959183673469,32.432432432432435,66.14142562985802
60.0,66.66666666666666,50.0,74.96110656800367
64.0,29.333333333333332,17.1875,58.540924324728394
67.0,21.052631578947366,11.76470588235294,55.82255386606884
35.0,81.57894736842105,68.88888888888889,84.4304849270449
43.0,81.31868131868131,68.51851851851852,84.24230638824069
40.0,81.3953488372093,68.62745098039215,84.29777048331547
35.0,79.48717948717949,65.95744680851064,82.96276967008441
40.0,77.77777777777779,63.63636363636363,81.79823805958108
48.0,78.57142857142857,64.70588235294117,82.32900436964063
41.0,79.6116504854369,66.12903225806451,83.0435726763545
42.0,69.56521739130434,53.333333333333336,76.63874707509041
30.0,76.71232876712328,62.22222222222222,81.0941612826035
25.0,72.1311475409836,56.41025641025641,78.1881804043546
14.0,54.54545454545454,37.5,68.73006538553544
44.0,84.21052631578947,72.72727272727273,86.34867705296139
50.0,84.40366972477065,73.01587301587301,86.49098059331453
48.0,83.49514563106796,71.66666666666667,85.81637843336725
42.0,80.0,66.66666666666666,83.31538359260736
46.0,84.31372549019608,72.88135593220339,86.42472041319242
58.0,82.8125,70.66666666666667,85.31138732052483
64.0,81.69014084507043,69.04761904761905,84.49787073934087
54.0,75.0,60.0,79.97007839460612
45.0,77.55102040816327,63.33333333333333,81.64472721954073
31.0,78.94736842105263,65.21739130434783,82.59274223614871
25.0,78.68852459016394,64.86486486486487,82.41947183265576
46.0,85.14851485148515,74.13793103448276,87.05400531138895
56.0,89.65517241379311,81.25,90.61302968637779
59.0,89.25619834710744,80.59701492537313,90.28553910547816
46.0,81.25,68.42105263157895,84.19257550102193
47.0,80.0,66.66666666666666,83.31338758576672
65.0,83.5820895522388,71.7948717948718,85.8754885710193
62.0,78.1456953642384,64.13043478260869,82.03229443103139
64.0,76.38888888888889,61.79775280898876,80.86495848585749
50.0,77.87610619469027,63.76811594202898,81.85912379723328
44.0,85.41666666666666,74.54545454545455,87.2587649709421
36.0,83.72093023255815,72.0,85.98603909054647
50.0,81.9047619047619,69.35483870967742,84.65846976075898
57.0,89.07563025210085,80.3030303030303,90.13854705303741
62.0,90.07633587786259,81.94444444444444,90.95925257120561
48.0,84.61538461538461,73.33333333333333,86.65070879544669
48.0,83.6734693877551,71.9298245614035,85.94895536437583
59.0,81.30081300813008,68.4931506849315,84.2236331567737
63.0,78.2051282051282,64.21052631578948,82.07134117844747
67.0,78.43137254901961,64.51612903225806,82.22514089892096
52.0,74.79674796747967,59.74025974025974,79.83921026111331
45.0,84.0,72.41379310344827,86.1909393171129
37.0,85.0574712643678,74.0,86.98703603980933
54.0,71.7948717948718,56.00000000000001,77.96708820361431
61.0,85.27131782945736,74.32432432432432,87.14320803115918
61.0,87.59124087591242,77.92207792207793,88.94407830974995
52.0,86.23853211009175,75.80645161290323,87.88826440686255
47.0,79.16666666666666,65.51724137931035,82.73867573772252
53.0,79.64601769911505,66.17647058823529,83.06529539664902
66.0,75.77639751552795,61.0,80.46108949416342
70.0,75.9493670886076,61.224489795918366,80.5743328539014
54.0,67.16417910447761,50.56179775280899,75.23701385516016
51.0,75.43859649122807,60.56338028169014,80.25376442325386
40.0,77.89473684210526,63.793103448275865,81.87560994229146
52.0,74.54545454545455,59.42028985507246,79.68222032396586
59.0,82.8125,70.66666666666667,85.31138732052483
62.0,84.89208633093526,73.75,86.85404902528084
55.0,83.47826086956522,71.64179104477611,85.80194403818761
49.0,78.78787878787878,65.0,82.47905738277122
54.0,79.3103448275862,65.71428571428571,82.83320509532359
67.0,81.08108108108108,68.18181818181817,84.06297390055072
70.0,75.0,60.0,79.96009258520233
62.0,68.4931506849315,52.083333333333336,75.99578229528255
50.0,71.9298245614035,56.16438356164384,78.05027794817008
41.0,80.85106382978722,67.85714285714286,83.91062097183203
54.0,70.6896551724138,54.666666666666664,77.29942488614074
62.0,79.06976744186046,65.38461538461539,82.66537502397851
67.0,80.53691275167785,67.41573033707866,83.67893229281101
57.0,82.64462809917356,70.4225352112676,85.19032039261062
50.0,82.0,69.49152542372882,84.72781118099775
54.0,75.67567567567568,60.86956521739131,80.40785477528918
69.0,78.70967741935485,64.8936170212766,82.41388423646889
71.0,73.93939393939394,58.65384615384615,79.28402174997507
62.0,66.22516556291392,49.504950495049506,74.70160344446846
52.0,69.42148760330579,53.16455696202531,76.54537737597416
42.0,78.78787878787878,65.0,82.47905738277122
56.0,61.42857142857143,44.329896907216494,72.11109171253949
68.0,79.71014492753623,66.26506024096386,83.1045977168986
66.0,82.1917808219178,69.76744186046511,84.85778111061407
62.0,80.0,66.66666666666666,83.30739765381853
44.0,77.89473684210526,63.793103448275865,81.87560994229146
56.0,76.52173913043478,61.97183098591549,80.95898658527403
70.0,77.5,63.26530612244898,81.59673495450781
72.0,73.68421052631578,58.333333333333336,79.12176813734294
63.0,67.97385620915033,51.48514851485149,75.6936954768017
51.0,71.07438016528926,55.12820512820513,77.52919541711356
42.0,78.78787878787878,65.0,82.47905738277122
45.0,68.0,51.515151515151516,75.72566638020749
48.0,80.85106382978722,67.85714285714286,83.91062097183203
45.0,77.77777777777779,63.63636363636363,81.79823805958108
40.0,75.60975609756098,60.78431372549019,80.37221469503146
41.0,72.52747252747253,56.896551724137936,78.42334715816214
50.0,76.52173913043478,61.97183098591549,80.95898658527403
52.0,80.7017543859649,67.64705882352942,83.80158646343038
46.0,67.3076923076923,50.72463768115942,75.32841445095843
37.0,83.9506172839506,72.3404255319149,86.15724958140159
30.0,79.45205479452055,65.9090909090909,82.93958942527152
22.0,69.0909090909091,52.77777777777778,76.37194210180034
50.0,81.55339805825243,68.85245901639344,84.40728029209588
55.0,83.47826086956522,71.64179104477611,85.80194403818761
50.0,80.76923076923077,67.74193548387096,83.85102119867143
44.0,77.41935483870968,63.1578947368421,81.55800600424075
48.0,80.3921568627451,67.21311475409836,83.58661123164177
60.0,85.27131782945736,74.32432432432432,87.14320803115918
65.0,81.37931034482759,68.6046511627907,84.2753886138993
54.0,73.77049180327869,58.44155844155844,79.18886284169243
48.0,75.72815533980582,60.9375,80.44381831282287
40.0,80.45977011494253,67.3076923076923,83.63689395903553
30.0,84.50704225352112,73.17073170731707,86.5743978801412
64.0,80.0,66.66666666666666,83.3083961749724
56.0,85.24590163934425,74.28571428571429,87.12490167242382
58.0,83.33333333333334,71.42857142857143,85.69433598759697
48.0,81.1881188118812,68.33333333333333,84.14771782852964
48.0,81.55339805825243,68.85245901639344,84.40728029209588
65.0,84.05797101449275,72.5,86.2280517977573
69.0,80.51948051948052,67.3913043478261,83.6657204183158
65.0,75.177304964539,60.22727272727273,80.07872225235013
55.0,78.99159663865547,65.27777777777779,82.61395322290713
46.0,81.25,68.42105263157895,84.19257550102193
37.0,85.71428571428571,75.0,87.48803350618269
63.0,79.36507936507937,65.78947368421053,82.86880219740989
56.0,85.48387096774194,74.64788732394366,87.30598783331034
60.0,88.18897637795276,78.87323943661971,89.42165563211672
50.0,82.2429906542056,69.84126984126983,84.9016849485612
49.0,81.9047619047619,69.35483870967742,84.65846976075898
66.0,84.67153284671532,73.41772151898735,86.68791020280744
65.0,81.04575163398692,68.13186813186813,84.0370000355234
68.0,77.55102040816327,63.33333333333333,81.63374502018529
55.0,73.17073170731707,57.692307692307686,78.8132400802206
47.0,82.4742268041237,70.17543859649122,85.07076541281398
39.0,88.37209302325581,79.16666666666666,89.573360857367
63.0,76.5625,62.0253164556962,80.98273423479047
65.0,79.41176470588235,65.85365853658537,82.89889742199765
61.0,87.02290076335878,77.02702702702703,88.49655387744735
51.0,82.56880733944955,70.3125,85.13729964991722
50.0,81.55339805825243,68.85245901639344,84.40728029209588
64.0,81.53846153846153,68.83116883116884,84.39164331070242
68.0,80.2547770700637,67.02127659574468,83.47970819989376
70.0,78.1456953642384,64.13043478260869,82.03229443103139
56.0,70.86614173228347,54.87804878048781,77.4021210769248
48.0,78.84615384615384,65.07936507936508,82.5177417797344
42.0,83.51648351648352,71.69811320754717,85.83409788982408
61.0,76.42276422764228,61.8421052631579,80.8921272590401
57.0,83.87096774193549,72.22222222222221,86.09116058840742
64.0,85.71428571428571,75.0,87.48104511263193
52.0,81.81818181818183,69.23076923076923,84.59543687845536
49.0,81.55339805825243,68.85245901639344,84.40728029209588
61.0,79.6875,66.23376623376623,83.09094795478835
68.0,76.72955974842768,62.244897959183675,81.08553388431099
71.0,77.92207792207793,63.829787234042556,81.88097231444326
57.0,69.17293233082707,52.87356321839081,76.39588793275416
51.0,79.24528301886792,65.625,82.79055880240954
44.0,82.4742268041237,70.17543859649122,85.07076541281398
65.0,64.38356164383562,47.474747474747474,73.68550755213165
60.0,79.1044776119403,65.4320987654321,82.68811809368705
65.0,84.67153284671532,73.41772151898735,86.68791020280744
53.0,84.68468468468468,73.4375,86.7017937471324
52.0,81.13207547169812,68.25396825396825,84.10703718584756
58.0,79.67479674796748,66.21621621621621,83.08317144722675
69.0,77.01863354037268,62.62626262626263,81.27621548122805
71.0,76.62337662337663,62.10526315789474,81.01671562228596
64.0,70.0,53.84615384615385,76.88118333279623
54.0,75.43859649122807,60.56338028169014,80.25376442325386
44.0,85.1063829787234,74.07407407407408,87.0230750137404
63.0,61.64383561643836,44.554455445544555,72.22137405937039
62.0,80.88235294117648,67.90123456790124,83.92468005205181
61.0,81.203007518797,68.35443037974683,84.15227604139571
52.0,81.81818181818183,69.23076923076923,84.59543687845536
49.0,79.20792079207921,65.57377049180327,82.7659422109567
57.0,81.66666666666667,69.01408450704226,84.48509799194552
70.0,78.75,64.94845360824742,82.44030347085689
73.0,76.92307692307693,62.5,81.2140833266821
62.0,68.57142857142857,52.17391304347826,76.04306887411705
54.0,75.86206896551724,61.111111111111114,80.52762928092059
43.0,75.72815533980582,60.9375,80.44381831282287
62.0,73.04347826086956,57.534246575342465,78.73620614561194
55.0,71.02803738317756,55.072463768115945,77.50531720856235
57.0,60.60606060606061,43.47826086956522,71.70024398322117
48.0,43.79562043795621,28.037383177570092,63.94191577416374
50.0,54.36893203883495,37.333333333333336,68.61980537608679
60.0,0.0,0.0,49.908322704081634
74.0,0.0,0.0,49.92625956632653
59.0,0.0,0.0,49.94120695153062
51.0,0.0,0.0,49.94917889030612
43.0,0.0,0.0,49.957150829081634
36.0,0.0,0.0,49.9641262755102
54.0,68.33333333333333,51.89873417721519,75.91146941233353
61.0,58.18181818181818,41.02564102564102,70.4669526123738
58.0,61.05263157894737,43.93939393939394,71.93280543082126
68.0,73.17073170731707,57.692307692307686,78.8132400802206
70.0,81.15942028985508,68.29268292682927,84.1204037140132
90.0,73.54838709677419,58.16326530612245,79.04073000137224
104.0,79.14438502673798,65.48672566371681,82.70444222988644
96.0,83.15789473684211,71.17117117117117,85.55364754538357
82.0,82.27848101265823,69.89247311827957,84.91829858145026
67.0,84.5528455284553,73.23943661971832,86.60076531329064
47.0,76.0,61.29032258064516,80.62122734800339
64.0,71.66666666666667,55.84415584415584,77.88816812214574
71.0,71.42857142857143,55.55555555555556,77.74187185130515
76.0,65.60000000000001,48.80952380952381,74.36187769213599
75.0,79.41176470588235,65.85365853658537,82.89889742199765
83.0,80.76923076923077,67.74193548387096,83.841035389053
106.0,80.0,66.66666666666666,83.2964086596676
113.0,84.72906403940887,73.50427350427351,86.72119245187722
104.0,87.62886597938144,77.98165137614679,88.96686928872022
82.0,87.74193548387098,78.16091954022988,89.06150072165961
71.0,85.71428571428571,75.0,87.48204381309604
56.0,81.55339805825243,68.85245901639344,84.40728029209588
69.0,74.19354838709677,58.97435897435898,79.45526247142047
77.0,78.62068965517241,64.77272727272727,82.35543724118418
83.0,74.12587412587412,58.88888888888889,79.4075352410847
85.0,78.1456953642384,64.13043478260869,82.03229443103139
95.0,79.51807228915662,66.0,82.96607463580123
109.0,81.25,68.42105263157895,84.17459673776241
120.0,83.10502283105022,71.09375,85.50993779325147
121.0,85.33333333333334,74.4186046511628,87.17635504123635
95.0,90.0,81.81818181818183,90.89112504423413
76.0,86.11111111111111,75.60975609756098,87.784923545049
73.0,76.92307692307693,62.5,81.22007540996688
89.0,81.48148148148148,68.75,84.34506585511873
85.0,84.07643312101911,72.52747252747253,86.23879114300188
90.0,81.29032258064515,68.47826086956522,84.2101958269962
89.0,87.42514970059881,77.6595744680851,88.80883040511016
100.0,87.83068783068782,78.30188679245283,89.12798609680334
120.0,83.1858407079646,71.21212121212122,85.56812282402315
120.0,87.86610878661088,78.35820895522389,89.15014559921926
114.0,90.9090909090909,83.33333333333334,91.6466970205288
90.0,88.75739644970415,79.7872340425532,89.87465532390529
73.0,86.52482269503547,76.25,88.10604359972064
72.0,74.79674796747967,59.74025974025974,79.83921026111331
88.0,87.57396449704143,77.89473684210526,88.92641117383695
94.0,84.26966292134831,72.81553398058253,86.37982343627039
93.0,87.86127167630057,78.35051546391753,89.15429964812643
106.0,89.55223880597015,81.08108108108108,90.51957659852081
110.0,82.56880733944955,70.3125,85.11831524777382
131.0,88.715953307393,79.72027972027972,89.83117577560469
128.0,88.62745098039215,79.5774647887324,89.75976888838375
109.0,84.7926267281106,73.6,86.767055347017
86.0,83.9506172839506,72.3404255319149,86.14426880491331
71.0,81.53846153846153,68.83116883116884,84.39164331070242
67.0,69.1588785046729,52.85714285714286,76.39566291424127
86.0,88.13559322033898,78.78787878787878,89.3729804734236
87.0,87.00564971751412,77.0,88.47704545000899
110.0,82.05128205128204,69.56521739130434,84.74767576687543
106.0,89.75609756097562,81.41592920353983,90.6869998225989
112.0,84.54545454545455,73.22834645669292,86.58022957481133
120.0,83.60655737704919,71.83098591549296,85.87555207025997
126.0,83.7037037037037,71.97452229299363,85.94331651673032
117.0,87.4493927125506,77.6978417266187,88.81796296604962
98.0,89.72972972972974,81.37254901960785,90.66730978419355
89.0,84.84848484848484,73.68421052631578,86.81715815103558
88.0,73.33333333333333,57.89473684210527,78.90746498736216
99.0,83.33333333333334,71.42857142857143,85.68234703654699
102.0,83.83838383838383,72.17391304347827,86.05501593123746
114.0,85.30805687203792,74.3801652892562,87.15913587307517
139.0,82.03125,69.5364238410596,84.72227714790692
134.0,87.12121212121212,77.18120805369128,88.55664545630171
144.0,85.6140350877193,74.84662576687117,87.38235711566477
137.0,86.42857142857143,76.10062893081762,88.01235621947934
122.0,83.33333333333334,71.42857142857143,85.67434642200998
108.0,75.0,60.0,79.94810172062756
106.0,70.8994708994709,54.91803278688525,77.4041360326292
97.0,70.88607594936708,54.90196078431373,77.40509052783125
96.0,83.42245989304813,71.55963302752293,85.74887715490482
95.0,85.24590163934425,74.28571428571429,87.11590995933685
97.0,89.47368421052632,80.95238095238095,90.45622681006282
111.0,83.03571428571429,70.99236641221374,85.4582461815676
123.0,78.15126050420169,64.13793103448275,82.01705169418764
149.0,83.33333333333334,71.42857142857143,85.66834176590274
140.0,86.33093525179856,75.9493670886076,87.93672605668993
114.0,86.63594470046083,76.42276422764228,88.18242959595045
104.0,85.71428571428571,75.0,87.4720514253773
88.0,75.30864197530865,60.396039603960396,80.15811159086577
75.0,69.42148760330579,53.16455696202531,76.54537737597416
82.0,74.55621301775149,59.43396226415094,79.67407809294392
82.0,75.0,60.0,79.96608478802992
83.0,70.07299270072993,53.93258426966292,76.92539682681996
82.0,79.45205479452055,65.9090909090909,82.92461608785085
79.0,81.08108108108108,68.18181818181817,84.06297390055072
107.0,76.08695652173914,61.40350877192983,80.65784746862967
112.0,81.1881188118812,68.33333333333333,84.12873797261149
106.0,86.40776699029125,76.06837606837607,88.00623666956248
94.0,87.05882352941177,77.08333333333334,88.51971145529787
87.0,76.92307692307693,62.5,81.21707966720535
60.0,71.15384615384616,55.223880597014926,77.58202346729823
79.0,83.78378378378379,72.09302325581395,86.02256622342918
82.0,87.58169934640523,77.90697674418605,88.93452970199385
91.0,84.14634146341463,72.63157894736842,86.28984499486887
94.0,82.14285714285714,69.6969696969697,84.81854891139024
91.0,86.85714285714286,76.76767676767676,88.360884292022
121.0,81.30841121495327,68.50393700787401,84.2120395774262
124.0,83.2579185520362,71.31782945736434,85.62197678442851
108.0,89.75609756097562,81.41592920353983,90.6869998225989
89.0,89.94082840236686,81.72043010752688,90.84324898589917
77.0,82.6086956521739,70.37037037037037,85.16124216956237
63.0,75.47169811320755,60.60606060606061,80.2771008311937
80.0,81.57894736842105,68.88888888888889,84.41650813922035
98.0,77.27272727272727,62.96296296296296,81.44156769525972
91.0,89.53488372093024,81.05263157894737,90.50835135904593
98.0,83.79888268156425,72.11538461538461,86.02875076959926
100.0,86.63101604278076,76.41509433962264,88.18259457973248
127.0,77.82805429864254,63.70370370370371,81.8029398933771
128.0,82.96943231441048,70.8955223880597,85.4088242718438
121.0,84.82142857142857,73.64341085271317,86.7877604172713
98.0,89.01098901098901,80.19801980198021,90.07904782892702
84.0,83.66013071895425,71.91011235955057,85.93011205461563
75.0,74.60317460317461,59.49367088607595,79.71491779058131
87.0,86.70520231213872,76.53061224489795,88.24235248878898
86.0,84.52380952380952,73.19587628865979,86.57199262991017
91.0,88.39779005524862,79.20792079207921,89.58300063877356
100.0,90.9090909090909,83.33333333333334,91.64969755045817
124.0,83.2579185520362,71.31782945736434,85.62197678442851
130.0,81.85654008438819,69.28571428571428,84.59992497568128
128.0,85.35564853556485,74.45255474452554,87.19132909571206
117.0,87.27272727272727,77.41935483870968,88.68172214778934
95.0,87.35632183908046,77.55102040816327,88.75355411625728
85.0,77.55102040816327,63.33333333333333,81.63374502018529
93.0,60.86956521739131,43.75,71.82114433318706
95.0,85.55555555555556,74.75728155339806,87.35269215497006
96.0,85.24590163934425,74.28571428571429,87.11590995933685
110.0,87.12871287128714,77.19298245614034,88.57053690767407
114.0,87.03703703703704,77.04918032786885,88.49663600874894
132.0,84.08163265306122,72.53521126760563,86.22866249079162
130.0,86.85258964143426,76.76056338028168,88.34732585096535
133.0,87.6923076923077,78.08219178082192,89.0091355212687
112.0,87.73584905660378,78.15126050420169,89.04967334057397
111.0,81.05263157894737,68.14159292035397,84.03486759932149
102.0,67.08860759493672,50.476190476190474,75.18622284418426
89.0,53.54330708661418,36.55913978494624,68.22073697795037
87.0,87.64044943820225,78.0,88.97804303565013
89.0,90.3954802259887,82.4742268041237,91.22014597951315
102.0,89.23076923076924,80.55555555555556,90.25681509135961
112.0,88.57142857142857,79.48717948717949,89.71962951756494
130.0,85.34482758620689,74.43609022556392,87.18409739227154
128.0,86.19246861924687,75.73529411764706,87.83469516858328
127.0,88.35341365461848,79.13669064748201,89.53938355327801
127.0,88.23529411764706,78.94736842105263,89.44572391414718
109.0,84.5360824742268,73.21428571428571,86.57719915130981
107.0,74.86033519553072,59.82142857142857,79.86581217232148
107.0,62.96296296296296,45.94594594594595,72.91312259890813
90.0,82.95454545454545,70.87378640776699,85.4069548768372
94.0,86.63101604278076,76.41509433962264,88.18259457973248
119.0,81.9047619047619,69.35483870967742,84.63948763193994
127.0,83.33333333333334,71.42857142857143,85.67634717471981
143.0,83.00395256916995,70.94594594594594,85.43003394639072
140.0,83.33333333333334,71.42857142857143,85.67034371772118
142.0,88.08664259927798,78.70967741935485,89.32187431122775
121.0,82.09606986899564,69.62962962962963,84.77388194472178
116.0,80.58252427184466,67.47967479674797,83.69991166024691
123.0,63.87434554973822,46.92307692307692,73.39269679736606
107.0,62.65060240963856,45.614035087719294,72.74517092347818
89.0,86.66666666666667,76.47058823529412,88.21134106562901
96.0,87.83068783068782,78.30188679245283,89.12798609680334
105.0,90.82125603864735,83.1858407079646,91.57395146296356
108.0,87.08133971291866,77.11864406779661,88.53236785600073
137.0,79.83870967741935,66.44295302013423,83.17155339166945
139.0,83.96946564885496,72.36842105263158,86.14226589323147
137.0,86.25954198473282,75.83892617449665,87.88350839016665
123.0,84.7926267281106,73.6,86.767055347017
107.0,85.27918781725889,74.33628318584071,87.13919485491827
105.0,75.55555555555556,60.71428571428571,80.31323769229893
99.0,60.13986013986013,43.0,71.44315121776076
153.0,30.808080808080806,18.208955223880597,58.831106365806406
150.0,39.48717948717949,24.600638977635782,62.0647858454318
141.0,47.61904761904761,31.25,65.42733997524259
140.0,51.50501672240802,34.68468468468468,67.19762887500767
144.0,45.48736462093863,29.439252336448597,64.5689666587158
140.0,57.47126436781609,40.32258064516129,70.05051409056931
136.0,45.78313253012048,29.6875,64.70907053712165
130.0,34.509803921568626,20.85308056872038,60.25998000350165
123.0,48.24120603015075,31.788079470198678,65.79130274180218
110.0,41.7910447761194,26.41509433962264,63.051920673402705
96.0,28.78787878787879,16.8141592920354,58.31337388211635
42.0,71.23287671232876,55.319148936170215,77.63863727965041
68.0,77.47747747747748,63.23529411764706,81.59271338240282
90.0,87.27272727272727,77.41935483870968,88.68872100868901
105.0,90.9090909090909,83.33333333333334,91.64869757350691
118.0,87.78280542986425,78.2258064516129,89.08594581850997
114.0,88.88888888888889,80.0,89.97603833865814
107.0,90.56603773584906,82.75862068965517,91.35934229370936
112.0,90.23255813953487,82.20338983050848,91.08072804291254
98.0,88.04347826086956,78.64077669902912,89.29843007024517
73.0,85.27131782945736,74.32432432432432,87.14320803115918
58.0,82.35294117647058,70.0,84.98204811106235
36.0,78.68852459016394,64.86486486486487,82.41947183265576
13.0,80.0,66.66666666666666,83.32735294899396
48.0,77.5,63.26530612244898,81.61470511028223
73.0,80.95238095238095,68.0,83.97605985037406
94.0,85.88235294117646,75.25773195876289,87.60491531774441
114.0,84.8780487804878,73.72881355932203,86.83346186161513
122.0,84.82142857142857,73.64341085271317,86.7877604172713
128.0,82.96943231441048,70.8955223880597,85.4088242718438
119.0,88.28828828828829,79.03225806451613,89.49016952908302
122.0,87.93103448275862,78.46153846153847,89.20281060952865
113.0,86.23853211009175,75.80645161290323,87.87327492589571
82.0,85.18518518518519,74.19354838709677,87.07282544387269
58.0,87.93103448275862,78.46153846153847,89.21680414348742
39.0,83.11688311688312,71.11111111111111,85.542592888038
20.0,62.745098039215684,45.714285714285715,72.83820346320347
50.0,75.60975609756098,60.78431372549019,80.37221469503146
79.0,81.75182481751825,69.1358024691358,84.54296109091267
102.0,88.77005347593582,79.8076923076923,89.88288514132944
117.0,84.50704225352112,73.17073170731707,86.55242251619897
125.0,85.58951965065502,74.80916030534351,87.37163155248804
129.0,87.76371308016878,78.19548872180451,89.06878606085432
125.0,85.83690987124464,75.18796992481202,87.56103504627852
126.0,85.47008547008546,74.6268656716418,87.27948443738651
115.0,85.71428571428571,75.0,87.46905137471796
90.0,84.70588235294117,73.46938775510205,86.7087478452981
64.0,84.12698412698413,72.6027397260274,86.2814189422787
41.0,83.33333333333334,71.42857142857143,85.7003250832652
24.0,70.37037037037037,54.285714285714285,77.12690722559734
65.0,85.47008547008546,74.6268656716418,87.29647556813546
102.0,88.29787234042553,79.04761904761905,89.50185036783962
120.0,84.82142857142857,73.64341085271317,86.7877604172713
122.0,84.7457627118644,73.52941176470588,86.72876051930479
122.0,85.59670781893004,74.82014388489209,87.3751222699744
126.0,84.08163265306122,72.53521126760563,86.22866249079162
108.0,85.5813953488372,74.79674796747967,87.36742597639218
112.0,84.11214953271028,72.58064516129032,86.25638096023226
85.0,81.81818181818183,69.23076923076923,84.58345103722718
79.0,76.0,61.29032258064516,80.60924676688835
51.0,77.77777777777779,63.63636363636363,81.79424596626495
39.0,80.45977011494253,67.3076923076923,83.63689395903553
53.0,3.4482758620689653,1.7543859649122806,50.82138829884877
83.0,84.72222222222221,73.49397590361446,86.72503843569429
110.0,85.57213930348259,74.78260869565217,87.36235645403492
131.0,80.3347280334728,67.13286713286713,83.51950864630578
132.0,79.35222672064778,65.77181208053692,82.83498547634818
130.0,83.2,71.23287671232876,85.57449874919841
132.0,82.64462809917356,70.4225352112676,85.16933134874427
124.0,81.77777777777779,69.17293233082707,84.54553492988921
108.0,78.39195979899498,64.46280991735537,82.18848907381202
82.0,81.437125748503,68.68686868686868,84.31250115911249
73.0,77.55102040816327,63.33333333333333,81.63374502018529
52.0,75.0,60.0,79.97007839460612
41.0,71.73913043478261,55.932203389830505,77.94017584285216
32.0,13.333333333333334,7.142857142857142,53.53256304614605
93.0,90.0,81.81818181818183,90.89112504423413
119.0,81.44796380090497,68.70229007633588,84.31021543708181
130.0,78.86178861788618,65.1006711409396,82.49841760086179
138.0,74.01574803149606,58.75,79.30910806277704
130.0,82.21343873517787,69.79865771812081,84.85439356588257
125.0,83.33333333333334,71.42857142857143,85.67434642200998
121.0,79.26267281105991,65.64885496183206,82.779508335378
105.0,68.50828729281768,52.10084033613446,75.99354983243248
85.0,72.25806451612902,56.56565656565656,78.2399312357413
75.0,70.66666666666667,54.63917525773196,77.27569560324899
44.0,66.08695652173913,49.35064935064935,74.63643201905597
46.0,54.54545454545454,37.5,68.70513370156932
21.0,50.98039215686274,34.21052631578947,67.08034439306807
103.0,82.1256038647343,69.67213114754098,84.79913279143435
125.0,72.56637168141593,56.94444444444444,78.41033856350062
125.0,73.19148936170212,57.71812080536913,78.79617359893132
124.0,76.11336032388664,61.43790849673203,80.66005084993944
134.0,79.6812749003984,66.22516556291392,83.06166018380539
124.0,81.70212765957446,69.06474820143885,84.48944279081527
116.0,74.28571428571429,59.09090909090909,79.49156017841395
93.0,70.93023255813954,54.95495495495496,77.42759221358443
83.0,65.359477124183,48.54368932038835,74.21897788446901
67.0,63.08724832214765,46.07843137254902,72.98435722111462
39.0,61.6822429906542,44.5945945945946,72.25641422289011
44.0,53.93258426966292,36.92307692307693,68.42066272378125
16.0,39.130434782608695,24.324324324324326,62.13425537084516
113.0,82.66666666666667,70.45454545454545,85.18833735998244
125.0,72.72727272727273,57.14285714285714,78.50854427852751
117.0,68.69565217391305,52.317880794701985,76.08707980689647
123.0,76.15384615384615,61.49068322981367,80.68343694809373
133.0,79.2,65.56291390728477,82.72953691050881
128.0,78.15126050420169,64.13793103448275,82.01705169418764
111.0,72.636815920398,57.03125,78.4607380670818
89.0,67.85714285714286,51.35135135135135,75.62180389052433
78.0,66.21621621621621,49.494949494949495,74.69760142571202
67.0,64.33566433566433,47.42268041237113,73.66047246231962
37.0,56.00000000000001,38.88888888888889,69.40057430007178
42.0,51.68539325842697,34.84848484848485,67.38137360283594
14.0,38.095238095238095,23.52941176470588,61.738792949806296
53.0,75.55555555555556,60.71428571428571,80.33520516020216
72.0,84.61538461538461,73.33333333333333,86.64671494982143
91.0,88.0,78.57142857142857,89.26475578354858
111.0,87.73584905660378,78.15126050420169,89.04967334057397
116.0,88.98305084745762,80.1526717557252,90.05037274551053
110.0,90.82969432314411,83.2,91.57903019651701
112.0,88.88888888888889,80.0,89.97503794232766
114.0,89.28571428571429,80.64516129032258,90.29861706979585
107.0,87.5,77.77777777777779,88.86293301387641
74.0,87.83783783783784,78.3132530120482,89.1386663775094
60.0,83.63636363636363,71.875,85.91954667863556
38.0,70.76923076923077,54.761904761904766,77.36201034358672
45.0,67.41573033707866,50.847457627118644,75.39481324701363
50.0,85.71428571428571,75.0,87.4870355226679
76.0,87.4074074074074,77.63157894736842,88.79882916081631
98.0,90.32258064516128,82.35294117647058,91.15850364740642
115.0,88.0,78.57142857142857,89.25875580177954
123.0,90.1639344262295,82.08955223880598,91.02080775764053
126.0,86.29032258064517,75.88652482269504,87.90930926668715
118.0,89.07563025210085,80.3030303030303,90.1255515006264
121.0,89.62655601659752,81.203007518797,90.5765377132213
115.0,85.06787330316742,74.01574803149606,86.97492804713656
92.0,82.55813953488372,70.29702970297029,85.1185777194624
62.0,83.05084745762711,71.01449275362319,85.48729704810651
39.0,78.37837837837837,64.44444444444444,82.20626912433002
56.0,75.96899224806202,61.25000000000001,80.59407854050711
56.0,86.53846153846155,76.27118644067797,88.1216298044885
82.0,84.93150684931507,73.80952380952381,86.88281195065726
105.0,90.19607843137256,82.14285714285714,91.05146211507524
119.0,87.93103448275862,78.46153846153847,89.20281060952865
123.0,90.27237354085604,82.26950354609929,91.10978173709279
131.0,87.4074074074074,77.63157894736842,88.78182886798682
124.0,88.18897637795276,78.87323943661971,89.4066580692207
123.0,87.24279835390946,77.37226277372264,88.65517472618627
115.0,85.06787330316742,74.01574803149606,86.97492804713656
92.0,82.22222222222221,69.81132075471697,84.8737255244584
80.0,74.82993197278913,59.78260869565217,79.85439367166241
45.0,77.10843373493977,62.745098039215684,81.35360358246682
57.0,73.2824427480916,57.831325301204814,78.8807520218121
74.0,81.88976377952756,69.33333333333334,84.64372356555742
102.0,91.28205128205128,83.9622641509434,91.9641616040919
120.0,91.37931034482759,84.12698412698413,92.04352002434688
126.0,89.43089430894308,80.88235294117648,90.41521074534555
132.0,86.69201520912547,76.51006711409396,88.22007690329762
138.0,87.73234200743495,78.1456953642384,89.03988591776586
115.0,90.98712446351931,83.46456692913385,91.71131282346448
116.0,87.17948717948718,77.27272727272727,88.60640797074875
100.0,83.74384236453201,72.03389830508475,85.98400910343176
87.0,75.7396449704142,60.952380952380956,80.43528211092867
80.0,72.10884353741497,56.38297872340425,78.1505899741954
64.0,67.79661016949152,51.28205128205128,75.60312872064907
63.0,70.49180327868852,54.43037974683544,77.17928537937189
82.0,90.06622516556291,81.92771084337349,90.94888775185359
108.0,88.88888888888889,80.0,89.97603833865814
132.0,89.68253968253968,81.29496402877699,90.62151473316284
140.0,83.51648351648352,71.69811320754717,85.80411233466727
135.0,86.95652173913044,76.92307692307693,88.42557873643058
133.0,84.16988416988417,72.66666666666667,86.29238819981225
121.0,88.79668049792531,79.8507462686567,89.89841034298041
117.0,86.32478632478633,75.93984962406014,87.93797274013791
95.0,78.72340425531915,64.91228070175438,82.4162217847521
85.0,78.3132530120482,64.35643564356435,82.14229756475278
58.0,82.8125,70.66666666666667,85.31138732052483
49.0,78.63247863247864,64.7887323943662,82.36943102862135
54.0,58.42696629213483,41.269841269841265,70.59803130291664
96.0,88.17204301075269,78.84615384615384,89.40111820546603
118.0,89.36170212765957,80.76923076923077,90.35965083427686
132.0,86.59003831417624,76.35135135135135,88.1407197201796
144.0,81.58844765342961,68.90243902439023,84.40028369132942
136.0,86.73835125448028,76.58227848101265,88.25417989578553
128.0,86.04651162790698,75.51020408163265,87.7191487800553
121.0,85.83333333333333,75.18248175182481,87.55729044354366
107.0,80.18867924528303,66.92913385826772,83.4226432302658
91.0,79.55801104972376,66.05504587155964,82.99059973603529
82.0,75.64102564102564,60.824742268041234,80.37445984643357
71.0,72.0,56.25,78.08310223055743
66.0,75.49668874172185,60.63829787234043,80.28223678708504
40.0,60.24096385542169,43.103448275862064,71.51882349786403
104.0,87.37864077669903,77.58620689655173,88.76714809148953
124.0,86.30705394190872,75.91240875912408,87.92325183123164
128.0,85.71428571428571,75.0,87.46304803755119
141.0,83.03249097472924,70.98765432098766,85.44688443062427
135.0,85.40925266903915,74.53416149068323,87.22612661396876
132.0,85.71428571428571,75.0,87.46304803755119
118.0,84.34782608695653,72.93233082706767,86.4302222038052
106.0,77.61194029850746,63.41463414634146,81.66240510063689
90.0,72.51461988304094,56.88073394495413,78.39347388870806
77.0,69.38775510204081,53.125,76.51761221945137
63.0,67.14285714285714,50.53763440860215,75.22293557889462
52.0,67.21311475409836,50.617283950617285,75.26874968449384
23.0,63.33333333333333,46.34146341463415,73.14880057108485
111.0,87.27272727272727,77.41935483870968,88.68172214778934
128.0,85.37549407114624,74.48275862068967,87.20442956200259
141.0,80.43478260869566,67.27272727272727,83.58243374522212
136.0,82.9090909090909,70.80745341614907,85.35678491589684
132.0,84.24908424908425,72.78481012658227,86.34945745936793
136.0,83.33333333333334,71.42857142857143,85.67034371772118
115.0,82.72727272727273,70.54263565891473,85.23338231982373
102.0,78.1725888324873,64.16666666666667,82.04041830508926
87.0,71.95121951219512,56.19047619047619,78.04934548394851
75.0,67.11409395973155,50.505050505050505,75.20364842213783
58.0,65.21739130434783,48.38709677419355,74.14567381846659
48.0,64.86486486486487,48.0,73.96110889509373
21.0,63.1578947368421,46.15384615384615,73.05598922788603
135.0,33.33333333333333,20.0,59.89232088376638
137.0,60.69651741293532,43.57142857142857,71.70689556876327
148.0,69.19831223628692,52.903225806451616,76.37874988569877
149.0,66.3677130044843,49.664429530201346,74.7573674536161
149.0,59.75103734439834,42.60355029585799,71.20497648913928
146.0,70.88607594936708,54.90196078431373,77.3821071189795
138.0,77.25321888412017,62.93706293706294,81.4156224720055
130.0,79.48717948717949,65.95744680851064,82.93080295220572
115.0,84.01826484018264,72.44094488188976,86.18553114232657
103.0,83.4862385321101,71.65354330708661,85.79083274967986
84.0,66.07929515418502,49.34210526315789,74.59420785802153
72.0,74.19354838709677,58.97435897435898,79.43928198782811
64.0,74.82014388489209,59.77011494252874,79.8501440565329
43.0,83.9506172839506,72.3404255319149,86.15724958140159
52.0,85.14851485148515,74.13793103448276,87.05400531138895
65.0,93.12977099236642,87.14285714285714,93.56244922392783
95.0,89.94708994708994,81.73076923076923,90.84641913256335
110.0,89.90825688073394,81.66666666666667,90.81136759987753
113.0,90.51724137931035,82.67716535433071,91.31661387286746
115.0,90.98360655737704,83.45864661654136,91.70735187113894
110.0,87.65957446808511,78.03030303030303,88.98619379342523
109.0,85.84070796460178,75.1937984496124,87.56494970504743
99.0,84.15841584158416,72.64957264957265,86.29284445898209
68.0,87.21804511278195,77.33333333333333,88.6497066922064
42.0,71.28712871287128,55.38461538461539,77.66338866558252
41.0,78.94736842105263,65.21739130434783,82.59274223614871
55.0,86.53846153846155,76.27118644067797,88.1216298044885
66.0,88.23529411764706,78.94736842105263,89.45772124460724
96.0,89.79591836734694,81.48148148148148,90.72077587889757
114.0,89.27038626609442,80.62015503875969,90.28511346761438
125.0,92.1259842519685,85.40145985401459,92.68075349919212
119.0,89.1566265060241,80.43478260869566,90.19042635877707
115.0,91.73553719008265,84.7328244274809,92.34643817998433
112.0,85.23206751054853,74.26470588235294,87.09740536254442
99.0,85.57213930348259,74.78260869565217,87.36235645403492
63.0,85.71428571428571,75.0,87.48104511263193
34.0,63.41463414634146,46.42857142857143,73.18437544509328
43.0,80.48780487804879,67.3469387755102,83.65751501725474
54.0,87.37864077669903,77.58620689655173,88.78013741927185
66.0,91.33858267716536,84.05797101449275,92.01801140612503
97.0,88.0,78.57142857142857,89.26175645150249
111.0,89.65517241379311,81.25,90.60103451030517
122.0,91.28630705394191,83.96946564885496,91.96376050788531
120.0,90.5982905982906,82.8125,91.38428075694029
117.0,92.05020920502092,85.27131782945736,92.61668396166672
121.0,86.99186991869918,76.97841726618705,88.4572527322367
104.0,85.99033816425121,75.42372881355932,87.68291477913178
67.0,89.20863309352518,80.51948051948052,90.24477438194165
39.0,61.36363636363637,44.26229508196721,72.09724855994709
45.0,80.95238095238095,68.0,83.98404531131587
57.0,85.98130841121495,75.40983606557377,87.68995693164983
65.0,87.8048780487805,78.26086956521739,89.11547129352206
100.0,85.57213930348259,74.78260869565217,87.36235645403492
112.0,90.04329004329004,81.88976377952756,90.92191496213957
121.0,91.42857142857143,84.21052631578947,92.08429000353232
121.0,88.60759493670885,79.54545454545455,89.74576555836167
116.0,88.23529411764706,78.94736842105263,89.44572391414718
118.0,79.48717948717949,65.95744680851064,82.93080295220572
109.0,83.9622641509434,72.35772357723577,86.1449208458583
72.0,85.91549295774648,75.30864197530865,87.6343668820971
41.0,69.38775510204081,53.125,76.53258495871724
49.0,82.22222222222221,69.81132075471697,84.88970473404689
58.0,85.18518518518519,74.19354838709677,87.08081568566888
66.0,84.61538461538461,73.33333333333333,86.64671494982143
103.0,85.57213930348259,74.78260869565217,87.36235645403492
116.0,89.74358974358975,81.3953488372093,90.67370845027966
121.0,89.25619834710744,80.59701492537313,90.27254277466228
119.0,87.22466960352423,77.34375,88.64291959132935
118.0,87.96680497925311,78.51851851851852,89.23029980249872
123.0,78.33333333333333,64.38356164383562,82.1398659622876
112.0,82.02764976958525,69.53125,84.72669274212869
78.0,89.33333333333333,80.72289156626506,90.34548058725953
44.0,69.1588785046729,52.85714285714286,76.39566291424127
57.0,89.83050847457628,81.53846153846153,90.75726021678977
61.0,85.9375,75.34246575342466,87.65327633155162
65.0,87.59124087591242,77.92207792207793,88.94407830974995
101.0,86.73469387755102,76.57657657657657,88.26233552232235
120.0,92.7038626609442,86.4,93.1830230885995
112.0,90.82969432314411,83.2,91.57903019651701
106.0,81.77777777777779,69.17293233082707,84.54553492988921
119.0,83.26530612244898,71.32867132867133,85.62339625466197
129.0,85.71428571428571,75.0,87.46204706164356
120.0,88.28125,79.02097902097903,89.48052726292144
100.0,84.46601941747572,73.10924369747899,86.52267870753084
71.0,77.02702702702703,62.637362637362635,81.28476204654899
45.0,79.12087912087912,65.45454545454545,82.70832577872865
55.0,86.23853211009175,75.80645161290323,87.88826440686255
58.0,86.82170542635659,76.71232876712328,88.33920508587609
79.0,85.18518518518519,74.19354838709677,87.07282544387269
100.0,92.14659685863874,85.43689320388349,92.70347295555939
100.0,90.9090909090909,83.33333333333334,91.64769739688371
83.0,81.52173913043478,68.80733944954129,84.36973826631672
102.0,81.13207547169812,68.25396825396825,84.08705599761699
106.0,79.43925233644859,65.89147286821705,82.9018163686277
100.0,82.75862068965517,70.58823529411765,85.25918192878046
93.0,81.08108108108108,68.18181818181817,84.05597964838299
58.0,71.69811320754717,55.88235294117647,77.91125904268922
48.0,84.21052631578947,72.72727272727273,86.34867705296139
54.0,90.09009009009009,81.9672131147541,90.97263420769823
62.0,83.87096774193549,72.22222222222221,86.09116058840742
84.0,84.14634146341463,72.63157894736842,86.28984499486887
96.0,90.25641025641026,82.2429906542056,91.1025287083518
101.0,85.71428571428571,75.0,87.4700515114004
84.0,79.7979797979798,66.38655462184873,83.15335476067186
110.0,81.44796380090497,68.70229007633588,84.31021543708181
115.0,83.70044052863436,71.96969696969697,85.94790832790274
111.0,84.21052631578947,72.72727272727273,86.33069434159515
86.0,88.26815642458101,79.0,89.47904066111742
61.0,74.3801652892562,59.210526315789465,79.57434416565441
44.0,79.01234567901234,65.3061224489796,82.63611004388991
53.0,75.67567567567568,60.86956521739131,80.40785477528918
63.0,93.75,88.23529411764706,94.109665575864
93.0,87.95811518324608,78.50467289719626,89.22937869087235
107.0,88.88888888888889,80.0,89.97603833865814
111.0,87.61061946902655,77.95275590551181,88.94842100645322
113.0,89.0909090909091,80.32786885245902,90.1399718079141
109.0,90.17857142857143,82.11382113821138,91.03494351967983
112.0,90.49773755656109,82.64462809917356,91.301345921142
97.0,87.2340425531915,77.35849056603774,88.65529031835244
69.0,87.87878787878788,78.37837837837837,89.17322686028541
40.0,64.15094339622641,47.22222222222222,73.57321872548627
42.0,77.5,63.26530612244898,81.61470511028223
53.0,82.6923076923077,70.49180327868852,85.22794939232135
67.0,87.87878787878788,78.37837837837837,89.17322686028541
96.0,90.0990099009901,81.98198198198197,90.97102493328907
110.0,88.20960698689956,78.90625,89.42616543934099
121.0,89.07563025210085,80.3030303030303,90.1255515006264
118.0,87.39495798319328,77.61194029850746,88.77601328713519
117.0,90.2127659574468,82.17054263565892,91.06230347281247
112.0,86.69527896995707,76.51515151515152,88.22662218793023
101.0,85.86387434554975,75.22935779816514,87.58772956383284
69.0,88.54961832061069,79.45205479452055,89.71106271391297
37.0,60.46511627906976,43.333333333333336,71.63276836158192
45.0,80.45977011494253,67.3076923076923,83.63689395903553
56.0,85.98130841121495,75.40983606557377,87.68995693164983
66.0,87.5,77.77777777777779,88.87292719694955
96.0,87.0,76.99115044247787,88.46962141900691
111.0,90.82969432314411,83.2,91.57903019651701
120.0,90.53497942386831,82.70676691729322,91.33041377862425
118.0,87.65957446808511,78.03030303030303,88.98619379342523
116.0,92.3076923076923,85.71428571428571,92.83916730389528
116.0,88.23529411764706,78.94736842105263,89.44572391414718
100.0,83.50515463917526,71.68141592920354,85.80876864930084
69.0,89.70588235294117,81.33333333333333,90.65269879277662
42.0,61.05263157894737,43.93939393939394,71.93280543082126
45.0,81.3953488372093,68.62745098039215,84.29777048331547
58.0,85.98130841121495,75.40983606557377,87.68995693164983
68.0,85.27131782945736,74.32432432432432,87.14320803115918
99.0,86.15384615384616,75.67567567567568,87.81088742659453
110.0,92.03539823008849,85.24590163934425,92.604976702401
120.0,91.80327868852459,84.84848484848484,92.4042679915163
120.0,91.13924050632912,83.72093023255815,91.83949363749022
114.0,89.74358974358975,81.3953488372093,90.67370845027966
118.0,87.86610878661088,78.35820895522389,89.15014559921926
105.0,87.8048780487805,78.26086956521739,89.10547770877568
74.0,85.5072463768116,74.68354430379746,87.3218188426424
39.0,64.44444444444444,47.540983606557376,73.73858560749429
45.0,83.72093023255815,72.0,85.98603909054647
59.0,87.27272727272727,77.41935483870968,88.69571316783872
67.0,87.02290076335878,77.02702702702703,88.49655387744735
101.0,85.27918781725889,74.33628318584071,87.13919485491827
110.0,89.77777777777777,81.45161290322581,90.70284089994041
121.0,91.49797570850203,84.32835820895522,92.14320553117996
123.0,90.83333333333333,83.20610687022901,91.58108287566418
114.0,88.41201716738198,79.23076923076923,89.58842397791533
119.0,87.96680497925311,78.51851851851852,89.23029980249872
107.0,88.23529411764706,78.94736842105263,89.44972541964663
77.0,82.85714285714286,70.73170731707317,85.3419101651809
41.0,61.53846153846154,44.44444444444444,72.18732551647125
56.0,83.63636363636363,71.875,85.91954667863556
58.0,89.25619834710744,80.59701492537313,90.28553910547816
63.0,87.02290076335878,77.02702702702703,88.49655387744735
97.0,87.70053475935828,78.0952380952381,89.02466220648039
116.0,89.59276018099548,81.14754098360656,90.55080585734035
116.0,89.17748917748918,80.46875,90.2094114467877
115.0,89.83050847457628,81.53846153846153,90.74526432225653
122.0,87.13692946058092,77.20588235294117,88.57198513405082
129.0,91.93548387096774,85.07462686567165,92.51733820212192
108.0,92.44444444444444,85.9504132231405,92.95823105636973
90.0,88.88888888888889,80.0,89.98003832641328
58.0,67.22689075630252,50.63291139240506,75.27756148844762
50.0,80.85106382978722,67.85714285714286,83.91062097183203
53.0,82.82828282828282,70.6896551724138,85.3278733626106
60.0,87.5,77.77777777777779,88.87292719694955
73.0,83.33333333333334,71.42857142857143,85.68834330643116
100.0,88.42105263157895,79.24528301886792,89.60068191508756
106.0,89.49771689497716,80.99173553719008,90.47290359270941
104.0,86.79245283018868,76.66666666666667,88.30538029443869
106.0,84.54545454545455,73.22834645669292,86.58022957481133
113.0,86.34361233480176,75.96899224806202,87.9535444087069
106.0,89.7196261682243,81.35593220338984,90.65600124546489
88.0,88.23529411764706,78.94736842105263,89.45372452908283
65.0,75.63025210084034,60.810810810810814,80.376481186858
49.0,74.15730337078652,58.92857142857143,79.44135130669143
53.0,84.0,72.41379310344827,86.1909393171129
59.0,84.03361344537815,72.46376811594203,86.2129318176167
84.0,82.20858895705521,69.79166666666666,84.86689641581353
99.0,88.77551020408163,79.81651376146789,89.88629597115299
111.0,86.63594470046083,76.42276422764228,88.18242959595045
107.0,85.44600938967136,74.59016393442623,87.26413457777515
113.0,84.95575221238938,73.84615384615385,86.88913123617597
119.0,90.04329004329004,81.88976377952756,90.92191496213957
113.0,86.79245283018868,76.66666666666667,88.30538029443869
84.0,84.39306358381504,73.0,86.47305550565834
59.0,67.2566371681416,50.66666666666667,75.2964351722579
46.0,68.42105263157895,52.0,75.97607178464607
53.0,74.4186046511628,59.25925925925925,79.60769280767686
63.0,78.50467289719626,64.61538461538461,82.28475378293865
88.0,81.92771084337349,69.38775510204081,84.6639422113541
99.0,86.5979381443299,76.36363636363637,88.15586593395426
108.0,85.98130841121495,75.40983606557377,87.6749683482569
107.0,85.98130841121495,75.40983606557377,87.6749683482569
113.0,82.02764976958525,69.53125,84.72669274212869
112.0,80.1762114537445,66.91176470588235,83.41095872311189
100.0,58.19672131147541,41.040462427745666,70.41844496499547
67.0,73.75886524822694,58.42696629213483,79.17657467906558
44.0,23.52941176470588,13.333333333333334,56.627798817354325
67.0,49.056603773584904,32.5,66.19616151545364
86.0,72.61904761904762,57.009345794392516,78.45877845441466
84.0,73.68421052631578,58.333333333333336,79.12176813734294
54.0,48.0,31.57894736842105,65.67275846933482
30.0,18.79194630872483,10.37037037037037,55.06457595907778
79.0,64.05228758169935,47.11538461538461,73.5028316537533
95.0,74.44444444444444,59.29203539823009,79.60011776098018
93.0,76.77725118483413,62.30769230769231,81.10493907729162
94.0,67.65799256505576,51.12359550561798,75.4749454018057
39.0,33.155080213903744,19.871794871794872,59.811258887687245
87.0,61.34969325153374,44.24778761061947,72.06105216624019
97.0,75.26881720430107,60.3448275862069,80.12651110679842
89.0,78.0952380952381,64.0625,81.98533631772268
102.0,71.58671586715867,55.74712643678161,77.79668468647124
108.0,71.06227106227107,55.11363636363637,77.4779428049137
92.0,70.39106145251397,54.310344827586206,77.10229192370072
98.0,79.16666666666666,65.51724137931035,82.71870052997453
94.0,80.35714285714286,67.16417910447761,83.53816510229272
101.0,69.28571428571428,53.00546448087432,76.41686790608544
105.0,71.21212121212122,55.294117647058826,77.57118325945449
96.0,72.04301075268818,56.30252100840336,78.09937361761445
105.0,79.04761904761905,65.35433070866141,82.6332470423909
114.0,83.87096774193549,72.22222222222221,86.07116862828637
103.0,70.92198581560284,54.94505494505495,77.39065192336221
113.0,71.53284671532847,55.68181818181818,77.76303058138394
98.0,72.92817679558011,57.391304347826086,78.64675973727365
106.0,81.69014084507043,69.04761904761905,84.48487882046149
113.0,85.94377510040161,75.35211267605634,87.64110457146602
102.0,69.06474820143885,52.74725274725275,76.28776375381807
109.0,71.63120567375887,55.80110497237569,77.82067230645744
103.0,72.82051282051282,57.25806451612904,78.57614332482432
109.0,83.33333333333334,71.42857142857143,85.6783475279662
111.0,85.24590163934425,74.28571428571429,87.10690890831488
107.0,69.8961937716263,53.72340425531915,76.77483243220276
114.0,73.03754266211604,57.52688172043011,78.68454972997479
102.0,75.24752475247524,60.317460317460316,80.10882995912935
111.0,81.61434977578476,68.93939393939394,84.42876655140806
117.0,85.8267716535433,75.17241379310344,87.55025507199663
104.0,68.75,52.38095238095239,76.10061457736039
124.0,75.64102564102564,60.824742268041234,80.33645919187352
171.0,17.560975609756095,9.62566844919786,54.64436658234845
106.0,66.92913385826772,50.29585798816568,75.06408159634672
134.0,86.50519031141869,76.21951219512195,88.07079583702672
147.0,76.53631284916202,61.990950226244344,80.9115405820564
183.0,74.50110864745011,59.36395759717315,79.56699719564304
155.0,65.91760299625467,49.162011173184354,74.49016546520582
100.0,78.89908256880734,65.15151515151516,82.52984022698536
132.0,86.52482269503547,76.25,88.08704099572462
106.0,64.1025641025641,47.16981132075472,73.4730756420053
164.0,75.29976019184652,60.38461538461538,80.08934681744013
151.0,65.64885496183206,48.86363636363637,74.34197989074211
99.0,78.53881278538812,64.66165413533834,82.2839115156628
129.0,86.73835125448028,76.58227848101265,88.25417989578553
104.0,64.72491909385113,47.84688995215311,73.81461040462516
168.0,73.1934731934732,57.720588235294116,78.74533780104737
158.0,66.91449814126395,50.27932960893855,75.05081762162376
101.0,80.73394495412845,67.6923076923077,83.80422763628322
124.0,83.08823529411765,71.0691823899371,85.48864908203086
107.0,66.66666666666666,50.0,74.89614954465569
164.0,75.77937649880096,61.003861003861005,80.40096684884561
135.0,70.1195219123506,53.987730061349694,76.91899679876302
104.0,80.18018018018019,66.9172932330827,83.41472304355835
128.0,83.57142857142857,71.77914110429448,85.84362476817233
137.0,76.0233918128655,61.32075471698113,80.57845272914956
173.0,75.46296296296296,60.594795539033456,80.191425322353
152.0,68.67924528301886,52.29885057471264,76.0665661478934
108.0,83.55555555555556,71.7557251908397,85.84092317606759
135.0,83.21678321678321,71.25748502994011,85.5807971726603
110.0,67.08860759493672,50.476190476190474,75.13424063454022
167.0,75.23809523809524,60.30534351145038,80.04870918225164
149.0,69.73180076628353,53.529411764705884,76.6858399544304
106.0,81.57894736842105,68.88888888888889,84.40251404890104
130.0,83.87096774193549,72.22222222222221,86.06616414852695
139.0,77.19298245614034,62.857142857142854,81.35064000822135
171.0,74.4186046511628,59.25925925925925,79.51966481836922
158.0,72.72727272727273,57.14285714285714,78.49654239841155
113.0,82.90598290598291,70.8029197080292,85.36152295431611
133.0,83.80281690140845,72.12121212121212,86.01465844089253
143.0,76.48725212464589,61.92660550458715,80.8803707565301
177.0,76.71232876712328,62.22222222222222,81.00912742850032
207.0,5.673758865248227,2.9197080291970803,51.194744781621345
198.0,0.0,0.0,49.63827327806122
222.0,49.586776859504134,32.967032967032964,66.17867500108736
203.0,6.25,3.225806451612903,51.343802023821084
178.0,48.57142857142857,32.075471698113205,65.8220550566294
94.0,78.4688995215311,64.56692913385827,82.23854900817958
94.0,78.43137254901961,64.51612903225806,82.21414883423826
91.0,81.37254901960785,68.59504132231406,84.25959120993629
126.0,82.3076923076923,69.93464052287581,84.92138365395623
120.0,79.25925925925927,65.6441717791411,82.76616306307112
151.0,84.07643312101911,72.52747252747253,86.2137802250503
145.0,82.51748251748252,70.23809523809523,85.06910555184557
139.0,87.01754385964912,77.01863354037268,88.4723552102087
142.0,83.44370860927152,71.5909090909091,85.7455044955045
130.0,85.6140350877193,74.84662576687117,87.38235711566477
113.0,88.98678414096916,80.15873015873017,90.05440252319933
89.0,84.32432432432432,72.89719626168224,86.41965485965265
38.0,62.96296296296296,45.94594594594595,72.93308625126264
93.0,76.40449438202246,61.81818181818181,80.86718143355807
94.0,77.52808988764045,63.30275229357798,81.61146156399617
98.0,83.10502283105022,71.09375,85.50993779325147
127.0,79.71014492753623,66.26506024096386,83.07660394303615
147.0,86.98630136986301,76.96969696969697,88.44688568838902
162.0,85.79710144927536,75.1269035532995,87.51447920129195
161.0,86.53295128939828,76.26262626262627,88.084336619569
149.0,85.36585365853658,74.46808510638297,87.1860770883262
154.0,85.28528528528528,74.3455497382199,87.12380816646774
138.0,85.8974358974359,75.28089887640449,87.5964863671819
120.0,88.37209302325581,79.16666666666666,89.55337048726247
91.0,84.26395939086294,72.80701754385966,86.37256632488133
67.0,61.87050359712231,44.79166666666667,72.34297393932141
98.0,79.38144329896907,65.8119658119658,82.86606194947679
102.0,80.6282722513089,67.54385964912281,83.73500293979325
99.0,86.11111111111111,75.60975609756098,87.77492776624949
141.0,81.22866894197952,68.39080459770115,84.14046492745398
152.0,85.43689320388349,74.57627118644068,87.24317515840299
170.0,87.70949720670392,78.1094527363184,89.01074308180802
173.0,86.17021276595744,75.70093457943925,87.79848184564396
154.0,84.41926345609065,73.0392156862745,86.46463752710791
160.0,84.23913043478261,72.76995305164318,86.32700087559468
149.0,84.93975903614458,73.82198952879581,86.86102973991504
129.0,88.42105263157895,79.24528301886792,89.58967447646693
98.0,84.61538461538461,73.33333333333333,86.6347228877176
72.0,63.94557823129252,47.0,73.44713638811865
99.0,80.40201005025126,67.22689075630252,83.57452011465718
113.0,77.72511848341233,63.565891472868216,81.73603393062902
96.0,80.9090909090909,67.93893129770993,83.92753860191664
144.0,83.56164383561644,71.76470588235294,85.83440472524968
158.0,89.03225806451613,80.23255813953489,90.08230489014394
174.0,88.70056497175142,79.69543147208121,89.8077309302668
183.0,85.64356435643565,74.89177489177489,87.38789092567866
163.0,80.51948051948052,67.3913043478261,83.6206836606886
162.0,81.44329896907216,68.69565217391305,84.27585199762868
165.0,84.593837535014,73.30097087378641,86.59551292315008
138.0,89.1891891891892,80.48780487804879,90.21193057426538
108.0,86.60714285714286,76.37795275590551,88.15902370317889
76.0,68.87417218543047,52.52525252525253,76.2157425342726
99.0,79.20792079207921,65.57377049180327,82.74496573136953
114.0,78.87323943661971,65.11627906976744,82.51322218281155
102.0,78.0952380952381,64.0625,81.98533631772268
149.0,83.56164383561644,71.76470588235294,85.83440472524968
160.0,84.10596026490066,72.57142857142857,86.23776127966022
174.0,88.25214899713467,78.97435897435898,89.44619751924537
187.0,89.27680798004988,80.63063063063063,90.2723127351605
169.0,81.4070351758794,68.64406779661016,84.24805461250511
166.0,79.60687960687962,66.12244897959184,82.97824772329054
170.0,82.70270270270271,70.50691244239631,85.18948564766198
146.0,86.875,76.79558011049724,88.35582111226643
118.0,84.34782608695653,72.93233082706767,86.4302222038052
78.0,70.06369426751591,53.92156862745098,76.91389777913919
102.0,80.58252427184466,67.47967479674797,83.69991166024691
116.0,79.26267281105991,65.64885496183206,82.779508335378
73.0,57.75401069518716,40.6015037593985,70.22194417050966
119.0,72.65917602996255,57.05882352941176,78.45652692275615
162.0,84.98402555910543,73.88888888888889,86.89748482971311
182.0,87.91208791208791,78.43137254901961,89.17170035000565
190.0,85.04672897196261,73.98373983739837,86.92786223777748
177.0,80.37383177570094,67.1875,83.50975671946243
167.0,77.61904761904762,63.42412451361867,81.61808669045658
172.0,79.89556135770235,66.52173913043478,83.18390496893169
149.0,84.7560975609756,73.54497354497354,86.722523745127
125.0,84.42622950819673,73.04964539007092,86.48687809415276
81.0,69.0909090909091,52.77777777777778,76.3380099806904
104.0,79.22705314009661,65.60000000000001,82.75708068830599
116.0,78.37837837837837,64.44444444444444,82.17430751040925
68.0,52.27272727272727,35.38461538461539,67.60852552594024
120.0,69.43396226415094,53.179190751445084,76.50873122749157
164.0,84.54258675078864,73.224043715847,86.56306298337813
184.0,89.91825613079018,81.68316831683168,90.80459229662543
158.0,76.96335078534031,62.5531914893617,81.18864675509481
178.0,78.99543378995433,65.28301886792453,82.54951495363107
172.0,77.70114942528735,63.53383458646616,81.66993087133214
177.0,80.29925187032418,67.08333333333333,83.4626903595588
147.0,83.63636363636363,71.875,85.88354100883329
127.0,82.5,70.2127659574468,85.06444755926937
83.0,71.8562874251497,56.074766355140184,77.99049196518283
103.0,78.81773399014779,65.04065040650406,82.4774076050406
119.0,76.31578947368422,61.702127659574465,80.79715977899764
102.0,73.83177570093457,58.51851851851851,79.20336768890574
105.0,65.85365853658537,49.09090909090909,74.4616138427896
167.0,84.01253918495298,72.43243243243244,86.16525902026082
187.0,89.54423592493298,81.06796116504854,90.49498760126089
165.0,76.42679900744417,61.84738955823293,80.82873656073255
178.0,78.28054298642535,64.31226765799256,82.0601395886507
170.0,77.80320366132723,63.670411985018724,81.73821763111273
182.0,80.38740920096852,67.20647773279353,83.5222550631574
161.0,85.38681948424069,74.5,87.19902752513642
133.0,84.61538461538461,73.33333333333333,86.62671939706254
90.0,70.05649717514125,53.91304347826087,76.90364230424198
91.0,66.9683257918552,50.34013605442177,75.09721664403257
99.0,77.17391304347827,62.83185840707964,81.37401721870796
93.0,81.95121951219512,69.42148760330579,84.67381175661576
133.0,76.86567164179104,62.42424242424243,81.15021160015469
131.0,77.85234899328859,63.73626373626373,81.80221097320577
153.0,81.97674418604652,69.45812807881774,84.66710740905012
152.0,80.58823529411765,67.48768472906403,83.67789380440891
143.0,83.22981366459628,71.27659574468085,85.58434319426999
143.0,82.46153846153847,70.15706806282722,85.02158187122816
145.0,83.18042813455658,71.20418848167539,85.54713820566585
125.0,90.49429657794677,82.63888888888889,91.29447291199145
100.0,85.57692307692307,74.78991596638656,87.36501009252305
67.0,67.11409395973155,50.505050505050505,75.20364842213783
92.0,78.26086956521739,64.28571428571429,82.10294017016035
101.0,77.6595744680851,63.47826086956522,81.69721677691781
96.0,85.04672897196261,73.98373983739837,86.95992422637615
140.0,76.59574468085107,62.06896551724138,80.96857239671289
150.0,87.41721854304636,77.64705882352942,88.78556282236339
165.0,85.87570621468926,75.24752475247524,87.57378636472315
171.0,86.88524590163934,76.81159420289855,88.35781341590237
150.0,84.72622478386167,73.5,86.69703072218114
155.0,83.76068376068376,72.05882352941177,85.97244480554221
152.0,83.62573099415205,71.85929648241206,85.87368517682852
123.0,89.37728937728939,80.79470198675497,90.36838227958837
93.0,83.16831683168317,71.1864406779661,85.55928278408406
72.0,67.56756756756756,51.02040816326531,75.46232473757966
95.0,78.53403141361257,64.65517241379311,82.28666885993741
103.0,78.75647668393782,64.95726495726495,82.43771431495983
100.0,85.44600938967136,74.59016393442623,87.26413457777515
143.0,78.37837837837837,64.44444444444444,82.15829893017268
157.0,88.31168831168831,79.06976744186046,89.49891249790865
172.0,87.46518105849582,77.72277227722772,88.81640323211832
178.0,87.36842105263159,77.57009345794393,88.73705632705234
155.0,84.67966573816156,73.42995169082126,86.6600022327447
159.0,84.46866485013625,73.11320754716981,86.49962770353432
160.0,84.81375358166189,73.6318407960199,86.76295006139844
132.0,89.89547038327527,81.64556962025317,90.79381204452625
96.0,82.52427184466019,70.24793388429752,85.088032343119
75.0,72.0,56.25,78.08310223055743
97.0,77.38693467336684,63.114754098360656,81.51246597311095
110.0,78.81773399014779,65.04065040650406,82.4774076050406
99.0,80.9090909090909,67.93893129770993,83.92753860191664
147.0,81.06312292358804,68.15642458100558,84.02127378408973
159.0,88.17891373801918,78.85714285714286,89.39159952721646
179.0,89.01408450704226,80.20304568527918,90.06253687758701
183.0,86.5,76.2114537444934,88.05173011205231
163.0,83.06878306878306,71.04072398190046,85.45638630171214
163.0,83.5978835978836,71.81818181818181,85.8471132210586
165.0,84.93150684931507,73.80952380952381,86.84978499506397
136.0,88.51351351351352,79.39393939393939,89.66300026945446
104.0,82.72727272727273,70.54263565891473,85.23338231982373
79.0,68.38709677419355,51.9607843137255,75.93151240106202
98.0,79.39698492462311,65.83333333333333,82.87574605265785
114.0,78.0952380952381,64.0625,81.98533631772268
102.0,82.62910798122066,70.39999999999999,85.16306500559017
149.0,84.7457627118644,73.52941176470588,86.71975173558265
162.0,88.67924528301887,79.66101694915254,89.7945336569486
181.0,90.19607843137256,82.14285714285714,91.03643906827952
187.0,88.65979381443299,79.62962962962963,89.77081833453325
170.0,83.37595907928389,71.49122807017544,85.68063093069486
166.0,82.14285714285714,69.6969696969697,84.77850584218673
172.0,84.71849865951742,73.48837209302326,86.68720655912709
142.0,85.8044164037855,75.13812154696133,87.52409674470368
118.0,81.70212765957446,69.06474820143885,84.48944279081527
83.0,71.60493827160494,55.769230769230774,77.838723689017
106.0,78.84615384615384,65.07936507936508,82.49576510446074
113.0,75.82938388625593,61.06870229007634,80.48344887739205
101.0,77.93427230046949,63.84615384615384,81.8761641807776
151.0,85.06493506493507,74.01129943502825,86.95969108028763
162.0,89.84615384615384,81.56424581005587,90.74914269315506
182.0,87.5,77.77777777777779,88.84290268475013
186.0,87.1536523929471,77.23214285714286,88.56507448838784
173.0,80.88235294117648,67.90123456790124,83.87263444017626
168.0,80.89330024813896,67.91666666666667,83.8813533481295
172.0,82.68733850129199,70.48458149779736,85.17531218204007
146.0,85.80246913580247,75.13513513513513,87.52160158239658
125.0,86.05577689243027,75.52447552447552,87.72728529758969
91.0,70.93023255813954,54.95495495495496,77.42759221358443
106.0,79.6116504854369,66.12903225806451,83.02259494086601
115.0,77.35849056603774,63.07692307692307,81.49055160912869
103.0,74.2081447963801,58.992805755395686,79.43950983661507
153.0,83.91167192429022,72.28260869565217,86.0903481701389
163.0,87.68768768768768,78.07486631016043,88.99645774032908
184.0,88.10810810810811,78.74396135265701,89.32799211335487
190.0,87.84119106699751,78.31858407079646,89.11029105537864
174.0,80.3921568627451,67.21311475409836,83.5265765724423
177.0,81.51658767772511,68.8,84.32200623950084
176.0,84.77157360406092,73.568281938326,86.72415176721935
148.0,85.36585365853658,74.46808510638297,87.1860770883262
130.0,84.4621513944223,73.10344827586206,86.5127786615979
88.0,72.51461988304094,56.88073394495413,78.39347388870806
108.0,78.43137254901961,64.51612903225806,82.21414883423826
119.0,73.87387387387388,58.57142857142858,79.22782312110375
103.0,66.0,49.25373134328358,74.55901494324426
152.0,78.37837837837837,64.44444444444444,82.15829893017268
167.0,89.08554572271386,80.31914893617021,90.12259295883973
185.0,84.89583333333334,73.7556561085973,86.81984313037887
191.0,85.92592592592592,75.32467532467533,87.60533994224646
175.0,80.88235294117648,67.90123456790124,83.87263444017626
179.0,81.51658767772511,68.8,84.32200623950084
177.0,83.04668304668304,71.00840336134453,85.43521133932006
155.0,84.30232558139535,72.8643216080402,86.37819426327536
133.0,84.7328244274809,73.50993377483444,86.71501881990497
91.0,73.86363636363636,58.55855855855856,79.23338117307506
94.0,62.365591397849464,45.3125,72.58641481104593
110.0,64.42307692307693,47.5177304964539,73.68502621731434
96.0,72.82051282051282,57.25806451612904,78.57614332482432
139.0,55.08196721311476,38.009049773755656,68.8677765039025
154.0,69.33333333333334,53.06122448979592,76.41571794765143
180.0,83.56545961002786,71.77033492822966,85.82619812816952
180.0,85.47945205479452,74.64114832535886,87.26759535420281
173.0,86.85714285714286,76.76767676767676,88.33786045324507
171.0,87.32394366197182,77.5,88.70501889206534
171.0,85.71428571428571,75.0,87.44601511576758
143.0,88.65979381443299,79.62962962962963,89.7818458056834
122.0,78.36734693877551,64.42953020134227,82.16184976520789
90.0,70.23809523809523,54.12844036697248,77.01433691034538
39.0,68.96551724137932,52.63157894736842,76.28886808414168
60.0,75.2,60.256410256410255,80.09728490238773
52.0,81.35593220338984,68.57142857142857,84.26377046190325
62.0,82.08955223880598,69.62025316455697,84.7861845220642
62.0,84.21052631578947,72.72727272727273,86.34268664296597
67.0,73.2824427480916,57.831325301204814,78.8807520218121
79.0,77.57575757575758,63.366336633663366,81.64625101159541
81.0,75.15151515151514,60.19417475728155,80.05618064599122
55.0,72.22222222222221,56.52173913043478,78.23095154060482
25.0,71.42857142857143,55.55555555555556,77.757837995919
32.0,52.38095238095239,35.483870967741936,67.70205830558011
43.0,68.62745098039215,52.23880597014925,76.08749297131342
62.0,79.41176470588235,65.85365853658537,82.89889742199765
61.0,86.61417322834646,76.38888888888889,88.177485485126
63.0,88.05970149253731,78.66666666666666,89.31737068592827
72.0,83.33333333333334,71.42857142857143,85.68834330643116
80.0,84.70588235294117,73.46938775510205,86.7087478452981
87.0,83.15789473684211,71.17117117117117,85.55364754538357
72.0,80.72289156626506,67.67676767676768,83.80645344663785
72.0,73.23943661971832,57.77777777777777,78.85098289575187
42.0,74.46808510638297,59.32203389830508,79.63708443883164
44.0,58.69565217391305,41.53846153846154,70.7313436727782
46.0,78.18181818181819,64.17910447761194,82.06561590944207
65.0,80.27210884353741,67.04545454545455,83.49379497430559
74.0,82.1917808219178,69.76744186046511,84.85778111061407
70.0,87.07482993197279,77.10843373493977,88.53525933234856
85.0,83.51648351648352,71.69811320754717,85.81911648401311
83.0,83.97790055248619,72.38095238095238,86.16153407470773
92.0,83.90243902439025,72.26890756302521,86.1015130747847
84.0,82.90155440414507,70.79646017699115,85.3652933270775
85.0,78.10650887573965,64.07766990291263,82.00191617276941
47.0,76.78571428571429,62.31884057971014,81.13348926637752
59.0,62.903225806451616,45.88235294117647,72.8953021661823
50.0,77.41935483870968,63.1578947368421,81.55101886538881
67.0,82.89473684210526,70.78651685393258,85.36731705446815
75.0,87.41721854304636,77.64705882352942,88.80457112000657
75.0,88.1578947368421,78.82352941176471,89.39380386052522
88.0,85.86387434554975,75.22935779816514,87.58772956383284
90.0,81.51658767772511,68.8,84.36107007386704
99.0,81.08108108108108,68.18181818181817,84.04898120686963
94.0,77.35849056603774,63.07692307692307,81.49055160912869
87.0,74.44444444444444,59.29203539823009,79.60011776098018
62.0,71.31782945736434,55.42168674698795,77.6739393240226
87.0,61.74496644295302,44.66019417475729,72.27324490305787
74.0,80.50314465408806,67.36842105263158,83.65327981111783
73.0,86.25,75.82417582417582,87.89013489155187
80.0,86.95652173913044,76.92307692307693,88.44058288735572
79.0,88.23529411764706,78.94736842105263,89.45372452908283
87.0,86.01036269430051,75.45454545454545,87.70032285403695
96.0,85.45454545454545,74.60317460317461,87.26963969566101
109.0,80.67226890756302,67.6056338028169,83.75689038383656
88.0,79.04761904761905,65.35433070866141,82.6332470423909
84.0,75.5813953488372,60.747663551401864,80.33192480916665
58.0,72.3076923076923,56.62650602409639,78.27734565303446
83.0,60.40268456375839,43.269230769230774,71.5757695606741
73.0,79.01234567901234,65.3061224489796,82.61913721427267
76.0,86.74698795180723,76.59574468085107,88.27591800544229
82.0,86.22754491017965,75.78947368421053,87.87178458280461
84.0,87.64044943820225,78.0,88.97804303565013
89.0,85.42713567839196,74.56140350877193,87.25175443850087
100.0,84.97854077253218,73.88059701492537,86.90535232458431
109.0,81.48148148148148,68.75,84.3300691934421
93.0,77.13004484304933,62.77372262773723,81.33595294892551
86.0,78.3068783068783,64.34782608695652,82.13299651320003
77.0,76.5432098765432,62.0,80.96208644291016
92.0,66.27906976744185,49.56521739130435,74.72474640789703
87.0,80.0,66.66666666666666,83.29440962380401
78.0,84.7457627118644,73.52941176470588,86.73776031240423
87.0,86.77248677248677,76.63551401869158,88.2928039211516
83.0,85.71428571428571,75.0,87.47305120271484
102.0,84.48275862068965,73.13432835820896,86.53122025163134
105.0,84.77366255144034,73.57142857142858,86.74876822696007
114.0,83.13725490196079,71.14093959731544,85.52752991449555
95.0,78.41409691629956,64.4927536231884,82.19746192349947
88.0,77.14285714285715,62.7906976744186,81.34743986425791
78.0,68.15642458100558,51.69491525423729,75.79058842628056
101.0,70.40816326530613,54.330708661417326,77.10747818565906
89.0,82.6530612244898,70.43478260869566,85.18345578184059
88.0,86.17021276595744,75.70093457943925,87.82451659603763
88.0,87.36842105263159,77.57009345794393,88.7610912860957
95.0,87.68472906403942,78.0701754385965,89.01013114373973
106.0,85.34482758620689,74.43609022556392,87.18409739227154
110.0,86.88524590163934,76.81159420289855,88.37384183881696
117.0,83.46456692913385,71.62162162162163,85.76886952860589
98.0,80.17241379310344,66.90647482014388,83.4073136435244
98.0,78.76106194690266,64.96350364963503,82.43383519974515
96.0,71.15384615384616,55.223880597014926,77.5520624493198
109.0,71.9298245614035,56.16438356164384,78.01831187504477
49.0,71.42857142857143,55.55555555555556,77.74586458167119
60.0,74.82014388489209,59.77011494252874,79.8501440565329
65.0,78.83211678832117,65.06024096385542,82.50119106969356
73.0,82.66666666666667,70.45454545454545,85.20133187242178
71.0,82.71604938271605,70.52631578947368,85.2352188019591
79.0,75.77639751552795,61.0,80.46108949416342
88.0,77.83251231527095,63.70967741935484,81.80992584064334
89.0,76.43979057591623,61.86440677966102,80.88729589926108
76.0,77.12418300653596,62.76595744680851,81.34806043220566
48.0,72.07207207207207,56.33802816901409,78.1380981757788
93.0,60.256410256410255,43.11926605504588,71.49779257588816
55.0,76.92307692307693,62.5,81.22007540996688
66.0,78.37837837837837,64.44444444444444,82.19029756441465
71.0,84.50704225352112,73.17073170731707,86.56341677551981
76.0,84.07643312101911,72.52747252747253,86.23879114300188
86.0,84.21052631578947,72.72727272727273,86.33369385325629
84.0,77.77777777777779,63.63636363636363,81.77426876602509
95.0,79.45205479452055,65.9090909090909,82.90962541222079
89.0,74.50980392156863,59.375,79.63560379241517
79.0,73.37278106508876,57.943925233644855,78.92706498342656
75.0,72.97297297297297,57.446808510638306,78.68350161775481
103.0,55.00000000000001,37.93103448275862,68.8937068208894
67.0,75.16778523489933,60.215053763440864,80.07061546911069
71.0,80.50314465408806,67.36842105263158,83.65327981111783
78.0,83.33333333333334,71.42857142857143,85.68834330643116
84.0,83.61581920903954,71.84466019417476,85.89338913664668
90.0,83.09178743961353,71.07438016528926,85.50225296944838
87.0,81.3397129186603,68.54838709677419,84.23526439943818
99.0,82.96943231441048,70.8955223880597,85.4088242718438
94.0,76.57657657657657,62.04379562043796,80.9699922782871
93.0,74.37185929648241,59.199999999999996,79.5491038281905
71.0,75.0,60.0,79.96009258520233
110.0,62.56410256410256,45.52238805970149,72.6883615445669
72.0,73.17073170731707,57.692307692307686,78.8022556898764
71.0,79.01234567901234,65.3061224489796,82.61913721427267
81.0,86.06060606060606,75.53191489361703,87.74300564559108
87.0,84.32432432432432,72.89719626168224,86.41965485965265
93.0,80.1762114537445,66.91176470588235,83.41095872311189
96.0,83.70044052863436,71.96969696969697,85.94790832790274
100.0,79.14893617021276,65.49295774647888,82.6975600784388
98.0,76.78571428571429,62.31884057971014,81.10751372167779
89.0,74.07407407407408,58.82352941176471,79.35587201983955
100.0,76.47058823529412,61.904761904761905,80.90447484834486
107.0,67.00507614213198,50.38167938931297,75.12598238074708
83.0,78.26086956521739,64.28571428571429,82.10294017016035
81.0,86.36363636363636,76.0,87.97604790419162
84.0,86.03351955307262,75.49019607843137,87.72014744139935
89.0,80.97560975609757,68.0327868852459,83.97746584794905
95.0,82.66666666666667,70.45454545454545,85.18833735998244
100.0,81.81818181818183,69.23076923076923,84.57145227119467
109.0,80.80000000000001,67.78523489932886,83.84468934182618
99.0,78.0701754385965,64.02877697841727,81.96447533809157
95.0,73.07692307692307,57.57575757575758,78.7319905643259
91.0,73.19587628865979,57.72357723577236,78.80989758904676
113.0,61.81818181818181,44.73684210526316,72.28460210156588
85.0,80.6282722513089,67.54385964912281,83.73500293979325
84.0,88.04347826086956,78.64077669902912,89.29843007024517
86.0,87.2340425531915,77.35849056603774,88.65529031835244
99.0,84.68468468468468,73.4375,86.68480566870332
99.0,83.54430379746836,71.73913043478261,85.83062518504111
105.0,80.46875,67.3202614379085,83.61020361252963
112.0,83.59375,71.81208053691275,85.8640981485818
96.0,76.52173913043478,61.97183098591549,80.93201036598123
96.0,78.02690582959642,63.970588235294116,81.93638118267131
82.0,71.35678391959799,55.46875,77.67749444915677
105.0,67.5,50.943396226415096,75.39384603216152
97.0,79.32489451476793,65.73426573426573,82.81821309555825
88.0,82.75862068965517,70.58823529411765,85.25918192878046
89.0,83.49514563106796,71.66666666666667,85.79939442337127
98.0,82.88288288288288,70.76923076923077,85.34667911754407
104.0,80.46875,67.3202614379085,83.61020361252963
108.0,81.08108108108108,68.18181818181817,84.0419785722456
114.0,82.44274809160305,70.12987012987013,85.01899753996902
104.0,76.5432098765432,62.0,80.9430944631911
98.0,77.11864406779661,62.758620689655174,81.32540198903244
83.0,66.98113207547169,50.35460992907801,75.1074516564859
120.0,59.54692556634305,42.3963133640553,71.07336632981935
96.0,83.78378378378379,72.09302325581395,86.01057128886977
91.0,84.15841584158416,72.64957264957265,86.29284445898209
93.0,84.76190476190476,73.55371900826447,86.74491508741731
105.0,85.21739130434783,74.24242424242425,87.08726507859859
105.0,82.98755186721992,70.92198581560284,85.42005513321878
109.0,83.59375,71.81208053691275,85.8640981485818
114.0,83.20610687022901,71.24183006535948,85.57697391377907
106.0,79.2,65.56291390728477,82.72953691050881
99.0,76.47058823529412,61.904761904761905,80.89647599081562
88.0,67.2566371681416,50.66666666666667,75.25948103792415
197.0,65.93406593406593,49.18032786885246,74.46630265905465
143.0,73.22033898305085,57.75401069518716,78.79811264167364
155.0,79.33333333333333,65.74585635359117,82.81099877631213
161.0,84.17508417508418,72.67441860465115,86.2902571934766
167.0,82.11143695014663,69.65174129353234,84.76491453516653
170.0,78.06267806267806,64.01869158878505,81.93240580758223
160.0,77.86666666666666,63.75545851528385,81.79477902777984
158.0,70.89201877934272,54.90909090909091,77.33060742356095
157.0,68.66359447004609,52.28070175438596,76.00442427755678
125.0,41.156462585034014,25.910064239828696,62.609412301714364
120.0,43.57798165137615,27.859237536656888,63.684016643770235
92.0,42.2360248447205,26.77165354330709,63.20022766572235
48.0,0.0,0.0,49.86348054846938
40.0,67.79661016949152,51.28205128205128,75.60312872064907
38.0,75.0,60.0,79.98005822996849
32.0,57.6271186440678,40.476190476190474,70.21317448608663
45.0,0.0,0.0,49.84554368622449
36.0,44.70588235294118,28.78787878787879,64.34708651198872
54.0,44.44444444444444,28.57142857142857,64.15104288393462
51.0,85.18518518518519,74.19354838709677,87.08081568566888
38.0,66.66666666666666,50.0,74.97507527267652
31.0,50.0,33.33333333333333,66.60883668680745
42.0,32.432432432432435,19.35483870967742,59.62758281867732
62.0,40.802675585284284,25.630252100840334,62.63853221623879
55.0,80.95238095238095,68.0,83.97605985037406
48.0,69.56521739130434,53.333333333333336,76.63874707509041
31.0,52.083333333333336,35.2112676056338,67.55977230454168
46.0,0.0,0.0,49.95416135204081
66.0,36.57142857142857,22.377622377622377,60.967307357393565
56.0,76.38888888888889,61.79775280898876,80.86495848585749
48.0,74.28571428571429,59.09090909090909,79.51852832330324
30.0,48.69565217391305,32.18390804597701,66.03312814757972
37.0,43.83561643835616,28.07017543859649,63.95332320111062
64.0,31.44963144963145,18.658892128279884,59.05106962735833
58.0,60.73298429319372,43.609022556390975,71.72968786145898
50.0,68.70229007633588,52.32558139534884,76.12189783696947
32.0,41.29032258064516,26.01626016260163,62.91739140867797
41.0,47.31182795698925,30.985915492957744,65.44410820307256
66.0,32.83582089552239,19.642857142857142,59.552021267497224
58.0,48.9451476793249,32.402234636871505,66.08040220610086
51.0,67.1875,50.588235294117645,75.25222907067202
32.0,51.2,34.40860215053764,67.1434762507634
43.0,0.0,0.0,49.95615433673469
66.0,31.961259079903147,19.020172910662826,59.229703298276924
60.0,43.16546762589928,27.522935779816514,63.603833601457474
50.0,71.01449275362319,55.0561797752809,77.48819123023027
33.0,38.32335329341318,23.703703703703706,61.74914763998204
45.0,41.46341463414634,26.153846153846157,62.981194944818256
65.0,31.40096618357488,18.624641833810887,59.02895000034022
67.0,32.13429256594724,19.142857142857142,59.28904416942494
53.0,52.475247524752476,35.57046979865772,67.68947047980089
33.0,33.50253807106599,20.121951219512198,59.93034920128433
54.0,39.70037453183521,24.766355140186917,62.22257265817678
60.0,31.978319783197833,19.032258064516128,59.26571500109099
66.0,64.07766990291263,47.14285714285714,73.49759101405479
50.0,61.261261261261254,44.15584415584416,72.03504385208346
58.0,0.0,0.0,49.90732621173469
56.0,32.0,19.047619047619047,59.28637935621176
61.0,28.90995260663507,16.897506925207757,58.1494418792456
69.0,56.557377049180324,39.42857142857143,69.60851206988472
52.0,63.29113924050633,46.2962962962963,73.0902939407508
46.0,0.0,0.0,49.91729113520408
56.0,30.107526881720432,17.72151898734177,58.601381999656525
70.0,31.319910514541387,18.56763925729443,58.97746909178536
66.0,45.36082474226804,29.333333333333332,64.50801569879599
64.0,61.53846153846154,44.44444444444444,72.14240102171136
45.0,11.464968152866243,6.081081081081082,52.90200325507401
55.0,28.9544235924933,16.927899686520377,58.19959486939641
69.0,30.80357142857143,18.20580474934037,58.793564358025804
66.0,44.89795918367347,28.947368421052634,64.31203982816751
65.0,54.621848739495796,37.57225433526011,68.67836639654188
45.0,28.272251308900525,16.463414634146343,58.09511436407311
56.0,28.14070351758794,16.374269005847953,57.90181925950817
70.0,27.450980392156865,15.909090909090908,57.58532819513541
65.0,30.162412993039446,17.759562841530055,58.57944816060259
65.0,46.263345195729535,30.09259259259259,64.89563077375632
49.0,32.45283018867924,19.36936936936937,59.50615956151232
55.0,28.125,16.363636363636363,57.90648998262421
73.0,31.533477321814257,18.71794871794872,59.04262603651862
66.0,29.53020134228188,17.322834645669293,58.347108801581406
65.0,42.62295081967213,27.083333333333332,63.36705430610711
44.0,31.137724550898206,18.439716312056735,59.10520212412408
56.0,28.42377260981912,16.566265060240966,58.00680125181399
71.0,29.64509394572025,17.401960784313726,58.36468660910128
72.0,30.90128755364807,18.274111675126903,58.81572420735428
65.0,42.76315789473684,27.19665271966527,63.424711784190556
45.0,29.1044776119403,17.03056768558952,58.325803020248536
57.0,28.28282828282828,16.470588235294116,57.95197408572368
74.0,30.20408163265306,17.78846153846154,58.55292702886112
68.0,27.86885245901639,16.19047619047619,57.743996776486604
65.0,34.852546916890084,21.1038961038961,60.30948631699964
58.0,36.177474402730375,22.083333333333332,60.85512555779449
49.0,4.519774011299435,2.312138728323699,50.987648731139444
55.0,4.444444444444445,2.272727272727273,50.92209643020868
63.0,34.074074074074076,20.535714285714285,60.090318742697555
46.0,3.4482758620689653,1.7543859649122806,50.82138829884877
29.0,0.0,0.0,49.91928411989796
71.0,76.72955974842768,62.244897959183675,81.08553388431099
117.0,86.8421052631579,76.74418604651163,88.34213915221721
123.0,88.98305084745762,80.1526717557252,90.05037274551053
116.0,91.84549356223177,84.92063492063492,92.44134364418373
83.0,77.21518987341773,62.88659793814433,81.40738157906917
31.0,76.19047619047619,61.53846153846154,80.7542762310269
77.0,81.25,68.42105263157895,84.18059276826497
126.0,84.25531914893617,72.79411764705883,86.36011571591513
130.0,91.49797570850203,84.32835820895522,92.14320553117996
124.0,92.5,86.04651162790698,93.00527918357298
94.0,80.68181818181817,67.61904761904762,83.77559505989802
41.0,82.05128205128204,69.56521739130434,84.76864889986405
87.0,80.87431693989072,67.88990825688074,83.91002538308089
132.0,85.49019607843137,74.65753424657534,87.29181663693937
131.0,91.82879377431907,84.89208633093526,92.42506749724278
136.0,90.27237354085604,82.26950354609929,91.10978173709279
111.0,85.04672897196261,73.98373983739837,86.95992422637615
44.0,85.39325842696628,74.50980392156863,87.24193774202809
97.0,82.82828282828282,70.6896551724138,85.31089138626278
137.0,89.20863309352518,80.51948051948052,90.22977142732597
135.0,93.72693726937268,88.19444444444444,94.0802388659114
141.0,91.11111111111111,83.6734693877551,91.8127601069397
117.0,84.58149779735683,73.2824427480916,86.60627728458894
52.0,84.0,72.41379310344827,86.1909393171129
98.0,82.0,69.49152542372882,84.70983026486476
140.0,89.12280701754386,80.37974683544303,90.15890376797826
141.0,92.14285714285714,85.43046357615894,92.69325244865853
148.0,89.28571428571429,80.64516129032258,90.29261121398109
121.0,87.55364806866953,77.86259541984732,88.90234056649592
57.0,83.33333333333334,71.42857142857143,85.6963327510494
101.0,82.58706467661692,70.33898305084746,85.13455650456252
148.0,87.83783783783784,78.3132530120482,89.12065959558171
146.0,93.05555555555556,87.01298701298701,93.48651029239335
150.0,90.65743944636678,82.91139240506328,91.4287204806813
122.0,87.28813559322035,77.44360902255639,88.69184824742342
59.0,81.81818181818183,69.23076923076923,84.59543687845536
114.0,80.35714285714286,67.16417910447761,83.53816510229272
153.0,87.04318936877077,77.05882352941177,88.49044683314429
147.0,92.78350515463917,86.53846153846155,93.24824797512194
152.0,91.21621621621621,83.85093167701864,91.89948714104123
131.0,87.74703557312253,78.16901408450704,89.05354728993153
65.0,84.8,73.61111111111111,86.78660218085732
110.0,82.56880733944955,70.3125,85.11831524777382
152.0,85.43046357615894,74.56647398843931,87.23927831537776
157.0,92.76315789473685,86.50306748466258,93.22954913155883
156.0,93.77049180327869,88.27160493827161,94.11681500086486
136.0,86.79245283018868,76.66666666666667,88.29837598130281
71.0,83.21167883211679,71.25,85.60205461002813
81.0,80.45977011494253,67.3076923076923,83.61991808135983
131.0,83.66533864541833,71.91780821917808,85.91796224703387
128.0,90.2439024390244,82.22222222222221,91.08714227060378
119.0,92.5,86.04651162790698,93.00527918357298
97.0,81.95121951219512,69.42148760330579,84.67381175661576
229.0,33.691756272401435,20.25862068965517,59.944786416562515
80.0,79.06976744186046,65.38461538461539,82.65638528470811
134.0,87.21804511278195,77.33333333333333,88.63270741776535
129.0,93.07692307692308,87.05035971223022,93.50719963435904
131.0,92.43027888446214,85.92592592592592,92.94398573563576
109.0,80.8695652173913,67.88321167883211,83.8976787583706
235.0,36.86006825938566,22.594142259414227,61.11252143097202
82.0,82.48587570621469,70.1923076923077,85.06521757487269
139.0,88.48920863309353,79.35483870967742,89.64545323892159
129.0,92.77566539923954,86.52482269503547,93.24343184538004
138.0,92.88389513108615,86.7132867132867,93.33766309611431
115.0,84.64730290456431,73.38129496402878,86.65370216108937
235.0,41.44736842105263,26.141078838174277,62.89294079198439
89.0,80.82901554404145,67.82608695652173,83.87611585639971
142.0,88.88888888888889,80.0,89.96803069053709
137.0,91.36690647482014,84.10596026490066,92.0290036294233
149.0,91.98606271777004,85.16129032258064,92.55766538349478
130.0,86.25954198473282,75.83892617449665,87.88350839016665
238.0,35.172413793103445,21.338912133891213,60.48192489487578
91.0,82.4742268041237,70.17543859649122,85.0537844531482
148.0,90.54054054054053,82.71604938271605,91.3300481916178
146.0,89.96539792387543,81.76100628930818,90.85152980013105
151.0,92.09621993127148,85.35031847133759,92.65217853945362
128.0,87.6923076923077,78.08219178082192,89.0091355212687
197.0,33.61344537815126,20.2020202020202,59.94343869523381
101.0,80.3921568627451,67.21311475409836,83.56663243593847
152.0,89.40397350993378,80.83832335329342,90.38718789514753
151.0,90.9090909090909,83.33333333333334,91.63968878852674
156.0,92.97658862876254,86.875,93.41651552850891
184.0,78.88198757763976,65.12820512820512,82.49616913885932
224.0,35.76642335766424,21.777777777777775,60.7133347962841
107.0,79.26267281105991,65.64885496183206,82.779508335378
152.0,88.52459016393442,79.41176470588235,89.67091102942646
157.0,91.85667752442997,84.93975903614458,92.44489700583087
160.0,93.54838709677419,87.87878787878788,93.9194063317107
198.0,76.33136094674556,61.72248803827751,80.78131914851714
232.0,31.88405797101449,18.96551724137931,59.29525363385489
106.0,77.35849056603774,63.07692307692307,81.49055160912869
153.0,89.8360655737705,81.54761904761905,90.74283368496383
159.0,91.55844155844156,84.4311377245509,92.18958704954436
163.0,91.96141479099678,85.11904761904762,92.53454029864099
198.0,77.55102040816327,63.33333333333333,81.5897328297664
232.0,38.48797250859107,23.829787234042556,61.73632218844985
113.0,0.0,0.0,49.7737962372449
171.0,36.36363636363637,22.22222222222222,60.90159718342334
198.0,68.58974358974359,52.19512195121951,75.99969602923575
236.0,58.25825825825825,41.10169491525424,70.41206673117492
223.0,27.368421052631582,15.853658536585366,57.72039489846601
239.0,0.0,0.0,49.63628029336735
74.0,71.32867132867133,55.434782608695656,77.67649354873684
98.0,77.720207253886,63.559322033898304,81.73674770184566
92.0,82.6086956521739,70.37037037037037,85.15324905744069
79.0,81.81818181818183,69.23076923076923,84.58744775269429
67.0,73.13432835820896,57.647058823529406,78.78762062009554
41.0,70.27027027027027,54.166666666666664,77.06139913592556
41.0,53.125,36.17021276595745,68.0552014805684
75.0,60.810810810810814,43.689320388349515,71.78681175707995
98.0,68.20276497695853,51.74825174825175,75.80526634756006
97.0,86.95652173913044,76.92307692307693,88.43458482179882
77.0,83.11688311688312,71.11111111111111,85.52961366538953
82.0,77.21518987341773,62.88659793814433,81.40738157906917
60.0,63.26530612244898,46.26865671641791,73.09843245632442
58.0,39.130434782608695,24.324324324324326,62.106338564730045
78.0,72.8395061728395,57.28155339805825,78.59687941866518
97.0,57.692307692307686,40.54054054054054,70.1824739577154
97.0,74.8936170212766,59.863945578231295,79.87307644667834
80.0,77.10843373493977,62.745098039215684,81.33463394936518
84.0,74.68354430379746,59.59595959595959,79.75807317946712
80.0,54.09836065573771,37.07865168539326,68.48348554594534
65.0,27.82608695652174,16.161616161616163,57.998072833599146
74.0,37.410071942446045,23.008849557522122,61.41768499810304
84.0,47.85276073619632,31.451612903225808,65.64103871521064
101.0,50.476190476190474,33.75796178343949,66.77523610389778
93.0,65.1685393258427,48.333333333333336,74.1048126421645
80.0,59.57446808510638,42.42424242424242,71.15527356381867
75.0,0.0,0.0,49.90533322704081
68.0,0.0,0.0,49.91031568877551
78.0,23.88059701492537,13.559322033898304,56.67798637580083
81.0,34.96503496503497,21.1864406779661,60.50050035333969
99.0,35.55555555555556,21.62162162162162,60.695143931423445
95.0,44.303797468354425,28.455284552845526,64.13988973857948
84.0,30.64516129032258,18.095238095238095,58.96188824234759
72.0,0.0,0.0,49.90732621173469
84.0,0.0,0.0,49.859494579081634
66.0,21.53846153846154,12.068965517241379,55.93281217132353
82.0,31.506849315068493,18.69918699186992,59.24989856243148
86.0,42.5287356321839,27.00729927007299,63.403926864339034
95.0,57.14285714285714,40.0,69.93417378121758
84.0,18.01801801801802,9.900990099009901,54.859796169785625
79.0,0.0,0.0,49.90533322704081
74.0,0.0,0.0,49.8714524872449
76.0,20.606060606060606,11.486486486486488,55.61265850271811
78.0,31.944444444444443,19.00826446280992,59.40643119657155
67.0,35.2112676056338,21.367521367521366,60.592037687210265
64.0,0.0,0.0,49.90732621173469
86.0,0.0,0.0,49.908322704081634
77.0,0.0,0.0,49.891382334183675
86.0,0.0,0.0,49.82760682397959
79.0,13.533834586466165,7.258064516129033,53.514415079441115
82.0,32.16783216783217,19.166666666666668,59.48662924783497
49.0,46.400000000000006,30.208333333333332,65.0373630692431
78.0,0.0,0.0,49.891382334183675
83.0,0.0,0.0,49.89536830357143
81.0,0.0,0.0,49.85152264030612
84.0,0.0,0.0,49.837571747448976
76.0,64.55696202531645,47.66355140186916,73.7759153518074
93.0,80.64516129032258,67.56756756756756,83.74785635718551
99.0,79.7872340425532,66.3716814159292,83.14791731322198
75.0,75.71428571428571,60.91954022988506,80.42585354969304
66.0,71.66666666666667,55.84415584415584,77.88816812214574
54.0,61.53846153846154,44.44444444444444,72.18732551647125
52.0,44.44444444444444,28.57142857142857,64.24584187742082
80.0,54.02298850574713,37.00787401574803,68.42414287673236
101.0,76.75675675675676,62.28070175438597,81.09744098796037
100.0,85.29411764705883,74.35897435897436,87.14954048460407
78.0,78.98089171974523,65.26315789473685,82.59865401621146
79.0,70.07299270072993,53.93258426966292,76.92539682681996
65.0,55.10204081632652,38.028169014084504,68.9702152374656
52.0,34.66666666666667,20.967741935483872,60.43503018868167
77.0,64.73988439306359,47.863247863247864,73.87076998110518
100.0,63.589743589743584,46.616541353383454,73.23743218844493
101.0,80.9090909090909,67.93893129770993,83.92753860191664
86.0,80.4733727810651,67.32673267326733,83.63043746300072
81.0,74.64788732394366,59.55056179775281,79.73936924155342
78.0,40.38461538461539,25.301204819277107,62.588794015659886
55.0,12.82051282051282,6.8493150684931505,53.356889301602216
75.0,49.21465968586388,32.63888888888889,66.22269406043519
90.0,52.52525252525253,35.61643835616438,67.71445172137483
109.0,67.98029556650246,51.49253731343284,75.68140745967808
91.0,76.36363636363637,61.76470588235294,80.84344088242923
81.0,64.7887323943662,47.91666666666667,73.90846299620986
81.0,11.363636363636363,6.024096385542169,52.93431404356138
88.0,0.0,0.0,49.90234375
78.0,10.95890410958904,5.797101449275362,52.768986061904464
84.0,46.835443037974684,30.57851239669421,65.20548907096125
110.0,29.81366459627329,17.51824817518248,58.64646656645549
98.0,50.34013605442177,33.63636363636363,66.74538419557268
83.0,31.48148148148148,18.681318681318682,59.26689391471385
90.0,0.0,0.0,49.898357780612244
91.0,0.0,0.0,49.88341039540816
75.0,10.666666666666668,5.633802816901409,52.6833501407103
86.0,42.2360248447205,26.77165354330709,63.293090143677
108.0,35.83815028901734,21.830985915492956,60.80481392693583
102.0,35.294117647058826,21.428571428571427,60.626552423489734
81.0,17.475728155339805,9.574468085106384,54.70251699748373
93.0,0.0,0.0,49.90732621173469
96.0,0.0,0.0,49.886399872448976
77.0,18.994413407821227,10.493827160493826,55.10237321859696
88.0,34.355828220858896,20.74074074074074,60.263686155645956
109.0,30.939226519337016,18.30065359477124,59.025695705417846
99.0,24.705882352941178,14.093959731543624,56.91937543949327
82.0,17.142857142857142,9.375,54.6007896126936
93.0,0.0,0.0,49.89935427295919
94.0,0.0,0.0,49.867466517857146
81.0,9.523809523809524,5.0,52.36744802567323
89.0,34.394904458598724,20.76923076923077,60.28192141265184
109.0,23.83419689119171,13.529411764705882,56.61815433010283
104.0,11.560693641618498,6.134969325153374,52.9149909417299
88.0,3.669724770642202,1.8691588785046727,50.82994357207012
101.0,0.0,0.0,49.864477040816325
98.0,0.0,0.0,49.886399872448976
79.0,0.0,0.0,49.896364795918366
93.0,0.0,0.0,49.87244897959184
110.0,0.0,0.0,49.83856823979592
100.0,0.0,0.0,49.83458227040816
86.0,0.0,0.0,49.83856823979592
91.0,0.0,0.0,49.842554209183675
82.0,0.0,0.0,49.8405612244898
24.0,0.0,0.0,49.93223852040816
30.0,0.0,0.0,49.908322704081634
33.0,30.303030303030305,17.857142857142858,58.85979289544808
37.0,47.863247863247864,31.46067415730337,65.66951710577142
42.0,66.0377358490566,49.29577464788733,74.61198855846231
47.0,75.86206896551724,61.111111111111114,80.52762928092059
74.0,88.0,78.57142857142857,89.26775379878553
82.0,81.76795580110497,69.1588785046729,84.54650643528323
93.0,81.63265306122449,68.96551724137932,84.44682760823356
98.0,82.05128205128204,69.56521739130434,84.74767576687543
78.0,65.89595375722543,49.137931034482754,74.51010560383529
54.0,62.01550387596899,44.9438202247191,72.42304303082133
44.0,62.5,45.45454545454545,72.69736305448454
44.0,77.5,63.26530612244898,81.61470511028223
30.0,21.62162162162162,12.121212121212121,56.03170547860814
26.0,0.0,0.0,49.93921396683674
39.0,0.0,0.0,49.89437181122449
33.0,17.582417582417584,9.63855421686747,54.74452826454919
38.0,31.775700934579437,18.88888888888889,59.3716758485793
48.0,58.82352941176471,41.66666666666667,70.7774852401468
73.0,81.33333333333333,68.53932584269663,84.24172717356822
79.0,78.2122905027933,64.22018348623854,82.07117424820848
95.0,74.4186046511628,59.25925925925925,79.58572796934867
108.0,77.61194029850746,63.41463414634146,81.66240510063689
107.0,71.81818181818181,56.02836879432624,77.95230444427173
79.0,62.14689265536724,45.08196721311475,72.47414535512584
56.0,58.333333333333336,41.17647058823529,70.5283956643255
53.0,65.95744680851064,49.2063492063492,74.5712671348328
49.0,77.77777777777779,63.63636363636363,81.79823805958108
41.0,0.0,0.0,49.95914381377551
27.0,0.0,0.0,49.94220344387755
40.0,0.0,0.0,49.90433673469388
36.0,34.883720930232556,21.12676056338028,60.50756002292337
47.0,58.139534883720934,40.98360655737705,70.4559116713427
52.0,65.51724137931035,48.717948717948715,74.31908445510904
77.0,80.79470198675497,67.77777777777779,83.85995543583093
83.0,47.76119402985074,31.372549019607842,65.61647553086327
101.0,44.29530201342282,28.448275862068968,64.14137463406382
117.0,58.620689655172406,41.46341463414634,70.65988686819537
106.0,73.40425531914893,57.98319327731093,78.94170341016445
67.0,61.19402985074627,44.086021505376344,71.99115077462893
61.0,75.40983606557377,60.526315789473685,80.23323569246276
61.0,69.90291262135922,53.73134328358209,76.83475819942967
50.0,78.26086956521739,64.28571428571429,82.12291298649497
39.0,63.888888888888886,46.93877551020408,73.44346707239113
31.0,6.349206349206349,3.278688524590164,51.58054887025937
41.0,1.9047619047619049,0.9615384615384616,50.378128473419956
39.0,42.42424242424242,26.923076923076923,63.4047146154613
43.0,67.36842105263158,50.79365079365079,75.36591442043739
56.0,73.77049180327869,58.44155844155844,79.18886284169243
78.0,83.9506172839506,72.3404255319149,86.14426880491331
89.0,63.87434554973822,46.92307692307692,73.39269679736606
109.0,20.74074074074074,11.570247933884298,55.6784695273265
123.0,50.28571428571429,33.587786259541986,66.70712220501235
110.0,49.162011173184354,32.592592592592595,66.20553590373265
73.0,53.79310344827586,36.79245283018868,68.32940949345961
66.0,71.21212121212122,55.294117647058826,77.60915661123713
62.0,71.02803738317756,55.072463768115945,77.50531720856235
50.0,80.0,66.66666666666666,83.3143856289973
40.0,0.0,0.0,49.96014030612245
40.0,27.160493827160494,15.714285714285714,57.798336916746166
45.0,0.0,0.0,49.89237882653062
41.0,62.857142857142854,45.83333333333333,72.89074650077761
48.0,65.3061224489796,48.484848484848484,74.2085218812245
58.0,77.04918032786885,62.66666666666667,81.30540538743377
80.0,81.48148148148148,68.75,84.34506585511873
88.0,46.783625730994146,30.53435114503817,65.17642242109098
113.0,29.931972789115648,17.599999999999998,58.69731626590102
130.0,48.61878453038674,32.11678832116788,65.9656390341178
121.0,58.5635359116022,41.40625,70.62830904724377
77.0,65.71428571428571,48.93617021276596,74.42020958274443
63.0,75.0,60.0,79.9680817108203
66.0,74.13793103448276,58.9041095890411,79.42213438281568
55.0,79.62962962962963,66.15384615384615,83.05498144167285
41.0,59.154929577464785,42.0,70.97108962217126
46.0,2.5,1.2658227848101267,50.55518344023765
50.0,0.0,0.0,49.888392857142854
52.0,52.77777777777778,35.84905660377358,67.89063472770971
51.0,54.761904761904766,37.704918032786885,68.81457494166212
58.0,73.68421052631578,58.333333333333336,79.1367468517706
82.0,73.93939393939394,58.65384615384615,79.28402174997507
91.0,27.142857142857142,15.702479338842975,57.74955894689023
113.0,25.97402597402597,14.925373134328357,57.349041140894144
128.0,42.93785310734463,27.33812949640288,63.568342740941475
121.0,49.46236559139785,32.857142857142854,66.33481519477928
86.0,64.42953020134227,47.524752475247524,73.70951157116988
72.0,69.23076923076923,52.94117647058824,76.43069276143562
68.0,72.58064516129032,56.9620253164557,78.44710150544813
58.0,89.25619834710744,80.59701492537313,90.28553910547816
47.0,71.57894736842105,55.73770491803278,77.8419289218619
49.0,0.0,0.0,49.90035076530612
48.0,0.0,0.0,49.90035076530612
54.0,59.74025974025974,42.592592592592595,71.26539086691022
51.0,69.47368421052632,53.2258064516129,76.58398592927453
63.0,69.17293233082707,52.87356321839081,76.39588793275416
82.0,69.06474820143885,52.74725274725275,76.33073617254115
92.0,23.776223776223777,13.492063492063492,56.63737726727419
118.0,20.77922077922078,11.594202898550725,55.67549060398031
131.0,46.994535519125684,30.714285714285715,65.26040019263047
122.0,49.504950495049506,32.89473684210527,66.34562481494004
87.0,65.78947368421053,49.01960784313725,74.4579346321779
72.0,67.13286713286713,50.526315789473685,75.21627790750416
72.0,71.32867132867133,55.434782608695656,77.67649354873684
57.0,83.60655737704919,71.83098591549296,85.8955428330582
47.0,68.68686868686868,52.307692307692314,76.12293394452064
50.0,0.0,0.0,49.91031568877551
54.0,0.0,0.0,49.87643494897959
58.0,38.63636363636363,23.943661971830984,61.918002161576894
53.0,50.0,33.33333333333333,66.62878561317463
61.0,50.39370078740157,33.68421052631579,66.7792861821113
84.0,49.29577464788733,32.71028037383177,66.2833426559532
94.0,0.0,0.0,49.888392857142854
117.0,29.166666666666668,17.073170731707318,58.434900588662956
128.0,40.43715846994536,25.34246575342466,62.5625350566521
131.0,36.86635944700461,22.598870056497177,61.16280665741725
91.0,60.130718954248366,42.99065420560748,71.4344852915131
81.0,63.888888888888886,46.93877551020408,73.41752260449363
74.0,73.88535031847134,58.58585858585859,79.25202582511334
61.0,85.71428571428571,75.0,87.48104511263193
51.0,68.57142857142857,52.17391304347826,76.05404866374153
45.0,35.064935064935064,21.25984251968504,60.53021837444101
48.0,23.25581395348837,13.157894736842104,56.48026512524409
45.0,40.98360655737705,25.773195876288657,62.81481472345269
38.0,37.3134328358209,22.93577981651376,61.38414282444998
44.0,71.02803738317756,55.072463768115945,77.50531720856235
67.0,79.13669064748201,65.47619047619048,82.70916524866965
77.0,76.57142857142857,62.03703703703704,80.97760770409397
90.0,76.55502392344498,62.01550387596899,80.95884583769704
101.0,80.38277511961722,67.2,83.55907530144535
96.0,75.96153846153845,61.240310077519375,80.57025185094405
75.0,69.36416184971098,53.09734513274337,76.49579524176477
69.0,77.03703703703704,62.65060240963856,81.29437789462854
53.0,78.43137254901961,64.51612903225806,82.23612419380575
47.0,83.87096774193549,72.22222222222221,86.09615209880484
44.0,0.0,0.0,49.95615433673469
47.0,41.32231404958678,26.041666666666668,62.95004710773464
51.0,18.0327868852459,9.90990990990991,54.85528386953684
49.0,51.37614678899083,34.5679012345679,67.23110703428961
40.0,47.76119402985074,31.372549019607842,65.61647553086327
49.0,65.67164179104478,48.888888888888886,74.398565564687
76.0,81.3953488372093,68.62745098039215,84.28179318667954
87.0,67.55555555555556,51.006711409395976,75.43050141328082
98.0,71.77033492822966,55.970149253731336,77.9261935666074
111.0,80.19323671497585,66.93548387096774,83.4268180539036
109.0,79.41176470588235,65.85365853658537,82.88490891696021
81.0,74.39024390243902,59.22330097087378,79.56974686376674
66.0,73.52941176470588,58.139534883720934,79.03385793382073
61.0,72.07207207207207,56.33802816901409,78.1380981757788
50.0,83.63636363636363,71.875,85.91954667863556
46.0,0.0,0.0,49.95416135204081
52.0,43.90243902439025,28.125,63.99370500907297
50.0,17.77777777777778,9.75609756097561,54.76741167020952
48.0,35.714285714285715,21.73913043478261,60.797789158694435
47.0,53.78151260504202,36.7816091954023,68.33596254281922
51.0,70.1492537313433,54.02298850574713,76.97159718730273
79.0,73.51351351351352,58.119658119658126,79.01093467170742
87.0,57.99999999999999,40.845070422535215,70.33873298452272
106.0,70.6896551724138,54.666666666666664,77.26546093344513
113.0,70.31963470319634,54.22535211267606,77.04780450201558
106.0,74.22680412371135,59.01639344262295,79.45830050544049
78.0,71.42857142857143,55.55555555555556,77.73388400071826
72.0,77.61194029850746,63.41463414634146,81.67739128911519
64.0,78.99159663865547,65.27777777777779,82.61395322290713
52.0,80.73394495412845,67.6923076923077,83.82520914017762
42.0,53.52112676056338,36.53846153846153,68.23633406488241
49.0,64.93506493506493,48.07692307692308,74.01154283295219
49.0,0.0,0.0,49.87045599489796
49.0,45.16129032258064,29.166666666666668,64.53249094473797
44.0,61.6822429906542,44.5945945945946,72.25641422289011
52.0,77.27272727272727,62.96296296296296,81.45155629444906
79.0,70.29702970297029,54.19847328244275,77.03936237717586
91.0,57.674418604651166,40.52287581699346,70.17064491651844
114.0,60.44444444444444,43.31210191082803,71.56724278107059
115.0,68.16143497757847,51.70068027210885,75.77948185262129
112.0,63.8095238095238,46.85314685314685,73.35073874617669
78.0,66.66666666666666,50.0,74.95012568327815
69.0,77.94117647058823,63.85542168674698,81.897784462271
73.0,72.58064516129032,56.9620253164557,78.44710150544813
53.0,81.08108108108108,68.18181818181817,84.06996396713338
43.0,13.043478260869565,6.976744186046512,53.44851001581041
52.0,79.56989247311827,66.07142857142857,83.01676695928177
49.0,4.545454545454546,2.3255813953488373,51.03722515445396
50.0,62.16216216216216,45.09803921568628,72.52110502646217
47.0,64.64646464646465,47.76119402985074,73.84569752545505
52.0,72.99270072992701,57.47126436781609,78.69872518953387
80.0,65.09433962264151,48.25174825174825,74.05203214770741
90.0,52.88461538461539,35.947712418300654,67.87609279660867
114.0,59.591836734693885,42.44186046511628,71.1221337533054
124.0,63.47826086956522,46.496815286624205,73.16458032758251
116.0,59.61538461538461,42.465753424657535,71.1490677966565
87.0,59.74025974025974,42.592592592592595,71.23445707826318
71.0,75.55555555555556,60.71428571428571,80.32422515140719
76.0,71.64179104477611,55.81395348837209,77.86907377578515
58.0,81.9672131147541,69.44444444444444,84.7002775228646
45.0,42.42424242424242,26.923076923076923,63.42366118391796
54.0,69.04761904761905,52.72727272727272,76.33771257956154
51.0,1.4184397163120568,0.7142857142857143,50.21862766033169
54.0,54.11764705882353,37.096774193548384,68.50950607270784
53.0,41.904761904761905,26.506024096385545,63.19219935129921
53.0,65.77181208053692,49.0,74.44912921180202
81.0,60.17699115044248,43.037974683544306,71.42918132277319
94.0,51.61290322580645,34.78260869565217,67.28655574447413
114.0,58.51851851851851,41.361256544502616,70.56884513154428
124.0,62.698412698412696,45.664739884393065,72.73855194910314
119.0,47.66355140186916,31.28834355828221,65.53245108088674
97.0,60.43956043956044,43.30708661417323,71.58171712644376
75.0,71.11111111111111,55.172413793103445,77.54730648161396
80.0,68.11594202898551,51.64835164835166,75.78028905204792
58.0,81.25,68.42105263157895,84.18658568854505
46.0,51.48514851485149,34.66666666666667,67.28447989365239
53.0,72.94117647058823,57.407407407407405,78.68077021083303
53.0,8.333333333333332,4.3478260869565215,52.04236032272881
55.0,55.26315789473685,38.18181818181819,69.05701416517886
52.0,64.76190476190476,47.88732394366197,73.90676675424892
59.0,71.52317880794702,55.670103092783506,77.79215621101008
82.0,61.53846153846154,44.44444444444444,72.13740542650098
95.0,50.69124423963134,33.95061728395062,66.8685669568533
117.0,43.75,28.000000000000004,63.87431922915794
129.0,65.06024096385542,48.214285714285715,74.02030784366845
128.0,49.760765550239235,33.12101910828025,66.45576930994574
96.0,56.71641791044776,39.58333333333333,69.70487323503394
75.0,69.17293233082707,52.87356321839081,76.39588793275416
79.0,67.64705882352942,51.11111111111111,75.51166965888689
59.0,82.25806451612904,69.86301369863014,84.90956171215795
47.0,55.81395348837209,38.70967741935484,69.31695387956097
56.0,80.8080808080808,67.79661016949152,83.87935662455747
54.0,1.3793103448275863,0.6944444444444444,50.20472097658196
55.0,65.11627906976744,48.275862068965516,74.10801957241048
52.0,64.34782608695652,47.43589743589743,73.67706238196277
59.0,66.66666666666666,50.0,74.94713006005227
81.0,59.45945945945946,42.30769230769231,71.06404371920237
94.0,49.30232558139535,32.71604938271605,66.24929217335232
116.0,55.51020408163265,38.4180790960452,69.1002744805683
133.0,62.903225806451616,45.88235294117647,72.84935643785239
128.0,47.12041884816754,30.82191780821918,65.31022283261689
102.0,53.535353535353536,36.55172413793103,68.18408783358456
76.0,73.97260273972603,58.69565217391305,79.3099185812704
81.0,77.63157894736842,63.44086021505376,81.6865094817911
61.0,84.44444444444444,73.07692307692307,86.51751139979157
62.0,65.04065040650406,48.19277108433735,74.05350218490044
51.0,62.16216216216216,45.09803921568628,72.52110502646217
53.0,20.8,11.607142857142858,55.704893119857836
51.0,23.636363636363637,13.402061855670103,56.61730387801745
53.0,28.965517241379313,16.93548387096774,58.365060248712865
60.0,40.86021505376344,25.675675675675674,62.72814060220817
71.0,58.58585858585859,41.42857142857143,70.6324787786538
86.0,63.0,45.98540145985402,72.91886759281687
101.0,59.03083700440529,41.875,70.84470229898821
116.0,67.64705882352942,51.11111111111111,75.46770314760091
110.0,40.78431372549019,25.615763546798032,62.65725532698612
99.0,0.0,0.0,49.80169802295919
83.0,0.0,0.0,49.854512117346935
79.0,9.876543209876543,5.194805194805195,52.45189151464068
60.0,36.231884057971016,22.123893805309734,60.9742118624762
60.0,26.01626016260163,14.953271028037381,57.38592578515107
46.0,72.28915662650603,56.60377358490566,78.27895375691661
69.0,81.48148148148148,68.75,84.35006035394346
93.0,86.69950738916256,76.52173913043478,88.23391700172914
104.0,86.7579908675799,76.61290322580645,88.27749851691871
104.0,88.98678414096916,80.15873015873017,90.05440252319933
86.0,90.32258064516128,82.35294117647058,91.15850364740642
58.0,81.73913043478261,69.11764705882352,84.53787756998707
29.0,62.5,45.45454545454545,72.70933050124056
18.0,33.33333333333333,20.0,59.9800681668693
7.0,0.0,0.0,49.9641262755102
87.0,70.4225352112676,54.347826086956516,77.1320186174319
81.0,86.20689655172413,75.75757575757575,87.85483626105571
108.0,89.08296943231441,80.31496062992126,90.13251726028156
116.0,89.45147679324894,80.91603053435115,90.43305021824408
109.0,86.79245283018868,76.66666666666667,88.30538029443869
92.0,90.7103825136612,83.0,91.48303156129597
65.0,70.37037037037037,54.285714285714285,77.11094521976487
29.0,37.5,23.076923076923077,61.50856140490761
19.0,0.0,0.0,49.972098214285715
8.0,0.0,0.0,49.99202806122449
92.0,74.07407407407408,58.82352941176471,79.3698619203448
108.0,84.7926267281106,73.6,86.767055347017
121.0,86.53061224489797,76.2589928057554,88.09654253828812
121.0,89.41176470588236,80.85106382978722,90.39856535342983
108.0,90.04329004329004,81.88976377952756,90.92191496213957
98.0,90.35532994923858,82.4074074074074,91.18473670627922
74.0,72.44094488188976,56.79012345679012,78.36015249240862
33.0,53.84615384615385,36.84210526315789,68.3971301404502
18.0,35.714285714285715,21.73913043478261,60.85162656757368
8.0,0.0,0.0,49.99202806122449
97.0,69.18238993710692,52.88461538461539,76.39342598603687
112.0,80.9090909090909,67.93893129770993,83.92753860191664
123.0,88.18897637795276,78.87323943661971,89.4066580692207
124.0,89.49416342412452,80.98591549295774,90.46599064634104
119.0,82.09606986899564,69.62962962962963,84.77388194472178
104.0,88.46153846153845,79.3103448275862,89.63121266616912
75.0,75.38461538461539,60.49382716049383,80.21499465431877
30.0,54.90196078431373,37.83783783783784,68.89599319825388
19.0,0.0,0.0,49.98106664540816
8.0,0.0,0.0,49.99202806122449
100.0,70.85714285714285,54.86725663716814,77.38274433406876
124.0,82.35294117647058,70.0,84.95806541794799
127.0,89.23076923076924,80.55555555555556,90.2498113375061
125.0,91.11969111969111,83.68794326241135,91.82099828029273
119.0,89.95983935742971,81.75182481751825,90.85094436785148
102.0,88.03827751196172,78.63247863247864,89.29128124579766
79.0,80.27210884353741,67.04545454545455,83.49379497430559
35.0,64.51612903225806,47.61904761904761,73.7875922360331
20.0,38.70967741935484,24.0,61.98106438110425
9.0,0.0,0.0,49.99103156887755
99.0,73.44632768361582,58.03571428571429,78.97096125173545
122.0,84.38818565400844,72.99270072992701,86.45940651960844
129.0,88.8030888030888,79.86111111111111,89.90159089244456
126.0,88.30188679245283,79.05405405405406,89.49606356391351
126.0,87.84313725490196,78.32167832167832,89.1298787901137
106.0,85.30805687203792,74.3801652892562,87.15913587307517
82.0,77.02702702702703,62.637362637362635,81.28476204654899
38.0,51.94805194805194,35.08771929824561,67.50697473007025
20.0,47.05882352941176,30.76923076923077,65.3666756620831
14.0,0.0,0.0,49.986049107142854
98.0,69.18238993710692,52.88461538461539,76.39342598603687
126.0,81.70212765957446,69.06474820143885,84.48944279081527
129.0,86.74698795180723,76.59574468085107,88.26491715947162
130.0,90.34749034749035,82.3943661971831,91.17221256382257
125.0,85.94377510040161,75.35211267605634,87.64110457146602
113.0,88.78923766816143,79.83870967741935,89.89439327951084
88.0,85.88235294117646,75.25773195876289,87.60491531774441
37.0,64.61538461538461,47.72727272727273,73.84070744328943
19.0,55.00000000000001,37.93103448275862,68.94757644600405
14.0,0.0,0.0,49.986049107142854
107.0,72.25130890052355,56.557377049180324,78.22580170238966
127.0,82.39999999999999,70.06802721088435,84.9900777517885
131.0,88.88888888888889,80.0,89.9700335624101
129.0,90.29850746268657,82.31292517006803,91.13049115360859
124.0,86.71875,76.55172413793103,88.24190621158013
113.0,88.98678414096916,80.15873015873017,90.05440252319933
89.0,88.0,78.57142857142857,89.26475578354858
41.0,68.29268292682927,51.85185185185185,75.90000265879662
22.0,57.14285714285714,40.0,69.97607655502392
13.0,14.285714285714285,7.6923076923076925,53.83419569966655
76.0,76.69172932330827,62.19512195121951,81.06663828234292
75.0,84.61538461538461,73.33333333333333,86.64271935076165
97.0,87.92270531400966,78.44827586206897,89.1991803589071
100.0,86.72566371681415,76.5625,88.25129672710572
101.0,88.78923766816143,79.83870967741935,89.89439327951084
87.0,88.77005347593582,79.8076923076923,89.88288514132944
63.0,80.34188034188034,67.14285714285714,83.54848775872534
31.0,62.745098039215684,45.714285714285715,72.83820346320347
23.0,0.0,0.0,49.97708067602041
9.0,0.0,0.0,49.98505261479592
89.0,78.26086956521739,64.28571428571429,82.10793606449425
90.0,86.01036269430051,75.45454545454545,87.70032285403695
104.0,86.34361233480176,75.96899224806202,87.9535444087069
108.0,86.53061224489797,76.2589928057554,88.09654253828812
105.0,88.20960698689956,78.90625,89.42616543934099
95.0,84.65608465608466,73.39449541284404,86.66830327972129
63.0,72.22222222222221,56.52173913043478,78.23095154060482
33.0,50.0,33.33333333333333,66.6427451293092
22.0,0.0,0.0,49.97807716836735
8.0,0.0,0.0,49.99202806122449
90.0,80.68181818181817,67.61904761904762,83.77559505989802
100.0,85.57692307692307,74.78991596638656,87.36501009252305
114.0,87.02928870292888,77.03703703703704,88.48756309432935
115.0,87.84313725490196,78.32167832167832,89.1298787901137
108.0,87.39495798319328,77.61194029850746,88.77601328713519
100.0,86.53846153846155,76.27118644067797,88.10764129764601
72.0,72.72727272727273,57.14285714285714,78.53851546203737
33.0,65.45454545454545,48.64864864864865,74.30538417519557
22.0,45.16129032258064,29.166666666666668,64.56639059977277
9.0,0.0,0.0,49.99103156887755
105.0,78.75647668393782,64.95726495726495,82.43771431495983
119.0,82.5531914893617,70.28985507246377,85.10399221404094
118.0,87.8048780487805,78.26086956521739,89.10047552719607
118.0,89.14728682170544,80.41958041958041,90.18182432816579
111.0,87.8048780487805,78.26086956521739,89.10047552719607
102.0,87.5,77.77777777777779,88.86293301387641
76.0,68.8,52.4390243902439,76.18061565990563
36.0,67.79661016949152,51.28205128205128,75.6220847366473
20.0,44.44444444444444,28.57142857142857,64.27076511290184
10.0,0.0,0.0,49.97807716836735
112.0,79.20792079207921,65.57377049180327,82.74496573136953
125.0,84.64730290456431,73.38129496402878,86.65370216108937
121.0,88.70967741935483,79.71014492753623,89.82710937504524
120.0,90.625,82.85714285714286,91.40460019405285
119.0,90.47619047619048,82.6086956521739,91.28037754923027
109.0,89.59276018099548,81.14754098360656,90.55080585734035
82.0,73.38129496402878,57.95454545454546,78.94036499659941
36.0,72.46376811594203,56.81818181818182,78.39014811632507
21.0,52.94117647058824,36.0,67.98405326210457
10.0,0.0,0.0,49.989038584183675
110.0,81.15942028985508,68.29268292682927,84.10741309161874
125.0,84.89795918367346,73.75886524822694,86.8424858275006
119.0,87.90322580645162,78.41726618705036,89.17867323972926
121.0,87.96992481203007,78.52348993288591,89.22978268193866
119.0,89.76377952755905,81.42857142857143,90.68831791435763
110.0,87.71929824561403,78.125,89.03454249540698
81.0,74.82014388489209,59.77011494252874,79.8501440565329
36.0,68.65671641791045,52.27272727272727,76.11542770032791
23.0,52.63157894736842,35.714285714285715,67.83920241939617
13.0,0.0,0.0,49.9870455994898
109.0,80.0,66.66666666666666,83.29440962380401
129.0,82.44897959183673,70.13888888888889,85.02650884783935
124.0,88.09523809523809,78.72340425531915,89.3317410770254
121.0,88.12260536398468,78.76712328767124,89.35259941775145
120.0,89.76377952755905,81.42857142857143,90.68831791435763
110.0,86.60714285714286,76.37795275590551,88.15902370317889
84.0,74.48275862068967,59.34065934065934,79.63341973058266
39.0,76.05633802816901,61.36363636363637,80.66486869129993
26.0,66.66666666666666,50.0,74.98504814497319
16.0,0.0,0.0,49.984056122448976
121.0,77.14285714285715,62.7906976744186,81.34743986425791
129.0,85.71428571428571,75.0,87.46404889350484
126.0,89.14728682170544,80.41958041958041,90.18182432816579
124.0,88.63636363636364,79.59183673469387,89.76595372562417
124.0,88.46153846153845,79.3103448275862,89.62520896919551
115.0,86.91983122362869,76.86567164179104,88.40188101491226
92.0,77.41935483870968,63.1578947368421,81.5440283804731
42.0,72.72727272727273,57.14285714285714,78.55049054797799
24.0,67.85714285714286,51.35135135135135,75.6577320187584
15.0,0.0,0.0,49.98505261479592
107.0,83.07692307692308,71.05263157894737,85.4933783705696
115.0,82.62910798122066,70.39999999999999,85.16306500559017
113.0,86.63594470046083,76.42276422764228,88.18242959595045
120.0,86.77685950413223,76.64233576642336,88.28921325877836
126.0,88.70967741935483,79.71014492753623,89.82710937504524
103.0,88.11881188118812,78.76106194690266,89.35657266091515
63.0,72.89719626168224,57.35294117647059,78.64754983110981
29.0,69.23076923076923,52.94117647058824,76.4546386360278
18.0,0.0,0.0,49.9820631377551
16.0,0.0,0.0,49.984056122448976
50.0,55.35714285714286,38.2716049382716,69.08594704985173
76.0,53.41614906832298,36.440677966101696,68.14553795378868
76.0,66.66666666666666,50.0,74.94213655772377
80.0,72.53886010362694,56.91056910569105,78.40239667514626
82.0,88.34355828220859,79.12087912087912,89.54147899840859
82.0,90.2439024390244,82.22222222222221,91.09514368466107
81.0,92.90322580645162,86.74698795180723,93.362516808412
70.0,88.88888888888889,80.0,89.98403575989784
59.0,92.56198347107438,86.15384615384616,93.0679446252072
37.0,84.93150684931507,73.80952380952381,86.89379371251943
19.0,82.92682926829268,70.83333333333334,85.40968885610425
61.0,48.10126582278481,31.666666666666664,65.7515590304094
81.0,48.86363636363637,32.33082706766917,66.07565229871999
83.0,60.73298429319372,43.609022556390975,71.72968786145898
88.0,69.23076923076923,52.94117647058824,76.40672107897926
88.0,85.1063829787234,74.07407407407408,87.00909069401564
90.0,85.42713567839196,74.56140350877193,87.25175443850087
82.0,91.82389937106919,84.88372093023256,92.42888719006288
73.0,88.0,78.57142857142857,89.26775379878553
65.0,89.55223880597015,81.08108108108108,90.52657294536137
40.0,90.47619047619048,82.6086956521739,91.29636984531389
26.0,76.92307692307693,62.5,81.23803732355053
68.0,24.285714285714285,13.821138211382115,56.80490511717454
86.0,43.956043956043956,28.169014084507044,63.98278372966376
92.0,41.75824175824176,26.38888888888889,63.088736199201314
93.0,66.3594470046083,49.6551724137931,74.7547377317249
100.0,82.1256038647343,69.67213114754098,84.79913279143435
96.0,88.77551020408163,79.81651376146789,89.88629597115299
83.0,88.88888888888889,80.0,89.98203736228645
78.0,84.27672955974843,72.82608695652173,86.38809785970932
74.0,85.13513513513513,74.11764705882354,87.03687313729795
58.0,81.48148148148148,68.75,84.35505266097503
35.0,68.57142857142857,52.17391304347826,76.06502319904014
77.0,14.084507042253522,7.575757575757576,53.66628248759573
91.0,35.67567567567568,21.710526315789476,60.736602527298245
95.0,19.393939393939394,10.738255033557047,55.23655175920277
93.0,68.89952153110048,52.55474452554745,76.21250718214144
105.0,84.05797101449275,72.5,86.21705863562859
100.0,88.42105263157895,79.24528301886792,89.60068191508756
83.0,89.44099378881988,80.89887640449437,90.43247348885106
84.0,83.8323353293413,72.16494845360825,86.05553134571204
77.0,86.45161290322581,76.13636363636364,88.0472274985985
73.0,79.38931297709924,65.82278481012658,82.8844591994133
68.0,80.0,66.66666666666666,83.3083961749724
82.0,4.225352112676056,2.158273381294964,50.94360562812381
99.0,24.242424242424242,13.793103448275861,56.747006342099326
99.0,3.6809815950920246,1.875,50.781041346939595
99.0,69.36416184971098,53.09734513274337,76.49579524176477
111.0,86.27450980392157,75.86206896551724,87.90308367617821
105.0,83.93782383419689,72.32142857142857,86.1297730740165
93.0,81.92771084337349,69.38775510204081,84.6639422113541
89.0,81.17647058823529,68.31683168316832,84.1264841753499
89.0,85.38011695906432,74.48979591836735,87.21994935331176
83.0,83.44370860927152,71.5909090909091,85.77051091805248
95.0,68.78980891719745,52.42718446601942,76.16471150199338
84.0,0.0,0.0,49.852519132653065
104.0,6.451612903225806,3.3333333333333335,51.49325626204239
103.0,2.3391812865497075,1.183431952662722,50.42529512090823
107.0,43.18181818181818,27.536231884057973,63.66839118236566
121.0,84.93150684931507,73.80952380952381,86.8718165939778
108.0,85.43689320388349,74.57627118644068,87.25818830045561
93.0,80.72289156626506,67.67676767676768,83.80645344663785
99.0,79.78142076502732,66.36363636363637,83.14489424512776
96.0,84.32432432432432,72.89719626168224,86.41965485965265
105.0,82.41758241758241,70.09345794392523,85.01479348165304
104.0,69.76744186046511,53.57142857142857,76.73383464647732
89.0,0.0,0.0,49.854512117346935
104.0,0.0,0.0,49.81963488520408
105.0,0.0,0.0,49.82661033163265
110.0,0.0,0.0,49.864477040816325
120.0,87.03703703703704,77.04918032786885,88.49663600874894
116.0,81.15942028985508,68.29268292682927,84.10741309161874
96.0,79.04191616766467,65.34653465346535,82.63834415770454
102.0,82.35294117647058,70.0,84.96706521088245
108.0,84.11214953271028,72.58064516129032,86.25638096023226
116.0,79.6116504854369,66.12903225806451,83.02259494086601
113.0,40.845070422535215,25.663716814159294,62.74810464314561
86.0,0.0,0.0,49.8664700255102
110.0,0.0,0.0,49.80966996173469
111.0,0.0,0.0,49.81664540816326
114.0,0.0,0.0,49.85052614795919
127.0,77.51196172248804,63.28125,81.59371413065176
114.0,76.28865979381443,61.66666666666667,80.78742698228947
98.0,53.73134328358209,36.734693877551024,68.30552005405274
108.0,18.3206106870229,10.084033613445378,54.93536661933731
118.0,85.97285067873304,75.39682539682539,87.66746283718788
122.0,82.66666666666667,70.45454545454545,85.18833735998244
120.0,0.0,0.0,49.88042091836735
53.0,56.71641791044776,39.58333333333333,69.73382630606193
78.0,54.761904761904766,37.704918032786885,68.77665610396575
81.0,64.04494382022472,47.107438016528924,73.48987096660362
82.0,75.55555555555556,60.71428571428571,80.31323769229893
83.0,88.34355828220859,79.12087912087912,89.54147899840859
83.0,89.41176470588236,80.85106382978722,90.40756784303733
82.0,92.3076923076923,85.71428571428571,92.84516776533383
70.0,90.78014184397163,83.11688311688312,91.54547061335855
62.0,90.625,82.85714285714286,91.4165996818936
39.0,87.8048780487805,78.26086956521739,89.12046270442761
22.0,75.0,60.0,79.98803780055026
66.0,58.22784810126582,41.07142857142857,70.4698854407113
85.0,47.368421052631575,31.03448275862069,65.41750269466412
87.0,60.317460317460316,43.18181818181818,71.51608716708779
89.0,86.95652173913044,76.92307692307693,88.44058288735572
89.0,93.10344827586206,87.09677419354838,93.53640985353636
92.0,89.61748633879782,81.1881188118812,90.575095058913
81.0,90.9090909090909,83.33333333333334,91.65269628387817
76.0,88.59060402684564,79.51807228915662,89.74207346247893
68.0,87.4074074074074,77.63157894736842,88.79882916081631
56.0,88.23529411764706,78.94736842105263,89.46171556836877
33.0,74.57627118644068,59.45945945945946,79.71477578787065
78.0,31.70731707317073,18.84057971014493,59.30862485008742
95.0,39.0,24.22360248447205,61.99013460881161
96.0,51.28205128205128,34.48275862068966,67.14661810857329
95.0,85.20710059171599,74.22680412371135,87.08845395392018
99.0,90.9090909090909,83.33333333333334,91.64969755045817
98.0,90.9090909090909,83.33333333333334,91.64969755045817
83.0,87.89808917197452,78.4090909090909,89.18558602771887
83.0,83.22981366459628,71.27659574468085,85.61135660430475
80.0,88.0,78.57142857142857,89.26775379878553
76.0,79.06976744186046,65.38461538461539,82.66537502397851
101.0,58.108108108108105,40.95238095238095,70.41435495866708
83.0,0.0,0.0,49.86049107142857
101.0,33.513513513513516,20.12987012987013,59.942290733496236
99.0,38.095238095238095,23.52941176470588,61.64803256763416
102.0,81.9672131147541,69.44444444444444,84.68928874784048
106.0,83.25358851674642,71.31147540983606,85.62079989422107
103.0,81.15942028985508,68.29268292682927,84.10741309161874
88.0,87.8048780487805,78.26086956521739,89.1104762962603
101.0,78.07486631016043,64.03508771929825,81.97662814601921
89.0,85.88235294117646,75.25773195876289,87.60491531774441
113.0,68.20809248554913,51.75438596491229,75.8223213820012
125.0,36.94267515923567,22.65625,61.22941520679204
87.0,0.0,0.0,49.86148756377551
102.0,21.27659574468085,11.904761904761903,55.80484127617073
104.0,24.210526315789473,13.77245508982036,56.742666840665166
111.0,69.95073891625616,53.78787878787878,76.83306722549312
112.0,84.31372549019608,72.88135593220339,86.40873546260799
110.0,81.77339901477832,69.16666666666667,84.54640202556578
98.0,73.62637362637363,58.26086956521739,79.0825391949897
104.0,76.50273224043715,61.94690265486725,80.93054229458328
100.0,84.04255319148936,72.47706422018348,86.20859019740236
118.0,70.65217391304348,54.621848739495796,77.2570439842038
129.0,2.7210884353741496,1.3793103448275863,50.54715108663231
90.0,0.0,0.0,49.886399872448976
107.0,12.060301507537687,6.417112299465241,53.034128273167745
112.0,14.583333333333334,7.865168539325842,53.769113913616515
120.0,60.19417475728155,43.05555555555556,71.44596431247867
120.0,85.98130841121495,75.40983606557377,87.6749683482569
117.0,80.95238095238095,68.0,83.9600726677447
95.0,70.93023255813954,54.95495495495496,77.42759221358443
111.0,65.08875739644971,48.24561403508772,74.06394945285042
107.0,85.85365853658537,75.21367521367522,87.57788855716502
122.0,77.22772277227723,62.903225806451616,81.4057028868579
128.0,2.7777777777777777,1.4084507042253522,50.5647108625364
97.0,0.0,0.0,49.87543845663265
108.0,2.1164021164021163,1.06951871657754,50.35040092563441
120.0,1.0416666666666665,0.5235602094240838,50.07244278532988
120.0,49.246231155778894,32.666666666666664,66.23258922337263
123.0,83.62068965517241,71.85185185185186,85.88798587121238
117.0,75.79908675799086,61.029411764705884,80.46180427933456
99.0,69.14893617021278,52.84552845528455,76.36489270242825
115.0,71.03825136612022,55.08474576271186,77.48949028072933
116.0,85.06787330316742,74.01574803149606,86.97492804713656
123.0,81.86046511627907,69.29133858267717,84.60673781074442
128.0,6.8493150684931505,3.546099290780142,51.63751318010136
98.0,0.0,0.0,49.888392857142854
108.0,1.0256410256410255,0.5154639175257731,50.065405102758895
119.0,0.0,0.0,49.80767697704081
121.0,46.7005076142132,30.4635761589404,65.1270603715109
133.0,76.51515151515152,61.963190184049076,80.91968795273348
116.0,71.36150234741784,55.47445255474452,77.67634803385928
102.0,58.47953216374269,41.32231404958678,70.59033549504835
117.0,9.75609756097561,5.128205128205128,52.45347868529052
126.0,71.42857142857143,55.55555555555556,77.72189624662383
125.0,80.18018018018019,66.9172932330827,83.41472304355835
130.0,0.0,0.0,49.839564732142854
108.0,0.0,0.0,49.72895408163265
108.0,0.0,0.0,49.76084183673469
123.0,0.0,0.0,49.803691007653065
137.0,0.0,0.0,49.81664540816326
153.0,0.0,0.0,49.79472257653062
147.0,0.0,0.0,49.69208386479592
128.0,0.0,0.0,49.78276466836735
138.0,0.0,0.0,49.815648915816325
148.0,0.0,0.0,49.78575414540816
141.0,0.0,0.0,49.75286989795919
153.0,0.0,0.0,49.65621014030612
34.0,65.21739130434783,48.38709677419355,74.16164155504636
39.0,67.32673267326733,50.74626865671642,75.34022778294718
38.0,69.47368421052632,53.2258064516129,76.58398592927453
26.0,50.0,33.33333333333333,66.62280177054672
29.0,0.0,0.0,49.95814732142857
35.0,68.96551724137932,52.63157894736842,76.28886808414168
45.0,71.42857142857143,55.55555555555556,77.74586458167119
40.0,70.47619047619048,54.41176470588235,77.17496829402496
35.0,66.66666666666666,50.0,74.97208263539922
31.0,24.85207100591716,14.18918918918919,56.96798707789637
39.0,73.33333333333333,57.89473684210527,78.92343686530208
48.0,74.33628318584071,59.154929577464785,79.54854230099953
45.0,75.24752475247524,60.317460317460316,80.13379896881432
40.0,43.75,28.000000000000004,63.92821249102656
39.0,35.483870967741936,21.568627450980394,60.70455936890846
39.0,73.80952380952381,58.490566037735846,79.22334663438293
51.0,78.18181818181819,64.17910447761194,82.06561590944207
51.0,73.21428571428571,57.74647887323944,78.84332021850862
43.0,73.5632183908046,58.18181818181818,79.06797514068573
42.0,44.642857142857146,28.735632183908045,64.30600276819179
40.0,67.3469387755102,50.76923076923077,75.35270664361464
47.0,74.78260869565217,59.72222222222222,79.83218804646309
48.0,71.1864406779661,55.26315789473685,77.59766982381954
42.0,71.11111111111111,55.172413793103445,77.56028156151662
44.0,32.72727272727273,19.565217391304348,59.671938492856505
45.0,72.91666666666666,57.377049180327866,78.66259770398297
54.0,75.0,60.0,79.97007839460612
51.0,74.19354838709677,58.97435897435898,79.45526247142047
43.0,68.18181818181817,51.724137931034484,75.83415048747312
45.0,20.0,11.11111111111111,55.356157736967695
45.0,57.35294117647059,40.20618556701031,70.04525126925421
57.0,72.22222222222221,56.52173913043478,78.22096851981
52.0,45.85365853658537,29.746835443037973,64.76270336455994
46.0,43.02325581395349,27.40740740740741,63.60597538842019
43.0,26.47058823529412,15.254237288135593,57.477564315965544
46.0,65.64885496183206,48.86363636363637,74.38693756426089
57.0,62.721893491124256,45.689655172413794,72.78198218589166
52.0,43.925233644859816,28.143712574850298,63.95216509071267
46.0,36.05150214592275,21.98952879581152,60.846162650588575
45.0,36.25730994152047,22.142857142857142,60.96274375738928
33.0,62.7906976744186,45.76271186440678,72.84945100887491
39.0,66.66666666666666,50.0,74.96908964004388
39.0,64.51612903225806,47.61904761904761,73.77661988897182
28.0,39.21568627450981,24.390243902439025,62.133314789563876
31.0,0.0,0.0,49.8714524872449
34.0,69.76744186046511,53.57142857142857,76.75978998467332
42.0,73.68421052631578,58.333333333333336,79.14173696841573
38.0,73.33333333333333,57.89473684210527,78.92343686530208
38.0,59.77011494252874,42.62295081967213,71.27658009577824
38.0,15.942028985507244,8.661417322834646,54.215090202332306
37.0,75.86206896551724,61.111111111111114,80.53461544427383
45.0,78.26086956521739,64.28571428571429,82.12291298649497
47.0,73.11827956989248,57.6271186440678,78.78863012096492
40.0,62.06896551724138,45.0,72.4670980478175
43.0,18.181818181818183,10.0,54.8923530818914
39.0,74.69879518072288,59.61538461538461,79.786753031593
48.0,80.43478260869566,67.27272727272727,83.61841353763809
48.0,71.57894736842105,55.73770491803278,77.8419289218619
41.0,71.60493827160494,55.769230769230774,77.86168280639536
43.0,17.62114537444934,9.66183574879227,54.64449949972511
40.0,73.11827956989248,57.6271186440678,78.78863012096492
47.0,74.74747474747475,59.67741935483871,79.813778984745
47.0,69.47368421052632,53.2258064516129,76.58398592927453
44.0,66.66666666666666,50.0,74.9710850100704
43.0,33.093525179856115,19.82758620689655,59.82107681529004
38.0,75.60975609756098,60.78431372549019,80.37221469503146
46.0,72.3404255319149,56.666666666666664,78.3074069642216
49.0,68.04123711340206,51.5625,75.75033840715554
45.0,47.24409448818898,30.927835051546392,65.39711259616764
39.0,14.166666666666666,7.623318385650224,53.60631219627414
41.0,68.0,51.515151515151516,75.72566638020749
49.0,58.992805755395686,41.83673469387755,70.86152083252767
50.0,62.5,45.45454545454545,72.68539083421116
45.0,60.952380952380956,43.83561643835616,71.87692596008426
42.0,19.90950226244344,11.055276381909549,55.3511816770177
44.0,60.9375,43.82022471910113,71.86024898519629
55.0,71.31782945736434,55.42168674698795,77.6739393240226
48.0,65.45454545454545,48.64864864864865,74.28643042723617
47.0,64.07766990291263,47.14285714285714,73.53453408964647
43.0,31.20567375886525,18.487394957983195,59.146995321636254
45.0,0.0,0.0,49.87743144132653
50.0,17.26618705035971,9.448818897637794,54.60978541564769
60.0,7.518796992481203,3.90625,51.830544226246246
47.0,0.0,0.0,49.896364795918366
35.0,0.0,0.0,49.896364795918366
