gt_area_px,dice,fg_iou,miou
9.0,54.54545454545454,37.5,68.73504993322304
12.0,55.00000000000001,37.93103448275862,68.94757644600405
17.0,65.3061224489796,48.484848484848484,74.22547846889952
17.0,51.61290322580645,34.78260869565217,67.36140004160599
19.0,70.37037037037037,54.285714285714285,77.12690722559734
26.0,59.375,42.22222222222222,71.08519249556393
23.0,67.74193548387096,51.21951219512195,75.58981790595496
28.0,45.45454545454545,29.411764705882355,64.65803164714326
23.0,64.28571428571429,47.368421052631575,73.6642735272329
23.0,53.52112676056338,36.53846153846153,68.23633406488241
30.0,62.16216216216216,45.09803921568628,72.52110502646217
26.0,36.97478991596639,22.68041237113402,61.26543647627164
26.0,33.82352941176471,20.353982300884958,60.08726571028935
30.0,15.625,8.47457627118644,54.18347218614035
29.0,30.656934306569344,18.103448275862068,58.95701772780243
31.0,25.925925925925924,14.893617021276595,57.36706687354249
10.0,35.08771929824561,21.27659574468085,60.60142030586114
15.0,28.037383177570092,16.304347826086957,58.075421057239176
17.0,38.63636363636363,23.943661971830984,61.918002161576894
28.0,38.297872340425535,23.684210526315788,61.755363752858585
19.0,36.53846153846153,22.35294117647059,61.110677179538605
35.0,39.52095808383233,24.62686567164179,62.212720872037316
35.0,43.87096774193549,28.09917355371901,63.96283315713951
31.0,29.145728643216078,17.058823529411764,58.3888250895309
33.0,41.891891891891895,26.495726495726498,63.16211192669464
33.0,31.794871794871792,18.902439024390244,59.31860409689948
36.0,41.25,25.984251968503933,62.8983940575623
33.0,29.523809523809526,17.318435754189945,58.511645836014104
35.0,33.00970873786408,19.767441860465116,59.74611174033188
34.0,29.441624365482234,17.261904761904763,58.49235984301392
37.0,36.633663366336634,22.424242424242426,61.08447606562846
34.0,28.57142857142857,16.666666666666664,58.188758383685304
27.0,33.98692810457516,20.47244094488189,60.13552256615979
38.0,25.806451612903224,14.814814814814813,57.22393580562055
14.0,0.0,0.0,49.986049107142854
20.0,0.0,0.0,49.98007015306122
16.0,0.0,0.0,49.984056122448976
18.0,43.47826086956522,27.77777777777778,63.87593319735394
24.0,70.27027027027027,54.166666666666664,77.0723690768096
21.0,77.77777777777779,63.63636363636363,81.81020765447225
19.0,78.26086956521739,64.28571428571429,82.1328886433157
24.0,81.35593220338984,68.57142857142857,84.27474762436479
22.0,76.36363636363637,61.76470588235294,80.86939311663257
18.0,73.91304347826086,58.620689655172406,79.29838286662208
26.0,78.125,64.1025641025641,82.03732420398092
24.0,77.41935483870968,63.1578947368421,81.56498979943079
22.0,79.24528301886792,65.625,82.80153399461669
28.0,83.07692307692308,71.05263157894737,85.51534847207951
26.0,80.64516129032258,67.56756756756756,83.77181991466851
23.0,77.19298245614034,62.857142857142854,81.4156113456269
28.0,80.59701492537313,67.5,83.7370386248978
26.0,79.36507936507937,65.78947368421053,82.88177598389706
24.0,78.68852459016394,64.86486486486487,82.41947183265576
31.0,78.94736842105263,65.21739130434783,82.59274223614871
26.0,77.61194029850746,63.41463414634146,81.69236193857452
24.0,77.41935483870968,63.1578947368421,81.56498979943079
30.0,84.50704225352112,73.17073170731707,86.5743978801412
27.0,82.53968253968253,70.27027027027027,85.12416803643124
35.0,74.35897435897436,59.183673469387756,79.57189536232863
42.0,81.3953488372093,68.62745098039215,84.29777048331547
34.0,83.33333333333334,71.42857142857143,85.70232065226682
31.0,76.05633802816901,61.36363636363637,80.66486869129993
38.0,85.0,73.91304347826086,86.94455572261732
29.0,86.56716417910447,76.31578947368422,88.14892111927774
30.0,72.72727272727273,57.14285714285714,78.55348312558394
38.0,84.61538461538461,73.33333333333333,86.6547008887914
30.0,86.95652173913044,76.92307692307693,88.4525646650243
33.0,77.14285714285715,62.7906976744186,81.37939637554506
39.0,83.9506172839506,72.3404255319149,86.15724958140159
31.0,78.37837837837837,64.44444444444444,82.20626912433002
39.0,80.48780487804879,67.3469387755102,83.65751501725474
41.0,86.74698795180723,76.59574468085107,88.28690305442632
32.0,82.1917808219178,69.76744186046511,84.87075877971209
40.0,77.64705882352942,63.46153846153846,81.71182341580004
41.0,84.70588235294117,73.46938775510205,86.7217301759156
29.0,78.87323943661971,65.11627906976744,82.5431838038476
40.0,79.06976744186046,65.38461538461539,82.67435866753804
43.0,88.37209302325581,79.16666666666666,89.573360857367
31.0,82.1917808219178,69.76744186046511,84.87075877971209
41.0,78.57142857142857,64.70588235294117,82.33499250965768
42.0,88.37209302325581,79.16666666666666,89.573360857367
31.0,82.85714285714286,70.73170731707317,85.35388883511743
39.0,66.66666666666666,50.0,74.96210459132793
47.0,75.24752475247524,60.317460317460316,80.13379896881432
36.0,71.26436781609196,55.35714285714286,77.6536437189294
122.0,13.664596273291925,7.333333333333333,53.52812385793548
114.0,55.55555555555556,38.46153846153847,69.11101114210832
143.0,62.908011869436194,45.887445887445885,72.81889769906546
177.0,57.59162303664922,40.44117647058824,70.05880179339744
172.0,59.25925925925925,42.10526315789473,70.90983720284895
179.0,57.59493670886076,40.44444444444444,70.08844963561944
174.0,59.70149253731343,42.5531914893617,71.14180063325023
177.0,55.95567867036011,38.84615384615385,69.26431506586275
150.0,55.5956678700361,38.5,69.12724305874369
147.0,62.68656716417911,45.65217391304348,72.72627061858354
169.0,37.719298245614034,23.243243243243246,61.47999833955192
98.0,93.0,86.91588785046729,93.44396712671919
129.0,93.98496240601504,88.65248226950354,94.31025743812233
161.0,89.50617283950618,81.00558659217877,90.46881436302789
187.0,88.77284595300262,79.81220657276995,89.86310844576585
198.0,92.19143576826197,85.51401869158879,92.7260050051867
198.0,88.10810810810811,78.74396135265701,89.32799211335487
183.0,86.28571428571429,75.87939698492463,87.8917224804683
163.0,81.19402985074626,68.34170854271356,84.107904631069
143.0,76.26459143968872,61.63522012578616,80.7567050746747
121.0,76.19047619047619,61.53846153846154,80.71432739916209
139.0,64.60176991150442,47.712418300653596,73.77637361153671
94.0,87.08133971291866,77.11864406779661,88.53236785600073
130.0,93.04029304029304,86.98630136986301,93.47416928670178
164.0,89.88095238095238,81.62162162162161,90.77682780231507
191.0,87.6574307304786,78.02690582959642,88.9644548747198
202.0,89.68824940047962,81.30434782608695,90.60916445096183
202.0,90.47619047619048,82.6086956521739,91.26433662295008
196.0,89.27680798004988,80.63063063063063,90.2723127351605
172.0,81.84281842818429,69.26605504587155,84.56606100619415
152.0,78.26086956521739,64.28571428571429,82.08293863203187
129.0,76.0,61.29032258064516,80.58525833311325
149.0,68.48249027237354,52.071005917159766,75.9546452681151
113.0,86.19246861924687,75.73529411764706,87.83469516858328
139.0,91.87279151943463,84.9673202614379,92.46068127126965
164.0,91.12426035502959,83.69565217391305,91.81783928115108
197.0,89.92628992628993,81.69642857142857,90.80720854491058
206.0,89.55916473317865,81.09243697478992,90.50120318219119
208.0,90.06928406466513,81.9327731092437,90.92337020841028
205.0,90.52132701421802,82.68398268398268,91.30197933839025
179.0,83.5820895522388,71.7948717948718,85.83144645574656
164.0,75.40983606557377,60.526315789473685,80.18824928324287
161.0,76.41196013289037,61.82795698924731,80.84306500907603
197.0,78.37837837837837,64.44444444444444,82.14227179148928
140.0,82.65682656826569,70.44025157232704,85.17318586925717
142.0,91.0344827586207,83.54430379746836,91.74617475861749
165.0,92.98245614035088,86.88524590163934,93.41863110804621
195.0,88.05970149253731,78.66666666666666,89.28533237331413
206.0,88.32951945080092,79.09836065573771,89.49816298197125
210.0,89.34240362811792,80.73770491803278,90.3218327107221
208.0,88.93905191873588,80.08130081300813,89.99162981785683
191.0,81.87919463087249,69.31818181818183,84.5780795675031
196.0,84.0,72.41379310344827,86.142906790086
203.0,87.11943793911007,77.17842323651453,88.53420061605682
202.0,79.58333333333333,66.08996539792388,82.94695329013929
156.0,80.55555555555556,67.44186046511628,83.6649973520148
152.0,90.13157894736842,82.03592814371258,90.98798745361852
174.0,91.16809116809117,83.7696335078534,91.85382667075332
201.0,88.39506172839506,79.20353982300885,89.55476709133521
222.0,90.04524886877829,81.89300411522635,90.90248180829849
221.0,90.46563192904657,82.5910931174089,91.2525224652121
226.0,85.48057259713701,74.64285714285714,87.25038168048054
219.0,80.46421663442939,67.31391585760518,83.55589324740649
216.0,84.31771894093686,72.88732394366197,86.36661420221384
208.0,81.6842105263158,69.03914590747331,84.43254162245739
203.0,74.8062015503876,59.75232198142415,79.74611677567897
160.0,83.87096774193549,72.22222222222221,86.06115706883001
158.0,89.80891719745223,81.5028901734104,90.71946747103617
174.0,90.75630252100841,83.07692307692308,91.50547077587507
206.0,86.83602771362587,76.73469387755102,88.31033325549151
228.0,89.51965065502183,81.02766798418972,90.4658061359383
223.0,90.04329004329004,81.88976377952756,90.89885243091011
230.0,82.79773156899812,70.64516129032258,85.23150231779975
221.0,76.03603603603604,61.337209302325576,80.53551148594713
214.0,82.897384305835,70.79037800687286,85.31013797281805
207.0,78.95791583166333,65.23178807947019,82.51084992120532
203.0,61.359867330016584,44.25837320574163,71.89614465532024
159.0,80.52805280528052,67.40331491712708,83.64272110982019
152.0,90.49180327868852,82.63473053892216,91.2883872927234
176.0,91.16022099447514,83.75634517766497,91.84617962728403
199.0,85.97701149425288,75.40322580645162,87.64059948027277
218.0,87.6068376068376,77.9467680608365,88.91535037089572
222.0,87.84648187633263,78.32699619771863,89.10646387832699
225.0,85.31746031746032,74.39446366782006,87.12317406885329
218.0,81.29770992366412,68.48874598070739,84.14630041664915
215.0,84.89795918367346,73.75886524822694,86.80538523378367
213.0,83.68200836820083,71.94244604316546,85.8931855636029
212.0,74.16974169741697,58.94428152492669,79.33207072744584
170.0,56.666666666666664,39.53488372093023,69.61167239926769
190.0,88.23529411764706,78.94736842105263,89.42969388839718
208.0,84.86486486486487,73.70892018779342,86.79848136581339
225.0,87.3170731707317,77.48917748917748,88.69258562440153
230.0,86.53846153846155,76.27118644067797,88.07958873998055
229.0,87.20379146919431,77.31092436974791,88.60145354349133
227.0,87.75981524249423,78.18930041152264,89.04163536160496
230.0,83.21167883211679,71.25,85.55600689931006
227.0,77.83505154639175,63.71308016877637,81.77058306289892
218.0,79.45945945945945,65.91928251121077,82.8836853100538
198.0,55.749128919860624,38.64734299516908,69.19691487030892
170.0,85.38011695906432,74.48979591836735,87.19492794119448
178.0,87.71929824561403,78.125,89.0205218286491
180.0,90.81081081081082,83.16831683168317,91.55016385497132
204.0,86.85446009389672,76.76348547717843,88.32573265677448
218.0,89.59276018099548,81.14754098360656,90.52775024289376
217.0,90.06928406466513,81.9327731092437,90.92337020841028
211.0,86.42533936651584,76.09561752988047,87.98779075953863
218.0,87.72727272727273,78.13765182186235,89.01480754468665
221.0,75.0,60.0,79.90806986690116
209.0,75.13812154696133,60.17699115044248,79.99856751766728
198.0,67.70186335403726,51.173708920187785,75.4829936336014
167.0,82.21574344023324,69.80198019801979,84.8400327691408
181.0,88.70056497175142,79.69543147208121,89.8077309302668
183.0,90.0523560209424,81.9047619047619,90.91438399213777
206.0,84.82142857142857,73.64341085271317,86.7536863810239
222.0,88.45315904139433,79.296875,89.59540886453685
219.0,90.46563192904657,82.5910931174089,91.2525224652121
218.0,87.04883227176221,77.06766917293233,88.47279918593385
220.0,88.01742919389977,78.59922178988327,89.24458228006189
226.0,77.31958762886599,63.02521008403361,81.42465077823398
214.0,73.07692307692307,57.57575757575758,78.68996299546028
199.0,70.41420118343196,54.337899543378995,77.06906364187749
164.0,76.72634271099744,62.24066390041494,81.02937924561387
184.0,87.04663212435233,77.06422018348624,88.48211809046333
194.0,87.37864077669903,77.58620689655173,88.74109928794304
206.0,83.11688311688312,71.11111111111111,85.4775305875658
222.0,87.47346072186836,77.73584905660378,88.80888910704914
225.0,85.83333333333333,75.18248175182481,87.52320005141772
222.0,83.6,71.8213058419244,85.82859876521941
224.0,83.70221327967808,71.97231833910035,85.90510729635132
224.0,85.30805687203792,74.3801652892562,87.12807768423126
217.0,83.20802005012531,71.24463519313305,85.55533099388705
201.0,84.05063291139241,72.48908296943232,86.18155408219666
166.0,67.55555555555556,51.006711409395976,75.35742575107574
184.0,84.92462311557789,73.7991266375546,86.83957171760146
200.0,85.11627906976744,74.08906882591093,86.9805254517009
215.0,83.94004282655246,72.32472324723247,86.08733161161143
228.0,86.66666666666667,76.47058823529412,88.17125313141587
225.0,86.12836438923395,75.63636363636364,87.75113891072104
224.0,81.60919540229885,68.93203883495146,84.3699483248672
226.0,75.71428571428571,60.91954022988506,80.32367212438933
225.0,85.35564853556485,74.45255474452554,87.15623815029846
216.0,82.6086956521739,70.37037037037037,85.10516277891142
203.0,63.91382405745063,46.965699208443276,73.28184156390002
164.0,65.23605150214593,48.40764331210191,74.04189937874406
182.0,75.37473233404711,60.48109965635739,80.1255498281787
202.0,85.13513513513513,74.11764705882354,86.992806364949
219.0,81.72484599589322,69.09722222222221,84.45957015227003
232.0,86.35437881873727,75.98566308243727,87.92578326646081
225.0,84.4621513944223,73.10344827586206,86.4736679374667
228.0,81.13207547169812,68.25396825396825,84.02690606609664
229.0,72.91666666666666,57.377049180327866,78.53241843798044
226.0,80.3921568627451,67.21311475409836,83.50649934338965
219.0,78.77237851662404,64.9789029535865,82.40648798073151
203.0,58.22306238185255,41.06666666666667,70.31243053056654
165.0,64.55696202531645,47.66355140186916,73.66385294540211
185.0,73.75,58.415841584158414,79.0819182720288
205.0,84.27947598253274,72.83018867924528,86.3430698512966
221.0,80.62622309197651,67.54098360655738,83.6714323676173
230.0,84.81262327416174,73.63013698630137,86.73800838626731
225.0,81.7658349328215,69.15584415584416,84.48285172586156
229.0,79.34782608695652,65.76576576576578,82.76878475849591
228.0,70.58823529411765,54.54545454545454,77.09258315743503
226.0,81.58415841584159,68.89632107023411,84.35510470161695
218.0,72.8,57.23270440251572,78.48033587929922
203.0,49.666666666666664,33.03769401330377,66.21700999863621
164.0,67.55555555555556,51.006711409395976,75.35742575107574
184.0,71.95121951219512,56.19047619047619,77.9572353351829
205.0,84.71615720524017,73.48484848484848,86.67239903334898
225.0,80.6949806949807,67.63754045307444,83.71870418294844
231.0,81.92307692307692,69.38110749185668,84.59648413441582
227.0,81.92307692307692,69.38110749185668,84.59648413441582
230.0,80.81180811808119,67.80185758513932,83.79683927558506
230.0,77.11267605633803,62.75071633237822,81.24524626995834
229.0,84.29423459244532,72.85223367697594,86.34705991750486
221.0,83.48214285714286,71.64750957854406,85.74973850568965
206.0,60.689655172413794,43.56435643564357,71.55417821782179
169.0,0.0,0.0,49.55058195153062
191.0,0.0,0.0,49.539620535714285
212.0,0.0,0.0,49.54360650510204
230.0,0.0,0.0,49.3781887755102
234.0,4.160475482912332,2.12443095599393,50.419298528912
230.0,0.0,0.0,49.361248405612244
229.0,0.0,0.0,49.381178252551024
232.0,0.0,0.0,49.434988839285715
225.0,0.0,0.0,49.37021683673469
221.0,0.6153846153846154,0.30864197530864196,49.51056127146665
194.0,0.0,0.0,49.495774872448976
9.0,0.0,0.0,49.82760682397959
22.0,0.0,0.0,49.95914381377551
23.0,0.0,0.0,49.97708067602041
30.0,0.0,0.0,49.97010522959184
21.0,0.0,0.0,49.9641262755102
29.0,0.0,0.0,49.957150829081634
16.0,0.0,0.0,49.984056122448976
33.0,0.0,0.0,49.96611926020408
20.0,46.15384615384615,30.0,64.9860474387084
31.0,0.0,0.0,49.96312978316326
25.0,17.599999999999998,9.649122807017543,54.721900185528106
29.0,0.0,0.0,49.87543845663265
21.0,22.413793103448278,12.62135922330097,56.22097205827449
21.0,0.0,0.0,49.86348054846938
24.0,65.625,48.837209302325576,74.39667264039616
26.0,5.042016806722689,2.586206896551724,51.18049308014958
35.0,0.0,0.0,49.83159279336735
34.0,0.0,0.0,49.84155771683674
37.0,18.95734597156398,10.471204188481675,55.06513395483579
38.0,11.494252873563218,6.097560975609756,52.818521920391944
35.0,23.4375,13.274336283185843,56.441738795284145
32.0,25.0,14.285714285714285,57.00527813462234
35.0,19.379844961240313,10.72961373390558,55.15743313562142
39.0,6.666666666666667,3.4482758620689653,51.55670719553518
37.0,39.325842696629216,24.475524475524477,62.130065941318215
37.0,28.57142857142857,16.666666666666664,58.1987344380413
32.0,55.44554455445545,38.35616438356164,69.13321499867241
36.0,21.428571428571427,12.0,55.84647592463363
34.0,33.5195530726257,20.13422818791946,59.94846056227225
37.0,0.0,0.0,49.859494579081634
24.0,48.97959183673469,32.432432432432435,66.16636775553668
34.0,10.738255033557047,5.673758865248227,52.70432481613552
38.0,62.5,45.45454545454545,72.68539083421116
37.0,0.0,0.0,49.82760682397959
77.0,0.0,0.0,49.85650510204081
108.0,36.36363636363637,22.22222222222222,61.027365697169486
134.0,77.30496453900709,63.005780346820806,81.43897581864579
146.0,73.17073170731707,57.692307692307686,78.75825229589014
136.0,73.37278106508876,57.943925233644855,78.88205611957956
98.0,68.18181818181817,51.724137931034484,75.77821319743833
71.0,62.57668711656442,45.535714285714285,72.70700926255789
51.0,54.285714285714285,37.254901960784316,68.56362713420762
47.0,56.14035087719298,39.02439024390244,69.46233870842218
38.0,2.7777777777777777,1.4084507042253522,50.63446949760346
74.0,73.77049180327869,58.44155844155844,79.18886284169243
108.0,89.0909090909091,80.32786885245902,90.1399718079141
135.0,84.86842105263158,73.71428571428571,86.81118605653543
152.0,89.1640866873065,80.44692737430168,90.18848607282402
143.0,88.74172185430463,79.76190476190477,89.8469809169821
110.0,89.62655601659752,81.203007518797,90.5765377132213
75.0,82.42424242424242,70.10309278350515,85.0226088967418
50.0,56.94444444444444,39.80582524271845,69.84107957059629
48.0,58.74125874125874,41.584158415841586,70.73323690529185
37.0,57.6271186440678,40.476190476190474,70.18823683595731
78.0,73.52941176470588,58.139534883720934,79.03385793382073
112.0,89.1891891891892,80.48780487804879,90.21993934219351
140.0,86.95652173913044,76.92307692307693,88.4225743085592
153.0,88.81987577639751,79.88826815642457,89.90815782254103
143.0,89.40397350993378,80.83832335329342,90.38718789514753
115.0,88.8,79.85611510791367,89.90009390669826
75.0,77.09497206703911,62.727272727272734,81.32272391627372
50.0,55.033557046979865,37.96296296296296,68.91466189436669
48.0,57.534246575342465,40.38461538461539,70.13047340818913
70.0,63.576158940397356,46.601941747572816,73.2461113142588
91.0,49.39759036144578,32.800000000000004,66.31622618928891
109.0,84.46601941747572,73.10924369747899,86.52267870753084
139.0,87.58169934640523,77.90697674418605,88.91552026530273
154.0,90.79754601226993,83.14606741573034,91.54305049846243
141.0,88.66666666666667,79.64071856287424,89.78638849631233
119.0,91.2,83.82352941176471,91.88979195209706
90.0,82.29166666666666,69.91150442477876,84.92181804467475
69.0,63.80368098159509,46.846846846846844,73.36456938144752
59.0,31.03448275862069,18.367346938775512,59.103925473056165
88.0,72.8395061728395,57.28155339805825,78.59687941866518
94.0,76.31578947368422,61.702127659574465,80.81514858975372
115.0,89.56521739130436,81.10236220472441,90.52721609127839
143.0,87.42138364779875,77.6536312849162,88.7868452205703
157.0,88.49557522123894,79.36507936507937,89.64355995199956
144.0,89.6774193548387,81.28654970760235,90.61129851629093
118.0,91.26984126984127,83.94160583941606,91.94882972700313
93.0,74.33628318584071,59.154929577464785,79.51957131272825
70.0,65.28497409326425,48.46153846153846,74.16392030933167
57.0,60.0,42.857142857142854,71.36074100463128
80.0,69.71428571428572,53.50877192982456,76.70150758518565
148.0,72.80334728033473,57.23684210526315,78.55353654705151
119.0,90.75630252100841,83.07692307692308,91.5164914178256
144.0,90.09584664536742,81.97674418604652,90.95739377784389
156.0,89.08554572271386,80.31914893617021,90.12259295883973
146.0,90.25974025974025,82.24852071005917,91.09428253861374
120.0,91.76470588235294,84.78260869565217,92.37032909862015
94.0,72.19917012448133,56.493506493506494,78.17987229484764
78.0,69.26829268292683,52.98507462686567,76.42966933618506
81.0,71.50837988826815,55.65217391304348,77.77520094119608
109.0,75.57603686635944,60.74074074074074,80.31746982339867
107.0,86.73469387755102,76.57657657657657,88.26233552232235
130.0,87.55020080321285,77.85714285714286,88.89761291298232
152.0,90.30303030303031,82.32044198895028,91.12823826514898
156.0,89.61424332344214,81.18279569892472,90.55641534071674
145.0,91.55844155844156,84.4311377245509,92.18958704954436
114.0,83.27137546468401,71.3375796178344,85.62384733528346
117.0,67.44186046511628,50.877192982456144,75.35474574555536
95.0,76.84210526315789,62.39316239316239,81.15267165024665
94.0,72.82051282051282,57.25806451612904,78.57614332482432
122.0,73.41772151898735,57.99999999999999,78.93711194074547
142.0,43.90243902439025,28.125,63.94780051265684
122.0,86.60714285714286,76.37795275590551,88.15902370317889
149.0,89.42598187311178,80.87431693989072,90.40217805897551
157.0,90.0,81.81818181818183,90.87510654189983
147.0,90.67524115755627,82.94117647058825,91.44160852109407
121.0,91.76470588235294,84.78260869565217,92.37032909862015
127.0,67.9245283018868,51.42857142857142,75.62943166325348
98.0,63.24786324786324,46.25,73.03917508283102
98.0,64.9746192893401,48.1203007518797,73.99130459049923
128.0,70.1923076923077,54.074074074074076,76.97516449447473
96.0,0.0,0.0,49.79671556122449
117.0,84.71615720524017,73.48484848484848,86.70747945518808
145.0,86.75496688741721,76.60818713450293,88.2641295348806
154.0,88.40125391849529,79.21348314606742,89.56976745491639
139.0,90.52631578947368,82.6923076923077,91.31917920231905
106.0,90.0,81.81818181818183,90.88712473699594
74.0,82.42424242424242,70.10309278350515,85.0226088967418
56.0,61.111111111111114,44.0,71.94414745073007
50.0,78.68852459016394,64.86486486486487,82.40649882247394
73.0,0.0,0.0,49.89736128826531
85.0,83.44370860927152,71.5909090909091,85.77051091805248
116.0,85.06787330316742,74.01574803149606,86.97492804713656
145.0,90.03215434083602,81.87134502923976,90.90469481856105
152.0,89.78328173374614,81.46067415730337,90.69735752597434
144.0,90.06622516556291,81.92771084337349,90.9338794025021
114.0,90.45643153526972,82.57575757575758,91.26490956663525
77.0,80.0,66.66666666666666,83.2964086596676
56.0,53.48837209302325,36.507936507936506,68.17417571457068
47.0,61.111111111111114,44.0,71.94414745073007
59.0,60.0,42.857142857142854,71.38070545330218
92.0,78.02197802197803,63.96396396396396,81.94206580595164
120.0,87.65957446808511,78.03030303030303,88.98619379342523
147.0,89.171974522293,80.45977011494253,90.19590951985835
154.0,88.88888888888889,80.0,89.96402302526383
143.0,91.63879598662207,84.5679012345679,92.2589701020858
116.0,90.08264462809917,81.95488721804512,90.95347572598583
85.0,71.23287671232876,55.319148936170215,77.59669770653774
60.0,57.47126436781609,40.32258064516129,70.08747633383229
54.0,57.48502994011976,40.33613445378151,70.0972485227733
63.0,62.16216216216216,45.09803921568628,72.49316483026485
140.0,31.97278911564626,19.02834008097166,59.314684712631696
116.0,90.2127659574468,82.17054263565892,91.06230347281247
145.0,89.09657320872275,80.33707865168539,90.13356241060674
156.0,88.69047619047619,79.67914438502673,89.80159270143855
144.0,90.78947368421053,83.13253012048193,91.53828632408046
120.0,92.0,85.18518518518519,92.57261696286086
104.0,79.81220657276995,66.40625,83.16020311782556
85.0,61.855670103092784,44.776119402985074,72.31423098411685
61.0,70.66666666666667,54.63917525773196,77.27569560324899
71.0,69.38775510204081,53.125,76.51761221945137
174.0,65.4275092936803,48.61878453038674,74.21655565762269
119.0,91.05691056910568,83.5820895522388,91.76907290012069
150.0,91.13149847094802,83.70786516853933,91.82494823581783
158.0,90.47619047619048,82.6086956521739,91.2723631787177
148.0,91.9093851132686,85.02994011976048,92.48998704832809
123.0,91.56626506024097,84.44444444444444,92.2012482299726
112.0,66.92913385826772,50.29585798816568,75.06408159634672
86.0,62.03703703703704,44.966442953020135,72.40139984766097
61.0,63.212435233160626,46.21212121212121,73.03522353133248
71.0,58.333333333333336,41.17647058823529,70.51841264364984
183.0,54.25867507886435,37.22943722943723,68.46997914576274
120.0,90.32258064516128,82.35294117647058,91.15250126896396
150.0,90.5775075987842,82.77777777777777,91.35790561985417
157.0,91.94029850746269,85.0828729281768,92.5144483388635
145.0,91.31832797427653,84.02366863905326,91.9848526670503
129.0,92.66409266409266,86.33093525179856,93.14648888209234
120.0,67.16981132075472,50.56818181818182,75.19724202614724
96.0,62.882096069869,45.85987261146497,72.84511273875181
86.0,74.19354838709677,58.97435897435898,79.43928198782811
87.0,54.90196078431373,37.83783783783784,68.85010334465792
164.0,68.30985915492957,51.87165775401069,75.84597085268378
134.0,92.7536231884058,86.48648648648648,93.22326242482892
153.0,92.40121580547113,85.87570621468926,92.9128651015874
159.0,91.3946587537092,84.15300546448088,92.04751548662851
148.0,91.61290322580645,84.52380952380952,92.23592242989054
128.0,92.72030651340997,86.42857142857143,93.19530659132099
140.0,63.12056737588653,46.1139896373057,72.95317546432938
83.0,76.04166666666666,61.34453781512605,80.62636347275873
90.0,79.3296089385475,65.74074074074075,82.83344790754231
93.0,30.136986301369863,17.741935483870968,58.76928093729378
168.0,46.68769716088328,30.45267489711934,65.05768150668109
129.0,90.70631970260223,82.99319727891157,91.47162561032725
151.0,90.14925373134328,82.06521739130434,90.9996251874063
160.0,91.22807017543859,83.87096774193549,91.90549586616966
148.0,93.58974358974359,87.95180722891565,93.95591560726216
133.0,92.5925925925926,86.20689655172413,93.08346865507527
128.0,62.54826254826254,45.50561797752809,72.65599293925811
86.0,59.11330049261084,41.95804195804196,70.89621309331582
97.0,73.11827956989248,57.6271186440678,78.7636670892567
115.0,53.551912568306015,36.56716417910448,68.19879744255562
251.0,0.0,0.0,49.42203443877551
236.0,38.39611178614824,23.759398496240603,61.37288170243676
234.0,28.304405874499334,16.485225505443236,57.70636350167309
239.0,0.0,0.0,49.3781887755102
236.0,0.0,0.0,49.283522002551024
228.0,0.0,0.0,49.122090242346935
231.0,0.0,0.0,49.03140943877551
231.0,0.0,0.0,49.163942920918366
214.0,1.8497109826589597,0.9334889148191364,49.620587544636486
200.0,4.090419806243272,2.0879120879120876,50.15574502655069
29.0,0.0,0.0,49.967115752551024
28.0,0.0,0.0,49.972098214285715
17.0,0.0,0.0,49.98305963010204
24.0,34.48275862068966,20.833333333333336,60.37879240920145
27.0,41.37931034482759,26.08695652173913,62.992638913208175
19.0,18.181818181818183,10.0,54.92824110987083
26.0,56.25,39.130434782608695,69.5373055925883
31.0,75.0,60.0,79.98404849258255
22.0,69.38775510204081,53.125,76.54754754879482
25.0,50.0,33.33333333333333,66.62878561317463
32.0,74.28571428571429,59.09090909090909,79.5275083839391
23.0,74.07407407407408,58.82352941176471,79.39780825002462
28.0,60.0,42.857142857142854,71.400657960323
32.0,75.75757575757575,60.97560975609756,80.47185305256176
22.0,70.37037037037037,54.285714285714285,77.12690722559734
28.0,66.66666666666666,50.0,74.97806755194003
32.0,74.66666666666667,59.57446808510638,79.7682901165741
25.0,71.1864406779661,55.26315789473685,77.6146314845033
25.0,68.65671641791045,52.27272727272727,76.11542770032791
30.0,72.22222222222221,56.52173913043478,78.24092938575578
24.0,71.1864406779661,55.26315789473685,77.6146314845033
27.0,69.6969696969697,53.48837209302325,76.72424705981093
30.0,73.97260273972603,58.69565217391305,79.32888253873024
23.0,73.68421052631578,58.333333333333336,79.15171302296216
52.0,0.0,0.0,49.93921396683674
53.0,0.0,0.0,49.94618941326531
49.0,0.0,0.0,49.94818239795919
51.0,61.146496815286625,44.03669724770643,71.95750438510441
52.0,38.55421686746988,23.88059701492537,61.78768918732225
46.0,54.166666666666664,37.142857142857146,68.50560891728094
49.0,74.3801652892562,59.210526315789465,79.57434416565441
45.0,53.57142857142857,36.58536585365854,68.2148867528052
34.0,58.620689655172406,41.46341463414634,70.68384325102076
47.0,75.21367521367522,60.273972602739725,80.10806265978366
42.0,66.14173228346458,49.411764705882355,74.66299728492348
37.0,69.90291262135922,53.73134328358209,76.83475819942967
39.0,70.9090909090909,54.929577464788736,77.43287617280762
43.0,68.8,52.4390243902439,76.18061565990563
43.0,70.08547008547008,53.94736842105263,76.93877845606336
43.0,71.1864406779661,55.26315789473685,77.59766982381954
44.0,66.16541353383458,49.43820224719101,74.67421961078931
37.0,67.88990825688074,51.388888888888886,75.65954147470033
41.0,66.66666666666666,50.0,74.95911040191483
43.0,66.15384615384615,49.42528735632184,74.66876040766046
36.0,69.3069306930693,53.03030303030303,76.48423868932035
45.0,75.63025210084034,60.810810810810814,80.376481186858
46.0,67.64705882352942,51.11111111111111,75.51166965888689
34.0,60.71428571428571,43.58974358974359,71.75099640099042
51.0,0.0,0.0,49.94419642857143
58.0,0.0,0.0,49.839564732142854
40.0,7.339449541284404,3.8095238095238098,51.60275249562388
98.0,17.449664429530202,9.558823529411764,54.65681144175869
158.0,73.37662337662337,57.948717948717956,78.8924621643396
208.0,72.1951219512195,56.48854961832062,78.13033861342991
233.0,66.52631578947368,49.8422712933754,74.76219286608871
229.0,78.71287128712872,64.89795918367346,82.3630088218985
209.0,52.26666666666666,35.37906137184115,67.51080949098468
195.0,0.0,0.0,49.708027742346935
175.0,88.1542699724518,78.81773399014779,89.3658807506721
206.0,89.73747016706443,81.38528138528139,90.6496303701633
314.0,74.86238532110092,59.82404692082112,79.77494669742329
338.0,69.45898778359512,53.20855614973262,76.42919753781928
344.0,64.17910447761194,47.25274725274725,73.43438898514492
352.0,49.79253112033195,33.14917127071823,66.33285637213393
331.0,60.245901639344254,43.10850439882698,71.36036465418972
328.0,75.44483985765125,60.57142857142858,80.14761485412353
304.0,76.95390781563127,62.54071661237784,81.15532149440916
226.0,83.7772397094431,72.08333333333333,85.97467068642548
304.0,69.8989898989899,53.72670807453416,76.71436297673071
408.0,71.77914110429448,55.980861244019145,77.80621693413164
437.0,74.35897435897436,59.183673469387756,79.41153021360803
395.0,77.45839636913767,63.20987654320987,81.45569948955365
312.0,67.05202312138728,50.43478260869565,75.04639814407423
245.0,29.411764705882355,17.24137931034483,58.40525409633657
178.0,15.384615384615385,8.333333333333332,54.002196261371715
107.0,76.19047619047619,61.53846153846154,80.70932661587614
166.0,85.71428571428571,75.0,87.44902344921337
214.0,91.15646258503402,83.75,91.83598049024513
235.0,88.35341365461848,79.13669064748201,89.51029423878624
234.0,88.48484848484848,79.34782608695652,89.61686398128477
218.0,77.08779443254818,62.7177700348432,81.25187645673675
212.0,0.0,0.0,49.679129464285715
186.0,0.0,0.0,49.625318877551024
212.0,89.14027149321268,80.40816326530611,90.1560614641823
356.0,76.5891472868217,62.06030150753769,80.87893602885947
378.0,74.21758569299553,59.0047393364929,79.32911671894047
418.0,78.67950481430537,64.85260770975057,82.2709621030212
408.0,65.49520766773162,48.69358669833729,74.13066799646408
426.0,78.23691460055096,64.25339366515837,81.96835481381866
423.0,79.67479674796748,66.21621621621621,82.95775327069181
413.0,73.41389728096676,57.995226730310264,78.82137720870548
378.0,75.08090614886731,60.10362694300518,79.8976407981084
502.0,70.44025157232704,54.36893203883495,76.94897620059432
492.0,82.84714119019837,70.7171314741036,85.211037586272
459.0,88.75598086124403,79.78494623655914,89.79810508294175
407.0,91.80327868852459,84.84848484848484,92.35899710183016
342.0,90.79754601226993,83.14606741573034,91.51288936143374
246.0,90.17094017094017,82.10116731517509,91.00455143503177
180.0,88.46153846153845,79.3103448275862,89.61318501001423
116.0,84.38818565400844,72.99270072992701,86.45940651960844
169.0,90.17341040462428,82.10526315789474,91.01864517350955
216.0,90.04329004329004,81.88976377952756,90.89885243091011
238.0,88.15533980582524,78.81944444444444,89.34865993869302
235.0,85.38899430740038,74.50331125827815,87.17458009511574
221.0,78.62595419847328,64.77987421383648,82.27786986657404
215.0,37.12871287128713,22.796352583586625,61.14468833746106
206.0,0.0,0.0,49.598413584183675
395.0,67.61006289308176,51.06888361045131,75.32828099979743
398.0,81.31868131868131,68.51851851851852,84.12293207401467
417.0,81.54838709677419,68.84531590413944,84.27925642780177
469.0,83.70986920332936,71.98364008179959,85.85433609741875
498.0,81.58508158508158,68.89763779527559,84.29026713751256
452.0,85.61236623067776,74.84407484407485,87.30059049735459
500.0,82.23463687150839,69.8292220113852,84.75499809210442
541.0,72.68518518518519,57.09090909090909,78.3088013827254
519.0,68.31683168316832,51.8796992481203,75.68333659800805
539.0,76.35960044395117,61.759425493716336,80.66599465406638
507.0,90.02079002079002,81.85255198487712,90.82978000305313
457.0,91.15646258503402,83.75,91.79664583919316
415.0,89.1278375149343,80.38793103448276,90.10260555900594
359.0,89.95633187772926,81.74603174603175,90.80383184349735
249.0,91.32231404958677,84.03041825095056,91.97317129142463
186.0,90.48843187660668,82.62910798122066,91.27755399061033
124.0,85.14056224899599,74.12587412587412,87.02598879051845
171.0,91.06628242074927,83.5978835978836,91.76795295492563
220.0,91.14470842332614,83.73015873015873,91.8240506449753
238.0,86.70520231213872,76.53061224489795,88.19623843611637
238.0,85.50185873605948,74.67532467532467,87.25957800658477
223.0,79.84790874524715,66.45569620253164,83.12177597221807
219.0,63.74045801526718,46.778711484593835,73.19938993614204
408.0,57.09624796084829,39.95433789954338,69.7141742096665
412.0,66.9710806697108,50.34324942791763,74.954433585766
411.0,77.94316644113667,63.8580931263858,81.76568062348797
460.0,81.46399055489965,68.72509960159363,84.20501734108298
501.0,82.8415300546448,70.7089552238806,85.19683759346529
543.0,84.05797101449275,72.5,86.09528832630097
518.0,85.92436974789915,75.32228360957643,87.52651444127424
519.0,84.29926238145417,72.85974499089252,86.28020197149898
555.0,80.33298647242457,67.13043478260869,83.37542024328266
569.0,77.10330138445154,62.738301559792035,81.15334799353073
547.0,82.07253886010363,69.59578207381371,84.62412647282488
523.0,91.55908639523336,84.43223443223444,92.13062993863556
479.0,92.12513484358145,85.39999999999999,92.62663169108927
439.0,89.90610328638498,81.6631130063966,90.74519898306494
377.0,89.53168044077135,81.04738154613467,90.44746361613969
254.0,90.54325955734407,82.72058823529412,91.31324801246397
185.0,90.48843187660668,82.62910798122066,91.27755399061033
147.0,80.89887640449437,67.9245283018868,83.91133341674191
172.0,91.59420289855072,84.49197860962568,92.21699974105579
218.0,91.1062906724512,83.66533864541833,91.79164142373786
240.0,85.93155893536122,75.33333333333333,87.5925925925926
240.0,85.5045871559633,74.67948717948718,87.26065342695802
225.0,80.07448789571696,66.77018633540372,83.27800964255225
218.0,65.51724137931035,48.717948717948715,74.17899235717454
220.0,5.045871559633028,2.588235294117647,50.88147935342781
421.0,69.94219653179191,53.77777777777778,76.68061396599066
425.0,85.57575757575758,74.78813559322035,87.27464504005195
457.0,85.25714285714285,74.30278884462152,87.02188415184513
501.0,86.05405405405405,75.52182163187857,87.63133550154336
553.0,85.08508508508508,74.0418118466899,86.87116018959085
527.0,89.32806324110672,80.71428571428572,90.2485433880736
549.0,84.63073852295409,73.35640138408304,86.52343304450977
573.0,81.21827411167513,68.37606837606837,84.00220165830099
569.0,74.94646680942184,59.93150684931506,79.73093626092775
553.0,82.52326783867632,70.24647887323944,84.95348231987904
535.0,89.86960882647944,81.60291438979964,90.69990474959737
493.0,90.55793991416309,82.74509803921568,91.28411391891242
454.0,88.558352402746,79.46611909650923,89.63263575986761
407.0,86.20689655172413,75.75757575757575,87.77447703246584
260.0,91.05058365758755,83.57142857142857,91.7396608637448
189.0,90.81632653061224,83.17757009345794,91.55278360667137
197.0,72.17125382262996,56.45933014354066,78.1387705094626
177.0,90.7103825136612,83.0,91.46600679864028
219.0,90.32258064516128,82.35294117647058,91.13143996741313
241.0,87.5717017208413,77.89115646258503,88.88050925818102
244.0,87.82287822878229,78.28947368421053,89.07865490049767
230.0,85.38011695906432,74.48979591836735,87.16983340366593
224.0,70.18181818181817,54.061624649859944,76.86675654596512
225.0,0.0,0.0,49.574497767857146
431.0,69.87270155586988,53.69565217391305,76.63452319685258
449.0,86.37413394919169,76.01626016260163,87.88966094351518
515.0,85.51020408163265,74.68805704099822,87.20133503013594
552.0,86.27069133398247,75.85616438356165,87.78632520949542
580.0,88.95078922934077,80.10033444816054,89.93044168732754
582.0,87.53462603878116,77.83251231527095,88.78044673346743
587.0,84.28974600188147,72.84552845528455,86.25485077847883
588.0,83.49328214971209,71.66392092257001,85.65906486208112
583.0,82.3992133726647,70.06688963210702,84.85357062749712
569.0,86.53295128939828,76.26262626262627,87.98952763968954
538.0,93.13264346190027,87.14788732394366,93.50047493147125
500.0,89.28571428571429,80.64516129032258,90.21398554400697
462.0,84.17721518987342,72.6775956284153,86.18812581710056
410.0,89.171974522293,80.45977011494253,90.1445882244925
269.0,90.8411214953271,83.21917808219177,91.56052329299344
197.0,89.60396039603961,81.16591928251121,90.54095544083556
215.0,72.0,56.25,78.02709790209789
177.0,90.05524861878453,81.90954773869346,90.91878322691377
220.0,89.74358974358975,81.3953488372093,90.64964175639435
252.0,88.80597014925374,79.86577181208054,89.87281141366972
244.0,87.43169398907104,77.66990291262135,88.7658630231162
245.0,86.25954198473282,75.83892617449665,87.84739101517624
229.0,70.41742286751361,54.34173669467787,77.00780964620652
435.0,63.59583952451708,46.62309368191721,73.06636049933898
451.0,77.59282970550576,63.38912133891213,81.51911503755103
475.0,86.65207877461707,76.44787644787645,88.10139905157985
529.0,86.58178256611166,76.3385146804836,88.03152460207475
557.0,88.0838894184938,78.7052810902896,89.22692143181656
596.0,90.1535682023487,82.07236842105263,90.92647549220597
598.0,88.48920863309353,79.35483870967742,89.54860524969419
591.0,87.26287262872629,77.40384615384616,88.5600519884398
612.0,85.71428571428571,75.0,87.34308360827231
609.0,85.3408029878618,74.42996742671009,87.05709638657856
574.0,87.53568030447192,77.834179357022,88.78534134799365
543.0,92.39543726235742,85.86572438162544,92.85236309642752
512.0,88.97715988083415,80.14311270125224,89.95994920776897
457.0,88.93854748603351,80.08048289738431,89.9407999283418
414.0,89.39393939393939,80.82191780821918,90.32665879572373
272.0,90.60773480662984,82.82828282828282,91.36306991404128
207.0,91.08433734939759,83.6283185840708,91.77714966953354
220.0,71.70868347338936,55.895196506550214,77.84669512028279
180.0,88.64265927977839,79.60199004975125,89.76000814067856
219.0,91.1062906724512,83.66533864541833,91.79164142373786
245.0,88.54961832061069,79.45205479452055,89.66596012191188
251.0,89.05109489051095,80.26315789473685,90.07149723624129
247.0,86.31984585741812,75.9322033898305,87.89503346941878
232.0,70.54673721340387,54.495912806539515,77.08087620477448
435.0,63.22008862629247,46.220302375809936,72.86096180397318
457.0,76.82619647355163,62.372188139059304,81.00161812158395
480.0,86.80479825517993,76.6859344894027,88.22142760871759
555.0,87.16981132075472,77.25752508361204,88.4919801465049
564.0,88.22429906542057,78.92976588628763,89.33813258099991
598.0,92.2671353251318,85.64437194127244,92.73356741310465
610.0,87.3542600896861,77.54777070063695,88.6320028411112
608.0,86.85612788632326,76.76609105180535,88.23411320960264
629.0,85.6378233719893,74.88299531981279,87.27951279190897
605.0,85.04233301975542,73.97708674304418,86.82866081983678
583.0,87.70949720670392,78.1094527363184,88.92194294596828
550.0,92.59606373008434,86.2129144851658,93.02695158661092
508.0,91.64969450101833,84.58646616541353,92.21078124664514
468.0,88.74172185430463,79.76190476190477,89.77848924758958
427.0,88.36633663366337,79.15742793791574,89.48437245266891
277.0,90.51094890510949,82.66666666666667,91.28125834535064
208.0,89.95215311004785,81.73913043478261,90.82755513497153
661.0,6.666666666666667,3.4482758620689653,51.054174619501545
683.0,31.980906921241047,19.03409090909091,58.947523852691006
222.0,77.88944723618091,63.78600823045267,81.80504105970965
240.0,77.67441860465117,63.49809885931559,81.65306670654795
237.0,79.81438515081206,66.40926640926641,83.11764016407646
219.0,66.37931034482759,49.67741935483871,74.68277828723103
210.0,0.0,0.0,49.66119260204081
452.0,55.07692307692308,38.004246284501065,68.71010562119928
423.0,62.78713629402757,45.75892857142857,72.63632326392164
382.0,85.60411311053984,74.8314606741573,87.3033775493251
406.0,85.57457212713936,74.78632478632478,87.27475031914481
443.0,82.3960880195599,70.06237006237006,84.88671985331229
470.0,74.24042272126816,59.03361344537815,79.32139636092938
517.0,68.02030456852792,51.53846153846153,75.51676623448684
550.0,80.5411030176899,67.42160278745645,83.52300890944456
613.0,71.54811715481172,55.700325732899024,77.57725681836989
592.0,66.5163472378805,49.83108108108108,74.61783199420024
587.0,71.31952017448201,55.42372881355932,77.44806774084856
555.0,88.64541832669323,79.60644007155635,89.68860339826837
529.0,87.75933609958506,78.18853974121997,88.9756840566892
516.0,88.95833333333333,80.1125703564728,89.94975037351671
494.0,83.08400460299194,71.06299212598425,85.38395014308848
440.0,76.43835616438356,61.86252771618626,80.75890880668723
377.0,67.64705882352942,51.11111111111111,75.35743271939714
317.0,54.090909090909086,37.07165109034268,68.33405556295106
170.0,89.13649025069638,80.40201005025126,90.1620175011333
219.0,88.8412017167382,79.92277992277992,89.90935770138876
235.0,89.06882591093117,80.2919708029197,90.09193783960544
234.0,88.53754940711462,79.43262411347519,89.65825632323343
221.0,79.23809523809524,65.61514195583597,82.69850117324299
210.0,0.0,0.0,49.664182079081634
206.0,0.0,0.0,49.593431122448976
429.0,67.73255813953489,51.208791208791204,75.38214223555512
402.0,85.13853904282117,74.12280701754386,86.94301994602864
442.0,88.49945235487404,79.3713163064833,89.58017715991207
460.0,88.46153846153845,79.3103448275862,89.54665587506878
497.0,84.2809364548495,72.83236994219652,86.27461302041752
530.0,82.4654622741764,70.16274864376129,84.91567174294596
520.0,82.8752642706131,70.7581227436823,85.216358495415
609.0,75.83417593528817,61.07491856677525,80.29750426240412
611.0,69.76744186046511,53.57142857142857,76.49883068422169
576.0,78.71900826446281,64.90630323679727,82.24630354128246
551.0,91.43407122232917,84.21985815602837,92.02039365619169
518.0,91.8918918918919,85.0,92.41853893034575
493.0,90.5781584582441,82.7788649706458,91.3009956071447
492.0,84.54545454545455,73.22834645669292,86.47763801029168
430.0,72.18259629101283,56.47321428571429,78.04130637968186
352.0,67.24738675958189,50.65616797900262,75.14002004776113
304.0,57.66590389016019,40.51446945337621,70.07241954187292
176.0,89.4878706199461,80.97560975609757,90.4488126764891
220.0,89.171974522293,80.45977011494253,90.17885035387282
241.0,88.41698841698842,79.23875432525952,89.55931349514222
242.0,87.36059479553904,77.55775577557755,88.71079755299371
225.0,79.05282331511839,65.36144578313254,82.56562851417681
212.0,0.0,0.0,49.658203125
436.0,57.41029641185648,40.26258205689278,69.85824734145648
438.0,68.8111888111888,52.45202558635395,76.0027001554842
430.0,87.25146198830409,77.38589211618257,88.58351489932575
478.0,88.51422550052686,79.39508506616258,89.5880080045822
494.0,90.02961500493583,81.86714542190305,90.83200392575442
554.0,87.11538461538461,77.17206132879046,88.45128416880969
567.0,86.66666666666667,76.47058823529412,88.0945085340908
595.0,82.34183191690275,69.98394863563404,84.80399683490587
636.0,78.35051546391753,64.40677966101694,81.97126635287674
621.0,76.78746327130264,62.32114467408585,80.9225440548639
592.0,85.14664143803216,74.13509060955519,86.90968020402548
559.0,93.08755760368663,87.06896551724138,93.4589859898824
521.0,92.64990328820116,86.3063063063063,93.076689785143
497.0,91.73553719008265,84.7328244274809,92.28598110298682
483.0,87.5140607424072,77.8,88.78852511699841
432.0,74.33380084151473,59.15178571428571,79.39256653629174
210.0,87.09677419354838,77.14285714285715,88.515414007642
348.0,54.6583850931677,37.60683760683761,68.58461135397431
183.0,91.86351706036746,84.9514563106796,92.4447287753274
219.0,89.31623931623932,80.6949806949807,90.29745732569596
241.0,88.37209302325581,79.16666666666666,89.52327086836978
239.0,87.68656716417911,78.07308970099668,88.97046687849138
225.0,78.40290381125227,64.4776119402985,82.11971069392827
222.0,49.79253112033195,33.14917127071823,66.33285637213393
446.0,59.665144596651444,42.51626898047722,70.99302844782164
448.0,72.24435590969456,56.54885654885655,78.06502622248856
450.0,88.46153846153845,79.3103448275862,89.55273191966837
527.0,85.32019704433498,74.39862542955326,87.04954289791797
541.0,89.37728937728939,80.79470198675497,90.28062260825432
580.0,88.56885688568858,79.48303715670436,89.6137108334041
601.0,85.4262144821265,74.56,87.12007242003621
643.0,83.49514563106796,71.66666666666667,85.64521591587362
654.0,79.56403269754769,66.06334841628959,82.80548899764175
630.0,80.93896713615023,67.98107255520505,83.78649567050633
604.0,86.34686346863468,75.97402597402598,87.83814358973288
574.0,92.61261261261261,86.24161073825503,93.03824727642083
532.0,93.25735992402659,87.36654804270462,93.61182388549642
499.0,91.45211122554068,84.25047438330171,92.04178991424395
488.0,88.25466520307354,78.97838899803537,89.38170866303906
430.0,78.63945578231292,64.79820627802691,82.24174751530387
361.0,66.21848739495798,49.497487437185924,74.54765926312167
336.0,54.506437768240346,37.46312684365782,68.51977097842344
183.0,91.62303664921467,84.54106280193237,92.23853204095337
224.0,89.49579831932773,80.98859315589354,90.44425955054649
246.0,88.04554079696395,78.64406779661017,89.25896325918927
249.0,88.27838827838828,79.01639344262294,89.44411341301068
227.0,80.07312614259597,66.76829268292683,83.27505252077762
223.0,44.49244060475162,28.61111111111111,64.04893022853301
443.0,69.04422253922966,52.723311546840954,76.14436895481992
450.0,79.40813810110974,65.84867075664621,82.75684631024431
462.0,88.71851040525739,79.7244094488189,89.75873081389932
510.0,87.8727634194831,78.36879432624113,89.06174465176014
517.0,90.58380414312617,82.78829604130809,91.29353427681663
582.0,88.31858407079646,79.08082408874802,89.40755377998606
598.0,88.86925795053003,79.96820349761526,89.8572722841085
635.0,87.59623609923011,77.92998477929984,88.81901139738189
655.0,83.28958880139983,71.36431784107945,85.49000600303471
636.0,79.62962962962963,66.15384615384615,82.85579977052659
602.0,84.67966573816156,73.42995169082126,86.5490466418708
578.0,91.69675090252709,84.66666666666667,92.24071836997665
539.0,92.9444967074318,86.8189806678383,93.3340102807812
520.0,90.5775075987842,82.77777777777777,91.29538208199553
502.0,87.6889848812095,78.07692307692308,88.92393471507395
445.0,80.35264483627203,67.15789473684211,83.42249992874358
368.0,66.110183639399,49.37655860349127,74.48518994242754
503.0,41.875,26.48221343873518,62.86941893710469
208.0,88.40579710144928,79.22077922077922,89.56238288944868
230.0,88.65979381443299,79.62962962962963,89.75977188132669
249.0,88.55534709193246,79.46127946127946,89.66956644269419
253.0,89.16967509025271,80.45602605863192,90.16792770815992
254.0,82.43727598566308,70.1219512195122,84.9628696553253
233.0,63.66906474820144,46.701846965699204,73.1489194427688
463.0,66.4804469273743,49.7907949790795,74.6550995200576
474.0,86.52792990142387,76.25482625482626,88.00387201735106
518.0,86.80765357502518,76.69039145907473,88.213524204761
568.0,89.38447814451382,80.80645161290323,90.28344724580744
578.0,90.26845637583892,82.26299694189603,91.01465250616296
607.0,91.05960264900662,83.58662613981764,91.68449914172601
630.0,90.19279128248114,82.13740458015268,90.95084903249142
652.0,88.96210873146623,80.1186943620178,89.92436450714317
656.0,87.01517706576728,77.01492537313432,88.3524083168531
635.0,87.87618228718831,78.37423312883436,89.04516549223355
619.0,90.18932874354562,82.13166144200626,90.95103171995585
583.0,92.01053555750659,85.20325203252033,92.50998821717855
535.0,92.73229070837166,86.44939965694682,93.14517816637002
513.0,91.88118811881189,84.98168498168498,92.40836743451806
499.0,89.33474128827878,80.72519083969466,90.26109400284736
450.0,78.61715749039692,64.76793248945147,82.21652755535959
370.0,66.66666666666666,50.0,74.79789490535079
537.0,41.84704184704185,26.459854014598537,62.82717671248206
210.0,88.13559322033898,78.78787878787878,89.34493351323371
232.0,88.08080808080808,78.70036101083032,89.29113090374976
257.0,89.83364140480592,81.54362416107382,90.71673828164639
262.0,90.78014184397163,83.11688311688312,91.50635822510822
257.0,86.72897196261682,76.56765676567657,88.21274877367603
240.0,65.7672849915683,48.99497487437186,74.2944102678616
473.0,81.2720848056537,68.45238095238095,84.06665123355035
539.0,86.80351906158357,76.68393782383419,88.20624141252034
535.0,88.996138996139,80.17391304347827,89.9723029966461
583.0,89.81723237597912,81.51658767772511,90.64049279174213
593.0,89.63815789473685,81.2220566318927,90.48409152241005
609.0,90.84967320261438,83.23353293413174,91.50390874840404
632.0,91.36212624584718,84.09785932721712,91.94414588091401
652.0,90.57798891528107,82.77858176555716,91.26934087874665
660.0,86.36734693877551,76.00574712643679,87.83468616015276
642.0,89.24103419516264,80.57228915662651,90.15621165995947
625.0,90.64625850340136,82.89269051321928,91.33555420852633
592.0,92.28100607111882,85.6682769726248,92.74450026215642
546.0,92.68738574040219,86.37137989778535,93.1051568195766
519.0,92.41379310344827,85.8974358974359,92.8712640689827
500.0,89.80021030494217,81.48854961832062,90.64678541238851
457.0,82.30958230958231,69.93736951983298,84.82422537908545
372.0,67.32673267326733,50.74626865671642,75.1750233862306
503.0,44.716692189892804,28.79684418145957,64.03763856084772
213.0,88.72901678657075,79.74137931034483,89.82368119364934
234.0,87.55020080321285,77.85714285714286,88.86651930478745
257.0,89.87108655616943,81.60535117056857,90.74760068341774
261.0,90.12567324955117,82.02614379084967,90.95798927148893
262.0,87.36059479553904,77.55775577557755,88.71079755299371
242.0,67.43801652892562,50.87281795511222,75.2392985957423
512.0,86.93877551020408,76.89530685920577,88.31901021352249
532.0,89.7998093422307,81.4878892733564,90.63630958990223
530.0,89.207258834766,80.51724137931035,90.14495917966704
595.0,90.98567818028643,83.46213292117464,91.62328178817214
605.0,90.7936507936508,83.13953488372093,91.45284138751
618.0,92.76729559748428,86.51026392961877,93.1623638447755
638.0,89.51747088186356,81.02409638554217,90.38512929998733
663.0,90.78125,83.11874105865522,91.44040692412547
666.0,87.17131474103586,77.25988700564972,88.46773995248131
654.0,89.93506493506493,81.71091445427729,90.73051264610604
625.0,90.80168776371308,83.15301391035548,91.46671203999179
598.0,91.78910976663785,84.82428115015975,92.3164612518852
548.0,92.0,85.18518518518519,92.50400793384486
516.0,91.03585657370517,83.54661791590493,91.68280029929079
502.0,89.19202518363065,80.49242424242425,90.14269661398613
467.0,81.84019370460048,69.26229508196722,84.48065996122519
378.0,67.41214057507987,50.84337349397591,75.21754384695794
676.0,48.62614487926727,32.123212321232124,65.44317139195276
708.0,42.70676691729323,27.151051625239003,62.81187632973647
730.0,14.14141414141414,7.608695652173914,52.87119546775645
763.0,1.7061611374407581,0.8604206500956023,49.39666237520029
761.0,20.783373301358914,11.59678858162355,54.808305172800345
753.0,20.636152055857256,11.505190311418685,54.73047417974867
721.0,31.189948263118993,18.476357267950963,58.30652647746592
676.0,36.915504511894994,22.635814889336018,60.54815308539593
668.0,51.66666666666667,34.831460674157306,66.89265279734681
651.0,47.21984602224123,30.90705487122061,64.8352909626644
660.0,62.20614828209765,45.14435695538058,72.15276926272801
667.0,53.799126637554586,36.79808841099164,67.8686439488182
713.0,49.568221070811745,32.95063145809414,65.89001636445768
723.0,48.161120840630474,31.718569780853517,65.26611040494551
746.0,44.08041697691735,28.2712511938873,63.382818860776844
735.0,39.88995873452545,24.914089347079038,61.58104739975529
691.0,47.29214340198322,30.96903096903097,64.7916586281404
673.0,50.77490774907749,34.025717111770525,66.3436098803354
657.0,46.78456591639871,30.535152151101784,64.60404996549778
628.0,46.988973706530956,30.70953436807095,64.72850212862355
595.0,47.76403425309229,31.374999999999996,65.13767526289433
557.0,47.96747967479675,31.550802139037433,65.26278593135292
520.0,53.14109165808445,36.18513323983169,67.63681919413757
448.0,64.12556053811659,47.194719471947195,73.27665418375872
27.0,0.0,0.0,49.97309470663265
30.0,0.0,0.0,49.97010522959184
20.0,0.0,0.0,49.98007015306122
21.0,48.837209302325576,32.30769230769231,66.10998213231291
33.0,68.08510638297872,51.61290322580645,75.7765377647858
24.0,59.25925925925925,42.10526315789473,71.01973159489887
23.0,15.384615384615385,8.333333333333332,54.13378045296607
29.0,73.68421052631578,58.333333333333336,79.14672569195183
27.0,67.6056338028169,51.06382978723404,75.50898460170443
46.0,63.30935251798561,46.31578947368421,73.10702902232842
35.0,73.68421052631578,58.333333333333336,79.14173696841573
26.0,58.42696629213483,41.269841269841265,70.59803130291664
40.0,57.14285714285714,40.0,69.97009330887632
34.0,70.76923076923077,54.761904761904766,77.36201034358672
28.0,0.0,0.0,49.84554368622449
44.0,68.85245901639344,52.5,76.2121015677983
37.0,57.831325301204814,40.67796610169492,70.30408912837179
28.0,72.72727272727273,57.14285714285714,78.55647522586673
47.0,52.69461077844312,35.77235772357724,67.80738687263998
40.0,67.41573033707866,50.847457627118644,75.39481324701363
23.0,65.51724137931035,48.717948717948715,74.3390369623996
46.0,46.808510638297875,30.555555555555557,65.17804108265291
39.0,58.620689655172406,41.46341463414634,70.68384325102076
26.0,61.76470588235294,44.680851063829785,72.31450588282706
65.0,41.55844155844156,26.229508196721312,62.93515639721123
68.0,40.0,25.0,62.305431941090774
73.0,37.05722070844686,22.74247491638796,61.14073534276331
65.0,45.32374100719424,29.30232558139535,64.49950553609308
57.0,40.79601990049751,25.624999999999996,62.693820434825966
73.0,34.57627118644068,20.901639344262296,60.25830096888926
64.0,44.285714285714285,28.440366972477065,64.06453835713289
55.0,34.61538461538461,20.930232558139537,60.295560515171175
71.0,36.36363636363637,22.22222222222222,60.92956135450749
65.0,52.10084033613446,35.22727272727273,67.49989569236685
59.0,55.90062111801242,38.793103448275865,69.32573725803911
73.0,43.389830508474574,27.705627705627705,63.68618709674744
63.0,46.38783269961977,30.198019801980198,64.95833345681172
62.0,65.27777777777779,48.45360824742268,74.1769327917478
70.0,43.30708661417323,27.63819095477387,63.67544311610125
63.0,49.79919678714859,33.155080213903744,66.45282445863005
62.0,54.88372093023256,37.82051282051282,68.81348286036317
70.0,55.144032921810705,38.06818181818182,68.92532801220612
60.0,43.7037037037037,27.96208530805687,63.829397503680255
65.0,57.399103139013455,40.25157232704403,70.03099848791537
64.0,54.385964912280706,37.34939759036144,68.57093537577697
59.0,37.54045307443366,23.107569721115535,61.361239268155835
64.0,55.26315789473685,38.18181818181819,68.98913909110864
64.0,51.2396694214876,34.44444444444444,67.10449065020642
65.0,31.265508684863523,18.529411764705884,58.988330490737994
71.0,34.645669291338585,20.952380952380953,60.227737073676
70.0,1.3937282229965158,0.7017543859649122,50.0688586176247
50.0,68.61313868613139,52.22222222222223,76.06822176562247
52.0,70.1492537313433,54.02298850574713,76.97159718730273
49.0,61.386138613861384,44.285714285714285,72.10396991581555
32.0,68.4931506849315,52.083333333333336,76.01873591752906
54.0,76.8,62.33766233766234,81.13990521926206
54.0,75.59055118110236,60.75949367088608,80.3488259928002
45.0,81.72043010752688,69.0909090909091,84.52850133631178
36.0,81.08108108108108,68.18181818181817,84.07694985188702
50.0,78.33333333333333,64.38356164383562,82.16584772929677
56.0,74.60317460317461,59.49367088607595,79.71491779058131
47.0,76.59574468085107,62.06896551724138,81.01254418662229
35.0,84.21052631578947,72.72727272727273,86.35167082438939
51.0,80.99173553719008,68.05555555555556,84.00483604976692
57.0,77.77777777777779,63.63636363636363,81.7902527579947
47.0,83.49514563106796,71.66666666666667,85.81637843336725
35.0,82.05128205128204,69.56521739130434,84.76864889986405
51.0,78.04878048780488,64.0,81.97306894350463
61.0,80.62015503875969,67.53246753246754,83.74129561285415
47.0,79.6116504854369,66.12903225806451,83.0435726763545
35.0,81.48148148148148,68.75,84.36004277765589
53.0,76.8,62.33766233766234,81.13990521926206
61.0,80.31496062992126,67.10526315789474,83.52769392308701
50.0,80.37383177570094,67.1875,83.5728057118066
35.0,80.48780487804879,67.3469387755102,83.65751501725474
58.0,81.81818181818183,69.23076923076923,84.591443032846
63.0,83.07692307692308,71.05263157894737,85.50436933881329
50.0,80.7017543859649,67.64705882352942,83.80158646343038
39.0,84.44444444444444,73.07692307692307,86.52450007210867
65.0,80.59701492537313,67.5,83.72406328558317
61.0,79.6875,66.23376623376623,83.09094795478835
51.0,82.14285714285714,69.6969696969697,84.82853671363546
38.0,83.14606741573034,71.15384615384616,85.56196466131846
96.0,93.61702127659575,88.0,93.98802108289411
101.0,92.82296650717703,86.60714285714286,93.2885950911845
95.0,77.57009345794393,63.358778625954194,81.63147842722461
79.0,68.14814814814815,51.68539325842697,75.7998081392873
64.0,82.43243243243244,70.11494252873564,85.03153092714344
66.0,79.19463087248322,65.55555555555556,82.74685014843045
51.0,81.30081300813008,68.4931506849315,84.2236331567737
74.0,73.17073170731707,57.692307692307686,78.8132400802206
58.0,76.2589928057554,61.627906976744185,80.78103446915937
64.0,77.14285714285715,62.7906976744186,81.36342672715783
50.0,83.47826086956522,71.64179104477611,85.80194403818761
43.0,88.63636363636364,79.59183673469387,89.78594569247609
64.0,80.27210884353741,67.04545454545455,83.49379497430559
65.0,76.92307692307693,62.5,81.21707966720535
51.0,80.0,66.66666666666666,83.3083961749724
42.0,84.78260869565217,73.58490566037736,86.77849108536948
68.0,80.0,66.66666666666666,83.30340277223507
65.0,79.72027972027972,66.27906976744185,83.11060373984336
51.0,80.0,66.66666666666666,83.3083961749724
53.0,84.61538461538461,73.33333333333333,86.65070879544669
70.0,81.81818181818183,69.23076923076923,84.58744775269429
68.0,80.53691275167785,67.41573033707866,83.67893229281101
53.0,80.62015503875969,67.53246753246754,83.74129561285415
64.0,75.0,60.0,79.96608478802992
72.0,82.27848101265823,69.89247311827957,84.91829858145026
68.0,78.94736842105263,65.21739130434783,82.57676972033579
55.0,76.59574468085107,62.06896551724138,81.00156308263011
74.0,82.05128205128204,69.56521739130434,84.75467127547338
75.0,83.22981366459628,71.27659574468085,85.61135660430475
70.0,81.04575163398692,68.13186813186813,84.0370000355234
62.0,79.19463087248322,65.55555555555556,82.74685014843045
76.0,84.81012658227847,73.62637362637363,86.78923901937732
96.0,0.0,0.0,49.43598533163265
104.0,6.882591093117409,3.563941299790356,51.32342881293671
95.0,16.75392670157068,9.142857142857142,54.09564657334367
88.0,12.021857923497267,6.395348837209303,52.71605185912476
78.0,79.28994082840237,65.68627450980392,82.80821338892979
69.0,87.5,77.77777777777779,88.8709294771594
68.0,79.48717948717949,65.95744680851064,82.94679619828493
52.0,60.37735849056604,43.24324324324324,71.55878248979909
31.0,85.71428571428571,75.0,87.49002911498425
90.0,63.07692307692307,46.06741573033708,72.93788800650283
83.0,84.26966292134831,72.81553398058253,86.37982343627039
81.0,78.49462365591397,64.60176991150442,82.26096718635716
52.0,47.61904761904761,31.25,65.51527650321191
32.0,68.13186813186813,51.66666666666667,75.80441719014857
98.0,61.12956810631229,44.01913875598086,71.89276560832347
94.0,80.56872037914692,67.46031746031747,83.68923321459705
89.0,75.70093457943925,60.902255639097746,80.39922643218486
65.0,45.56962025316456,29.508196721311474,64.62541235451073
64.0,53.246753246753244,36.283185840707965,68.06978679688734
106.0,64.12698412698413,47.19626168224299,73.4853000872523
98.0,77.87610619469027,63.76811594202898,81.8341458164066
93.0,73.36244541484717,57.931034482758626,78.90462927523701
82.0,55.68627450980392,38.58695652173913,69.18071506358386
64.0,51.42857142857142,34.61538461538461,67.22291442574301
114.0,62.57309941520468,45.53191489361702,72.63813384338124
103.0,71.04247104247105,55.08982035928144,77.47003596831574
94.0,72.64957264957265,57.04697986577181,78.45960620127744
85.0,55.223880597014926,38.144329896907216,68.95240925007829
66.0,50.24154589371981,33.5483870967742,66.67144835646307
116.0,62.75659824046921,45.72649572649573,72.73642288172236
103.0,66.9090909090909,50.27322404371585,75.04576464545029
95.0,71.07438016528926,55.12820512820513,77.49422833771007
84.0,55.84905660377358,38.7434554973822,69.25496594277517
64.0,47.706422018348626,31.32530120481928,65.54893262299858
117.0,61.756373937677054,44.67213114754098,72.20124623168888
103.0,62.585034013605444,45.54455445544555,72.66246171777948
95.0,69.87951807228916,53.70370370370371,76.77698511464408
86.0,55.072463768115945,38.0,68.87624750499002
63.0,43.75,28.000000000000004,63.87431922915794
120.0,61.62464985994398,44.534412955465584,72.13038707933867
103.0,60.9271523178808,43.80952380952381,71.78695981227727
96.0,67.6923076923077,51.162790697674424,75.49754292909596
75.0,53.93258426966292,36.92307692307693,68.33879377049583
65.0,46.017699115044245,29.88505747126437,64.82083054713965
117.0,62.57309941520468,45.53191489361702,72.63813384338124
97.0,86.27450980392157,75.86206896551724,87.90308367617821
84.0,85.20710059171599,74.22680412371135,87.08845395392018
50.0,75.0,60.0,79.97606701236538
27.0,81.35593220338984,68.57142857142857,84.27474762436479
119.0,64.88095238095238,48.01762114537445,73.89096848108997
98.0,82.1917808219178,69.76744186046511,84.84478789505307
84.0,78.94736842105263,65.21739130434783,82.56877628928694
53.0,72.0,56.25,78.09009146037383
29.0,73.52941176470588,58.139534883720934,79.05182163818756
117.0,72.22222222222221,56.52173913043478,78.18098459956792
101.0,82.14285714285714,69.6969696969697,84.8085519357782
86.0,78.57142857142857,64.70588235294117,82.31102417213916
54.0,73.52941176470588,58.139534883720934,79.03385793382073
29.0,70.4225352112676,54.347826086956516,77.15297627252653
118.0,72.0,56.25,78.0481183976676
101.0,78.29787234042553,64.33566433566433,82.11691770413118
86.0,77.38693467336684,63.114754098360656,81.51246597311095
54.0,72.22222222222221,56.52173913043478,78.22096851981
31.0,68.42105263157895,52.0,75.97607178464607
117.0,69.36026936026936,53.09278350515464,76.45552441888451
101.0,75.60975609756098,60.78431372549019,80.3322562976831
89.0,75.86206896551724,61.111111111111114,80.50665238383556
55.0,72.22222222222221,56.52173913043478,78.22096851981
45.0,59.57446808510638,42.42424242424242,71.17423336016302
120.0,70.46263345195729,54.395604395604394,77.11492982126207
101.0,78.29787234042553,64.33566433566433,82.11691770413118
87.0,77.0,62.601626016260155,81.25490390814805
54.0,73.38129496402878,57.95454545454546,78.94036499659941
45.0,58.06451612903226,40.909090909090914,70.41566132923887
121.0,68.93939393939394,52.601156069364166,76.21871719810427
102.0,78.29787234042553,64.33566433566433,82.11691770413118
88.0,75.86206896551724,61.111111111111114,80.50665238383556
56.0,74.64788732394366,59.55056179775281,79.73936924155342
43.0,61.702127659574465,44.61538461538462,72.27179783743487
121.0,67.96875,51.4792899408284,75.65779067106703
101.0,77.77777777777779,63.63636363636363,81.76627006815687
90.0,76.23762376237624,61.6,80.75209485219266
55.0,77.61194029850746,63.41463414634146,81.67739128911519
44.0,60.416666666666664,43.28358208955223,71.60390243728216
116.0,0.0,0.0,49.57549426020408
97.0,23.636363636363637,13.402061855670103,56.449719521089534
83.0,11.34020618556701,6.0109289617486334,52.83403021395515
41.0,60.60606060606061,43.47826086956522,71.71321130247541
21.0,72.3404255319149,56.666666666666664,78.32037454228886
70.0,0.0,0.0,49.930245535714285
53.0,0.0,0.0,49.947185905612244
53.0,0.0,0.0,49.947185905612244
67.0,0.0,0.0,49.9332350127551
38.0,0.0,0.0,49.962133290816325
85.0,0.0,0.0,49.9152981505102
66.0,74.4186046511628,59.25925925925925,79.59671389391306
55.0,68.53146853146853,52.12765957446809,76.0189437976476
76.0,71.94244604316546,56.17977528089888,78.05098567340639
65.0,0.0,0.0,49.935227997448976
77.0,72.8395061728395,57.28155339805825,78.59687941866518
64.0,62.37623762376238,45.32374100719424,72.58604187629483
60.0,69.51219512195121,53.271028037383175,76.58563273614405
71.0,72.72727272727273,57.14285714285714,78.52653272978118
71.0,65.24822695035462,48.421052631578945,74.16165338540847
79.0,53.14009661835749,36.18421052631579,67.99533943645851
73.0,57.14285714285714,40.0,69.89222417371866
59.0,80.31496062992126,67.10526315789474,83.52769392308701
63.0,72.6027397260274,56.98924731182796,78.454721814444
82.0,75.23809523809524,60.30534351145038,80.10077244039692
76.0,71.52317880794702,55.670103092783506,77.79215621101008
78.0,78.85714285714286,65.09433962264151,82.51024882223739
60.0,72.10884353741497,56.38297872340425,78.1505899741954
71.0,75.9493670886076,61.224489795918366,80.5743328539014
79.0,81.11111111111111,68.22429906542055,84.07821942872448
81.0,46.666666666666664,30.434782608695656,65.10567506359932
71.0,62.616822429906534,45.57823129251701,72.70928966689351
55.0,73.38129496402878,57.95454545454546,78.94036499659941
79.0,76.31578947368422,61.702127659574465,80.81514858975372
89.0,81.05263157894737,68.14159292035397,84.03486759932149
84.0,75.53191489361703,60.68376068376068,80.29597673944545
86.0,77.77777777777779,63.63636363636363,81.77026997597147
63.0,84.67153284671532,73.41772151898735,86.68791020280744
77.0,82.14285714285714,69.6969696969697,84.81854891139024
79.0,74.61139896373057,59.50413223140496,79.7031678241489
83.0,67.94871794871796,51.45631067961165,75.67827803796834
84.0,77.07317073170732,62.698412698412696,81.30229735265965
61.0,81.15942028985508,68.29268292682927,84.1204037140132
75.0,82.43243243243244,70.11494252873564,85.03153092714344
80.0,84.15300546448088,72.64150943396226,86.2918120235142
131.0,63.519313304721024,46.540880503144656,73.18561329855649
131.0,69.76744186046511,53.57142857142857,76.7078482153553
132.0,82.39202657807309,70.05649717514125,84.97530365030538
133.0,82.92682926829268,70.83333333333334,85.36772246305878
136.0,66.10169491525424,49.36708860759494,74.60370079707064
131.0,73.64016736401673,58.27814569536424,79.07618353287617
131.0,82.71186440677965,70.52023121387283,85.20917062751418
129.0,85.33333333333334,74.4186046511628,87.16534452506988
131.0,84.78964401294499,73.59550561797754,86.750795070953
137.0,86.66666666666667,76.47058823529412,88.19533088382218
130.0,78.49056603773586,64.59627329192547,82.2412186079375
129.0,82.35294117647058,70.0,84.94605394605395
118.0,82.73381294964028,70.5521472392638,85.22813210827576
124.0,80.65573770491802,67.58241758241759,83.7322712649866
137.0,83.22580645161291,71.27071823204419,85.58340795011804
129.0,84.98168498168498,73.88535031847134,86.90172430026644
128.0,84.45945945945947,73.09941520467837,86.50375447452954
131.0,90.64748201438849,82.89473684210526,91.42139439507861
129.0,83.76623376623377,72.06703910614524,85.9835665089341
134.0,83.22981366459628,71.27659574468085,85.58434319426999
130.0,75.86206896551724,61.111111111111114,80.49965394239472
129.0,84.13793103448276,72.61904761904762,86.2635734359273
122.0,88.715953307393,79.72027972027972,89.83117577560469
124.0,84.93150684931507,73.80952380952381,86.86080761722094
134.0,88.96551724137932,80.12422360248446,90.03014185299358
127.0,79.72027972027972,66.27906976744185,83.08160671465058
128.0,82.20064724919094,69.78021978021978,84.8351637373396
111.0,85.8267716535433,75.17241379310344,87.55025507199663
126.0,84.93150684931507,73.80952380952381,86.86080761722094
137.0,71.26436781609196,55.35714285714286,77.5786753205238
130.0,73.46938775510205,58.06451612903226,78.94134897360703
128.0,83.00653594771242,70.94972067039106,85.42291124530362
118.0,85.60885608856088,74.83870967741936,87.380401582617
125.0,83.33333333333334,71.42857142857143,85.66433666231872
137.0,66.16541353383458,49.43820224719101,74.58421981914343
117.0,82.49027237354085,70.19867549668875,85.05440066026767
125.0,83.04498269896193,71.00591715976331,85.45401339848482
114.0,87.05882352941177,77.08333333333334,88.50870951096907
121.0,83.44827586206897,71.59763313609467,85.75086931003115
137.0,75.21865889212827,60.280373831775705,80.05526674085239
127.0,0.0,0.0,49.84355070153062
130.0,48.58757062146893,32.08955223880597,65.77203249840672
132.0,40.61538461538461,25.482625482625483,62.355652122657155
130.0,46.994535519125684,30.714285714285715,65.06641614025673
130.0,40.72249589490969,25.56701030927835,62.42288020458723
12.0,18.75,10.344827586206897,55.146503442915105
13.0,33.33333333333333,20.0,59.9681071599426
13.0,37.2093023255814,22.857142857142858,61.401661844772995
7.0,0.0,0.0,49.99302455357143
13.0,42.857142857142854,27.27272727272727,63.61244352952049
13.0,43.47826086956522,27.77777777777778,63.86297492325479
14.0,34.04255319148936,20.51282051282051,60.22551406760465
7.0,0.0,0.0,49.98007015306122
13.0,38.297872340425535,23.684210526315788,61.813201800722425
16.0,56.14035087719298,39.02439024390244,69.4872748667678
15.0,43.333333333333336,27.659574468085108,63.79589771387829
8.0,0.0,0.0,49.96811224489796
13.0,37.5,23.076923076923077,61.50856140490761
16.0,54.23728813559322,37.2093023255814,68.5777372871926
15.0,42.62295081967213,27.083333333333332,63.50678039590933
10.0,0.0,0.0,49.957150829081634
14.0,33.33333333333333,20.0,59.96411983973529
16.0,48.484848484848484,32.0,65.96610845295055
15.0,41.269841269841265,26.0,62.96312022805653
11.0,0.0,0.0,49.95316485969388
12.0,34.61538461538461,20.930232558139537,60.43122946104198
17.0,46.875,30.612244897959183,65.27223157758549
17.0,46.15384615384615,30.0,64.96511233827077
12.0,21.50537634408602,12.048192771084338,55.95133794356951
15.0,39.285714285714285,24.444444444444443,62.188334053180064
17.0,46.15384615384615,30.0,64.96511233827077
18.0,47.76119402985074,31.372549019607842,65.65138615254715
15.0,28.865979381443296,16.867469879518072,58.36495777776389
17.0,44.06779661016949,28.26086956521739,64.0975420130375
20.0,55.072463768115945,38.0,68.96909703530913
18.0,47.05882352941176,30.76923076923077,65.34873021715126
15.0,30.927835051546392,18.29268292682927,59.07955651096153
16.0,26.41509433962264,15.217391304347828,57.569827028123214
13.0,32.0,19.047619047619047,59.4729762569249
13.0,23.52941176470588,13.333333333333334,56.627798817354325
27.0,0.0,0.0,49.95814732142857
15.0,32.35294117647059,19.298245614035086,59.60327410772521
13.0,38.80597014925373,24.074074074074073,61.99617026272131
13.0,29.333333333333332,17.1875,58.540924324728394
11.0,0.0,0.0,49.95615433673469
13.0,36.36363636363637,22.22222222222222,61.07622692660368
14.0,46.666666666666664,30.434782608695656,65.18549464950951
13.0,35.483870967741936,21.568627450980394,60.74444529132295
14.0,0.0,0.0,49.9641262755102
14.0,38.70967741935484,24.0,61.96212423251735
14.0,40.0,25.0,62.458135640524695
14.0,32.0,19.047619047619047,59.4729762569249
13.0,20.689655172413794,11.538461538461538,55.72338663927262
16.0,44.776119402985074,28.846153846153843,64.38619568067745
15.0,41.0958904109589,25.862068965517242,62.888172498348425
14.0,36.11111111111111,22.033898305084744,60.97109862526131
13.0,15.873015873015872,8.620689655172415,54.25752546978987
14.0,37.142857142857146,22.807017543859647,61.359651745834896
17.0,46.57534246575342,30.357142857142854,65.139695055438
17.0,42.66666666666667,27.11864406779661,63.51645919498283
15.0,28.205128205128204,16.417910447761194,58.15313941604645
14.0,35.61643835616438,21.666666666666668,60.7864860554592
17.0,45.33333333333333,29.310344827586203,64.61430238049898
17.0,39.473684210526315,24.59016393442623,62.24922961179755
14.0,34.48275862068966,20.833333333333336,60.37879240920145
19.0,45.0,29.03225806451613,64.4722676342757
19.0,48.10126582278481,31.666666666666664,65.79246167035508
17.0,41.02564102564102,25.806451612903224,62.85737253691413
14.0,36.92307692307693,22.641509433962266,61.27988875732879
29.0,0.0,0.0,49.53364158163265
31.0,0.0,0.0,49.5296556122449
31.0,0.0,0.0,49.43797831632653
28.0,0.0,0.0,49.51869419642857
52.0,76.78571428571429,62.31884057971014,81.13348926637752
61.0,66.66666666666666,50.0,74.96210459132793
63.0,61.261261261261254,44.15584415584416,72.03504385208346
66.0,67.21311475409836,50.617283950617285,75.26874968449384
73.0,75.77639751552795,61.0,80.46108949416342
67.0,72.72727272727273,57.14285714285714,78.5295291300878
57.0,74.6268656716418,59.523809523809526,79.72799022653389
41.0,61.29032258064516,44.18604651162791,72.04515537117555
23.0,30.666666666666664,18.11023622047244,58.951435379392606
52.0,80.3921568627451,67.21311475409836,83.58661123164177
63.0,73.04347826086956,57.534246575342465,78.73620614561194
69.0,70.39999999999999,54.32098765432099,77.12359124996428
71.0,77.37226277372264,63.095238095238095,81.51669512047981
75.0,79.5031055900621,65.97938144329896,82.95676447643876
69.0,81.04575163398692,68.13186813186813,84.0370000355234
59.0,75.55555555555556,60.71428571428571,80.32422515140719
42.0,84.78260869565217,73.58490566037736,86.77849108536948
26.0,44.776119402985074,28.846153846153843,64.38619568067745
51.0,83.49514563106796,71.66666666666667,85.81637843336725
63.0,73.77049180327869,58.44155844155844,79.18886284169243
70.0,73.2824427480916,57.831325301204814,78.8807520218121
73.0,78.87323943661971,65.11627906976744,82.52821136249744
78.0,79.76190476190477,66.33663366336634,83.13439079045305
72.0,81.25,68.42105263157895,84.18059276826497
61.0,80.57553956834532,67.46987951807229,83.70800440388851
43.0,84.78260869565217,73.58490566037736,86.77849108536948
28.0,32.78688524590164,19.607843137254903,59.76305723820445
52.0,82.6923076923077,70.49180327868852,85.22794939232135
63.0,76.19047619047619,61.53846153846154,80.7393073731248
70.0,75.55555555555556,60.71428571428571,80.32422515140719
77.0,81.57894736842105,68.88888888888889,84.41650813922035
79.0,81.87134502923976,69.3069306930693,84.622530927503
72.0,81.98757763975155,69.47368421052632,84.70790576521128
62.0,87.59124087591242,77.92207792207793,88.94407830974995
45.0,84.78260869565217,73.58490566037736,86.77849108536948
28.0,25.454545454545453,14.583333333333334,57.250804779844124
51.0,85.71428571428571,75.0,87.48503919730307
65.0,79.06976744186046,65.38461538461539,82.66537502397851
71.0,79.13669064748201,65.47619047619048,82.70916524866965
76.0,82.80254777070064,70.65217391304348,85.2991467637497
79.0,85.20710059171599,74.22680412371135,87.08845395392018
74.0,80.98159509202453,68.04123711340206,83.9896866069904
62.0,88.05970149253731,78.66666666666666,89.31737068592827
46.0,85.41666666666666,74.54545454545455,87.2587649709421
28.0,20.0,11.11111111111111,55.515691889294175
52.0,85.71428571428571,75.0,87.48404085541014
66.0,83.33333333333334,71.42857142857143,85.69233882575595
74.0,84.35374149659864,72.94117647058823,86.4476405560029
78.0,86.25,75.82417582417582,87.89013489155187
80.0,84.21052631578947,72.72727272727273,86.33669240706602
76.0,85.71428571428571,75.0,87.47704911489413
60.0,88.7218045112782,79.72972972972973,89.8498998829226
47.0,86.0,75.43859649122807,87.70533538681843
29.0,31.372549019607842,18.6046511627907,59.26744278758256
54.0,85.96491228070175,75.38461538461539,87.67634822934363
67.0,83.33333333333334,71.42857142857143,85.69233882575595
75.0,82.43243243243244,70.11494252873564,85.03153092714344
79.0,85.71428571428571,75.0,87.47704911489413
80.0,84.02366863905326,72.44897959183673,86.1975463770979
78.0,86.95652173913044,76.92307692307693,88.44058288735572
58.0,88.37209302325581,79.16666666666666,89.56836894856907
45.0,85.71428571428571,75.0,87.48603741971517
31.0,24.489795918367346,13.953488372093023,56.939869559775836
54.0,85.21739130434783,74.24242424242425,87.1042551918128
67.0,84.21052631578947,72.72727272727273,86.34268664296597
74.0,84.35374149659864,72.94117647058823,86.4476405560029
80.0,87.11656441717791,77.17391304347827,88.56600052932319
82.0,87.05882352941177,77.08333333333334,88.51971145529787
76.0,86.62420382165605,76.40449438202246,88.18129245324481
60.0,89.92248062015504,81.69014084507043,90.83210103030088
46.0,86.0,75.43859649122807,87.70533538681843
32.0,25.0,14.285714285714285,57.10099862464869
64.0,59.13978494623656,41.98473282442748,70.91654988820186
67.0,60.37735849056604,43.24324324324324,71.55878248979909
73.0,73.91304347826086,58.620689655172406,79.2744346031473
74.0,71.60493827160494,55.769230769230774,77.838723689017
77.0,80.89887640449437,67.9245283018868,83.92833472415113
69.0,80.2547770700637,67.02127659574468,83.47970819989376
59.0,72.46376811594203,56.81818181818182,78.3711864283823
47.0,68.8,52.4390243902439,76.18061565990563
68.0,54.761904761904766,37.704918032786885,68.77665610396575
54.0,83.33333333333334,71.42857142857143,85.6963327510494
64.0,75.80645161290323,61.038961038961034,80.4895577203024
72.0,75.55555555555556,60.71428571428571,80.32422515140719
75.0,74.83870967741936,59.79381443298969,79.85799903979188
78.0,78.57142857142857,64.70588235294117,82.31702020261308
72.0,80.0,66.66666666666666,83.30140485312899
62.0,78.87323943661971,65.11627906976744,82.52821136249744
48.0,81.9047619047619,69.35483870967742,84.65846976075898
35.0,65.95744680851064,49.2063492063492,74.5712671348328
54.0,84.95575221238938,73.84615384615385,86.9061203319502
64.0,76.92307692307693,62.5,81.22007540996688
72.0,75.71428571428571,60.91954022988506,80.42585354969304
78.0,77.21518987341773,62.88659793814433,81.40738157906917
79.0,79.53216374269006,66.01941747572816,82.97478417492003
73.0,78.04878048780488,64.0,81.96408045977012
61.0,80.85106382978722,67.85714285714286,83.90163553599577
49.0,83.80952380952381,72.1311475409836,86.04861853232057
37.0,73.17073170731707,57.692307692307686,78.82421789911919
55.0,84.21052631578947,72.72727272727273,86.34568232597279
65.0,76.33587786259542,61.72839506172839,80.83327545449664
72.0,78.32167832167832,64.36781609195403,82.15298226784454
76.0,78.48101265822784,64.58333333333334,82.25774401032314
80.0,81.35593220338984,68.57142857142857,84.25278278323944
73.0,78.52760736196319,64.64646464646465,82.28831054800882
63.0,83.33333333333334,71.42857142857143,85.69034126540711
53.0,84.68468468468468,73.4375,86.7017937471324
36.0,79.45205479452055,65.9090909090909,82.93958942527152
56.0,83.47826086956522,71.64179104477611,85.80194403818761
65.0,78.19548872180451,64.19753086419753,82.0698371741784
73.0,79.45205479452055,65.9090909090909,82.92461608785085
79.0,79.01234567901234,65.3061224489796,82.61913721427267
82.0,81.31868131868131,68.51851851851852,84.22532847805293
74.0,79.51807228915662,66.0,82.96607463580123
62.0,81.94444444444444,69.41176470588235,84.67994305090794
53.0,84.68468468468468,73.4375,86.7017937471324
37.0,75.36231884057972,60.46511627906976,80.21560898699252
55.0,87.17948717948718,77.27272727272727,88.62140104284742
65.0,81.203007518797,68.35443037974683,84.15227604139571
75.0,81.87919463087249,69.31818181818183,84.63215286658867
78.0,80.98159509202453,68.04123711340206,83.9896866069904
82.0,81.52173913043478,68.80733944954129,84.36973826631672
78.0,77.64705882352942,63.46153846153846,81.69285264725296
62.0,85.1063829787234,74.07407407407408,87.01608564426826
55.0,82.75862068965517,70.58823529411765,85.27416871632153
36.0,72.46376811594203,56.81818181818182,78.39014811632507
56.0,86.20689655172413,75.75757575757575,87.86282809743689
66.0,81.81818181818183,69.23076923076923,84.591443032846
75.0,81.08108108108108,68.18181818181817,84.06297390055072
78.0,82.14285714285714,69.6969696969697,84.81854891139024
82.0,81.52173913043478,68.80733944954129,84.36973826631672
77.0,77.64705882352942,63.46153846153846,81.69285264725296
60.0,82.6086956521739,70.37037037037037,85.16124216956237
52.0,83.1858407079646,71.21212121212122,85.58710949991446
36.0,64.70588235294117,47.82608695652174,73.88911717128634
56.0,85.47008547008546,74.6268656716418,87.29647556813546
67.0,82.44274809160305,70.12987012987013,85.04199104833556
74.0,82.99319727891157,70.93023255813954,85.44017364712325
79.0,85.71428571428571,75.0,87.47604981638193
83.0,81.9672131147541,69.44444444444444,84.68928874784048
77.0,78.61271676300578,64.76190476190476,82.34403212869725
63.0,84.89208633093526,73.75,86.85404902528084
54.0,84.95575221238938,73.84615384615385,86.9061203319502
38.0,52.77777777777778,35.84905660377358,67.89063472770971
126.0,5.88235294117647,3.0303030303030303,51.03669215429348
133.0,7.563025210084033,3.9301310043668125,51.52645152235965
140.0,6.342494714587738,3.2751091703056767,51.19597646669427
136.0,6.048387096774194,3.118503118503119,51.09474726308522
136.0,8.26086956521739,4.308390022675737,51.73351594361053
136.0,11.063829787234042,5.8558558558558556,52.51117817718017
126.0,11.209439528023598,5.9375,52.668692181549936
120.0,6.637168141592921,3.4324942791762014,51.295601618167076
123.0,8.433734939759036,4.40251572327044,51.74666709301794
41.0,23.58490566037736,13.368983957219251,56.52297974555346
58.0,40.16064257028113,25.125628140703515,62.41418860652062
70.0,53.91304347826087,36.904761904761905,68.34662208260404
57.0,59.88023952095808,42.73504273504273,71.30068978311407
56.0,66.66666666666666,50.0,74.9551175919092
46.0,49.03225806451613,32.47863247863248,66.16053367918221
30.0,43.69747899159664,27.956989247311824,63.911695022459504
20.0,44.44444444444444,28.57142857142857,64.24584187742082
45.0,32.35294117647059,19.298245614035086,59.51151636145187
79.0,52.81385281385281,35.88235294117647,67.8324265953014
79.0,71.28712871287128,55.38461538461539,77.63442808189735
70.0,83.11688311688312,71.11111111111111,85.52961366538953
62.0,84.61538461538461,73.33333333333333,86.64671494982143
54.0,84.7457627118644,73.52941176470588,86.74675112833307
37.0,81.3953488372093,68.62745098039215,84.29777048331547
22.0,55.26315789473685,38.18181818181819,69.05701416517886
48.0,41.05263157894737,25.82781456953642,62.80221332621465
83.0,51.162790697674424,34.375,67.0617765914987
84.0,66.66666666666666,50.0,74.92315215872573
75.0,81.437125748503,68.68686868686868,84.31250115911249
61.0,69.04761904761905,52.72727272727272,76.31175879469905
55.0,81.81818181818183,69.23076923076923,84.591443032846
41.0,75.24752475247524,60.317460317460316,80.13379896881432
30.0,62.365591397849464,45.3125,72.62135259836083
50.0,30.418250950570343,17.937219730941703,58.78610627523629
96.0,49.829351535836174,33.18181818181819,66.44421128838229
85.0,57.77777777777777,40.625,70.19872300291429
77.0,86.90476190476191,76.84210526315789,88.39909785841166
70.0,63.8095238095238,46.85314685314685,73.35073874617669
58.0,79.72027972027972,66.27906976744185,83.11060373984336
44.0,77.06422018348624,62.68656716417911,81.31835040300949
27.0,56.84210526315789,39.705882352941174,69.81206299345597
60.0,40.51724137931034,25.405405405405407,62.56505782648335
100.0,55.51330798479087,38.421052631578945,69.09376684030897
93.0,51.204819277108435,34.41295546558704,67.04477203715958
81.0,86.66666666666667,76.47058823529412,88.21134106562901
83.0,75.86206896551724,61.111111111111114,80.50665238383556
58.0,72.61146496815286,56.99999999999999,78.45710209700911
46.0,82.35294117647058,70.0,84.98204811106235
32.0,66.66666666666666,50.0,74.96908964004388
62.0,47.34299516908212,31.0126582278481,65.39760527248131
100.0,66.37554585152839,49.673202614379086,74.75975499980431
105.0,65.23297491039428,48.40425531914894,74.10529227972023
84.0,78.43137254901961,64.51612903225806,82.21414883423826
86.0,68.3982683982684,51.973684210526315,75.91398345105233
61.0,71.34502923976608,55.45454545454545,77.67838516865754
49.0,84.11214953271028,72.58064516129032,86.27336700425529
29.0,59.79381443298969,42.64705882352941,71.28464373565248
72.0,61.98830409356725,44.91525423728814,72.39278662625534
102.0,67.55555555555556,51.006711409395976,75.43050141328082
107.0,79.46428571428571,65.92592592592592,82.91704286393527
82.0,83.69565217391305,71.96261682242991,85.95136769383535
88.0,84.1025641025641,72.56637168141593,86.25224401134717
61.0,76.12903225806451,61.458333333333336,80.69225304454244
50.0,85.71428571428571,75.0,87.48404085541014
35.0,68.04123711340206,51.5625,75.75033840715554
71.0,39.405204460966544,24.537037037037038,62.105918514528334
106.0,47.27272727272727,30.952380952380953,65.30253084905966
111.0,47.25274725274725,30.935251798561154,65.27597087831832
89.0,65.06024096385542,48.214285714285715,74.02030784366845
88.0,55.633802816901415,38.53658536585366,69.14253664963142
81.0,81.05263157894737,68.14159292035397,84.03486759932149
50.0,86.48648648648648,76.19047619047619,88.0802763971851
34.0,77.64705882352942,63.46153846153846,81.71182341580004
156.0,25.857519788918204,14.84848484848485,57.143954355935925
137.0,50.0,33.33333333333333,66.51297098411811
89.0,75.0,60.0,79.95609658750749
81.0,81.48148148148148,68.75,84.34506585511873
92.0,62.637362637362635,45.6,72.73216145573535
145.0,60.273972602739725,43.13725490196079,71.48181843082473
174.0,46.400000000000006,30.208333333333332,64.97048216209745
174.0,17.293233082706767,9.465020576131687,54.51318143435818
153.0,38.970588235294116,24.200913242009133,61.93486397890413
115.0,72.03791469194313,56.2962962962963,78.08926591261921
93.0,77.34806629834254,63.06306306306306,81.49061826765096
83.0,86.58536585365853,76.34408602150538,88.150089113936
89.0,74.21383647798741,59.0,79.45909571602449
75.0,84.76821192052981,73.5632183908046,86.75866060025544
50.0,81.9047619047619,69.35483870967742,84.65846976075898
179.0,33.07692307692307,19.81566820276498,59.73429571349427
152.0,50.20242914979757,33.513513513513516,66.63403655880809
127.0,70.0,53.84615384615385,76.85120915976142
107.0,82.85714285714286,70.73170731707317,85.32991762467685
92.0,87.77777777777777,78.21782178217822,89.08695348845023
90.0,76.92307692307693,62.5,81.21108638821816
94.0,77.27272727272727,62.96296296296296,81.44156769525972
55.0,85.21739130434783,74.24242424242425,87.1042551918128
43.0,59.199999999999996,42.04545454545455,70.97186865967157
150.0,36.144578313253014,22.058823529411764,60.81790246627823
131.0,51.80722891566265,34.959349593495936,67.31996227927941
124.0,77.11864406779661,62.758620689655174,81.32540198903244
97.0,86.48648648648648,76.19047619047619,88.07028600325471
103.0,78.75647668393782,64.95726495726495,82.43771431495983
100.0,80.0,66.66666666666666,83.2934099861599
54.0,79.36507936507937,65.78947368421053,82.86880219740989
174.0,18.88111888111888,10.424710424710424,54.98104451822372
150.0,46.464646464646464,30.263157894736842,64.97291848076695
134.0,56.45645645645646,39.33054393305439,69.52050937717374
126.0,78.62595419847328,64.77987421383648,82.33401874772267
103.0,85.29411764705883,74.35897435897436,87.14954048460407
103.0,78.81773399014779,65.04065040650406,82.4774076050406
107.0,79.82456140350878,66.42335766423358,83.1657568994024
91.0,70.51282051282051,54.45544554455446,77.18183382353318
176.0,28.14814814814815,16.379310344827587,57.996189138666935
151.0,43.67088607594937,27.93522267206478,63.78999144260432
135.0,54.492753623188406,37.45019920318725,68.56835666001781
129.0,78.19548872180451,64.19753086419753,82.0408488320029
116.0,81.44796380090497,68.70229007633588,84.31021543708181
112.0,83.4862385321101,71.65354330708661,85.79083274967986
116.0,80.68669527896995,67.62589928057554,83.76802331945395
74.0,71.89542483660131,56.12244897959183,78.01832829857867
180.0,18.118466898954704,9.961685823754788,54.74654580320342
149.0,54.81481481481482,37.755102040816325,68.75579939372659
139.0,58.99705014749262,41.84100418410041,70.781713051392
126.0,61.53846153846154,44.44444444444444,72.09240915304184
124.0,82.6086956521739,70.37037037037037,85.14524988037897
110.0,83.25358851674642,71.31147540983606,85.62079989422107
109.0,86.91588785046729,76.85950413223141,88.40179846908677
81.0,74.02597402597402,58.76288659793815,79.34153827293105
60.0,55.94405594405595,38.83495145631068,69.35464662332049
138.0,43.343653250774,27.66798418972332,63.651379234126416
138.0,52.07756232686981,35.2059925093633,67.43027951014268
129.0,56.9060773480663,39.768339768339764,69.72839731212507
124.0,83.55555555555556,71.7557251908397,85.84092317606759
111.0,78.64077669902912,64.8,82.35608344146122
109.0,79.81220657276995,66.40625,83.16020311782556
99.0,66.26506024096386,49.549549549549546,74.71890996760811
147.0,35.55555555555556,21.62162162162162,60.66620414095283
153.0,28.764044943820227,16.79790026246719,58.08265862420934
168.0,31.60270880361174,18.766756032171582,59.081019017163506
175.0,37.23916532905297,22.879684418145956,61.04931084670782
172.0,17.366946778711483,9.509202453987731,54.165943366914846
169.0,11.742424242424242,6.237424547283702,52.65405976591426
173.0,0.0,0.0,49.630301339285715
174.0,33.811802232854866,20.34548944337812,59.75832490942623
169.0,25.21891418563923,14.428857715430862,56.788315174177185
27.0,72.72727272727273,57.14285714285714,78.55348312558394
30.0,66.66666666666666,50.0,74.9710850100704
51.0,72.72727272727273,57.14285714285714,78.53851546203737
64.0,75.86206896551724,61.111111111111114,80.5206400510764
69.0,83.91608391608392,72.28915662650603,86.12163154974435
78.0,82.35294117647058,70.0,84.97306088240576
66.0,69.51219512195121,53.271028037383175,76.58563273614405
57.0,73.38129496402878,57.95454545454546,78.94036499659941
35.0,73.97260273972603,58.69565217391305,79.32888253873024
33.0,77.92207792207793,63.829787234042556,81.8979431124945
40.0,78.0,63.934426229508205,81.94527323003823
63.0,74.66666666666667,59.57446808510638,79.74932502419725
76.0,78.16091954022988,64.15094339622641,82.03755360120253
79.0,82.14285714285714,69.6969696969697,84.81854891139024
81.0,84.472049689441,73.11827956989248,86.53419366855763
69.0,71.76470588235294,55.96330275229357,77.93376152280946
57.0,64.28571428571429,47.368421052631575,73.62435656996928
42.0,74.15730337078652,58.92857142857143,79.44135130669143
33.0,79.01234567901234,65.3061224489796,82.63611004388991
41.0,77.66990291262135,63.49206349206349,81.72309413633013
70.0,73.44632768361582,58.03571428571429,78.97096125173545
82.0,79.14438502673798,65.48672566371681,82.70444222988644
88.0,84.57142857142857,73.26732673267327,86.6067183342022
82.0,78.61271676300578,64.76190476190476,82.34403212869725
74.0,69.6969696969697,53.48837209302325,76.6843141723224
63.0,16.528925619834713,9.00900900900901,54.40383871492591
47.0,53.70370370370371,36.708860759493675,68.30457694883371
34.0,56.14035087719298,39.02439024390244,69.46233870842218
46.0,84.31372549019608,72.88135593220339,86.42472041319242
74.0,75.0,60.0,79.95809470596451
92.0,80.0,66.66666666666666,83.29241026869485
93.0,82.41758241758241,70.09345794392523,85.01479348165304
86.0,80.0,66.66666666666666,83.29540918163673
80.0,70.53140096618358,54.47761194029851,77.17793137182181
68.0,0.0,0.0,49.8893893494898
49.0,0.0,0.0,49.92625956632653
36.0,61.111111111111114,44.0,71.95811977743654
48.0,79.64601769911505,66.17647058823529,83.06529539664902
81.0,75.0,60.0,79.95409822978826
98.0,77.67857142857143,63.503649635036496,81.70191365937973
104.0,78.07486631016043,64.03508771929825,81.97662814601921
88.0,73.29842931937172,57.85123966942148,78.87472772598126
83.0,49.00662251655629,32.45614035087719,66.15128364200156
75.0,0.0,0.0,49.901347257653065
59.0,0.0,0.0,49.91729113520408
35.0,60.78431372549019,43.66197183098591,71.7911015800657
59.0,73.6,58.22784810126582,79.08100962813141
84.0,72.3404255319149,56.666666666666664,78.28144541124504
100.0,78.26086956521739,64.28571428571429,82.09294299519114
105.0,83.49514563106796,71.66666666666667,85.79939442337127
92.0,73.36244541484717,57.931034482758626,78.90462927523701
87.0,73.0,57.48031496062992,78.68626849163165
76.0,0.0,0.0,49.88241390306122
57.0,0.0,0.0,49.91131218112245
38.0,52.892561983471076,35.95505617977528,67.92069177846454
64.0,67.14285714285714,50.53763440860215,75.22293557889462
95.0,76.55502392344498,62.01550387596899,80.95884583769704
101.0,75.10917030567686,60.13986013986013,80.01303248558189
107.0,79.6116504854369,66.12903225806451,83.02259494086601
101.0,77.96610169491525,63.888888888888886,81.89253165792579
98.0,71.35135135135135,55.46218487394958,77.6782087810179
76.0,0.0,0.0,49.87842793367347
61.0,0.0,0.0,49.90931919642857
45.0,55.46218487394958,38.372093023255815,69.13319765934544
62.0,65.24822695035462,48.421052631578945,74.16165338540847
90.0,68.12227074235808,51.65562913907284,75.7549573696482
102.0,75.55555555555556,60.71428571428571,80.30224277529182
108.0,76.84729064039408,62.4,81.15309193979799
105.0,78.00829875518673,63.94557823129252,81.91987589333085
102.0,72.16494845360825,56.451612903225815,78.17192068942873
81.0,0.0,0.0,49.87244897959184
82.0,0.0,0.0,49.8844068877551
35.0,75.29411764705883,60.37735849056604,80.16773955160083
37.0,66.66666666666666,50.0,74.96410051854807
63.0,70.34482758620689,54.25531914893617,77.08476680638829
82.0,75.28089887640449,60.36036036036037,80.13627589152944
71.0,79.5031055900621,65.97938144329896,82.95676447643876
81.0,81.76100628930818,69.14893617021278,84.54553232249937
75.0,69.5187165775401,53.278688524590166,76.58247052199853
58.0,68.42105263157895,52.0,75.95211874551113
42.0,73.17073170731707,57.692307692307686,78.82421789911919
35.0,62.264150943396224,45.20547945205479,72.56285379977648
42.0,59.25925925925925,42.10526315789473,70.99778077313917
73.0,69.51219512195121,53.271028037383175,76.58563273614405
86.0,76.14213197969542,61.47540983606557,80.6907996666406
92.0,85.26315789473684,74.31192660550458,87.12801640186399
82.0,82.92682926829268,70.83333333333334,85.38872701631144
77.0,70.58823529411765,54.54545454545454,77.21784800711163
60.0,62.637362637362635,45.6,72.73216145573535
45.0,64.91228070175438,48.05194805194805,73.98608491769504
37.0,58.333333333333336,41.17647058823529,70.53837589761578
57.0,58.108108108108105,40.95238095238095,70.41435495866708
78.0,69.71428571428572,53.50877192982456,76.70150758518565
94.0,74.77477477477478,59.71223021582733,79.80021907453575
98.0,85.71428571428571,75.0,87.47105152827966
87.0,83.79888268156425,72.11538461538461,86.02875076959926
87.0,72.81553398058253,57.25190839694656,78.57006709043152
70.0,58.59872611464968,41.44144144144144,70.65588928246021
47.0,59.541984732824424,42.391304347826086,71.14279699709752
37.0,50.37037037037037,33.663366336633665,66.76487290945201
62.0,57.324840764331206,40.17857142857143,70.02246079557275
81.0,67.02127659574468,50.4,75.13813980404286
100.0,79.29515418502203,65.69343065693431,82.7997960296611
103.0,86.79245283018868,76.66666666666667,88.30538029443869
89.0,81.02564102564102,68.10344827586206,84.01479577894746
89.0,71.96261682242991,56.20437956204379,78.04230834626271
74.0,57.30994152046783,40.16393442622951,70.00915216334118
52.0,63.829787234042556,46.875,73.38663327083043
36.0,50.0,33.33333333333333,66.60085488835264
62.0,56.60377358490566,39.473684210526315,69.66802241285725
90.0,58.00865800865801,40.853658536585364,70.33004026831264
101.0,78.60262008733623,64.74820143884892,82.32518485471176
107.0,86.63594470046083,76.42276422764228,88.18242959595045
97.0,83.33333333333334,71.42857142857143,85.68034748186871
89.0,71.96261682242991,56.20437956204379,78.04230834626271
76.0,49.03225806451613,32.47863247863248,66.16053367918221
53.0,59.74025974025974,42.592592592592595,71.23445707826318
44.0,46.35761589403973,30.17241379310345,65.0054346742187
65.0,55.483870967741936,38.392857142857146,69.12761162450738
94.0,58.723404255319146,41.566265060240966,70.68633966684789
104.0,80.34188034188034,67.14285714285714,83.52550388790954
106.0,85.45454545454545,74.60317460317461,87.26963969566101
98.0,81.81818181818183,69.23076923076923,84.5754532972518
90.0,73.73737373737373,58.4,79.14810689978644
82.0,63.96396396396396,47.019867549668874,73.43010142277376
53.0,56.96969696969697,39.83050847457627,69.84443694589991
45.0,45.94594594594595,29.82456140350877,64.8325072583337
67.0,57.324840764331206,40.17857142857143,70.02246079557275
97.0,57.74058577405857,40.588235294117645,70.19333332550694
104.0,77.36625514403292,63.08724832214765,81.48871421338804
108.0,83.55555555555556,71.7557251908397,85.84092317606759
102.0,81.41592920353983,68.65671641791045,84.28642865061325
92.0,73.95833333333334,58.67768595041323,79.28894775516869
84.0,53.608247422680414,36.61971830985916,68.22008180276296
59.0,60.431654676258994,43.29896907216495,71.59463154210633
51.0,47.5609756097561,31.2,65.51423499611066
67.0,53.84615384615385,36.84210526315789,68.34924507582836
94.0,57.49999999999999,40.35087719298245,70.07365641036952
103.0,78.15126050420169,64.13793103448275,82.01705169418764
109.0,82.45614035087719,70.1492537313433,85.0346923582638
104.0,82.25108225108225,69.85294117647058,84.88553690080892
92.0,72.82051282051282,57.25806451612904,78.57614332482432
86.0,35.978835978835974,21.935483870967744,60.84708460231008
62.0,56.80473372781065,39.66942148760331,69.76189714661047
47.0,61.78861788617886,44.70588235294118,72.30607053942883
67.0,56.09756097560976,38.983050847457626,69.41971213827101
92.0,30.76923076923077,18.181818181818183,58.96528095020558
104.0,30.845771144278604,18.235294117647058,58.9790489932138
104.0,68.12227074235808,51.65562913907284,75.7549573696482
101.0,72.83236994219652,57.27272727272727,78.58946961684774
95.0,39.455782312925166,24.576271186440678,62.19939648619499
82.0,26.38888888888889,15.2,57.494331798153794
60.0,3.8461538461538463,1.9607843137254901,50.880738950022554
14.0,47.82608695652174,31.428571428571427,65.69036465378537
22.0,66.66666666666666,50.0,74.98006220591753
24.0,80.7017543859649,67.64705882352942,83.81256296907932
31.0,75.0,60.0,79.98205348062773
36.0,84.61538461538461,73.33333333333333,86.6547008887914
27.0,76.47058823529412,61.904761904761905,80.93642880881167
35.0,69.1358024691358,52.83018867924528,76.39016812122908
34.0,77.64705882352942,63.46153846153846,81.71182341580004
27.0,79.36507936507937,65.78947368421053,82.88177598389706
35.0,71.05263157894737,55.10204081632652,77.52908577337494
39.0,81.48148148148148,68.75,84.36004277765589
27.0,80.0,66.66666666666666,83.32037221668328
41.0,61.6822429906542,44.5945945945946,72.25641422289011
39.0,72.72727272727273,57.14285714285714,78.54450396033961
28.0,73.52941176470588,58.139534883720934,79.05182163818756
41.0,48.78048780487805,32.25806451612903,66.06621568246527
40.0,72.16494845360825,56.451612903225815,78.1988823775019
28.0,80.0,66.66666666666666,83.32037221668328
41.0,66.66666666666666,50.0,74.97008734495274
39.0,73.33333333333333,57.89473684210527,78.92343686530208
28.0,75.75757575757575,60.97560975609756,80.47185305256176
43.0,48.598130841121495,32.098765432098766,65.99454722252995
43.0,76.76767676767676,62.295081967213115,81.124604288884
27.0,78.68852459016394,64.86486486486487,82.41947183265576
38.0,35.294117647058826,21.428571428571427,60.637523676602534
37.0,53.84615384615385,36.84210526315789,68.37319429226332
30.0,64.1025641025641,47.16981132075472,73.55698996577506
43.0,24.074074074074073,13.684210526315791,56.760371714526435
39.0,57.99999999999999,40.845070422535215,70.38065832930059
30.0,63.52941176470588,46.55172413793103,73.24495417449106
40.0,28.57142857142857,16.666666666666664,58.21369702770245
39.0,52.38095238095239,35.483870967741936,67.68210659449458
30.0,59.523809523809526,42.3728813559322,71.15254304880617
43.0,36.6412213740458,22.429906542056074,61.132204826300004
39.0,58.82352941176471,41.66666666666667,70.79145561626716
29.0,62.33766233766234,45.28301886792453,72.61259732676814
40.0,39.31623931623932,24.46808510638298,62.163259150404016
40.0,52.17391304347826,35.294117647058826,67.59221895594277
29.0,50.526315789473685,33.80281690140845,66.85455089766546
41.0,23.008849557522122,13.0,56.4132826984032
41.0,51.85185185185185,35.0,67.4481534657414
29.0,57.14285714285714,40.0,69.96410910831074
41.0,6.451612903225806,3.3333333333333335,51.579966648728735
41.0,52.459016393442624,35.55555555555556,67.71994433808409
28.0,60.75949367088608,43.63636363636363,71.7872757725605
43.0,2.0408163265306123,1.0309278350515463,50.41979874562742
41.0,49.504950495049506,32.89473684210527,66.39652197731273
28.0,60.75949367088608,43.63636363636363,71.7872757725605
47.0,0.0,0.0,49.903340242346935
38.0,0.0,0.0,49.88241390306122
30.0,27.586206896551722,16.0,57.87438187908758
17.0,49.18032786885246,32.608695652173914,66.27344732569821
22.0,53.73134328358209,36.734693877551024,68.33644459019702
29.0,55.319148936170215,38.23529411764706,69.07577268195413
32.0,65.06024096385542,48.214285714285715,74.07822902037641
28.0,60.526315789473685,43.39622641509434,71.66820472749613
23.0,63.013698630136986,46.0,72.97308236795405
30.0,68.18181818181817,51.724137931034484,75.83415048747312
32.0,69.1358024691358,52.83018867924528,76.39016812122908
21.0,28.57142857142857,16.666666666666664,58.24860277650406
22.0,59.70149253731343,42.5531914893617,71.24967972266953
23.0,61.76470588235294,44.680851063829785,72.31450588282706
28.0,74.28571428571429,59.09090909090909,79.5275083839391
29.0,76.47058823529412,61.904761904761905,80.93642880881167
30.0,74.6268656716418,59.523809523809526,79.7449559473248
26.0,65.75342465753424,48.97959183673469,74.46487168802759
28.0,65.0,48.148148148148145,74.04615782282781
32.0,65.1685393258427,48.333333333333336,74.13575753950053
19.0,26.77165354330709,15.454545454545453,57.6345675298007
25.0,65.67164179104478,48.888888888888886,74.4215150669272
29.0,72.97297297297297,57.446808510638306,78.70346367823885
28.0,72.97297297297297,57.446808510638306,78.70346367823885
28.0,73.97260273972603,58.69565217391305,79.32888253873024
27.0,66.66666666666666,50.0,74.97507527267652
27.0,60.67415730337079,43.54838709677419,71.73929753849657
33.0,67.3913043478261,50.81967213114754,75.37992281400332
33.0,64.44444444444444,47.540983606557376,73.73858560749429
33.0,32.11678832116788,19.130434782608695,59.47250295177808
27.0,58.139534883720934,40.98360655737705,70.4559116713427
27.0,56.81818181818182,39.682539682539684,69.80338425573814
30.0,60.67415730337079,43.54838709677419,71.73929753849657
36.0,68.68686868686868,52.307692307692314,76.12293394452064
28.0,64.36781609195403,47.45762711864407,73.69790504851402
31.0,58.490566037735846,41.333333333333336,70.62279389769668
34.0,64.76190476190476,47.88732394366197,73.90676675424892
42.0,69.72477064220183,53.52112676056338,76.72765420959279
36.0,42.10526315789473,26.666666666666668,63.24558604552223
28.0,54.347826086956516,37.3134328358209,68.614842876007
30.0,62.92134831460674,45.90163934426229,72.91791706385166
35.0,69.56521739130434,53.333333333333336,76.63874707509041
35.0,68.75,52.38095238095239,76.160561745788
31.0,64.51612903225806,47.61904761904761,73.77661988897182
29.0,56.86274509803921,39.726027397260275,69.81914267942659
34.0,59.64912280701754,42.5,71.2041302700331
41.0,67.24137931034483,50.649350649350644,75.28677916016608
35.0,51.2,34.40860215053764,67.1434762507634
27.0,46.2962962962963,30.120481927710845,65.00241559646494
31.0,63.04347826086957,46.03174603174603,72.98197268285209
33.0,67.36842105263158,50.79365079365079,75.36591442043739
33.0,66.66666666666666,50.0,74.967094110843
29.0,62.22222222222222,45.16129032258064,72.5467455042751
33.0,61.6822429906542,44.5945945945946,72.25641422289011
36.0,63.716814159292035,46.75324675324675,73.3357378560809
36.0,59.01639344262295,41.86046511627907,70.88037216723407
37.0,39.37007874015748,24.509803921568626,62.17813380062799
38.0,61.66666666666667,44.57831325301205,72.2432841519852
30.0,60.416666666666664,43.28358208955223,71.60390243728216
40.0,70.47619047619048,54.41176470588235,77.17496829402496
41.0,71.42857142857143,55.55555555555556,77.74586458167119
35.0,66.66666666666666,50.0,74.967094110843
42.0,61.15702479338842,44.047619047619044,71.97693982158171
42.0,57.34265734265735,40.19607843137255,70.03720347219371
41.0,61.19402985074627,44.086021505376344,71.99115077462893
45.0,47.85276073619632,31.451612903225808,65.64103871521064
53.0,59.25925925925925,42.10526315789473,70.98680010751424
52.0,77.31092436974791,63.013698630136986,81.47991933302181
48.0,76.78571428571429,62.31884057971014,81.13348926637752
53.0,78.99159663865547,65.27777777777779,82.61395322290713
61.0,80.64516129032258,67.56756756756756,83.7598441117573
60.0,73.29192546583852,57.84313725490197,78.87866901254985
52.0,65.38461538461539,48.57142857142857,74.23184894905593
48.0,56.60377358490566,39.473684210526315,69.66802241285725
41.0,48.275862068965516,31.818181818181817,65.83430181433812
17.0,37.2093023255814,22.857142857142858,61.37474367737526
25.0,52.17391304347826,35.294117647058826,67.60319217813142
26.0,52.083333333333336,35.2112676056338,67.55977230454168
31.0,53.76344086021505,36.76470588235294,68.33948241018008
29.0,56.52173913043478,39.39393939393939,69.65708933804646
21.0,48.837209302325576,32.30769230769231,66.10998213231291
29.0,56.86274509803921,39.726027397260275,69.81914267942659
36.0,52.10084033613446,35.22727272727273,67.55680118565252
38.0,54.54545454545454,37.5,68.70513370156932
22.0,47.82608695652174,31.428571428571427,65.66643310033669
25.0,55.55555555555556,38.46153846153847,69.19088966705166
31.0,64.58333333333334,47.69230769230769,73.81225216104067
29.0,64.36781609195403,47.45762711864407,73.69790504851402
30.0,61.36363636363637,44.26229508196721,72.09724855994709
30.0,58.58585858585859,41.42857142857143,70.67340590093696
31.0,56.36363636363636,39.24050632911392,69.57239196204425
38.0,65.48672566371681,48.68421052631579,74.30321338258588
38.0,61.15702479338842,44.047619047619044,71.97693982158171
27.0,54.166666666666664,37.142857142857146,68.52756017661301
29.0,58.06451612903226,40.909090909090914,70.41566132923887
35.0,65.97938144329896,49.23076923076923,74.58247938245546
31.0,56.84210526315789,39.705882352941174,69.81206299345597
28.0,55.670103092783506,38.57142857142858,69.24284204499163
30.0,45.80152671755725,29.7029702970297,64.78069186490299
35.0,54.263565891472865,37.234042553191486,68.55818718872354
41.0,67.21311475409836,50.617283950617285,75.26874968449384
37.0,57.14285714285714,40.0,69.95213784301212
38.0,61.016949152542374,43.90243902439025,71.9053479525621
33.0,58.71559633027523,41.55844155844156,70.73435000704464
39.0,64.34782608695652,47.43589743589743,73.67706238196277
33.0,56.896551724137936,39.75903614457831,69.8296606644755
30.0,51.724137931034484,34.883720930232556,67.38602350902806
36.0,49.31506849315068,32.72727272727273,66.28984298509629
38.0,53.52112676056338,36.53846153846153,68.20341242785297
44.0,62.4113475177305,45.36082474226804,72.62755192271784
45.0,66.16541353383458,49.43820224719101,74.67421961078931
29.0,46.15384615384615,30.0,64.93718718219705
34.0,58.4070796460177,41.25,70.57813403665516
36.0,61.40350877192983,44.303797468354425,72.10802246525557
39.0,63.24786324786324,46.25,73.08211920860009
32.0,53.78151260504202,36.7816091954023,68.33596254281922
34.0,46.57534246575342,30.357142857142854,65.10079232123626
36.0,48.322147651006716,31.858407079646017,65.8524185378286
44.0,62.857142857142854,45.83333333333333,72.86480358520173
39.0,52.23880597014925,35.35353535353536,67.61294764924529
61.0,70.0,53.84615384615385,76.87519184725889
49.0,70.07299270072993,53.93258426966292,76.92539682681996
38.0,63.24786324786324,46.25,73.08211920860009
41.0,60.65573770491803,43.529411764705884,71.71683895241816
30.0,52.17391304347826,35.294117647058826,67.59221895594277
37.0,50.68493150684932,33.94495412844037,66.90067666931802
46.0,56.44171779141104,39.31623931623932,69.58730377940432
46.0,67.6923076923077,51.162790697674424,75.53950593688477
39.0,33.33333333333333,20.0,59.92423789301593
59.0,64.0,47.05882352941176,73.46656260269471
53.0,65.03067484662577,48.18181818181818,74.03404896681435
56.0,73.20261437908496,57.73195876288659,78.82507754584871
61.0,76.82119205298014,62.365591397849464,81.1478781044477
60.0,80.27210884353741,67.04545454545455,83.49379497430559
37.0,45.39877300613497,29.365079365079367,64.59378641661895
43.0,51.49700598802395,34.67741935483871,67.25792456581623
45.0,62.857142857142854,45.83333333333333,72.86480358520173
50.0,39.16083916083916,24.347826086956523,62.08716980346869
61.0,58.46153846153847,41.30434782608695,70.57136623531648
58.0,68.67469879518072,52.293577981651374,76.09491245697625
57.0,75.49668874172185,60.63829787234043,80.28223678708504
61.0,77.33333333333333,63.04347826086957,81.48781918151424
61.0,78.66666666666666,64.83516483516483,82.38565712277229
60.0,66.66666666666666,50.0,74.94013887780349
53.0,59.217877094972074,42.06349206349206,70.95892517106331
50.0,70.07299270072993,53.93258426966292,76.92539682681996
52.0,46.774193548387096,30.526315789473685,65.19735136593154
66.0,0.0,0.0,49.57549426020408
64.0,0.0,0.0,49.61435746173469
66.0,0.0,0.0,49.62930484693878
66.0,0.0,0.0,49.605389030612244
28.0,0.0,0.0,49.51670121173469
41.0,3.0018761726078798,1.5238095238095237,50.24663606472728
69.0,8.678500986193294,4.536082474226804,51.80646289839665
68.0,5.150214592274678,2.643171806167401,50.881030923417015
66.0,6.759443339960239,3.4979423868312756,51.28145788573406
30.0,82.35294117647058,70.0,84.9880354151711
35.0,78.94736842105263,65.21739130434783,82.59274223614871
37.0,72.72727272727273,57.14285714285714,78.55049054797799
32.0,65.67164179104478,48.888888888888886,74.4215150669272
20.0,52.63157894736842,35.714285714285715,67.8302295180946
34.0,81.08108108108108,68.18181818181817,84.07694985188702
44.0,87.64044943820225,78.0,88.98903005764205
42.0,68.88888888888889,52.54237288135594,76.24326740587888
39.0,66.66666666666666,50.0,74.97407776669989
29.0,62.5,45.45454545454545,72.70334737437378
38.0,84.61538461538461,73.33333333333333,86.6547008887914
45.0,85.39325842696628,74.50980392156863,87.24193774202809
56.0,75.92592592592592,61.19402985074627,80.57108493634351
41.0,70.58823529411765,54.54545454545454,77.24780006018788
31.0,65.67164179104478,48.888888888888886,74.4215150669272
49.0,85.71428571428571,75.0,87.48503919730307
59.0,75.86206896551724,61.111111111111114,80.52762928092059
43.0,72.72727272727273,57.14285714285714,78.54749749293464
32.0,66.66666666666666,50.0,74.97707016529421
5.0,18.181818181818183,10.0,54.96412341545085
42.0,89.65517241379311,81.25,90.61602459261623
50.0,86.79245283018868,76.66666666666667,88.31936963893877
62.0,75.80645161290323,61.038961038961034,80.4895577203024
46.0,68.81720430107528,52.459016393442624,76.20059147687448
33.0,67.6056338028169,51.06382978723404,75.50898460170443
52.0,84.21052631578947,72.72727272727273,86.34568232597279
62.0,75.2,60.256410256410255,80.09728490238773
46.0,69.56521739130434,53.333333333333336,76.63874707509041
34.0,65.75342465753424,48.97959183673469,74.46487168802759
8.0,23.25581395348837,13.157894736842104,56.546059843755415
53.0,84.7457627118644,73.52941176470588,86.74675112833307
64.0,75.18796992481202,60.24096385542169,80.08756487867441
45.0,70.2127659574468,54.09836065573771,77.02126017949321
33.0,65.75342465753424,48.97959183673469,74.46487168802759
7.0,11.76470588235294,6.25,53.08015516313556
44.0,84.84848484848484,73.68421052631578,86.82714535570986
54.0,84.03361344537815,72.46376811594203,86.2129318176167
66.0,76.11940298507463,61.44578313253012,80.69097136676382
47.0,69.38775510204081,53.125,76.53258495871724
36.0,65.0,48.148148148148145,74.04615782282781
37.0,77.89473684210526,63.793103448275865,81.87560994229146
54.0,75.0,60.0,79.9680817108203
46.0,75.24752475247524,60.317460317460316,80.13379896881432
33.0,75.67567567567568,60.86956521739131,80.4168357314523
17.0,50.847457627118644,34.090909090909086,67.01654762573604
39.0,79.56989247311827,66.07142857142857,83.01676695928177
47.0,77.58620689655173,63.38028169014085,81.66420878706239
65.0,76.47058823529412,61.904761904761905,80.92046011605505
45.0,72.72727272727273,57.14285714285714,78.54450396033961
37.0,71.60493827160494,55.769230769230774,77.86168280639536
40.0,77.08333333333334,62.71186440677966,81.33399319383639
51.0,80.0,66.66666666666666,83.30939461644856
67.0,77.6978417266187,63.52941176470588,81.73378133824058
53.0,75.43859649122807,60.56338028169014,80.25376442325386
36.0,68.29268292682927,51.85185185185185,75.90000265879662
43.0,80.37383177570094,67.1875,83.5728057118066
56.0,83.46456692913385,71.62162162162163,85.78986234403907
68.0,77.46478873239437,63.2183908045977,81.57727265534648
54.0,75.63025210084034,60.810810810810814,80.376481186858
38.0,69.04761904761905,52.72727272727272,76.33771257956154
43.0,78.18181818181819,64.17910447761194,82.06561590944207
60.0,83.21167883211679,71.25,85.60205461002813
70.0,79.45205479452055,65.9090909090909,82.92461608785085
57.0,76.5625,62.0253164556962,80.98273423479047
40.0,69.66292134831461,53.44827586206896,76.69721600462107
66.0,84.0,72.41379310344827,86.18295066941815
70.0,78.37837837837837,64.44444444444444,82.19029756441465
57.0,76.33587786259542,61.72839506172839,80.83327545449664
40.0,69.56521739130434,53.333333333333336,76.63874707509041
31.0,64.19753086419753,47.27272727272727,73.60745037614429
52.0,78.46153846153847,64.55696202531645,82.25055083809464
67.0,83.11688311688312,71.11111111111111,85.52961366538953
72.0,77.63157894736842,63.44086021505376,81.6865094817911
61.0,77.61194029850746,63.41463414634146,81.67739128911519
39.0,69.66292134831461,53.44827586206896,76.69721600462107
60.0,80.85106382978722,67.85714285714286,83.90163553599577
69.0,80.2547770700637,67.02127659574468,83.47970819989376
73.0,80.0,66.66666666666666,83.30240385254952
61.0,77.37226277372264,63.095238095238095,81.51669512047981
41.0,68.75,52.38095238095239,76.160561745788
58.0,61.20218579234973,44.09448818897638,71.97641408650735
64.0,65.49707602339181,48.69565217391305,74.2889673479302
58.0,73.38129496402878,57.95454545454546,78.94036499659941
35.0,71.73913043478261,55.932203389830505,77.94017584285216
31.0,56.14035087719298,39.02439024390244,69.4872748667678
22.0,0.0,0.0,49.97807716836735
39.0,0.0,0.0,49.96113679846938
52.0,0.0,0.0,49.94818239795919
66.0,0.0,0.0,49.93423150510204
57.0,0.0,0.0,49.9382174744898
60.0,0.0,0.0,49.93223852040816
27.0,0.0,0.0,49.97309470663265
49.0,0.0,0.0,49.9332350127551
58.0,76.51006711409396,61.95652173913043,80.94334397178193
72.0,78.02197802197803,63.96396396396396,81.94206580595164
78.0,78.78787878787878,65.0,82.45808215896841
79.0,75.42857142857143,60.550458715596335,80.23232375013502
85.0,84.27672955974843,72.82608695652173,86.38809785970932
80.0,84.27672955974843,72.82608695652173,86.38809785970932
80.0,84.66257668711657,73.40425531914893,86.67718104532895
53.0,76.27118644067797,61.64383561643836,80.79399097651823
76.0,74.8768472906404,59.84251968503938,79.87036163892687
83.0,75.57603686635944,60.74074074074074,80.31746982339867
89.0,80.75117370892019,67.71653543307087,83.81734138393412
89.0,84.78260869565217,73.58490566037736,86.7645076028343
88.0,83.5978835978836,71.81818181818181,85.87815093264521
83.0,82.68156424581005,70.47619047619048,85.20715834934829
64.0,77.03703703703704,62.65060240963856,81.29437789462854
47.0,67.28971962616822,50.70422535211267,75.31721040242252
68.0,75.55555555555556,60.71428571428571,80.31323769229893
79.0,73.83177570093457,58.51851851851851,79.20336768890574
86.0,76.23318385650224,61.59420289855072,80.74419773403709
87.0,77.13004484304933,62.77372262773723,81.33595294892551
88.0,83.5978835978836,71.81818181818181,85.87815093264521
92.0,84.26395939086294,72.80701754385966,86.37256632488133
87.0,86.33879781420765,75.96153846153845,87.95581763686141
65.0,77.6978417266187,63.52941176470588,81.73378133824058
78.0,76.53061224489795,61.98347107438017,80.94582826987006
83.0,73.21428571428571,57.74647887323944,78.81335202495366
91.0,77.25321888412017,62.93706293706294,81.4156224720055
93.0,76.98744769874477,62.585034013605444,81.23760925183107
91.0,82.58706467661692,70.33898305084746,85.13455650456252
96.0,82.6923076923077,70.49180327868852,85.20996632291384
81.0,87.64044943820225,78.0,88.97804303565013
67.0,78.32167832167832,64.36781609195403,82.15298226784454
83.0,75.57603686635944,60.74074074074074,80.31746982339867
89.0,77.5330396475771,63.30935251798561,81.60376586129276
92.0,75.7201646090535,60.9271523178808,80.40467511269809
94.0,83.09178743961353,71.07438016528926,85.50225296944838
96.0,80.58252427184466,67.47967479674797,83.69991166024691
83.0,83.42857142857143,71.56862745098039,85.75537334267878
66.0,80.2919708029197,67.07317073170732,83.50965054811259
50.0,67.28971962616822,50.70422535211267,75.31721040242252
79.0,74.52830188679245,59.3984962406015,79.64535267745987
88.0,75.43859649122807,60.56338028169014,80.22579075973107
91.0,74.59016393442623,59.47712418300654,79.67666731262736
102.0,84.93150684931507,73.80952380952381,86.8718165939778
105.0,83.2618025751073,71.32352941176471,85.62282622867635
100.0,83.90243902439025,72.26890756302521,86.1015130747847
73.0,85.0,73.91304347826086,86.93257346739738
58.0,73.13432835820896,57.647058823529406,78.78762062009554
90.0,76.72413793103449,62.23776223776224,81.0649749156747
93.0,78.15126050420169,64.13793103448275,82.01705169418764
92.0,72.50996015936255,56.875,78.36861710092842
109.0,86.69527896995707,76.51515151515152,88.22662218793023
101.0,80.88888888888889,67.91044776119402,83.91229685653792
98.0,84.15841584158416,72.64957264957265,86.29284445898209
71.0,82.58064516129032,70.32967032967034,85.13789550966275
51.0,71.42857142857143,55.55555555555556,77.74586458167119
75.0,0.0,0.0,49.74091198979592
81.0,0.0,0.0,49.642259247448976
86.0,0.0,0.0,49.65023118622449
84.0,0.0,0.0,49.696069834183675
97.0,17.699115044247787,9.70873786407767,54.576181240099295
92.0,22.0,12.359550561797752,55.86859679210928
95.0,32.76450511945392,19.591836734693878,59.59942139958441
62.0,77.33333333333333,63.04347826086957,81.48781918151424
70.0,73.51351351351352,58.119658119658126,79.01093467170742
83.0,59.68992248062015,42.5414364640884,71.1669237451283
87.0,41.80790960451977,26.42857142857143,63.00870509874142
90.0,29.4234592445328,17.24941724941725,58.27043135034832
104.0,55.45722713864307,38.36734693877551,69.03292070392311
88.0,78.13953488372093,64.12213740458014,82.01415502345913
94.0,82.90155440414507,70.79646017699115,85.3652933270775
60.0,77.14285714285715,62.7906976744186,81.36342672715783
84.0,73.63636363636363,58.27338129496403,79.07880063849908
90.0,87.5,77.77777777777779,88.86493296778373
68.0,81.87919463087249,69.31818181818183,84.63215286658867
53.0,76.42276422764228,61.8421052631579,80.8921272590401
10.0,0.0,0.0,49.805683992346935
11.0,20.930232558139537,11.688311688311687,55.77638220810027
8.0,0.0,0.0,49.82362085459184
47.0,0.0,0.0,49.75785235969388
88.0,62.04379562043796,44.97354497354497,72.38296142290872
92.0,48.45070422535211,31.970260223048324,65.8024589196695
95.0,36.43564356435643,22.27602905569007,60.817552903374136
108.0,70.81967213114754,54.82233502538071,77.32228838829953
89.0,79.06976744186046,65.38461538461539,82.64738944352048
98.0,86.95652173913044,76.92307692307693,88.43458482179882
73.0,75.47169811320755,60.60606060606061,80.26412057360257
44.0,67.88990825688074,51.388888888888886,75.65954147470033
90.0,59.863945578231295,42.71844660194174,71.24143061609625
94.0,47.82608695652174,31.428571428571427,65.52262304059143
96.0,36.18677042801556,22.090261282660332,60.71767421899125
110.0,61.408450704225345,44.3089430894309,72.01765487904744
102.0,80.99173553719008,68.05555555555556,83.98184942600655
97.0,85.14851485148515,74.13793103448276,87.03901942021604
72.0,75.30864197530865,60.396039603960396,80.15811159086577
47.0,71.42857142857143,55.55555555555556,77.74586458167119
76.0,72.54901960784314,56.92307692307692,78.40565246896331
90.0,73.94957983193278,58.666666666666664,79.27144226161955
92.0,56.774193548387096,39.63963963963964,69.68605524547068
97.0,36.29032258064516,22.167487684729064,60.76828642911533
110.0,49.202733485193626,32.62839879154079,66.09150226386977
104.0,79.03225806451613,65.33333333333333,82.61474766031658
99.0,86.53846153846155,76.27118644067797,88.10764129764601
72.0,78.52760736196319,64.64646464646465,82.28831054800882
74.0,71.06598984771574,55.118110236220474,77.5021757024714
85.0,56.93950177935944,39.800995024875625,69.7797293872382
91.0,52.63157894736842,35.714285714285715,67.70442081126635
88.0,36.17021276595745,22.07792207792208,60.73950604704632
103.0,54.25531914893617,37.22627737226277,68.44139286993935
102.0,67.10526315789474,50.495049504950494,75.14767253375895
112.0,87.39495798319328,77.61194029850746,88.77601328713519
78.0,79.3296089385475,65.74074074074075,82.83344790754231
80.0,70.4225352112676,54.347826086956516,77.11104004693128
90.0,62.19081272084806,45.12820512820513,72.45729055324168
92.0,47.46666666666667,31.11888111888112,65.36278274403936
96.0,39.075630252100844,24.281984334203656,61.85147276930218
106.0,55.93667546174142,38.82783882783883,69.24715288705701
99.0,61.63522012578616,44.54545454545455,72.1509172962905
111.0,84.25531914893617,72.79411764705883,86.36011571591513
75.0,78.82352941176471,65.0485436893204,82.48835015394596
94.0,16.091954022988507,8.75,54.01102640553639
88.0,26.440677966101696,15.234375,57.40078045530247
66.0,67.05882352941175,50.442477876106196,75.16537190159987
64.0,0.0,0.0,49.87643494897959
31.0,0.0,0.0,49.93622448979592
12.0,0.0,0.0,49.965122767857146
45.0,0.0,0.0,49.937220982142854
29.0,0.0,0.0,49.847536670918366
44.0,24.281150159744406,13.818181818181818,56.67274322868883
52.0,67.16417910447761,50.56179775280899,75.23701385516016
63.0,84.03361344537815,72.46376811594203,86.2129318176167
70.0,75.96899224806202,61.25000000000001,80.59407854050711
51.0,55.55555555555556,38.46153846153847,69.18290898269362
46.0,81.9047619047619,69.35483870967742,84.65846976075898
60.0,87.09677419354838,77.14285714285715,88.55546751640284
74.0,84.472049689441,73.11827956989248,86.53419366855763
76.0,84.66257668711657,73.40425531914893,86.67718104532895
60.0,75.0,60.0,79.97207483943032
49.0,79.62962962962963,66.15384615384615,83.05498144167285
63.0,84.21052631578947,72.72727272727273,86.34268664296597
75.0,85.88957055214725,75.26881720430107,87.61145725899802
82.0,83.33333333333334,71.42857142857143,85.68634494870874
58.0,76.92307692307693,62.5,81.22307055514553
53.0,79.64601769911505,66.17647058823529,83.06529539664902
63.0,81.75182481751825,69.1358024691358,84.54296109091267
77.0,86.79245283018868,76.66666666666667,88.3123781773671
82.0,83.52941176470588,71.71717171717171,85.83064453536463
65.0,81.81818181818183,69.23076923076923,84.591443032846
55.0,82.05128205128204,69.56521739130434,84.761662318378
69.0,84.28571428571429,72.8395061728395,86.39780444623779
81.0,87.27272727272727,77.41935483870968,88.68872100868901
84.0,86.20689655172413,75.75757575757575,87.85483626105571
65.0,79.38931297709924,65.82278481012658,82.8844591994133
67.0,81.69014084507043,69.04761904761905,84.49787073934087
88.0,89.01734104046243,80.20833333333334,90.08520421232626
82.0,83.8323353293413,72.16494845360825,86.05553134571204
65.0,80.0,66.66666666666666,83.30739765381853
22.0,62.22222222222222,45.16129032258064,72.56370006340747
72.0,84.56375838926175,73.25581395348837,86.60495883953428
86.0,89.14285714285714,80.41237113402062,90.18722273416269
92.0,85.0828729281768,74.03846153846155,86.99228412358914
63.0,79.41176470588235,65.85365853658537,82.89889742199765
48.0,48.78048780487805,32.25806451612903,66.08716289049134
60.0,83.2,71.23287671232876,85.59549030732549
70.0,81.37931034482759,68.6046511627907,84.2753886138993
84.0,85.38011695906432,74.48979591836735,87.21994935331176
97.0,86.48648648648648,76.19047619047619,88.07028600325471
81.0,77.10843373493977,62.745098039215684,81.33463394936518
61.0,82.96296296296296,70.88607594936708,85.42009304252073
72.0,83.44370860927152,71.5909090909091,85.77051091805248
83.0,82.27848101265823,69.89247311827957,84.91829858145026
65.0,77.04918032786885,62.66666666666667,81.30540538743377
25.0,24.324324324324326,13.846153846153847,56.811429728212694
54.0,78.63247863247864,64.7887323943662,82.36943102862135
66.0,84.93150684931507,73.80952380952381,86.88281195065726
87.0,87.20930232558139,77.31958762886599,88.63783816484516
84.0,88.23529411764706,78.94736842105263,89.45372452908283
67.0,79.06976744186046,65.38461538461539,82.66537502397851
57.0,80.32786885245902,67.12328767123287,83.53770464117034
72.0,86.8421052631579,76.74418604651163,88.3521369266683
90.0,89.26553672316385,80.61224489795919,90.28715923760964
89.0,88.76404494382022,79.7979797979798,89.87902862386365
78.0,77.24137931034483,62.92134831460674,81.42775316767847
62.0,80.0,66.66666666666666,83.30739765381853
77.0,86.79245283018868,76.66666666666667,88.3123781773671
88.0,87.86127167630057,78.35051546391753,89.15429964812643
91.0,89.13043478260869,80.3921568627451,90.1761159608172
83.0,80.0,66.66666666666666,83.30240385254952
79.0,85.71428571428571,75.0,87.47704911489413
92.0,88.88888888888889,80.0,89.98003832641328
98.0,87.83068783068782,78.30188679245283,89.12798609680334
82.0,76.62337662337663,62.10526315789474,81.01671562228596
52.0,20.437956204379564,11.38211382113821,55.58240893002606
66.0,83.07692307692308,71.05263157894737,85.50436933881329
82.0,86.06060606060606,75.53191489361703,87.74300564559108
94.0,88.04347826086956,78.64077669902912,89.29843007024517
99.0,88.42105263157895,79.24528301886792,89.60068191508756
90.0,76.07361963190185,61.386138613861384,80.65415802465428
71.0,79.71014492753623,66.26506024096386,83.1045977168986
80.0,87.11656441717791,77.17391304347827,88.56600052932319
98.0,87.2340425531915,77.35849056603774,88.65529031835244
100.0,89.11917098445595,80.37383177570094,90.16595361993271
91.0,77.57575757575758,63.366336633663366,81.64625101159541
72.0,81.75182481751825,69.1358024691358,84.54296109091267
76.0,84.07643312101911,72.52747252747253,86.23879114300188
92.0,85.55555555555556,74.75728155339806,87.35269215497006
98.0,89.58333333333334,81.13207547169812,90.54607367116549
99.0,82.35294117647058,70.0,84.96706521088245
92.0,76.38190954773869,61.78861788617886,80.84740275546469
96.0,75.37688442211056,60.483870967741936,80.19303426433444
101.0,87.0,76.99115044247787,88.46962141900691
87.0,74.84662576687117,59.80392156862745,79.86105486792144
29.0,0.0,0.0,49.87842793367347
25.0,81.48148148148148,68.75,84.36503070542729
37.0,82.75862068965517,70.58823529411765,85.27915952978718
45.0,84.21052631578947,72.72727272727273,86.34867705296139
39.0,85.0574712643678,74.0,86.98703603980933
28.0,75.75757575757575,60.97560975609756,80.47185305256176
13.0,68.57142857142857,52.17391304347826,76.07599248378362
30.0,84.05797101449275,72.5,86.23903224519911
43.0,83.6734693877551,71.9298245614035,85.94895536437583
47.0,86.79245283018868,76.66666666666667,88.31936963893877
43.0,86.5979381443299,76.36363636363637,88.16885292869655
30.0,77.77777777777779,63.63636363636363,81.80222903840995
15.0,70.0,53.84615384615385,76.91111567751254
29.0,77.33333333333333,63.04347826086957,81.50478896392433
41.0,81.63265306122449,68.96551724137932,84.46480744787969
45.0,82.6923076923077,70.49180327868852,85.22794939232135
39.0,82.97872340425532,70.9090909090909,85.43858917475208
30.0,72.97297297297297,57.446808510638306,78.70346367823885
18.0,75.55555555555556,60.71428571428571,80.34617772625907
34.0,78.87323943661971,65.11627906976744,82.5431838038476
42.0,84.5360824742268,73.21428571428571,86.59218324808731
44.0,86.0,75.43859649122807,87.70533538681843
41.0,80.41237113402062,67.24137931034483,83.6017415729178
33.0,75.32467532467533,60.416666666666664,80.18938902958635
19.0,64.28571428571429,47.368421052631575,73.6642735272329
32.0,83.11688311688312,71.11111111111111,85.542592888038
43.0,86.0,75.43859649122807,87.70533538681843
46.0,85.98130841121495,75.40983606557377,87.68995693164983
42.0,82.4742268041237,70.17543859649122,85.07076541281398
36.0,76.19047619047619,61.53846153846154,80.74928820381916
22.0,72.41379310344827,56.75675675675676,78.36242782509356
31.0,80.51948051948052,67.3913043478261,83.68069554812783
44.0,83.01886792452831,70.96774193548387,85.46591836261945
47.0,84.68468468468468,73.4375,86.7017937471324
44.0,81.1881188118812,68.33333333333333,84.14771782852964
37.0,75.86206896551724,61.111111111111114,80.53461544427383
25.0,75.0,60.0,79.98404849258255
33.0,77.64705882352942,63.46153846153846,81.71182341580004
45.0,82.56880733944955,70.3125,85.13729964991722
47.0,84.68468468468468,73.4375,86.7017937471324
43.0,82.0,69.49152542372882,84.72781118099775
36.0,77.64705882352942,63.46153846153846,81.71182341580004
25.0,78.68852459016394,64.86486486486487,82.41947183265576
35.0,77.77777777777779,63.63636363636363,81.79823805958108
51.0,80.99173553719008,68.05555555555556,84.00483604976692
47.0,82.45614035087719,70.1492537313433,85.05467833288623
45.0,81.13207547169812,68.25396825396825,84.10703718584756
39.0,77.89473684210526,63.793103448275865,81.87560994229146
29.0,75.36231884057972,60.46511627906976,80.21560898699252
31.0,67.3913043478261,50.81967213114754,75.37992281400332
40.0,76.19047619047619,61.53846153846154,80.7442985847725
46.0,84.40366972477065,73.01587301587301,86.49098059331453
42.0,83.6734693877551,71.9298245614035,85.94895536437583
33.0,75.0,60.0,79.98005822996849
37.0,77.92207792207793,63.829787234042556,81.8979431124945
31.0,65.95744680851064,49.2063492063492,74.5712671348328
44.0,77.87610619469027,63.76811594202898,81.85912379723328
47.0,82.45614035087719,70.1492537313433,85.05467833288623
44.0,81.48148148148148,68.75,84.35505266097503
36.0,79.06976744186046,65.38461538461539,82.67435866753804
34.0,66.66666666666666,50.0,74.9730802209416
37.0,79.56989247311827,66.07142857142857,83.01676695928177
45.0,77.19298245614034,62.857142857142854,81.40263988783896
49.0,85.96491228070175,75.38461538461539,87.67634822934363
43.0,80.0,66.66666666666666,83.31238946290608
36.0,81.3953488372093,68.62745098039215,84.29777048331547
33.0,68.96551724137932,52.63157894736842,76.28886808414168
37.0,81.31868131868131,68.51851851851852,84.24230638824069
44.0,78.57142857142857,64.70588235294117,82.32900436964063
49.0,83.76068376068376,72.05882352941177,86.01045990243605
46.0,78.26086956521739,64.28571428571429,82.11792247169558
39.0,71.28712871287128,55.38461538461539,77.66338866558252
34.0,67.3913043478261,50.81967213114754,75.37992281400332
41.0,80.8080808080808,67.79661016949152,83.87935662455747
48.0,80.67226890756302,67.6056338028169,83.77987563106053
50.0,82.64462809917356,70.4225352112676,85.19032039261062
50.0,78.33333333333333,64.38356164383562,82.16584772929677
41.0,76.47058823529412,61.904761904761905,80.92844653269091
35.0,66.66666666666666,50.0,74.96908964004388
42.0,77.77777777777779,63.63636363636363,81.79424596626495
54.0,74.82014388489209,59.77011494252874,79.8501440565329
56.0,74.45255474452554,59.30232558139535,79.61625007249319
53.0,71.7557251908397,55.952380952380956,77.93928569053746
43.0,70.79646017699115,54.794520547945204,77.36434979048768
35.0,59.61538461538461,42.465753424657535,71.19099816013014
72.0,81.87919463087249,69.31818181818183,84.63215286658867
64.0,83.22147651006712,71.26436781609196,85.60724077838161
58.0,78.19548872180451,64.19753086419753,82.0698371741784
53.0,77.04918032786885,62.66666666666667,81.30540538743377
43.0,72.38095238095238,56.71641791044776,78.32928877492151
36.0,66.66666666666666,50.0,74.96809189534142
69.0,76.62337662337663,62.10526315789474,81.01671562228596
68.0,77.27272727272727,62.96296296296296,81.44156769525972
53.0,71.42857142857143,55.55555555555556,77.73787832440028
53.0,69.62962962962963,53.40909090909091,76.66365096233537
45.0,69.49152542372882,53.246753246753244,76.58747356164331
38.0,59.01639344262295,41.86046511627907,70.88037216723407
75.0,0.0,0.0,49.722975127551024
72.0,20.618556701030926,11.494252873563218,55.51679899291769
68.0,33.45195729537366,20.085470085470085,59.85621626119143
54.0,27.33812949640288,15.833333333333332,57.71522265214675
49.0,20.786516853932586,11.598746081504702,55.518154827385516
31.0,12.962962962962962,6.9306930693069315,53.18421803300857
10.0,0.0,0.0,49.83657525510204
17.0,0.0,0.0,49.97409119897959
15.0,0.0,0.0,49.98505261479592
17.0,68.18181818181817,51.724137931034484,75.84811390082555
19.0,80.0,66.66666666666666,83.32436168374603
20.0,30.555555555555557,18.0327868852459,58.966557899913894
18.0,69.38775510204081,53.125,76.54754754879482
19.0,73.46938775510205,58.06451612903226,79.01929901511224
19.0,62.5,45.45454545454545,72.70933050124056
18.0,69.38775510204081,53.125,76.54754754879482
18.0,42.66666666666667,27.11864406779661,63.51645919498283
22.0,40.50632911392405,25.396825396825395,62.65156261866789
18.0,61.016949152542374,43.90243902439025,71.92829196324979
18.0,66.66666666666666,50.0,74.98205670082538
22.0,54.285714285714285,37.254901960784316,68.59555114587255
18.0,63.1578947368421,46.15384615384615,73.05598922788603
19.0,65.51724137931035,48.717948717948715,74.3390369623996
20.0,64.28571428571429,47.368421052631575,73.6642735272329
20.0,65.57377049180327,48.78048780487805,74.36930921865243
21.0,66.66666666666666,50.0,74.97906489881368
23.0,68.96551724137932,52.63157894736842,76.29784545900999
20.0,62.295081967213115,45.23809523809524,72.59611961298666
19.0,62.295081967213115,45.23809523809524,72.59611961298666
25.0,67.6923076923077,51.162790697674424,75.5604598302345
12.0,27.27272727272727,15.789473684210526,57.83094607581868
15.0,31.25,18.51851851851852,59.193471097141284
25.0,24.154589371980677,13.736263736263737,56.711604580540396
18.0,52.17391304347826,35.294117647058826,67.61416277504263
18.0,39.56043956043956,24.65753424657534,62.2739403758097
25.0,45.87155963302752,29.761904761904763,64.82213002446896
18.0,55.38461538461539,38.297872340425535,69.12002752154255
18.0,44.44444444444444,28.57142857142857,64.24085603777776
27.0,50.943396226415096,34.177215189873415,67.03676209452793
20.0,54.054054054054056,37.03703703703704,68.48462426857833
18.0,42.857142857142854,27.27272727272727,63.58851483856468
26.0,52.63157894736842,35.714285714285715,67.81227834796059
22.0,50.57471264367817,33.84615384615385,66.88020895641425
19.0,38.0,23.456790123456788,61.66658913234665
33.0,52.38095238095239,35.483870967741936,67.68210659449458
23.0,58.97435897435898,41.81818181818181,70.87718853036979
21.0,41.584158415841586,26.25,63.06618233476223
33.0,54.09836065573771,37.07865168539326,68.48348554594534
23.0,53.48837209302325,36.507936507936506,68.21409028056686
29.0,44.274809160305345,28.431372549019606,64.14290026537665
33.0,52.38095238095239,35.483870967741936,67.68210659449458
25.0,55.55555555555556,38.46153846153847,69.19088966705166
31.0,46.616541353383454,30.392156862745097,65.12528373598916
38.0,56.2962962962963,39.175257731958766,69.52879125777802
25.0,33.11258278145696,19.841269841269842,59.81993902224805
51.0,55.434782608695656,38.34586466165413,69.09113681960513
50.0,57.14285714285714,40.0,69.9251885249172
100.0,66.66666666666666,50.0,74.94613143928814
184.0,84.30232558139535,72.8643216080402,86.37819426327536
264.0,87.79527559055119,78.24561403508771,89.06074868270912
336.0,91.64179104477613,84.57300275482093,92.23035427199429
392.0,91.0891089108911,83.63636363636363,91.74590427240604
475.0,92.05020920502092,85.27131782945736,92.55925550472386
557.0,89.92248062015504,81.69014084507043,90.74046791207496
609.0,88.07658833768495,78.69362363919129,89.20890161222701
631.0,84.58904109589042,73.29376854599407,86.46573214546594
647.0,91.09535066981876,83.64688856729377,91.7095283999419
611.0,92.3076923076923,85.71428571428571,92.76036866359448
548.0,92.08006962576152,85.3225806451613,92.56964329456284
440.0,90.49676025917927,82.64299802761342,91.23306924513095
320.0,81.13207547169812,68.25396825396825,84.00678700370194
214.0,90.82568807339449,83.19327731092437,91.55662104771478
150.0,89.1891891891892,80.48780487804879,90.21193057426538
82.0,83.75,72.04301075268818,85.99556193305047
204.0,87.56218905472637,77.87610619469027,88.88805309734514
297.0,90.54726368159204,82.72727272727273,91.30652556869417
365.0,93.20905459387482,87.28179551122194,93.58971965582373
421.0,91.05145413870245,83.5728952772074,91.7060763231262
519.0,92.60991580916745,86.23693379790942,93.03895964265953
586.0,94.35551811288964,89.31419457735247,94.58957874627056
624.0,91.84149184149184,84.91379310344827,92.35101775773403
650.0,92.28464419475655,85.67454798331016,92.73335954452028
654.0,92.54385964912281,86.12244897959184,92.95828361015602
625.0,92.19105382865807,85.51336146272855,92.65278305544433
560.0,89.92628992628993,81.69642857142857,90.72428980911889
451.0,88.66396761133603,79.63636363636364,89.70559184673141
346.0,85.71428571428571,75.0,87.38966015327208
212.0,87.31182795698925,77.48091603053436,88.68142613805348
160.0,89.94082840236686,81.72043010752688,90.8262313659336
132.0,81.10236220472441,68.21192052980133,84.05803024273303
228.0,91.97396963123644,85.14056224899599,92.53325446530337
329.0,91.69139465875371,84.65753424657534,92.27261776599728
381.0,92.28855721393035,85.68129330254041,92.77840390455803
450.0,91.45833333333333,84.26103646833013,92.04808463342518
540.0,92.90206648697215,86.74496644295301,93.29294074176488
599.0,93.36569579288026,87.55690440060698,93.69578924338904
640.0,91.85959671396564,84.94475138121547,92.36241019354351
651.0,91.5680473372781,84.4474761255116,92.1087189938049
655.0,92.65454545454546,86.31436314363144,93.05524168606914
619.0,91.6089299461124,84.51704545454545,92.14860158812668
555.0,90.89376053962901,83.30757341576506,91.54499689383253
435.0,90.55793991416309,82.74509803921568,91.28411391891242
309.0,84.39821693907875,73.00771208226222,86.39862875018265
209.0,85.96112311015118,75.37878787878788,87.62436402563361
147.0,87.38461538461539,77.59562841530054,88.75684206870476
156.0,82.4742268041237,70.17543859649122,85.03677635434279
258.0,88.84462151394422,79.92831541218638,89.90810501656503
349.0,92.91784702549575,86.77248677248677,93.33609092275438
391.0,92.14026602176541,85.42600896860986,92.64773688715661
468.0,92.63803680981594,86.28571428571429,93.07045604075148
550.0,92.03539823008849,85.24590163934425,92.53232733006362
606.0,91.95219123505977,85.10324483775811,92.44980584999662
643.0,92.76218611521418,86.50137741046832,93.15179470345811
657.0,91.59420289855072,84.49197860962568,92.1289216477807
655.0,92.38578680203045,85.84905660377359,92.81855119294234
623.0,91.30100076982293,83.9943342776204,91.88321679292552
554.0,90.7861369399831,83.12693498452013,91.45367478894211
426.0,90.43478260869566,82.53968253968253,91.18141683254224
292.0,84.472049689441,73.11827956989248,86.45894741559708
203.0,84.12017167381974,72.5925925925926,86.22226668445157
146.0,89.375,80.7909604519774,90.36150265118808
166.0,84.27672955974843,72.82608695652173,86.36308544301048
267.0,88.76404494382022,79.7979797979798,89.83891660957681
352.0,91.53952843273233,84.39897698209718,92.13830003059039
402.0,92.59694477085782,86.2144420131291,93.04394512371532
472.0,91.36546184738957,84.10351201478743,91.96527343463774
564.0,90.50086355785838,82.64984227129337,91.21415016972387
607.0,89.52837729816146,81.04196816208393,90.38897021454729
653.0,89.44193061840122,80.90040927694406,90.3090272187919
660.0,89.56965718453684,81.10964332892999,90.41055791401102
657.0,89.95568685376661,81.74496644295301,90.73529517297649
622.0,90.42145593869732,82.51748251748252,91.13269761739087
549.0,89.28270042194093,80.64024390243902,90.19221895607379
426.0,89.17470525187568,80.46421663442939,90.13062117895103
302.0,81.65680473372781,69.0,84.375751503006
212.0,84.472049689441,73.11827956989248,86.48409776141305
151.0,87.8048780487805,78.26086956521739,89.09046036623518
173.0,83.53658536585365,71.72774869109948,85.80991643272175
273.0,89.5575221238938,81.08974358974359,90.48578079473157
362.0,91.12582781456953,83.69829683698296,91.78192253953821
411.0,90.53591790193842,82.70833333333333,91.27079817794652
479.0,91.36047666335651,84.09506398537478,91.96003500982472
573.0,90.64377682403433,82.88854003139717,91.33449721518296
612.0,90.83728278041075,83.21273516642546,91.48943445686449
649.0,89.56780923994039,81.10661268556005,90.41210614106545
659.0,88.80813953488372,79.86928104575163,89.77928896431635
657.0,88.67505551443375,79.65425531914893,89.6728222356884
626.0,89.06009244992296,80.27777777777779,89.99573795538352
558.0,89.57983193277312,81.12633181126331,90.43827417870138
426.0,86.7178924259056,76.55038759689923,88.15366148692515
312.0,81.83161004431314,69.25,84.50175103709493
210.0,86.01694915254238,75.46468401486989,87.66630634817895
151.0,90.625,82.85714285714286,91.39859001704657
184.0,85.55555555555556,74.75728155339806,87.32666364663626
290.0,91.55405405405406,84.42367601246106,92.16174282538692
365.0,92.6509186351706,86.3080684596577,93.09783528556616
429.0,91.5477497255763,84.41295546558705,92.12910479523448
501.0,90.7514450867052,83.06878306878306,91.43782177279813
580.0,88.15004262574595,78.8109756097561,89.26553331525884
616.0,88.18398096748612,78.86524822695036,89.28248304132684
658.0,86.25954198473282,75.83892617449665,87.73805170670772
667.0,85.6071964017991,74.83617300131061,87.22455762251802
656.0,85.23335883703137,74.26666666666667,86.93885138085545
628.0,88.4080370942813,79.22437673130193,89.4609908815771
552.0,89.27038626609442,80.62015503875969,90.18421156159025
417.0,87.5140607424072,77.8,88.78852511699841
291.0,83.84146341463415,72.17847769028872,85.98302854875752
207.0,83.61344537815127,71.84115523465704,85.84254172081613
153.0,88.0,78.57142857142857,89.24674000873709
181.0,82.89855072463767,70.79207920792079,85.33707851827694
282.0,90.10238907849829,81.98757763975155,90.93568655989822
364.0,91.3157894736842,84.01937046004842,91.94345873541265
411.0,90.29345372460497,82.3045267489712,91.06587636066368
488.0,90.0390625,81.88277087033747,90.83880070219077
576.0,86.98689956331877,76.97063369397218,88.33535106736534
613.0,84.9586776859504,73.85057471264368,86.74204866275332
660.0,86.26247122026093,75.84345479082322,87.74133476429941
672.0,85.84202682563338,75.19582245430809,87.40637896908953
664.0,85.88679245283018,75.26455026455027,87.44379366796566
630.0,88.68217054263566,79.66573816155989,89.68570352961471
560.0,89.05597326649958,80.2710843373494,90.00360010232093
433.0,87.87878787878788,78.37837837837837,89.07667160831718
323.0,82.45363766048503,70.14563106796116,84.94953692432276
217.0,84.33734939759037,72.91666666666666,86.38028025724158
152.0,88.82175226586104,79.8913043478261,89.90867362147345
96.0,80.23952095808383,67.0,83.46707178351195
205.0,84.67532467532467,73.42342342342343,86.65272704772435
332.0,89.74358974358975,81.3953488372093,90.63354102113792
383.0,93.33333333333333,87.5,93.69881470924749
439.0,92.35955056179776,85.80375782881002,92.83355780519172
532.0,91.58186864014802,84.47098976109216,92.14391057266178
593.0,91.85059422750425,84.92935635792779,92.36797222550364
637.0,90.13417521704814,82.04022988505747,90.8941195791581
655.0,90.03802281368822,81.88105117565698,90.80842652361423
669.0,90.13062409288824,82.03434610303832,90.8799517822224
633.0,90.20194465220644,82.1525885558583,90.94416590159527
586.0,89.56862745098039,81.10795454545455,90.41991820610093
483.0,87.96992481203007,78.52348993288591,89.13299305528177
384.0,79.14691943127961,65.49019607843137,82.5685401161789
238.0,78.06563039723662,64.02266288951841,81.88420431763208
173.0,90.54441260744986,82.72251308900523,91.32826842022736
145.0,72.57383966244726,56.95364238410596,78.41193798183139
215.0,87.10462287104623,77.15517241379311,88.52458302670574
335.0,90.85457271364318,83.24175824175825,91.55972378632937
389.0,93.35006273525721,87.52941176470588,93.71149730472865
447.0,91.35538954108858,84.08644400785855,91.96181169597719
545.0,92.02127659574468,85.22167487684729,92.52021577380435
602.0,91.47540983606557,84.29003021148036,92.04021442856659
642.0,89.78328173374614,81.46067415730337,90.59726183064781
660.0,89.26470588235294,80.61088977423638,90.15817542434912
670.0,89.82456140350877,81.52866242038218,90.61797300605672
633.0,90.05158437730287,81.90348525469169,90.81555781951774
579.0,86.4367816091954,76.11336032388664,87.8782959000712
472.0,84.17200365965233,72.66982622432859,86.16092485888566
372.0,78.94131185270426,65.20912547528516,82.42094946932642
230.0,76.57342657342657,62.03966005665722,80.8857146891369
170.0,91.21813031161473,83.85416666666666,91.89609263054417
156.0,77.20588235294117,62.874251497005986,81.37521366366347
236.0,87.61061946902655,77.95275590551181,88.92035330190953
347.0,92.32954545454545,85.75197889182058,92.82182804493539
397.0,94.11764705882352,88.88888888888889,94.39624393030563
466.0,91.35802469135803,84.0909090909091,91.96100187916323
553.0,90.76655052264809,83.09409888357257,91.44031296006239
606.0,91.37792103142627,84.1246290801187,91.95447120518058
643.0,89.31297709923665,80.6896551724138,90.20367294121084
658.0,89.16363636363637,80.4461942257218,90.07278337075488
665.0,87.75086505190312,78.1750924784217,88.90890993062419
633.0,88.67786705624543,79.65879265091863,89.67304860813599
569.0,86.47380766223613,76.17079889807162,87.91108511898724
458.0,84.36018957345972,72.95081967213115,86.30951733440665
350.0,73.1535756154748,57.67097966728281,78.60586525478692
222.0,76.70250896057348,62.2093023255814,80.97455228764558
159.0,89.08554572271386,80.31914893617021,90.12259295883973
166.0,77.77777777777779,63.63636363636363,81.75426363345825
243.0,87.36616702355461,77.56653992395437,88.72423690346442
358.0,93.51724137931035,87.8238341968912,93.8647633773147
407.0,93.7947494033413,88.31460674157303,94.10507670706598
476.0,91.95171026156942,85.1024208566108,92.4707582872728
558.0,91.78910976663785,84.82428115015975,92.3164612518852
614.0,91.21405750798722,83.84728340675477,91.81276578361124
645.0,87.83068783068782,78.30188679245283,88.98862864675571
664.0,87.41058655221745,77.63659466327827,88.64075269328546
666.0,86.2116991643454,75.76499388004896,87.68272697816238
636.0,87.37151248164464,77.57496740547587,88.61403016206712
577.0,83.32063975628333,71.40992167101827,85.4843237080232
456.0,82.79773156899812,70.64516129032258,85.1396219415544
338.0,72.18225419664267,56.47279549718574,78.00381629495878
221.0,78.1021897810219,64.07185628742515,81.91583687434786
153.0,88.35820895522389,79.14438502673798,89.53321434114542
166.0,80.13245033112582,66.85082872928176,83.36548029212065
264.0,90.2970297029703,82.31046931407943,91.10618364398614
361.0,93.26145552560648,87.37373737373737,93.63669810689679
411.0,92.66589057043073,86.33405639913232,93.10374723207048
478.0,90.94488188976378,83.39350180505414,91.6042216351175
564.0,91.29692832764505,83.98744113029827,91.89098290877638
614.0,89.84126984126985,81.55619596541787,90.64909173396876
650.0,85.09036144578313,74.04980340760157,86.82534918520612
666.0,85.1399856424982,74.125,86.85375910090151
670.0,83.75,72.04301075268818,85.78548980335073
638.0,87.5,77.77777777777779,88.71949306731915
578.0,79.58426132145509,66.09124537607892,82.76862832865186
456.0,81.15671641791045,68.28885400313972,83.94137519320252
340.0,71.66276346604215,55.839416058394164,77.6770771890126
223.0,76.89594356261023,62.46418338108882,81.1009815580331
161.0,90.7514450867052,83.06878306878306,91.50240368977249
170.0,78.11447811447812,64.08839779005525,81.97927680153981
267.0,90.19607843137256,82.14285714285714,91.02137451304552
363.0,92.80000000000001,86.56716417910447,93.22939568833203
412.0,92.79069767441861,86.55097613882863,93.21321031061005
481.0,90.89128305582761,83.30341113105925,91.55816678213728
570.0,92.12531752751904,85.40031397174255,92.60646743074554
614.0,90.89469517022961,83.30914368650217,91.53864909820048
654.0,85.92483419307295,75.32299741602067,87.46893120856485
670.0,84.81894150417827,73.63966142684401,86.59992634156171
672.0,84.57847840986977,73.27790973871734,86.41195271031592
643.0,88.6943836615609,79.68545216251638,89.68637520972817
574.0,80.0,66.66666666666666,83.05727949275946
456.0,81.46754468485419,68.73015873015873,84.16706155352799
345.0,73.45971563981043,58.052434456928836,78.80161529528348
220.0,75.83774250440916,61.07954545454546,80.40266578385686
159.0,89.94082840236686,81.72043010752688,90.8262313659336
172.0,82.97213622291022,70.8994708994709,85.39478161096001
279.0,90.51094890510949,82.66666666666667,91.28125834535064
364.0,92.63157894736842,86.27450980392157,93.08105708564736
420.0,92.2384701912261,85.59498956158664,92.72817034242175
497.0,91.41221374045801,84.18277680140598,92.00083967542783
576.0,91.4095079232694,84.17818740399386,91.98532163783959
618.0,91.23630672926447,83.88489208633094,91.82952688118696
656.0,87.20238095238095,77.30870712401055,88.4809315011059
674.0,84.97554157931516,73.8760631834751,86.72115780219592
671.0,82.87671232876713,70.76023391812866,85.12795339569058
638.0,86.17176128093159,75.70332480818415,87.66006834149123
574.0,77.85817655571635,63.74407582938388,81.5638063179314
453.0,80.89468779123952,67.91862284820031,83.75324813754152
326.0,72.4179829890644,56.76190476190476,78.15339714617953
224.0,76.70753064798599,62.21590909090909,80.97484006700309
161.0,88.30409356725146,79.05759162303664,89.48881580152333
170.0,80.13029315960912,66.84782608695652,83.36297763501123
273.0,89.13857677902621,80.4054054054054,90.14463069341119
365.0,92.4901185770751,86.02941176470588,92.95750568165049
418.0,92.44851258581235,85.95744680851064,92.912421065591
486.0,90.66410009624639,82.9225352112676,91.3636919090238
575.0,91.10738255033557,83.66718027734977,91.72680634563397
617.0,88.83572567783095,79.9139167862267,89.8158834016786
656.0,83.04347826086956,71.00371747211895,85.26598590578712
674.0,83.25292901447277,71.31050767414405,85.41015579785633
677.0,84.472049689441,73.11827956989248,86.33216052580654
645.0,87.61904761904762,77.96610169491525,88.81261234650964
580.0,78.6743515850144,64.8456057007126,82.12459612055576
463.0,79.25531914893617,65.63876651982379,82.58410806837375
364.0,77.02857142857142,62.639405204460964,81.11805329144977
229.0,76.28865979381443,61.66666666666667,80.69520625642257
167.0,91.21813031161473,83.85416666666666,91.89609263054417
100.0,76.8361581920904,62.38532110091744,81.15174891958141
234.0,80.96385542168674,68.0161943319838,83.92910980396982
355.0,92.55014326647564,86.13333333333333,93.01451333587414
409.0,92.15686274509804,85.45454545454545,92.66301569916027
478.0,88.19226750261234,78.8785046728972,89.32569362760108
566.0,85.88640275387263,75.26395173453997,87.466909538788
621.0,85.61928512053201,74.8546511627907,87.25314463457592
709.0,83.48484848484848,71.65149544863459,85.60610036915357
724.0,81.41342756183747,68.65315852205006,84.0614582932831
746.0,84.82709950599859,73.65196078431373,86.60913722523806
683.0,86.16487455197132,75.6926952141058,87.65169304326066
637.0,80.95238095238095,68.0,83.74210186976146
528.0,44.982698961937714,29.017857142857146,64.03174724252358
430.0,7.224958949096879,3.747870528109029,51.31067012069606
274.0,70.95808383233533,54.988399071925755,77.29996256686057
182.0,78.55421686746989,64.68253968253968,82.252292975255
108.0,84.40366972477065,73.01587301587301,86.47399353213585
115.0,88.25910931174089,78.98550724637681,89.46379243118568
127.0,85.92592592592592,75.32467532467533,87.62438320768324
131.0,87.17948717948718,77.27272727272727,88.60140349092943
134.0,80.28673835125448,67.06586826347305,83.47800444173971
127.0,55.13196480938416,38.05668016194332,68.87559059013662
116.0,62.82051282051282,45.794392523364486,72.78137693982434
75.0,65.21739130434783,48.38709677419355,74.12969652342049
117.0,85.1063829787234,74.07407407407408,87.00209015629576
126.0,84.13793103448276,72.61904761904762,86.2635734359273
133.0,85.34201954397395,74.43181818181817,87.17094955449187
143.0,88.0503144654088,78.65168539325843,89.28787003694418
148.0,88.81789137380191,79.88505747126436,89.90755461648035
135.0,84.93150684931507,73.80952380952381,86.86080761722094
122.0,83.08823529411765,71.0691823899371,85.48864908203086
71.0,74.4186046511628,59.25925925925925,79.58572796934867
117.0,84.70588235294117,73.46938775510205,86.6957468455146
122.0,88.0,78.57142857142857,89.25275054582815
133.0,88.0,78.57142857142857,89.2497459378604
152.0,83.8323353293413,72.16494845360825,86.02851307883066
158.0,86.19718309859155,75.74257425742574,87.82230965834924
143.0,67.5257731958763,50.97276264591439,75.36049462098897
125.0,83.14606741573034,71.15384615384616,85.53198150097181
84.0,75.26881720430107,60.3448275862069,80.12651110679842
116.0,90.0398406374502,81.88405797101449,90.9170604458672
127.0,76.04790419161677,61.35265700483091,80.59640682565868
150.0,81.33704735376045,68.54460093896714,84.20534064537803
158.0,78.21782178217822,64.22764227642277,82.02585280681069
171.0,76.74418604651163,62.264150943396224,81.03209746685917
160.0,74.75728155339806,59.68992248062015,79.74100698018454
134.0,74.69135802469135,59.60591133004927,79.72104576591366
119.0,78.35051546391753,64.40677966101694,82.14046785375963
118.0,88.8,79.85611510791367,89.90009390669826
136.0,89.28571428571429,80.64516129032258,90.29261121398109
141.0,87.34177215189874,77.52808988764045,88.72407532073376
155.0,85.95988538681948,75.37688442211056,87.63946767781256
163.0,89.8876404494382,81.63265306122449,90.78033804692703
151.0,87.27272727272727,77.41935483870968,88.66770428216265
140.0,83.78378378378379,72.09302325581395,85.99856149604412
108.0,72.64957264957265,57.04697986577181,78.45960620127744
119.0,88.09523809523809,78.72340425531915,89.3317410770254
129.0,86.3013698630137,75.90361445783132,87.91184718895562
140.0,83.33333333333334,71.42857142857143,85.65832600527621
154.0,79.37336814621409,65.80086580086581,82.82147080224003
171.0,78.75894988066825,64.96062992125984,82.39133453632327
158.0,74.21686746987952,59.00383141762452,79.39496276810617
167.0,86.85714285714286,76.76767676767676,88.33786045324507
129.0,80.14440433212997,66.86746987951807,83.37880634692971
126.0,85.15625,74.14965986394559,87.0368807838313
133.0,89.53068592057761,81.04575163398692,90.49390594565965
140.0,88.7459807073955,79.76878612716763,89.84941964338317
155.0,87.03170028818444,77.04081632653062,88.47543065202092
174.0,87.66404199475065,78.03738317757009,88.97170004726252
168.0,86.41304347826086,76.07655502392345,87.98829450618368
161.0,86.20689655172413,75.75757575757575,87.83081282581541
144.0,77.50865051903114,63.2768361581921,81.57350117273619
128.0,78.59649122807018,64.73988439306359,82.30902017671715
142.0,89.1156462585034,80.3680981595092,90.1520778538579
146.0,87.5776397515528,77.90055248618785,88.91030422350764
153.0,75.25773195876289,60.33057851239669,80.06934682165907
170.0,82.32323232323232,69.95708154506438,84.90855896780143
162.0,81.02564102564102,68.10344827586206,83.97775076834408
163.0,85.0828729281768,74.03846153846155,86.96525451878097
138.0,76.08695652173914,61.40350877192983,80.63584797307122
109.0,90.0,81.81818181818183,90.88712473699594
118.0,87.4493927125506,77.6978417266187,88.81796296604962
126.0,87.5,77.77777777777779,88.8549276047528
137.0,86.64495114006515,76.4367816091954,88.17742603430015
145.0,86.06811145510835,75.54347826086956,87.726772405811
130.0,85.12110726643598,74.09638554216868,87.0052383028207
106.0,81.32780082987551,68.53146853146853,84.22080435639283
120.0,59.183673469387756,42.028985507246375,70.93468110910426
113.0,87.28813559322035,77.44360902255639,88.69184824742342
123.0,84.13284132841329,72.61146496815286,86.26278573804152
134.0,87.04318936877077,77.05882352941177,88.49044683314429
138.0,83.03030303030303,70.98445595854922,85.43627162523076
151.0,85.37313432835822,74.47916666666666,87.19061565200302
136.0,86.46864686468648,76.16279069767442,88.04043221565708
110.0,77.86259541984732,63.74999999999999,81.81708571314455
111.0,65.98984771573603,49.24242424242424,74.55436053174076
115.0,86.99186991869918,76.97841726618705,88.4572527322367
123.0,86.69201520912547,76.51006711409396,88.22007690329762
133.0,85.91065292096219,75.30120481927712,87.60964418702561
140.0,79.88505747126436,66.50717703349282,83.18364027844277
154.0,86.20689655172413,75.75757575757575,87.83081282581541
138.0,85.90163934426229,75.28735632183908,87.60071682612086
113.0,81.85328185328186,69.28104575163398,84.59358858382578
91.0,72.92817679558011,57.391304347826086,78.64675973727365
111.0,88.06584362139918,78.67647058823529,89.30927525896615
121.0,86.79245283018868,76.66666666666667,88.29837598130281
133.0,80.99688473520249,68.06282722513089,83.97046968098249
144.0,75.39267015706807,60.50420168067227,80.15816096185836
160.0,80.719794344473,67.67241379310344,83.76123538572584
150.0,80.10899182561307,66.81818181818183,83.33613322454795
127.0,76.43312101910828,61.855670103092784,80.85391783882464
150.0,73.54838709677419,58.16326530612245,78.99973420713418
118.0,87.4015748031496,77.62237762237763,88.77923035717903
126.0,87.4074074074074,77.63157894736842,88.78182886798682
138.0,86.81672025723472,76.70454545454545,88.31130631972692
137.0,80.71216617210682,67.66169154228857,83.76589772957753
150.0,79.88826815642457,66.51162790697674,83.18386144214585
150.0,85.62691131498471,74.8663101604278,87.38618889586664
129.0,84.61538461538461,73.33333333333333,86.62271501348516
104.0,71.77033492822966,55.970149253731336,77.9261935666074
114.0,88.6178861788618,79.56204379562044,89.7530593676007
129.0,85.5072463768116,74.68354430379746,87.3018184981371
132.0,80.3680981595092,67.17948717948717,83.52580113795021
136.0,77.14285714285715,62.7906976744186,81.31541438346137
163.0,83.6461126005362,71.88940092165899,85.8837248510734
146.0,81.9484240687679,69.41747572815534,84.64577941665297
162.0,87.83382789317507,78.3068783068783,89.11246210058874
146.0,78.22878228782287,64.24242424242425,82.0622946057338
121.0,87.4015748031496,77.62237762237763,88.77923035717903
130.0,88.40579710144928,79.22077922077922,89.57842413310509
136.0,84.88745980707395,73.74301675977654,86.82454970352347
147.0,81.23249299719888,68.39622641509435,84.13115472180831
171.0,83.20413436692506,71.23893805309734,85.55448852070042
162.0,86.66666666666667,76.47058823529412,88.18731330997012
150.0,82.92682926829268,70.83333333333334,85.36071143085532
147.0,72.38805970149254,56.72514619883041,78.28868983497303
120.0,84.7328244274809,73.50993377483444,86.71501881990497
131.0,86.52482269503547,76.25,88.08704099572462
142.0,85.01529051987767,73.93617021276596,86.91912133957042
138.0,75.49295774647888,60.633484162895925,80.22981510011229
166.0,81.93384223918575,69.39655172413794,84.62729715568088
153.0,81.30081300813008,68.4931506849315,84.17761120381785
136.0,82.42811501597444,70.1086956521739,84.9993994775346
118.0,75.0,60.0,79.93810274943594
113.0,0.0,0.0,49.77080676020408
127.0,0.0,0.0,49.744897959183675
137.0,0.0,0.0,49.65023118622449
149.0,0.0,0.0,49.52865911989796
159.0,0.0,0.0,49.61136798469388
143.0,0.0,0.0,49.55855389030612
131.0,0.0,0.0,49.693080357142854
115.0,0.0,0.0,49.71898915816326
49.0,68.18181818181817,51.724137931034484,75.83415048747312
53.0,76.63551401869158,62.121212121212125,81.03567337884681
77.0,80.87431693989072,67.88990825688074,83.91002538308089
111.0,84.12698412698413,72.6027397260274,86.26142578472331
134.0,87.62541806020067,77.97619047619048,88.9511285081522
166.0,84.84848484848484,73.68421052631578,86.78712945251458
146.0,85.53846153846155,74.73118279569893,87.3186261521313
128.0,84.35374149659864,72.94117647058823,86.4246360255922
112.0,86.05577689243027,75.52447552447552,87.72728529758969
82.0,84.49197860962568,73.14814814814815,86.54513022514101
42.0,82.5,70.2127659574468,85.09242290453558
64.0,76.69172932330827,62.19512195121951,81.06663828234292
108.0,79.47598253275109,65.94202898550725,82.92409425715415
122.0,86.12099644128114,75.625,87.77354285286185
148.0,85.54572271386431,74.74226804123711,87.32216438179464
184.0,88.66995073891626,79.64601769911505,89.7770051692631
166.0,86.01583113456465,75.46296296296296,87.67849525789961
145.0,86.23853211009175,75.80645161290323,87.85825728441704
116.0,82.05128205128204,69.56521739130434,84.7336713354732
103.0,84.82142857142857,73.64341085271317,86.7877604172713
56.0,73.07692307692307,57.57575757575758,78.75995585517306
90.0,71.51515151515152,55.660377358490564,77.78329840249289
117.0,79.18367346938776,65.54054054054053,82.7193507231547
139.0,87.8688524590164,78.3625730994152,89.14431760362231
154.0,84.21052631578947,72.72727272727273,86.30666371050987
189.0,87.67772511848341,78.05907172995781,88.9775265032938
182.0,85.08557457212714,74.04255319148936,86.96027903564708
166.0,87.56756756756758,77.88461538461539,88.89632056870231
131.0,83.61204013377926,71.83908045977012,85.8705901589574
109.0,83.89830508474576,72.26277372262774,86.09344529133165
57.0,75.43859649122807,60.56338028169014,80.25376442325386
93.0,70.05649717514125,53.91304347826087,76.90364230424198
125.0,82.12927756653993,69.6774193548387,84.79177351060623
150.0,87.8048780487805,78.26086956521739,89.09046036623518
166.0,86.08923884514435,75.57603686635944,87.73503115012765
199.0,87.19101123595505,77.29083665338645,88.58839779930337
187.0,87.14285714285714,77.21518987341773,88.55358737565031
163.0,86.1788617886179,75.71428571428571,87.80616019124926
132.0,87.67123287671232,78.04878048780488,88.98842477075665
110.0,86.32478632478633,75.93984962406014,87.93797274013791
62.0,78.4,64.47368421052632,82.20991051151128
103.0,72.72727272727273,57.14285714285714,78.52053849399583
133.0,83.98576512455516,72.39263803680981,86.15137115792307
157.0,87.3900293255132,77.60416666666666,88.7591065408013
176.0,86.80203045685279,76.68161434977578,88.28881237436794
197.0,86.87782805429865,76.8,88.3419814340589
194.0,87.1559633027523,77.23577235772358,88.56187049447016
181.0,86.07594936708861,75.55555555555556,87.72278437698587
137.0,85.35031847133759,74.44444444444444,87.17626082979186
116.0,85.48387096774194,74.64788732394366,87.28799399151048
84.0,77.41935483870968,63.1578947368421,81.5440283804731
112.0,74.17840375586854,58.95522388059702,79.4227184337013
149.0,84.61538461538461,73.33333333333333,86.61870886952813
167.0,88.76404494382022,79.7979797979798,89.85900429380777
179.0,85.85365853658537,75.21367521367522,87.54883760683761
204.0,86.08695652173914,75.57251908396947,87.72223136958888
204.0,87.03296703296704,77.04280155642024,88.46237480678269
183.0,85.71428571428571,75.0,87.4420023199072
148.0,88.68501529051987,79.67032967032966,89.79818776095084
117.0,86.38132295719845,76.02739726027397,87.97874407106379
85.0,77.01863354037268,62.62626262626263,81.27621548122805
114.0,77.96610169491525,63.888888888888886,81.89253165792579
150.0,83.48909657320873,71.65775401069519,85.77592148798219
177.0,88.70967741935483,79.71014492753623,89.81308170173577
186.0,87.29016786570743,77.4468085106383,88.67039789455586
198.0,86.02620087336244,75.47892720306514,87.67543671023823
200.0,87.89237668161435,78.4,89.14597839135654
186.0,86.63366336633663,76.41921397379913,88.15560806687796
145.0,87.92569659442725,78.45303867403315,89.18754583899523
117.0,88.25910931174089,78.98550724637681,89.46379243118568
99.0,75.42857142857143,60.550458715596335,80.23232375013502
114.0,78.29787234042553,64.33566433566433,82.11691770413118
150.0,82.42424242424242,70.10309278350515,84.99359275466225
179.0,86.45833333333334,76.14678899082568,88.02140489333325
187.0,86.39618138424821,76.05042016806722,87.96820438346356
200.0,85.52631578947368,74.71264367816092,87.29029674954644
203.0,87.85871964679912,78.34645669291339,89.11820303481333
191.0,87.2289156626506,77.35042735042735,88.62220837468362
152.0,89.02077151335311,80.21390374331551,90.06997110165815
119.0,87.05882352941177,77.08333333333334,88.50870951096907
98.0,59.45945945945946,42.30769230769231,71.09400413677123
94.0,64.1025641025641,47.16981132075472,73.52904642564889
118.0,77.27272727272727,62.96296296296296,81.43157231616236
115.0,88.79668049792531,79.8507462686567,89.89841034298041
145.0,92.20779220779221,85.54216867469879,92.74710064625934
173.0,89.91825613079018,81.68316831683168,90.80459229662543
162.0,86.76056338028168,76.61691542288557,88.26147838234759
151.0,88.0503144654088,78.65168539325843,89.28787003694418
122.0,88.54961832061069,79.45205479452055,89.69606335411204
151.0,72.8,57.23270440251572,78.54846760507137
92.0,62.5,45.45454545454545,72.67341383756376
97.0,65.03067484662577,48.18181818181818,74.03404896681435
123.0,79.82456140350878,66.42335766423358,83.1657568994024
133.0,88.42105263157895,79.24528301886792,89.58967447646693
160.0,90.9090909090909,83.33333333333334,91.63567968120057
185.0,89.8989898989899,81.65137614678899,90.7856864733305
179.0,87.81725888324873,78.28054298642535,89.09227437303988
171.0,88.06818181818183,78.68020304568529,89.29811915543695
137.0,88.11188811188812,78.75,89.34103396603396
117.0,87.5,77.77777777777779,88.85893142848266
96.0,64.15094339622641,47.22222222222222,73.55425325574952
108.0,70.65217391304348,54.621848739495796,77.2570439842038
131.0,82.44897959183673,70.13888888888889,85.02650884783935
158.0,89.0282131661442,80.22598870056498,90.07801813410948
172.0,88.77005347593582,79.8076923076923,89.86185455216649
188.0,88.9423076923077,80.08658008658008,89.99728176179937
193.0,87.76978417266187,78.2051282051282,89.05155696156436
178.0,87.66404199475065,78.03738317757009,88.97170004726252
149.0,89.03225806451613,80.23255813953489,90.08230489014394
149.0,79.85611510791367,66.46706586826348,83.1776056396146
92.0,65.40880503144653,48.598130841121495,74.24420148312558
111.0,70.70707070707071,54.6875,77.28587269987625
138.0,85.60885608856088,74.83870967741936,87.380401582617
178.0,88.76080691642652,79.79274611398964,89.85739020944774
180.0,88.77551020408163,79.81651376146789,89.86425864066354
194.0,88.63109048723898,79.58333333333333,89.74265196225535
209.0,85.20179372197309,74.21875,87.04335651482415
178.0,88.37209302325581,79.16666666666666,89.53833783288337
148.0,89.1025641025641,80.34682080924856,90.13943554601964
161.0,79.86348122866895,66.47727272727273,83.17970590158158
95.0,68.29268292682927,51.85185185185185,75.87405042712305
112.0,72.1951219512195,56.48854961832062,78.18739085243203
142.0,87.63250883392226,77.9874213836478,88.95874705400723
174.0,89.08045977011494,80.31088082901555,90.11745636780739
184.0,89.10891089108911,80.35714285714286,90.13456790828981
210.0,88.30022075055187,79.05138339920948,89.47266624738768
196.0,87.07482993197279,77.10843373493977,88.49719862163121
186.0,87.28179551122194,77.43362831858407,88.66581517927163
169.0,85.63049853372434,74.87179487179488,87.38692681826801
156.0,81.53310104529616,68.82352941176471,84.35882717217214
98.0,71.5909090909091,55.75221238938053,77.82621893988613
114.0,77.77777777777779,63.63636363636363,81.77026997597147
150.0,87.5,77.77777777777779,88.85092154080823
180.0,89.07563025210085,80.3030303030303,90.11252840700827
209.0,88.94009216589862,80.08298755186722,89.99347745038293
222.0,89.36170212765957,80.76923076923077,90.33458136147965
213.0,86.50963597430406,76.22641509433963,88.05017477012575
206.0,86.11111111111111,75.60975609756098,87.74486604638001
181.0,85.71428571428571,75.0,87.44902344921337
164.0,82.2742474916388,69.88636363636364,84.89023793869409
103.0,71.35135135135135,55.46218487394958,77.6782087810179
117.0,82.05128205128204,69.56521739130434,84.74067578830393
150.0,85.53459119496856,74.72527472527473,87.3166741332209
182.0,88.35978835978835,79.14691943127961,89.52946763421447
207.0,88.43537414965986,79.26829268292683,89.58312695409622
222.0,88.70292887029288,79.69924812030075,89.79558515213661
214.0,86.97478991596638,76.95167286245353,88.41379796737918
206.0,85.78088578088578,75.10204081632654,87.49001064660142
176.0,84.81375358166189,73.6318407960199,86.76295006139844
165.0,81.33333333333333,68.53932584269663,84.21372333610037
106.0,74.07407407407408,58.82352941176471,79.36286836612265
115.0,81.73913043478261,69.11764705882352,84.51689229663353
147.0,84.01253918495298,72.43243243243244,86.16525902026082
189.0,89.92248062015504,81.69014084507043,90.80607198247282
208.0,86.74157303370787,76.5873015873016,88.23463072682807
228.0,89.81288981288982,81.50943396226415,90.70567774974697
215.0,86.86440677966102,76.77902621722846,88.32747712774534
207.0,86.37413394919169,76.01626016260163,87.94911709844459
189.0,85.32608695652173,74.40758293838863,87.14981198139968
168.0,82.35294117647058,70.0,84.94605394605395
101.0,0.0,0.0,49.73891900510204
88.0,0.0,0.0,49.717992665816325
134.0,25.435540069686414,14.570858283433132,56.858309009189576
175.0,29.953917050691242,17.615176151761517,58.504261460965864
202.0,52.54237288135594,35.63218390804598,67.53620950465172
214.0,26.254826254826252,15.11111111111111,57.174378897137736
210.0,51.0,34.22818791946309,66.82022913754975
206.0,50.470219435736674,33.75262054507338,66.56040504410522
184.0,53.333333333333336,36.36363636363637,67.95803301557777
169.0,34.78260869565217,21.052631578947366,60.271865402309956
35.0,68.85245901639344,52.5,76.23105871797429
43.0,80.89887640449437,67.9245283018868,83.94531161803553
46.0,87.2340425531915,77.35849056603774,88.66727759577444
37.0,83.33333333333334,71.42857142857143,85.70232065226682
21.0,63.63636363636363,46.666666666666664,73.31738500591418
35.0,84.50704225352112,73.17073170731707,86.5743978801412
46.0,83.49514563106796,71.66666666666667,85.81637843336725
51.0,88.07339449541286,78.68852459016394,89.33129549010272
43.0,83.6734693877551,71.9298245614035,85.94895536437583
23.0,70.0,53.84615384615385,76.9051325506315
37.0,86.8421052631579,76.74418604651163,88.36212154169309
46.0,81.9047619047619,69.35483870967742,84.65846976075898
55.0,89.65517241379311,81.25,90.61302968637779
48.0,83.49514563106796,71.66666666666667,85.81637843336725
35.0,74.66666666666667,59.57446808510638,79.7682901165741
38.0,85.71428571428571,75.0,87.48803350618269
49.0,80.67226890756302,67.6056338028169,83.77987563106053
58.0,92.06349206349206,85.29411764705883,92.63708236796454
51.0,87.71929824561403,78.125,89.04853519131788
37.0,76.92307692307693,62.5,81.23205240697165
41.0,82.82828282828282,70.6896551724138,85.3278733626106
52.0,85.24590163934425,74.28571428571429,87.12490167242382
61.0,90.07633587786259,81.94444444444444,90.95925257120561
56.0,86.1788617886179,75.71428571428571,87.84018457451812
40.0,80.0,66.66666666666666,83.31737928100405
48.0,82.45614035087719,70.1492537313433,85.05467833288623
57.0,87.6923076923077,78.08219178082192,89.02513387999575
68.0,90.64748201438849,82.89473684210526,91.43439773480355
56.0,88.33333333333333,79.1044776119403,89.53827316145565
40.0,78.48101265822784,64.58333333333334,82.27471582411007
53.0,83.33333333333334,71.42857142857143,85.69433598759697
60.0,86.36363636363636,76.0,87.9820427382829
68.0,91.97080291970804,85.13513513513513,92.55659237151066
63.0,87.76978417266187,78.2051282051282,89.08560311284046
54.0,78.63247863247864,64.7887323943662,82.36943102862135
60.0,83.68794326241135,71.95121951219512,85.95266345045277
64.0,84.93150684931507,73.80952380952381,86.88281195065726
73.0,89.65517241379311,81.25,90.61003322623775
64.0,87.94326241134752,78.48101265822784,89.22354500094217
52.0,75.43859649122807,60.56338028169014,80.25376442325386
47.0,83.33333333333334,71.42857142857143,85.6963327510494
47.0,84.40366972477065,73.01587301587301,86.49098059331453
49.0,86.72566371681415,76.5625,88.26628800347119
39.0,78.72340425531915,64.91228070175438,82.43619579673769
24.0,42.10526315789473,26.666666666666668,63.31140700579386
46.0,86.79245283018868,76.66666666666667,88.31936963893877
52.0,88.69565217391305,79.6875,89.83078241895261
57.0,89.43089430894308,80.88235294117648,90.42820785463883
50.0,84.48275862068965,73.13432835820896,86.5492097832699
30.0,72.22222222222221,56.52173913043478,78.24092938575578
44.0,80.0,66.66666666666666,83.31139126040586
52.0,88.13559322033898,78.78787878787878,89.3799740280468
59.0,88.70967741935483,79.71014492753623,89.84110626197645
51.0,85.21739130434783,74.24242424242425,87.1042551918128
34.0,69.23076923076923,52.94117647058824,76.44665954279776
55.0,81.6,68.91891891891892,84.43651681606794
60.0,90.9090909090909,83.33333333333334,91.65469444222737
64.0,93.23308270676691,87.32394366197182,93.65299230430675
55.0,86.1788617886179,75.71428571428571,87.84018457451812
44.0,72.52747252747253,56.896551724137936,78.42334715816214
62.0,85.91549295774648,75.30864197530865,87.6343668820971
65.0,90.0,81.81818181818183,90.89512247774574
65.0,92.53731343283582,86.11111111111111,93.04557830368981
63.0,86.52482269503547,76.25,88.10604359972064
45.0,70.96774193548387,55.00000000000001,77.47307699978063
65.0,85.33333333333334,74.4186046511628,87.18735149544091
66.0,87.07482993197279,77.10843373493977,88.53525933234856
68.0,91.78082191780823,84.81012658227847,92.3930893942345
64.0,87.32394366197182,77.5,88.73204094664166
37.0,71.42857142857143,55.55555555555556,77.75384765373997
80.0,64.93506493506493,48.07692307692308,73.95762482861544
68.0,87.17948717948718,77.27272727272727,88.61640674325275
68.0,92.85714285714286,86.66666666666667,93.32335548415851
67.0,86.8421052631579,76.74418604651163,88.3521369266683
51.0,67.6923076923077,51.162790697674424,75.53950593688477
72.0,66.66666666666666,50.0,74.92914878754615
67.0,86.66666666666667,76.47058823529412,88.21533841929738
68.0,90.14084507042254,82.05128205128204,91.01167231555164
71.0,85.71428571428571,75.0,87.47704911489413
53.0,71.15384615384616,55.223880597014926,77.58202346729823
90.0,27.906976744186046,16.216216216216218,57.92262745393978
93.0,20.66115702479339,11.52073732718894,55.56894675775011
91.0,0.0,0.0,49.84554368622449
64.0,1.1904761904761905,0.5988023952095809,50.13398017119721
26.0,0.0,0.0,49.90533322704081
108.0,81.66666666666667,69.01408450704226,84.4631107866095
141.0,85.0,73.91304347826086,86.908560108435
155.0,90.28213166144201,82.28571428571428,91.11187697016767
153.0,83.59133126934985,71.80851063829788,85.85129874354094
153.0,83.62573099415205,71.85929648241206,85.87368517682852
175.0,81.21827411167513,68.37606837606837,84.11405786045901
191.0,83.9907192575406,72.39999999999999,86.13099309930993
207.0,86.91796008869179,76.86274509803923,88.37234893957584
208.0,88.6509635974304,79.61538461538461,89.75465942730648
190.0,84.63356973995272,73.36065573770492,86.61532396861844
166.0,86.20689655172413,75.75757575757575,87.83081282581541
120.0,74.02597402597402,58.76288659793815,79.30154237611342
83.0,84.14634146341463,72.63157894736842,86.28984499486887
117.0,82.53968253968253,70.27027027027027,85.09119840402792
155.0,86.90476190476191,76.84210526315789,88.37707901574845
162.0,87.6470588235294,78.01047120418848,88.96325826985365
169.0,84.50704225352112,73.17073170731707,86.53039443879426
172.0,83.28912466843501,71.36363636363636,85.61884211272444
192.0,81.99052132701422,69.47791164658635,84.6629603830196
199.0,83.5117773019272,71.69117647058823,85.76855896417109
218.0,86.57314629258516,76.32508833922262,88.09549052669698
228.0,89.06560636182903,80.28673835125448,90.08831632489054
220.0,88.41201716738198,79.23076923076923,89.56135219593294
187.0,91.75257731958763,84.76190476190476,92.34895110090117
134.0,88.05460750853243,78.65853658536585,89.29430116178597
90.0,85.0828729281768,74.03846153846155,86.99228412358914
125.0,83.33333333333334,71.42857142857143,85.67034371772118
160.0,86.1271676300578,75.63451776649747,87.7692847892595
168.0,87.95518207282913,78.5,89.20701633379315
171.0,84.09703504043127,72.55813953488372,86.22009335800564
186.0,83.6272040302267,71.86147186147186,85.86574892813645
207.0,83.40807174887892,71.53846153846153,85.69521596627018
204.0,83.50730688935282,71.68458781362007,85.7632559685997
226.0,84.68809073724007,73.44262295081967,86.6402336406885
234.0,90.31007751937985,82.3321554770318,91.11602067346173
231.0,88.12877263581488,78.77697841726618,89.32943842495914
205.0,93.04556354916068,86.99551569506725,93.46874740377388
141.0,89.70099667774086,81.32530120481928,90.63167600158232
89.0,84.78260869565217,73.58490566037736,86.7645076028343
132.0,82.14285714285714,69.6969696969697,84.79854577415553
160.0,85.0574712643678,74.0,86.94802910370191
177.0,86.8632707774799,76.77725118483413,88.33963930857654
185.0,84.39897698209718,73.00884955752213,86.4434381958093
193.0,85.02415458937197,73.94957983193278,86.91278991596639
210.0,84.46389496717724,73.10606060606061,86.48200615481991
221.0,84.96993987975952,73.86759581881533,86.85874387049965
238.0,86.61710037174721,76.39344262295083,88.12463913779742
244.0,90.63097514340345,82.86713286713287,91.38450658054576
242.0,88.58800773694391,79.51388888888889,89.6978818380817
212.0,91.70506912442397,84.68085106382979,92.3044089642938
147.0,89.937106918239,81.71428571428572,90.82516396321284
95.0,84.21052631578947,72.72727272727273,86.33069434159515
132.0,82.43243243243244,70.11494252873564,85.00552736378046
166.0,85.79387186629526,75.1219512195122,87.50999803988684
177.0,86.45833333333334,76.14678899082568,88.02140489333325
191.0,84.93827160493828,73.8197424892704,86.84887612424484
197.0,84.7926267281106,73.6,86.73398943831012
210.0,83.43815513626835,71.58273381294964,85.71233054975073
237.0,87.00564971751412,77.0,88.43092401641806
240.0,84.89208633093526,73.75,86.79089907889468
255.0,88.24593128390596,78.96440129449837,89.41711212686145
258.0,87.33944954128441,77.52442996742671,88.69312931748723
215.0,91.35254988913526,84.08163265306122,92.00179291248219
141.0,88.67313915857605,79.65116279069767,89.79060867407142
87.0,84.5360824742268,73.21428571428571,86.57719915130981
143.0,80.2588996763754,67.02702702702703,83.45257688760445
169.0,85.86956521739131,75.23809523809524,87.56706633231084
193.0,88.88888888888889,80.0,89.956
199.0,85.43689320388349,74.57627118644068,87.22813559322033
202.0,83.85650224215246,72.2007722007722,86.02837025690053
228.0,83.13253012048193,71.1340206185567,85.48295819696872
239.0,88.55534709193246,79.46127946127946,89.66956644269419
249.0,86.21908127208481,75.77639751552795,87.8100925332987
269.0,88.14159292035399,78.79746835443038,89.33163621418917
275.0,87.88927335640139,78.39506172839506,89.12742149357938
221.0,91.29511677282377,83.984375,91.95115549503613
161.0,93.29446064139941,87.43169398907104,93.69285435218106
104.0,83.87096774193549,72.22222222222221,86.07617051013277
146.0,81.9047619047619,69.35483870967742,84.62047288452081
170.0,85.32608695652173,74.40758293838863,87.14981198139968
186.0,86.07594936708861,75.55555555555556,87.72278437698587
196.0,85.23809523809524,74.27385892116183,87.0749257403577
212.0,84.78260869565217,73.58490566037736,86.72242622007683
228.0,83.76753507014027,72.06896551724138,85.95342926331378
239.0,86.87615526802219,76.79738562091504,88.32760893148033
255.0,85.46712802768167,74.62235649546828,87.22705879811568
270.0,89.61937716262976,81.19122257053291,90.53551151965554
276.0,87.56388415672913,77.87878787878788,88.86627548750188
229.0,92.3076923076923,85.71428571428571,92.82010878579722
163.0,92.7536231884058,86.48648648648648,93.21825124068405
103.0,83.87096774193549,72.22222222222221,86.07617051013277
151.0,82.56880733944955,70.3125,85.0992967017046
171.0,84.26666666666667,72.81105990783409,86.3465511862734
197.0,86.27450980392157,75.86206896551724,87.87503448275862
205.0,85.3211009174312,74.4,87.13598719743949
217.0,85.65310492505354,74.90636704119851,87.38615134515504
233.0,84.0,72.41379310344827,86.12684211470696
245.0,87.4074074074074,77.63157894736842,88.74770777564656
269.0,88.43537414965986,79.26829268292683,89.56603190921723
276.0,90.38785834738617,82.46153846153847,91.1736641574343
280.0,88.40336134453781,79.21686746987952,89.53931346567123
230.0,91.12903225806451,83.7037037037037,91.8078078078078
171.0,94.3820224719101,89.36170212765957,94.66085426331787
104.0,85.71428571428571,75.0,87.46805111821085
113.0,82.39999999999999,70.06802721088435,84.9900777517885
148.0,84.14634146341463,72.63157894736842,86.26382896367181
158.0,84.77611940298507,73.57512953367875,86.736599423273
167.0,84.97109826589595,73.86934673366834,86.88270350935151
160.0,84.48275862068965,73.13432835820896,86.5131954809494
189.0,82.67326732673267,70.46413502109705,85.16208010828093
193.0,84.77751756440281,73.57723577235772,86.7236113855288
227.0,90.87136929460581,83.26996197718631,91.59094311602274
227.0,90.9090909090909,83.33333333333334,91.62262791256306
222.0,88.88888888888889,80.0,89.94796669868717
205.0,88.88888888888889,80.0,89.95399263882221
167.0,87.42514970059881,77.6595744680851,88.78781241893161
218.0,65.03067484662577,48.18181818181818,73.97706846778146
124.0,82.26415094339623,69.87179487179486,84.88896033161717
155.0,84.77611940298507,73.57512953367875,86.736599423273
170.0,86.36363636363636,76.0,87.95202302894612
173.0,83.19559228650138,71.22641509433963,85.55223803192744
181.0,82.57372654155496,70.31963470319634,85.0948459390197
201.0,83.57487922705315,71.78423236514523,85.82412026232782
201.0,86.35346756152126,75.98425196850394,87.93110523719797
231.0,90.54325955734407,82.72058823529412,91.31324801246397
235.0,89.89690721649485,81.64794007490637,90.77492884284972
238.0,89.20570264765783,80.51470588235294,90.20430732194393
216.0,91.95402298850574,85.1063829787234,92.51817468129383
174.0,88.18443804034582,78.8659793814433,89.39200854205004
183.0,72.54237288135593,56.91489361702128,78.37655843446683
129.0,82.35294117647058,70.0,84.95206136145733
159.0,84.88372093023256,73.73737373737373,86.81671804997809
173.0,84.78260869565217,73.58490566037736,86.73647522123225
182.0,83.5978835978836,71.81818181818181,85.8471132210586
186.0,84.5360824742268,73.21428571428571,86.54715725368769
209.0,83.9907192575406,72.39999999999999,86.13099309930993
213.0,87.58169934640523,77.90697674418605,88.8964598578359
236.0,90.01956947162427,81.85053380782918,90.87421176436388
245.0,90.11857707509881,82.01438848920863,90.95714219046802
260.0,89.14285714285714,80.41237113402062,90.14911937022202
224.0,92.65033407572383,86.30705394190872,93.12050583742891
186.0,88.39779005524862,79.20792079207921,89.56197383174018
173.0,75.08771929824562,60.1123595505618,79.98527762025483
134.0,83.50877192982456,71.6867469879518,85.79642701296426
161.0,84.54810495626822,73.23232323232324,86.56319445580104
184.0,85.1063829787234,74.07407407407408,86.98105495130447
190.0,84.83290488431876,73.66071428571429,86.77137012000217
191.0,84.26395939086294,72.80701754385966,86.34152116945033
222.0,83.40807174887892,71.53846153846153,85.69521596627018
226.0,88.60759493670885,79.54545454545455,89.71869052774069
243.0,88.84615384615384,79.93079584775087,89.90733405361814
257.0,90.52224371373308,82.68551236749117,91.2936992777346
272.0,89.09426987060998,80.33333333333333,90.10758986682687
226.0,91.77489177489177,84.8,92.36197262028661
190.0,88.28337874659401,79.02439024390245,89.46920715858097
212.0,70.09063444108762,53.95348837209303,76.87786284365738
136.0,79.86348122866895,66.47727272727273,83.17970590158158
172.0,85.24590163934425,74.28571428571429,87.0888787342206
188.0,83.6734693877551,71.9298245614035,85.90092763701624
195.0,85.92592592592592,75.32467532467533,87.60533994224646
199.0,85.57692307692307,74.78991596638656,87.33495558309727
225.0,84.73118279569893,73.50746268656717,86.68270151075393
228.0,90.08264462809917,81.95488721804512,90.92940325512528
253.0,89.13443830570903,80.39867109634552,90.14025756523529
270.0,89.50276243093923,81.0,90.44292351751346
276.0,89.28571428571429,80.64516129032258,90.26249171354249
233.0,91.10169491525424,83.65758754863813,91.78676098874632
194.0,87.09677419354838,77.14285714285715,88.52344200766642
204.0,69.1588785046729,52.85714285714286,76.32969996147865
153.0,80.5111821086262,67.37967914438502,83.62890051125345
177.0,86.48648648648648,76.19047619047619,88.04525409011973
218.0,81.62291169451073,68.95161290322581,84.39881415084298
222.0,84.52655889145497,73.2,86.53299061868663
213.0,84.30913348946136,72.8744939271255,86.3702416031339
232.0,83.43815513626835,71.58273381294964,85.71233054975073
248.0,90.9090909090909,83.33333333333334,91.62061693295426
258.0,89.78102189781022,81.45695364238411,90.67239831127819
277.0,89.76660682226212,81.43322475570032,90.6595278928123
286.0,91.31944444444444,84.02555910543131,91.9626924010718
243.0,92.43353783231085,85.93155893536122,92.92874243064358
210.0,83.96946564885496,72.36842105263158,86.12122438326726
212.0,69.06906906906907,52.752293577981646,76.27327229587243
145.0,80.51948051948052,67.3913043478261,83.63571450908447
176.0,84.96042216358839,73.85321100917432,86.8696225994587
202.0,83.00970873786407,70.95435684647303,85.40718542253659
219.0,85.51724137931035,74.69879518072288,87.28638498784093
209.0,83.25581395348837,71.31474103585657,85.58536619766907
231.0,83.78947368421052,72.10144927536231,85.97368920138047
243.0,89.42115768463074,80.86642599277978,90.38016206749815
264.0,87.07964601769912,77.11598746081505,88.48489138712694
280.0,89.75265017667844,81.41025641025641,90.64703758375887
290.0,91.49659863945578,84.32601880877742,92.11291623108637
252.0,91.66666666666666,84.61538461538461,92.26564605681634
228.0,81.15942028985508,68.29268292682927,84.06835394141817
227.0,66.28242074927954,49.56896551724138,74.66762532469009
159.0,83.43558282208589,71.57894736842105,85.73551684967815
188.0,84.31876606683805,72.88888888888889,86.38345908093169
228.0,79.36507936507937,65.78947368421053,82.80373866206887
234.0,83.70044052863436,71.96969696969697,85.91082775904526
211.0,84.47488584474885,73.12252964426878,86.4932525799308
238.0,82.81573498964804,70.6713780918728,85.25264918680402
256.0,88.58800773694391,79.51388888888889,89.6978818380817
269.0,87.36842105263159,77.57009345794393,88.71294145527236
293.0,90.72512647554805,83.0246913580247,91.45724318837978
295.0,91.5702479338843,84.45121951219512,92.17450652757594
282.0,88.27838827838828,79.01639344262294,89.44411341301068
237.0,81.48148148148148,68.75,84.295
225.0,69.23076923076923,52.94117647058824,76.358700123406
269.0,22.916666666666664,12.941176470588237,56.175367617724504
289.0,0.0,0.0,49.5964205994898
260.0,0.0,0.0,49.61834343112245
233.0,0.0,0.0,49.659199617346935
232.0,0.0,0.0,49.67016103316326
242.0,13.682092555331993,7.343412526997841,53.24392117315549
253.0,4.452690166975881,2.2770398481973433,50.62520360163635
269.0,0.0,0.0,49.52865911989796
305.0,2.55863539445629,1.2958963282937366,50.19249669912793
322.0,76.20481927710844,61.55717761557178,80.62034511249514
322.0,24.199288256227756,13.765182186234817,56.457509269855656
346.0,0.0,0.0,49.46089764030612
254.0,0.0,0.0,49.55556441326531
49.0,0.0,0.0,49.94319993622449
58.0,8.333333333333332,4.3478260869565215,52.10814061607707
110.0,43.93063583815029,28.14814814814815,63.97734105720064
106.0,71.21951219512195,55.3030303030303,77.59263644165746
97.0,73.86363636363636,58.55855855855856,79.23338117307506
102.0,74.03314917127072,58.77192982456141,79.33906714940377
92.0,86.02150537634408,75.47169811320755,87.70989888094105
90.0,82.62910798122066,70.39999999999999,85.16306500559017
84.0,80.40201005025126,67.22689075630252,83.57452011465718
82.0,77.94871794871796,63.86554621848739,81.88985893758701
81.0,81.65680473372781,69.0,84.46906619833557
81.0,78.16091954022988,64.15094339622641,82.03755360120253
72.0,80.98159509202453,68.04123711340206,83.9896866069904
53.0,76.8,62.33766233766234,81.13990521926206
53.0,76.92307692307693,62.5,81.22007540996688
75.0,32.967032967032964,19.736842105263158,59.807616842189205
59.0,75.38461538461539,60.49382716049383,80.21499465431877
107.0,68.26923076923077,51.82481751824818,75.84654706867404
116.0,86.53061224489797,76.2589928057554,88.09654253828812
111.0,86.87782805429865,76.8,88.3710463258786
116.0,79.82062780269058,66.4179104477612,83.16403338787525
108.0,82.14285714285714,69.6969696969697,84.8085519357782
101.0,83.98268398268398,72.38805970149254,86.15708821852517
95.0,82.30088495575221,69.92481203007519,84.92247230499626
89.0,86.33879781420765,75.96153846153845,87.95581763686141
89.0,73.49397590361446,58.0952380952381,79.00372001539317
87.0,86.1878453038674,75.72815533980582,87.83912657405078
79.0,87.42514970059881,77.6595744680851,88.80883040511016
73.0,85.16129032258064,74.15730337078652,87.05570217431763
57.0,77.51937984496125,63.29113924050633,81.61664251655449
72.0,56.14035087719298,39.02439024390244,69.46233870842218
56.0,32.075471698113205,19.101123595505616,59.478790031967996
117.0,39.15343915343915,24.342105263157894,62.056371445276866
110.0,83.59375,71.81208053691275,85.8640981485818
122.0,89.16666666666667,80.45112781954887,90.19959974032827
118.0,83.55555555555556,71.7557251908397,85.84092317606759
114.0,82.25108225108225,69.85294117647058,84.88553690080892
102.0,81.38528138528139,68.61313868613139,84.26363974760224
108.0,76.04562737642586,61.34969325153374,80.61194224043258
98.0,87.56756756756758,77.88461538461539,88.91935130943516
95.0,70.23809523809523,54.12844036697248,77.01433691034538
96.0,64.19753086419753,47.27272727272727,73.57850712052291
84.0,85.54913294797689,74.74747474747475,87.34878826990918
81.0,87.27272727272727,77.41935483870968,88.68872100868901
70.0,80.27210884353741,67.04545454545455,83.49379497430559
73.0,59.82905982905983,42.68292682926829,71.2945955819224
80.0,0.0,0.0,49.91131218112245
117.0,16.666666666666664,9.090909090909092,54.40590668053687
108.0,72.03791469194313,56.2962962962963,78.08926591261921
120.0,88.88888888888889,80.0,89.97403738616391
119.0,79.63800904977376,66.16541353383458,83.0377858277702
121.0,80.88888888888889,67.91044776119402,83.91229685653792
119.0,76.06837606837607,61.37931034482759,80.63375244316269
119.0,77.24137931034483,62.92134831460674,81.3947585293072
106.0,74.19354838709677,58.97435897435898,79.42328682684885
98.0,82.97872340425532,70.9090909090909,85.42260805185474
95.0,63.74999999999999,46.788990825688074,73.33664005124803
91.0,85.4054054054054,74.52830188679245,87.23720322197578
89.0,89.77272727272727,81.44329896907216,90.70368433692245
81.0,85.88957055214725,75.26881720430107,87.61145725899802
73.0,52.03252032520326,35.16483516483517,67.52358701445333
80.0,0.0,0.0,49.90732621173469
114.0,18.994413407821227,10.493827160493826,55.10237321859696
113.0,68.69565217391305,52.317880794701985,76.08707980689647
117.0,86.09865470852019,75.59055118110236,87.76432511131796
124.0,77.20930232558139,62.878787878787875,81.39048491018825
127.0,80.1762114537445,66.91176470588235,83.41095872311189
123.0,67.1875,50.588235294117645,75.21026857538783
119.0,72.3404255319149,56.666666666666664,78.25544860273462
120.0,72.22222222222221,56.52173913043478,78.18098459956792
112.0,80.56872037914692,67.46031746031747,83.68923321459705
97.0,55.94405594405595,38.83495145631068,69.35464662332049
99.0,78.45303867403315,64.54545454545455,82.2338090010977
90.0,89.8876404494382,81.63265306122449,90.7983610243842
86.0,86.3905325443787,76.04166666666666,87.99788061593118
74.0,62.903225806451616,45.88235294117647,72.8953021661823
81.0,40.54054054054054,25.423728813559322,62.62412061864102
118.0,24.0,13.636363636363635,56.66664249771603
109.0,64.70588235294117,47.82608695652174,73.84120153054585
115.0,84.070796460177,72.51908396946564,86.22360021040723
130.0,78.02690582959642,63.970588235294116,81.93638118267131
133.0,71.81818181818181,56.02836879432624,77.95230444427173
131.0,73.76425855513308,58.43373493975904,79.14797631789965
121.0,66.91449814126395,50.27932960893855,75.05081762162376
123.0,65.05190311418684,48.205128205128204,74.00172947135928
115.0,71.61572052401746,55.78231292517006,77.82627843328012
99.0,59.62732919254658,42.47787610619469,71.17410402820109
103.0,79.58115183246073,66.08695652173913,83.00455610518094
95.0,86.95652173913044,76.92307692307693,88.43758445323441
87.0,86.66666666666667,76.47058823529412,88.21134106562901
73.0,67.10526315789474,50.495049504950494,75.19764944075456
87.0,3.0303030303030303,1.5384615384615385,50.641674664475325
122.0,31.132075471698112,18.435754189944134,59.0722934641562
101.0,67.66169154228857,51.127819548872175,75.49904987182573
109.0,81.15942028985508,68.29268292682927,84.10741309161874
138.0,74.45887445887446,59.310344827586206,79.59627842297657
131.0,71.68141592920354,55.86206896551724,77.86715585215677
124.0,32.22748815165877,19.2090395480226,59.46192474389682
135.0,54.35540069686411,37.32057416267943,68.52954333907455
123.0,63.48122866894198,46.5,73.14317732563944
118.0,44.843049327354265,28.901734104046245,64.32817623288734
101.0,37.4384236453202,23.03030303030303,61.388501070379085
104.0,72.22222222222221,56.52173913043478,78.20098693517228
90.0,85.87570621468926,75.24752475247524,87.59881227643722
87.0,86.51685393258427,76.23762376237624,88.09485930728445
80.0,41.46341463414634,26.153846153846157,62.981194944818256
103.0,0.0,0.0,49.849529655612244
117.0,45.30386740331492,29.28571428571429,64.54412372309052
93.0,72.44897959183673,56.8,78.34611316235905
129.0,80.54298642533936,67.42424242424242,83.66919590216054
130.0,69.76744186046511,53.57142857142857,76.72084532102296
138.0,68.83720930232559,52.4822695035461,76.1742711535135
123.0,63.75545851528385,46.794871794871796,73.31460652594117
126.0,51.903114186851205,35.046728971962615,67.38464469994909
124.0,8.955223880597014,4.6875,52.16135918532103
124.0,5.3097345132743365,2.727272727272727,51.15036149817892
104.0,48.06866952789699,31.63841807909605,65.69849874425672
101.0,80.0,66.66666666666666,83.29440962380401
92.0,86.63101604278076,76.41509433962264,88.18259457973248
88.0,84.0909090909091,72.54901960784314,86.246566807634
54.0,29.166666666666668,17.073170731707318,58.46880497432222
109.0,45.23809523809524,29.230769230769234,64.52363783649434
122.0,39.285714285714285,24.444444444444443,62.120513110282374
116.0,75.36231884057972,60.46511627906976,80.18165790399654
109.0,76.23762376237624,61.6,80.75209485219266
109.0,76.69902912621359,62.20472440944882,81.0544551444214
95.0,86.33879781420765,75.96153846153845,87.95581763686141
90.0,84.81675392670157,73.63636363636363,86.78923681369035
87.0,83.42245989304813,71.55963302752293,85.74887715490482
86.0,82.75862068965517,70.58823529411765,85.26417991753623
83.0,84.52380952380952,73.19587628865979,86.57199262991017
78.0,84.52380952380952,73.19587628865979,86.57199262991017
79.0,87.8048780487805,78.26086956521739,89.1104762962603
62.0,83.2,71.23287671232876,85.59549030732549
58.0,75.75757575757575,60.97560975609756,80.45588531534679
83.0,4.166666666666666,2.127659574468085,50.97214883694106
104.0,33.80281690140845,20.33898305084746,60.075776419346205
120.0,63.10679611650486,46.09929078014184,72.9738137363422
123.0,79.82832618025752,66.42857142857143,83.16736360498716
114.0,81.93832599118943,69.40298507462687,84.66056048452106
111.0,81.77777777777779,69.17293233082707,84.54553492988921
101.0,85.12820512820512,74.10714285714286,87.02462526842929
101.0,84.50704225352112,73.17073170731707,86.55242251619897
97.0,85.0,73.91304347826086,86.92657623993895
93.0,86.63101604278076,76.41509433962264,88.18259457973248
88.0,84.7457627118644,73.52941176470588,86.73776031240423
85.0,87.05882352941177,77.08333333333334,88.51971145529787
84.0,89.14285714285714,80.41237113402062,90.18722273416269
75.0,81.98757763975155,69.47368421052632,84.70790576521128
60.0,78.46153846153847,64.55696202531645,82.25055083809464
87.0,7.920792079207921,4.123711340206185,51.96917449335112
105.0,39.75155279503105,24.8062015503876,62.30637933294747
121.0,58.93719806763285,41.78082191780822,70.80560601028594
126.0,85.17110266159695,74.17218543046357,87.04714257141588
118.0,81.9672131147541,69.44444444444444,84.6782890007189
117.0,83.84279475982532,72.18045112781954,86.05328466934108
111.0,83.63636363636363,71.875,85.90156037856401
104.0,88.88888888888889,80.0,89.97703857519367
105.0,86.1244019138756,75.63025210084034,87.78617584477388
94.0,88.77551020408163,79.81651376146789,89.88629597115299
98.0,85.1063829787234,74.07407407407408,87.00909069401564
95.0,86.48648648648648,76.19047619047619,88.07028600325471
83.0,86.85714285714286,76.76767676767676,88.360884292022
81.0,89.41176470588236,80.85106382978722,90.40756784303733
75.0,84.56375838926175,73.25581395348837,86.60495883953428
89.0,0.0,0.0,49.91131218112245
100.0,0.0,0.0,49.898357780612244
119.0,39.548022598870055,24.647887323943664,62.21724455345784
126.0,86.56716417910447,76.31578947368422,88.12193788506424
124.0,84.64730290456431,73.38129496402878,86.65370216108937
125.0,81.38528138528139,68.61313868613139,84.26363974760224
124.0,75.92592592592592,61.19402985074627,80.54511250192921
108.0,85.57213930348259,74.78260869565217,87.36235645403492
115.0,84.90566037735849,73.77049180327869,86.8533008471331
105.0,83.93782383419689,72.32142857142857,86.1297730740165
97.0,89.79591836734694,81.48148148148148,90.72077587889757
98.0,88.55721393034825,79.46428571428571,89.709182807629
92.0,90.0523560209424,81.9047619047619,90.93341509093156
84.0,88.26815642458101,79.0,89.47904066111742
83.0,88.09523809523809,78.72340425531915,89.34174284459702
90.0,7.920792079207921,4.123711340206185,51.96917449335112
100.0,0.0,0.0,49.898357780612244
123.0,40.79601990049751,25.624999999999996,62.693820434825966
123.0,83.07692307692308,71.05263157894737,85.48237554820182
123.0,84.25531914893617,72.79411764705883,86.36011571591513
130.0,82.44897959183673,70.13888888888889,85.02650884783935
129.0,77.19298245614034,62.857142857142854,81.37666278777922
119.0,78.64077669902912,64.8,82.35608344146122
116.0,74.46808510638297,59.32203389830508,79.61311849387772
110.0,65.57377049180327,48.78048780487805,74.32738972413269
113.0,81.77339901477832,69.16666666666667,84.54640202556578
102.0,90.99526066350711,83.47826086956522,91.7201607862203
99.0,87.25490196078431,77.39130434782608,88.66969733533216
93.0,89.00523560209425,80.18867924528303,90.07337777320747
86.0,85.39325842696628,74.50980392156863,87.2289538569919
92.0,0.0,0.0,49.90533322704081
100.0,0.0,0.0,49.89935427295919
125.0,42.10526315789473,26.666666666666668,63.223631721716934
125.0,78.57142857142857,64.70588235294117,82.29902420860111
125.0,82.84518828451883,70.71428571428572,85.31620590005677
130.0,81.17154811715481,68.30985915492957,84.110000565304
131.0,77.05627705627705,62.676056338028175,81.28512022883001
119.0,80.93023255813954,67.96875,83.94344785032641
115.0,78.21782178217822,64.22764227642277,82.06990633293363
119.0,71.0,55.03875968992248,77.46150138971726
114.0,84.65116279069768,73.38709677419355,86.66060439188863
103.0,89.90825688073394,81.66666666666667,90.81136759987753
104.0,87.20379146919431,77.31092436974791,88.62850746879695
101.0,88.23529411764706,78.94736842105263,89.44972541964663
87.0,85.0828729281768,74.03846153846155,86.99228412358914
94.0,48.175182481751825,31.73076923076923,65.79458709628922
114.0,0.0,0.0,49.859494579081634
128.0,58.44748858447488,41.29032258064516,70.55436467474149
126.0,75.7201646090535,60.9271523178808,80.40467511269809
132.0,81.66666666666667,69.01408450704226,84.4631107866095
138.0,77.36625514403292,63.08724832214765,81.48871421338804
135.0,71.9298245614035,56.16438356164384,78.01831187504477
125.0,70.93596059113301,54.961832061068705,77.42203849580659
127.0,59.33014354066985,42.17687074829932,71.00362873329082
122.0,17.82178217821782,9.782608695652174,54.725827255438034
116.0,77.61194029850746,63.41463414634146,81.66240510063689
103.0,90.65420560747664,82.90598290598291,91.43302300314222
104.0,83.63636363636363,71.875,85.90156037856401
96.0,87.0,76.99115044247787,88.46962141900691
86.0,86.1878453038674,75.72815533980582,87.83912657405078
92.0,0.0,0.0,49.90035076530612
125.0,0.0,0.0,49.84554368622449
127.0,59.91189427312775,42.76729559748428,71.29284393508763
134.0,78.88446215139442,65.13157894736842,82.51287096818268
134.0,81.30081300813008,68.4931506849315,84.20064515634864
135.0,73.04347826086956,57.534246575342465,78.70523715814954
130.0,76.65198237885463,62.142857142857146,81.01852274380175
118.0,81.73076923076923,69.10569105691057,84.51491456281275
129.0,67.3076923076923,50.72463768115942,75.29446269560705
122.0,25.773195876288657,14.792899408284024,57.252883274758744
123.0,63.78378378378379,46.82539682539682,73.34585482668967
106.0,89.17748917748918,80.46875,90.2094114467877
106.0,86.87782805429865,76.8,88.3710463258786
91.0,85.71428571428571,75.0,87.47105152827966
85.0,83.79888268156425,72.11538461538461,86.02875076959926
125.0,0.0,0.0,49.87045599489796
128.0,0.0,0.0,49.85052614795919
138.0,0.0,0.0,49.79472257653062
121.0,0.0,0.0,49.78774713010204
124.0,0.0,0.0,49.73094706632653
124.0,0.0,0.0,49.71400669642857
120.0,0.0,0.0,49.734933035714285
132.0,0.0,0.0,49.713010204081634
134.0,0.0,0.0,49.720982142857146
137.0,0.0,0.0,49.713010204081634
119.0,0.0,0.0,49.73592952806122
111.0,0.0,0.0,49.769810267857146
112.0,4.694835680751173,2.403846153846154,50.99961497064655
81.0,2.4390243902439024,1.2345679012345678,50.45783881967297
75.0,0.0,0.0,49.913305165816325
161.0,57.85714285714286,40.7035175879397,70.23398256879767
242.0,74.26470588235294,59.06432748538012,79.39209090481437
341.0,79.61476725521669,66.13333333333333,82.9394835229397
380.0,85.9171597633136,75.31120331950207,87.53615492897795
379.0,87.2289156626506,77.35042735042735,88.56881788286614
404.0,88.0,78.57142857142857,89.18937517203413
389.0,86.81177976952625,76.69683257918552,88.24507941136976
395.0,85.02415458937197,73.94957983193278,86.85035189412953
386.0,79.2814371257485,65.67460317460318,82.66376361960171
338.0,86.16352201257862,75.69060773480662,87.75713104867862
299.0,90.5982905982906,82.8125,91.35115192542726
251.0,91.12426035502959,83.69565217391305,91.80277653244656
190.0,88.18897637795276,78.87323943661971,89.39162691715804
120.0,87.5,77.77777777777779,88.85893142848266
58.0,82.64462809917356,70.4225352112676,85.19032039261062
182.0,31.1787072243346,18.46846846846847,59.053721618297274
268.0,63.934426229508205,46.98795180722892,73.31804627546572
372.0,70.34700315457413,54.257907542579076,76.94077688501643
394.0,84.21052631578947,72.72727272727273,86.23723186925434
405.0,87.75981524249423,78.18930041152264,88.98821595401418
408.0,89.13580246913581,80.40089086859689,90.11211862510442
426.0,76.90140845070422,62.47139588100686,81.07137916207327
413.0,6.928406466512701,3.588516746411483,51.39255186815201
407.0,0.0,0.0,49.58745216836735
359.0,60.984848484848484,43.869209809264305,71.72866668609771
307.0,82.0702402957486,69.59247648902821,84.6991489223377
278.0,78.35497835497836,64.41281138790036,82.10639569295009
214.0,78.85117493472585,65.08620689655173,82.46214392803599
151.0,77.74086378737542,63.58695652173913,81.72655722768873
70.0,85.1063829787234,74.07407407407408,87.01608564426826
190.0,47.5,31.147540983606557,65.40610582114459
281.0,69.00584795321637,52.67857142857143,76.18028253422212
385.0,64.74358974358975,47.867298578199055,73.71353482958057
410.0,74.82614742698192,59.77777777777777,79.7075516015344
415.0,86.81818181818181,76.70682730923694,88.2369337574421
427.0,86.76470588235294,76.62337662337663,88.20330245804936
428.0,78.97574123989219,65.25612472160356,82.47169646460468
420.0,14.56953642384106,7.857142857142857,53.54267509209375
414.0,0.0,0.0,49.57748724489796
368.0,49.59349593495935,32.972972972972975,66.23875403753135
314.0,76.60377358490567,62.079510703363916,80.91568835550402
285.0,68.36027713625866,51.92982456140351,75.8279889577626
224.0,76.92307692307693,62.5,81.16305390657791
172.0,78.61635220125787,64.76683937823834,82.31548897844405
76.0,85.33333333333334,74.4186046511628,87.18735149544091
209.0,50.588235294117645,33.85826771653544,66.76143571492574
316.0,56.53846153846154,39.41018766756032,69.47922483779783
421.0,59.47611710323575,42.32456140350877,70.89919125134124
424.0,69.36416184971098,53.09734513274337,76.33640085858572
449.0,84.70066518847007,73.46153846153847,86.59219831861114
437.0,67.47352496217852,50.91324200913242,75.24141871441347
436.0,63.888888888888886,46.93877551020408,73.23524258509664
438.0,26.407766990291265,15.212527964205815,57.22808085765172
424.0,0.0,0.0,49.5475924744898
383.0,5.583756345177665,2.8720626631853787,51.065254893837285
331.0,51.975051975051976,35.1123595505618,67.3254151551934
286.0,22.691292875989447,12.797619047619047,56.10658683615868
229.0,0.0,0.0,49.727957589285715
179.0,69.76744186046511,53.57142857142857,76.69484332248207
91.0,86.03351955307262,75.49019607843137,87.72014744139935
218.0,62.35011990407674,45.29616724738676,72.49122793093072
348.0,52.96442687747036,36.02150537634409,67.7729524403802
442.0,59.21450151057401,42.06008583690987,70.75993487523765
457.0,57.60233918128655,40.4517453798768,69.9357508387609
449.0,81.65680473372781,69.0,84.34447432321247
447.0,64.72148541114059,47.84313725490196,73.65520637478737
444.0,7.129455909943714,3.6964980544747084,51.35479846201216
445.0,0.0,0.0,49.4987643494898
428.0,0.0,0.0,49.527662627551024
386.0,0.0,0.0,49.60140306122449
333.0,23.02771855010661,13.012048192771083,56.145902792367345
289.0,1.03359173126615,0.5194805194805194,49.87806847754231
237.0,0.0,0.0,49.70503826530612
201.0,40.689655172413794,25.541125541125542,62.59896431095824
117.0,75.72815533980582,60.9375,80.41884780829574
257.0,42.492917847025495,26.978417266187048,63.286617866442164
429.0,51.9134775374376,35.056179775280896,67.23920544141893
451.0,55.26315789473685,38.18181818181819,68.78482951021812
464.0,59.527121001390825,42.37623762376238,70.89689748367175
467.0,80.60747663551402,67.5146771037182,83.59077556897697
441.0,35.602094240837694,21.656050955414013,60.45957079064386
433.0,29.70639032815199,17.44421906693712,58.31584081715791
429.0,0.0,0.0,49.52168367346938
413.0,0.0,0.0,49.556560905612244
365.0,9.243697478991598,4.845814977973569,51.99223396344546
316.0,0.0,0.0,49.55556441326531
287.0,0.0,0.0,49.61136798469388
223.0,0.0,0.0,49.73592952806122
201.0,66.0377358490566,49.29577464788733,74.54004046648126
141.0,69.68325791855203,53.47222222222222,76.66924350896336
265.0,0.0,0.0,49.68809789540816
432.0,0.0,0.0,49.52168367346938
449.0,0.0,0.0,49.48879942602041
458.0,13.754646840148698,7.385229540918163,53.22990111442286
459.0,46.203554119547654,30.04201680672269,64.68822803840222
455.0,0.0,0.0,49.48481345663265
459.0,0.0,0.0,49.458904655612244
429.0,0.0,0.0,49.428013392857146
408.0,0.0,0.0,49.47185905612245
361.0,0.0,0.0,49.495774872448976
309.0,0.0,0.0,49.54061702806122
270.0,0.0,0.0,49.64126275510204
224.0,0.0,0.0,49.74888392857143
173.0,65.15151515151516,48.31460674157304,74.0654686732421
109.0,70.96774193548387,55.00000000000001,77.44611853921373
264.0,17.50663129973475,9.593023255813954,54.48639855130606
445.0,0.0,0.0,49.53563456632653
456.0,50.14925373134328,33.46613545816733,66.39912116053463
471.0,0.0,0.0,49.49278539540816
472.0,13.921901528013583,7.481751824817519,53.23524112633117
470.0,0.0,0.0,49.434988839285715
483.0,0.0,0.0,49.420041454081634
441.0,0.0,0.0,49.48879942602041
428.0,0.0,0.0,49.51670121173469
374.0,0.0,0.0,49.52666613520408
332.0,0.0,0.0,49.51470822704081
297.0,0.0,0.0,49.55058195153062
238.0,0.0,0.0,49.708027742346935
203.0,46.82274247491639,30.567685589519648,65.12517916166199
138.0,71.9298245614035,56.16438356164384,78.01831187504477
218.0,50.887573964497044,34.12698412698413,66.89779032661843
285.0,71.301247771836,55.4016620498615,77.53975370781853
421.0,76.47867950481431,61.915367483296215,80.7863341885598
405.0,86.05482717520859,75.52301255230127,87.64407176847222
425.0,88.19444444444444,78.88198757763976,89.338573867141
417.0,84.3501326259947,72.93577981651376,86.34955383380543
428.0,82.49336870026525,70.20316027088036,84.96922277055499
426.0,71.66416791604198,55.84112149532711,77.73132230722861
410.0,78.26086956521739,64.28571428571429,81.98753718374137
355.0,73.41337907375643,57.994579945799465,78.84217208330364
302.0,90.81632653061224,83.17757009345794,91.53468658753323
262.0,89.9009900990099,81.65467625899281,90.77628605638182
208.0,92.64705882352942,86.3013698630137,93.12067712947832
172.0,75.26132404181185,60.33519553072626,80.09669419421989
142.0,61.6822429906542,44.5945945945946,72.21547730128852
240.0,31.92771084337349,18.996415770609318,59.272762480999255
364.0,0.0,0.0,49.60439253826531
433.0,51.1326860841424,34.34782608695652,66.87202172435315
431.0,81.0126582278481,68.08510638297872,83.89211994373584
436.0,88.470066518847,79.32405566600397,89.55756191500774
437.0,67.5,50.943396226415096,75.23738413247337
437.0,38.141025641025635,23.564356435643564,61.3966177567474
433.0,1.1049723756906076,0.5555555555555556,49.74262939119535
421.0,34.577603143418465,20.902612826603324,60.11889146361311
364.0,59.10780669144982,41.952506596306065,70.75632807272967
315.0,68.41046277665997,51.98776758409785,75.8369026297884
277.0,72.10884353741497,56.38297872340425,78.06853116748815
218.0,67.6737160120846,51.141552511415526,75.46391304062308
185.0,77.46031746031747,63.212435233160626,81.53529421385525
145.0,75.0,60.0,79.94010302280078
249.0,37.640449438202246,23.18339100346021,61.370178408992274
373.0,0.0,0.0,49.58047672193878
446.0,48.57142857142857,32.075471698113205,65.71388482052973
461.0,62.25895316804407,45.2,72.32572572572573
463.0,85.26970954356847,74.32188065099457,87.0182697739048
453.0,75.06493506493507,60.08316008316008,79.84914513869953
465.0,45.90643274853801,29.79127134724858,64.52577622021658
445.0,7.705779334500876,4.007285974499089,51.47826116326741
424.0,38.79472693032015,24.065420560747665,61.708184088613805
370.0,50.988142292490124,34.217506631299734,66.86098621672285
320.0,57.14285714285714,40.0,69.80217408680362
279.0,38.72832369942196,24.014336917562723,61.79562961346415
223.0,2.214022140221402,1.1194029850746268,50.29561523100222
190.0,80.0,66.66666666666666,83.26638956609781
149.0,76.49402390438247,61.935483870967744,80.90883618468516
267.0,29.03225806451613,16.9811320754717,58.22720862981119
384.0,0.0,0.0,49.571508290816325
455.0,36.577181208053695,22.381930184804926,60.81347093457396
473.0,49.41860465116279,32.818532818532816,66.06130816425582
474.0,84.67908902691511,73.4290843806104,86.56584928134947
469.0,56.86274509803921,39.726027397260275,69.55484728876881
472.0,45.892351274787536,29.77941176470588,64.50781281241252
447.0,29.94011976047904,17.6056338028169,58.335527181782275
428.0,30.426716141001855,17.943107221006567,58.59725728759035
375.0,40.993788819875775,25.78125,62.60606322513329
328.0,43.47826086956522,27.77777777777778,63.64228838171052
290.0,2.8735632183908044,1.4577259475218658,50.39201499385222
235.0,0.0,0.0,49.703045280612244
200.0,71.84986595174263,56.06694560669456,77.92856092932145
156.0,77.03703703703704,62.65060240963856,81.26339035644095
281.0,50.22026431718062,33.52941176470588,66.53898577528571
437.0,39.79933110367893,24.843423799582464,62.06212183246797
459.0,55.932203389830505,38.82352941176471,69.09962736545256
478.0,59.840425531914896,42.69449715370019,71.04495232652478
486.0,82.96593186372746,70.8904109589041,85.27439240923783
479.0,60.22584692597239,43.08797127468581,71.22657935730446
478.0,45.94222833562586,29.82142857142857,64.51778501298338
453.0,21.9435736677116,12.323943661971832,55.66502535750969
428.0,31.444241316270567,18.655097613882862,58.9532225941245
380.0,44.905660377358494,28.953771289537713,64.18521814571778
331.0,28.4,16.55011655011655,57.91780849958676
292.0,0.0,0.0,49.61136798469388
239.0,0.0,0.0,49.68211894132653
204.0,62.25895316804407,45.2,72.4631724027725
159.0,81.56028368794325,68.8622754491018,84.37920108724842
310.0,53.18761384335154,36.22828784119106,67.85729802813101
471.0,48.62518089725037,32.122370936902485,65.7062422593647
464.0,56.72043010752689,39.587242026266416,69.47139545524269
483.0,69.62785114045619,53.40699815837937,76.44992092098899
483.0,77.87234042553192,63.76306620209059,81.67273968606838
479.0,39.274924471299094,24.43609022556391,61.816414612841896
477.0,46.17486338797814,30.017761989342805,64.61493614695009
446.0,18.973561430793158,10.481099656357388,54.72074537841316
423.0,29.681978798586574,17.42738589211618,58.31642392106408
366.0,34.527687296416936,20.866141732283463,60.03163287932328
322.0,12.5,6.666666666666667,52.914556162671666
281.0,0.0,0.0,49.60140306122449
240.0,0.0,0.0,49.701052295918366
196.0,71.62534435261708,55.793991416309005,77.79409038105544
153.0,75.4325259515571,60.55555555555555,80.20687279046078
336.0,0.0,0.0,49.62133290816326
485.0,46.86192468619247,30.601092896174865,64.9196073983354
470.0,46.088193456614505,29.944547134935306,64.59337965776237
481.0,73.48314606741573,58.081705150976916,78.80413769655408
486.0,80.51948051948052,67.3913043478261,83.51494379707584
485.0,54.523522316043426,37.47927031509121,68.36225778016824
473.0,8.333333333333332,4.3478260869565215,51.62556904236163
441.0,0.0,0.0,49.42900988520408
422.0,7.1813285457809695,3.7243947858473,51.34680541589199
367.0,0.0,0.0,49.49976084183674
314.0,0.0,0.0,49.5296556122449
269.0,0.0,0.0,49.61236447704081
241.0,0.0,0.0,49.70902423469388
189.0,70.0,53.84615384615385,76.81518481518481
143.0,67.73162939297124,51.20772946859904,75.50300593661628
344.0,52.72727272727272,35.80246913580247,67.58924704740205
487.0,47.13896457765668,30.83778966131907,65.03091810926283
473.0,54.061251664447404,37.04379562043796,68.17671140956263
492.0,64.43113772455091,47.52650176678445,73.4656974339763
493.0,75.65308254963428,60.84033613445378,80.18629807084032
490.0,36.98811096433289,22.690437601296594,60.868561993549406
488.0,44.25770308123249,28.41726618705036,63.81077632196295
458.0,20.388349514563107,11.351351351351353,55.18478508840291
429.0,23.745819397993312,13.472485768500949,56.28119847750463
366.0,26.027397260273972,14.960629921259844,57.04917723607902
333.0,3.9603960396039604,2.0202020202020203,50.526705881926546
285.0,0.0,0.0,49.525669642857146
248.0,0.0,0.0,49.674147002551024
197.0,58.119658119658126,40.963855421686745,70.33514494933041
155.0,69.96904024767801,53.80952380952381,76.8078839709585
540.0,86.53667595171774,76.2684124386252,87.98836031305632
533.0,84.58904109589042,73.29376854599407,86.46573214546594
531.0,76.54504839910648,62.00241254523522,80.68406237990287
535.0,73.20261437908496,57.73195876288659,78.49454275718819
528.0,66.61698956780924,49.94413407821229,74.52162564675963
519.0,60.24844720496895,43.111111111111114,71.04137543183096
497.0,57.09779179810725,39.95584988962472,69.4318937086137
477.0,51.117068811438784,34.33373349339736,66.61866069338139
443.0,35.56443556443556,21.628189550425272,60.1690689741806
369.0,45.17543859649123,29.178470254957507,64.08893494737069
321.0,36.1323155216285,22.049689440993788,60.52318584852983
268.0,39.8936170212766,24.916943521594686,62.006706678640064
241.0,45.18950437317784,29.19020715630885,64.21926143185587
181.0,34.43223443223443,20.79646017699115,60.04081624719531
134.0,13.274336283185843,7.109004739336493,53.163643677050686
52.0,65.57377049180327,48.78048780487805,74.34835783254911
70.0,71.69811320754717,55.88235294117647,77.89628331629545
68.0,81.76100628930818,69.14893617021278,84.54553232249937
77.0,84.7457627118644,73.52941176470588,86.73776031240423
83.0,88.52459016393442,79.41176470588235,89.68492217727494
91.0,90.25641025641026,82.2429906542056,91.1025287083518
85.0,82.41206030150754,70.08547008547008,85.00780071926317
86.0,80.3921568627451,67.21311475409836,83.56663243593847
79.0,80.42328042328042,67.2566371681416,83.5913924363662
67.0,79.01234567901234,65.3061224489796,82.61913721427267
58.0,76.59574468085107,62.06896551724138,81.00156308263011
55.0,74.79674796747967,59.74025974025974,79.83921026111331
59.0,67.10526315789474,50.495049504950494,75.19764944075456
81.0,73.11827956989248,57.6271186440678,78.7636670892567
80.0,78.91891891891892,65.17857142857143,82.55036588912554
84.0,79.20792079207921,65.57377049180327,82.74496573136953
93.0,83.33333333333334,71.42857142857143,85.6783475279662
97.0,83.40807174887892,71.53846153846153,85.73229208744254
92.0,77.72925764192141,63.57142857142857,81.73480287157489
91.0,78.9237668161435,65.18518518518519,82.54567516726118
88.0,80.56872037914692,67.46031746031747,83.68923321459705
78.0,77.08333333333334,62.71186440677966,81.31202178065222
67.0,79.01234567901234,65.3061224489796,82.61913721427267
72.0,79.01234567901234,65.3061224489796,82.61913721427267
63.0,70.3030303030303,54.20560747663551,77.0539191060499
86.0,73.73737373737373,58.4,79.14810689978644
87.0,78.0,63.934426229508205,81.92329918605435
92.0,74.57627118644068,59.45945945945946,79.66983514420026
101.0,78.2258064516129,64.23841059602648,82.06529048342031
103.0,79.36507936507937,65.78947368421053,82.8428157621468
101.0,75.96899224806202,61.25000000000001,80.56309656935181
97.0,78.8135593220339,65.03496503496503,82.46756537993085
96.0,81.22270742358079,68.38235294117648,84.14824773229381
96.0,77.77777777777779,63.63636363636363,81.76627006815687
85.0,83.50515463917526,71.68141592920354,85.80876864930084
90.0,83.15789473684211,71.17117117117117,85.55364754538357
66.0,72.51461988304094,56.88073394495413,78.39347388870806
93.0,71.88940092165899,56.11510791366906,77.99667328295533
89.0,79.02439024390245,65.32258064516128,82.61837186764502
101.0,80.81632653061224,67.8082191780822,83.85718185774729
108.0,79.70479704797047,66.25766871165644,83.07390905423838
110.0,78.67647058823529,64.84848484848484,82.36632235393944
106.0,75.09025270758123,60.115606936416185,79.98890268533543
104.0,74.63768115942028,59.53757225433526,79.69888817817316
100.0,77.95275590551181,63.87096774193548,81.87956997836235
100.0,73.5632183908046,58.18181818181818,79.02201931455126
95.0,74.8971193415638,59.86842105263158,79.87331405032498
93.0,81.48148148148148,68.75,84.33507027631369
66.0,70.65217391304348,54.621848739495796,77.2570439842038
95.0,74.4186046511628,59.25925925925925,79.57473502726616
96.0,77.98165137614679,63.90977443609023,81.90697441933877
109.0,77.77777777777779,63.63636363636363,81.75826689736937
110.0,77.41935483870968,63.1578947368421,81.51603293205451
111.0,77.41935483870968,63.1578947368421,81.51603293205451
103.0,69.38775510204081,53.125,76.47263300315534
108.0,74.3859649122807,59.217877094972074,79.53604060460606
101.0,75.75757575757575,60.97560975609756,80.42390201040759
102.0,72.20216606498195,56.49717514124294,78.17170443299067
103.0,74.15730337078652,58.92857142857143,79.39539181089692
96.0,78.3410138248848,64.39393939393939,82.15005508156972
71.0,73.40425531914893,57.98319327731093,78.94170341016445
100.0,74.2081447963801,58.992805755395686,79.43950983661507
102.0,79.48717948717949,65.95744680851064,82.93080295220572
112.0,76.12456747404845,61.452513966480446,80.65734794317312
114.0,76.19047619047619,61.53846153846154,80.69932025468938
122.0,76.72131147540983,62.23404255319149,81.04610495785187
110.0,70.81967213114754,54.82233502538071,77.32228838829953
109.0,74.56445993031359,59.44444444444444,79.64932282339261
106.0,77.03703703703704,62.65060240963856,81.26339035644095
109.0,72.22222222222221,56.52173913043478,78.18098459956792
106.0,73.11827956989248,57.6271186440678,78.73867015799667
98.0,80.18433179723502,66.92307692307692,83.41861486553934
70.0,68.29268292682927,51.85185185185185,75.86106343440795
103.0,80.0,66.66666666666666,83.2894106372784
107.0,82.92682926829268,70.83333333333334,85.37472873480583
114.0,75.0853242320819,60.10928961748634,79.98174104171565
120.0,76.2214983713355,61.578947368421055,80.71655972268512
126.0,75.77639751552795,61.0,80.42208414911896
122.0,74.30340557275542,59.11330049261084,79.4737431023067
121.0,77.74086378737542,63.58695652173913,81.72655722768873
112.0,73.89830508474576,58.602150537634415,79.22417831074102
120.0,73.26732673267327,57.8125,78.82535516328772
113.0,75.44483985765125,60.57142857142858,80.21681075066336
110.0,82.00836820083683,69.50354609929079,84.7088400251636
103.0,75.39682539682539,60.509554140127385,80.19287734761407
110.0,78.48101265822784,64.58333333333334,82.24075118636397
117.0,78.74564459930313,64.9425287356322,82.41034113109436
117.0,75.9075907590759,61.170212765957444,80.51219533445791
128.0,77.9874213836478,63.91752577319587,81.88883561096459
129.0,77.39938080495357,63.13131313131313,81.49273094978476
124.0,78.31715210355988,64.36170212765957,82.11392468284886
115.0,77.62237762237763,63.42857142857142,81.65036880626614
122.0,76.2541806020067,61.62162162162163,80.73989874177641
124.0,76.77419354838709,62.30366492146597,81.07991444726834
115.0,76.22377622377621,61.5819209039548,80.72305145003999
95.0,78.87323943661971,65.11627906976744,82.51322218281155
58.0,63.33333333333333,46.34146341463415,73.12685281306521
68.0,71.89542483660131,56.12244897959183,78.01832829857867
71.0,84.27672955974843,72.82608695652173,86.38809785970932
79.0,85.39325842696628,74.50980392156863,87.2289538569919
84.0,86.77248677248677,76.63551401869158,88.2928039211516
90.0,88.0,78.57142857142857,89.26175645150249
87.0,79.81220657276995,66.40625,83.16020311782556
85.0,78.84615384615384,65.07936507936508,82.49576510446074
81.0,79.39698492462311,65.83333333333333,82.87574605265785
65.0,78.04878048780488,64.0,81.96408045977012
60.0,78.08219178082192,64.04494382022472,81.99054788928193
70.0,74.28571428571429,59.09090909090909,79.50954360458789
61.0,66.66666666666666,50.0,74.95711407655637
82.0,74.71264367816092,59.63302752293578,79.77261122509861
84.0,83.23699421965318,71.28712871287128,85.61462455123046
82.0,82.4742268041237,70.17543859649122,85.0537844531482
94.0,87.20379146919431,77.31092436974791,88.62850746879695
97.0,86.7579908675799,76.61290322580645,88.27749851691871
96.0,79.32489451476793,65.73426573426573,82.81821309555825
92.0,77.39130434782608,63.12056737588653,81.50837401078152
90.0,79.06976744186046,65.38461538461539,82.64738944352048
81.0,78.125,64.1025641025641,82.00936672025074
65.0,77.01863354037268,62.62626262626263,81.27621548122805
88.0,84.57142857142857,73.26732673267327,86.6067183342022
63.0,70.0,53.84615384615385,76.88118333279623
89.0,72.63157894736842,57.02479338842975,78.4605077365842
89.0,79.7872340425532,66.3716814159292,83.14791731322198
97.0,81.93832599118943,69.40298507462687,84.66056048452106
101.0,83.05084745762711,71.01449275362319,85.46730867961921
101.0,81.32780082987551,68.53146853146853,84.22080435639283
103.0,79.36507936507937,65.78947368421053,82.8428157621468
100.0,81.5126050420168,68.79432624113475,84.35323253089906
99.0,84.21052631578947,72.72727272727273,86.32769387162358
98.0,83.40807174887892,71.53846153846153,85.73229208744254
88.0,81.48148148148148,68.75,84.34006916305714
94.0,84.49197860962568,73.14814814814815,86.54513022514101
68.0,72.84768211920529,57.291666666666664,78.6049323138006
95.0,71.42857142857143,55.55555555555556,77.72189624662383
96.0,80.59701492537313,67.5,83.71107395947699
98.0,80.34188034188034,67.14285714285714,83.52550388790954
100.0,80.16194331983806,66.8918918918919,83.39702128991624
108.0,81.3953488372093,68.62745098039215,84.26579355354612
108.0,78.67647058823529,64.84848484848484,82.36632235393944
106.0,77.90262172284645,63.80368098159509,81.84292532863107
98.0,80.3347280334728,67.13286713286713,83.51950864630578
106.0,80.32128514056225,67.11409395973155,83.50812134682799
95.0,79.3103448275862,65.71428571428571,82.80922336189487
97.0,81.15942028985508,68.29268292682927,84.10741309161874
64.0,70.66666666666667,54.63917525773196,77.27569560324899
96.0,69.43005181347151,53.17460317460318,76.52842992751991
97.0,78.67298578199052,64.84375,82.37695854460702
110.0,81.85328185328186,69.28104575163398,84.59358858382578
105.0,80.1526717557252,66.87898089171973,83.38756418115575
113.0,81.18081180811808,68.32298136645963,84.11055791448456
107.0,75.44483985765125,60.57142857142858,80.21681075066336
108.0,76.81159420289855,62.35294117647059,81.11256006297066
105.0,80.97165991902834,68.02721088435374,83.96667677375287
115.0,77.90262172284645,63.80368098159509,81.84292532863107
106.0,79.83870967741935,66.44295302013423,83.17155339166945
99.0,81.95121951219512,69.42148760330579,84.67381175661576
68.0,72.36842105263158,56.70103092783505,78.30861685854254
99.0,70.40816326530613,54.330708661417326,77.10747818565906
103.0,80.0,66.66666666666666,83.2894106372784
117.0,81.56028368794325,68.8622754491018,84.37920108724842
112.0,80.43478260869566,67.27272727272727,83.58243374522212
127.0,84.13793103448276,72.61904761904762,86.2635734359273
122.0,77.74086378737542,63.58695652173913,81.72655722768873
118.0,78.35051546391753,64.40677966101694,82.14046785375963
120.0,79.85347985347985,66.46341463414635,83.17678091844734
120.0,78.26086956521739,64.28571428571429,82.08293863203187
108.0,76.15384615384615,61.49068322981367,80.68343694809373
103.0,79.04761904761905,65.35433070866141,82.6332470423909
69.0,72.84768211920529,57.291666666666664,78.6049323138006
96.0,71.20418848167539,55.28455284552846,77.5873949667093
103.0,82.30088495575221,69.92481203007519,84.92247230499626
119.0,80.27681660899654,67.05202312138728,83.46907987871202
119.0,78.52348993288591,64.64088397790056,82.25651741994172
136.0,80.37383177570094,67.1875,83.53080916438547
126.0,77.31629392971246,63.020833333333336,81.43949468085107
124.0,79.06976744186046,65.38461538461539,82.62937943052613
130.0,79.34426229508198,65.76086956521739,82.81750400646246
127.0,78.80794701986756,65.02732240437157,82.4497340791061
113.0,73.53951890034365,58.152173913043484,78.99919307008503
108.0,81.22270742358079,68.38235294117648,84.14824773229381
71.0,67.05882352941175,50.442477876106196,75.16537190159987
108.0,75.57603686635944,60.74074074074074,80.31746982339867
114.0,82.07171314741036,69.5945945945946,84.75236290151513
115.0,76.0942760942761,61.41304347826087,80.63561108655269
122.0,78.17589576547232,64.1711229946524,82.01863645337542
135.0,79.87616099071208,66.49484536082474,83.1824837230323
126.0,78.73015873015873,64.92146596858639,82.39380259190128
125.0,80.39867109634552,67.22222222222223,83.55217593979955
127.0,79.46127946127946,65.92178770949721,82.8999645327621
126.0,78.0327868852459,63.97849462365591,81.92232360485391
115.0,76.05633802816901,61.36363636363637,80.61391053621621
103.0,80.9090909090909,67.93893129770993,83.92753860191664
107.0,0.0,0.0,49.64823820153062
114.0,0.0,0.0,49.55357142857143
114.0,0.0,0.0,49.65322066326531
121.0,0.0,0.0,49.70404177295919
120.0,0.0,0.0,49.59044164540816
133.0,0.0,0.0,49.61236447704081
136.0,0.0,0.0,49.659199617346935
129.0,0.6711409395973155,0.33670033670033667,49.8733825549969
127.0,0.0,0.0,49.71898915816326
126.0,0.6734006734006733,0.33783783783783783,49.87494781777293
105.0,5.614035087719298,2.888086642599278,51.17594413456706
99.0,5.325443786982249,2.735562310030395,51.048846397106615
24.0,41.7910447761194,26.41509433962264,63.16867312172712
33.0,46.75324675324675,30.508474576271187,65.21336644001565
37.0,65.51724137931035,48.717948717948715,74.3390369623996
41.0,64.51612903225806,47.61904761904761,73.7875922360331
67.0,50.54945054945055,33.82352941176471,66.86690198580578
70.0,71.66666666666667,55.84415584415584,77.88816812214574
83.0,81.87919463087249,69.31818181818183,84.63215286658867
81.0,82.11920529801324,69.66292134831461,84.80452209411979
78.0,81.25,68.42105263157895,84.18059276826497
89.0,74.07407407407408,58.82352941176471,79.3698619203448
93.0,66.25766871165644,49.54128440366973,74.7157760751839
116.0,60.54054054054055,43.41085271317829,71.63260113711588
90.0,55.033557046979865,37.96296296296296,68.91466189436669
85.0,50.76923076923077,34.02061855670103,66.94649179634904
85.0,52.03252032520326,35.16483516483517,67.52358701445333
74.0,52.42718446601942,35.526315789473685,67.71430348089011
52.0,66.66666666666666,50.0,74.9730802209416
55.0,68.81720430107528,52.459016393442624,76.20059147687448
54.0,51.37614678899083,34.5679012345679,67.23110703428961
46.0,50.847457627118644,34.090909090909086,66.98762341236318
41.0,50.0,33.33333333333333,66.63078006831745
51.0,49.382716049382715,32.78688524590164,66.35257014508177
33.0,70.17543859649122,54.054054054054056,77.01007990205693
37.0,77.14285714285715,62.7906976744186,81.37939637554506
47.0,80.89887640449437,67.9245283018868,83.94531161803553
69.0,67.88990825688074,51.388888888888886,75.65954147470033
79.0,75.55555555555556,60.71428571428571,80.32422515140719
91.0,76.43312101910828,61.855670103092784,80.89092069285854
96.0,78.57142857142857,64.70588235294117,82.31702020261308
90.0,88.37209302325581,79.16666666666666,89.56337325349301
95.0,78.97435897435898,65.2542372881356,82.58619966364903
121.0,72.38095238095238,56.71641791044776,78.30032472368696
110.0,70.93596059113301,54.961832061068705,77.42203849580659
125.0,73.30316742081448,57.85714285714286,78.86968331598534
110.0,68.68686868686868,52.307692307692314,76.09197978520243
99.0,63.52941176470588,46.55172413793103,73.21401298074079
88.0,75.0,60.0,79.96209022526386
85.0,73.61111111111111,58.24175824175825,79.08297237148264
53.0,85.45454545454545,74.60317460317461,87.28562847535896
64.0,75.67567567567568,60.86956521739131,80.40785477528918
61.0,84.29752066115702,72.85714285714285,86.40961881011756
51.0,72.88135593220339,57.333333333333336,78.63475156084814
49.0,65.45454545454545,48.64864864864865,74.28643042723617
51.0,65.51724137931035,48.717948717948715,74.31908445510904
38.0,68.65671641791045,52.27272727272727,76.11542770032791
48.0,72.72727272727273,57.14285714285714,78.54749749293464
73.0,50.32258064516129,33.62068965517241,66.73355523108063
86.0,67.62589928057554,51.08695652173913,75.49859406210238
89.0,75.47169811320755,60.60606060606061,80.26412057360257
103.0,78.49462365591397,64.60176991150442,82.26096718635716
99.0,82.6086956521739,70.37037037037037,85.15324905744069
100.0,90.35532994923858,82.4074074074074,91.18473670627922
114.0,86.22222222222223,75.78125,87.85967390273368
125.0,78.60262008733623,64.74820143884892,82.32518485471176
133.0,77.11864406779661,62.758620689655174,81.32540198903244
130.0,76.22950819672131,61.58940397350994,80.73679810719504
118.0,73.54260089686099,58.156028368794324,79.01912489625886
101.0,71.65775401069519,55.833333333333336,77.86378195533736
98.0,75.5813953488372,60.747663551401864,80.33192480916665
86.0,81.0126582278481,68.08510638297872,84.01262024129778
65.0,79.6875,66.23376623376623,83.09094795478835
68.0,79.67479674796748,66.21621621621621,83.08317144722675
63.0,81.88976377952756,69.33333333333334,84.64372356555742
57.0,76.03305785123968,61.33333333333333,80.63774187113505
53.0,68.96551724137932,52.63157894736842,76.27988712806429
55.0,66.66666666666666,50.0,74.96110656800367
43.0,55.23809523809524,38.15789473684211,69.03208514336272
52.0,78.0,63.934426229508205,81.94527323003823
84.0,44.79166666666667,28.859060402684566,64.32381141331842
100.0,54.54545454545454,37.5,68.66021906548023
98.0,52.918287937743195,35.978835978835974,67.86867878609716
105.0,78.53403141361257,64.65517241379311,82.28666885993741
108.0,79.38144329896907,65.8119658119658,82.86606194947679
110.0,88.88888888888889,80.0,89.97603833865814
134.0,84.70588235294117,73.46938775510205,86.6957468455146
132.0,82.78688524590164,70.62937062937063,85.27274822032685
140.0,81.36882129277566,68.58974358974359,84.24593932168479
130.0,75.39682539682539,60.509554140127385,80.19287734761407
127.0,79.18367346938776,65.54054054054053,82.7193507231547
111.0,75.37688442211056,60.483870967741936,80.19303426433444
103.0,76.40449438202246,61.81818181818181,80.86718143355807
90.0,79.76190476190477,66.33663366336634,83.13439079045305
82.0,75.32467532467533,60.416666666666664,80.17042280218683
70.0,76.47058823529412,61.904761904761905,80.92046011605505
69.0,80.28169014084507,67.05882352941175,83.50147824647927
57.0,77.16535433070865,62.82051282051282,81.38132988363402
59.0,74.60317460317461,59.49367088607595,79.71491779058131
56.0,66.12903225806451,49.39759036144578,74.65690827536736
66.0,44.72049689440994,28.799999999999997,64.31124850418827
75.0,53.75,36.75213675213676,68.30226469386305
90.0,60.122699386503065,42.98245614035088,71.4263927518839
110.0,69.36416184971098,53.09734513274337,76.49579524176477
107.0,77.89473684210526,63.793103448275865,81.85463722970657
115.0,80.78817733990148,67.76859504132231,83.8453707030782
112.0,79.41176470588235,65.85365853658537,82.88490891696021
115.0,84.95575221238938,73.84615384615385,86.88913123617597
137.0,84.01486988847584,72.43589743589743,86.17500282976782
136.0,85.07462686567165,74.02597402597402,86.97303655155919
144.0,81.88405797101449,69.32515337423312,84.61263960783646
134.0,75.1937984496124,60.24844720496895,80.06032456296691
128.0,79.51807228915662,66.0,82.94907841923438
117.0,77.41935483870968,63.1578947368421,81.53003736283134
103.0,78.94736842105263,65.21739130434783,82.56877628928694
92.0,81.60919540229885,68.93203883495146,84.43408647665146
81.0,75.49668874172185,60.63829787234043,80.28223678708504
74.0,75.55555555555556,60.71428571428571,80.32422515140719
71.0,81.37931034482759,68.6046511627907,84.2753886138993
58.0,74.80916030534351,59.756097560975604,79.84513238812441
63.0,72.5925925925926,56.97674418604651,78.45146583491885
61.0,67.17557251908397,50.57471264367817,75.24446954293539
84.0,41.53005464480874,26.20689655172414,62.996742783022306
82.0,56.96969696969697,39.83050847457627,69.84443694589991
95.0,64.32748538011695,47.41379310344828,73.64604381534618
110.0,66.31016042780749,49.6,74.7371433132458
112.0,74.87179487179488,59.83606557377049,79.8691335193763
117.0,80.38277511961722,67.2,83.55907530144535
124.0,80.35714285714286,67.16417910447761,83.53816510229272
127.0,84.7457627118644,73.52941176470588,86.72876051930479
142.0,84.05797101449275,72.5,86.20605273671593
142.0,87.01754385964912,77.01863354037268,88.4723552102087
144.0,84.39716312056737,73.00613496932516,86.4591175875453
134.0,78.22878228782287,64.24242424242425,82.0622946057338
133.0,74.12587412587412,58.88888888888889,79.37054789960723
122.0,80.32786885245902,67.12328767123287,83.51371859898558
111.0,79.41176470588235,65.85365853658537,82.88490891696021
97.0,81.08108108108108,68.18181818181817,84.05597964838299
87.0,76.19047619047619,61.53846153846154,80.72932016897533
83.0,77.12418300653596,62.76595744680851,81.34806043220566
73.0,83.44370860927152,71.5909090909091,85.77051091805248
56.0,79.69924812030075,66.25,83.09806625700776
62.0,73.52941176470588,58.139534883720934,79.03385793382073
60.0,66.66666666666666,50.0,74.95611585414505
94.0,37.735849056603776,23.25581395348837,61.496265042804495
92.0,43.63636363636363,27.906976744186046,63.82980500152169
103.0,43.26530612244898,27.604166666666668,63.663424434225135
113.0,46.875,30.612244897959183,65.17043723866752
113.0,54.092526690391466,37.073170731707314,68.4078428508836
118.0,68.33333333333333,51.89873417721519,75.87350970049724
122.0,83.78378378378379,72.09302325581395,86.01057128886977
137.0,80.81632653061224,67.8082191780822,83.85718185774729
144.0,83.33333333333334,71.42857142857143,85.66834176590274
142.0,85.81818181818181,75.15923566878982,87.54066302197731
146.0,78.22878228782287,64.24242424242425,82.0622946057338
137.0,73.4375,58.0246913580247,78.944457016419
138.0,74.21875,59.006211180124225,79.43721233713185
132.0,80.16194331983806,66.8918918918919,83.39702128991624
111.0,79.39698492462311,65.83333333333333,82.87574605265785
103.0,81.21827411167513,68.37606837606837,84.15110509189877
93.0,77.71428571428571,63.55140186915887,81.73678499301322
88.0,76.92307692307693,62.5,81.2140833266821
86.0,74.53416149068323,59.4059405940594,79.6620651968621
60.0,80.28169014084507,67.05882352941175,83.50147824647927
60.0,72.3404255319149,56.666666666666664,78.29443059019118
60.0,67.6056338028169,51.06382978723404,75.4860323529212
106.0,34.166666666666664,20.603015075376884,60.143932988969986
109.0,38.82783882783883,24.09090909090909,61.87886435731736
113.0,43.06569343065693,27.44186046511628,63.56529442035869
116.0,48.68913857677903,32.17821782178218,65.95241237719588
118.0,59.515570934256054,42.364532019704434,71.06547623145333
125.0,68.42105263157895,52.0,75.916142557652
123.0,70.0,53.84615384615385,76.83920775897293
141.0,81.95488721804512,69.42675159235668,84.66544003010488
146.0,84.42906574394463,73.05389221556887,86.48199465535306
152.0,86.01398601398601,75.4601226993865,87.69010370479684
155.0,78.16901408450704,64.16184971098265,82.01900535084737
145.0,77.15355805243446,62.80487804878049,81.3415279545522
136.0,70.0,53.84615384615385,76.83920775897293
136.0,77.99227799227799,63.92405063291139,81.90511068839778
124.0,78.37837837837837,64.44444444444444,82.17430751040925
110.0,81.37254901960785,68.59504132231406,84.25959120993629
92.0,79.55801104972376,66.05504587155964,82.99059973603529
91.0,73.17073170731707,57.692307692307686,78.8022556898764
93.0,76.57142857142857,62.03703703703704,80.97760770409397
64.0,81.87919463087249,69.31818181818183,84.63215286658867
65.0,71.32867132867133,55.434782608695656,77.67649354873684
61.0,68.14814814814815,51.68539325842697,75.7998081392873
98.0,34.92063492063492,21.153846153846153,60.495174861426804
38.0,74.28571428571429,59.09090909090909,79.5275083839391
49.0,76.19047619047619,61.53846153846154,80.74928820381916
76.0,61.261261261261254,44.15584415584416,72.03504385208346
80.0,70.4225352112676,54.347826086956516,77.1320186174319
96.0,75.13812154696133,60.17699115044248,80.04359256572175
98.0,80.44692737430168,67.28971962616822,83.60993246197441
98.0,81.28342245989305,68.46846846846847,84.19930409451368
94.0,83.33333333333334,71.42857142857143,85.68234703654699
114.0,73.09644670050761,57.599999999999994,78.74711001117676
105.0,69.47368421052632,53.2258064516129,76.55503054570268
120.0,66.34146341463415,49.63503649635037,74.74866696694265
108.0,64.04494382022472,47.107438016528924,73.48987096660362
99.0,58.97435897435898,41.81818181818181,70.84525687757287
94.0,60.13986013986013,43.0,71.44315121776076
84.0,62.99212598425197,45.97701149425287,72.94163324034488
73.0,64.91228070175438,48.05194805194805,73.98608491769504
63.0,72.89719626168224,57.35294117647059,78.64754983110981
55.0,76.78571428571429,62.31884057971014,81.13348926637752
53.0,69.72477064220183,53.52112676056338,76.72765420959279
44.0,62.92134831460674,45.90163934426229,72.91791706385166
53.0,59.09090909090909,41.935483870967744,70.93184961245296
115.0,39.455782312925166,24.576271186440678,62.19939648619499
48.0,75.55555555555556,60.71428571428571,80.33520516020216
77.0,65.07936507936508,48.23529411764706,74.07376553892725
81.0,69.23076923076923,52.94117647058824,76.43069276143562
83.0,76.05633802816901,61.36363636363637,80.6479009398885
100.0,79.3296089385475,65.74074074074075,82.83344790754231
106.0,81.44329896907216,68.69565217391305,84.31189579172926
102.0,87.56218905472637,77.87610619469027,88.91309702004119
111.0,82.14285714285714,69.6969696969697,84.8085519357782
125.0,74.54545454545455,59.42028985507246,79.65425000998123
124.0,72.81105990783409,57.2463768115942,78.56430264417465
125.0,69.40639269406392,53.14685314685315,76.5065603059615
118.0,67.0,50.37593984962406,75.12211349183592
104.0,65.9090909090909,49.152542372881356,74.51641245305147
97.0,68.6046511627907,52.21238938053098,76.05232075527337
87.0,75.47169811320755,60.60606060606061,80.26412057360257
72.0,76.33587786259542,61.72839506172839,80.83327545449664
70.0,75.2,60.256410256410255,80.09728490238773
63.0,80.0,66.66666666666666,83.3063990529774
53.0,73.01587301587301,57.49999999999999,78.71608817075604
47.0,69.0909090909091,52.77777777777778,76.35498247060335
53.0,65.54621848739495,48.75,74.3341120330295
125.0,38.63636363636363,23.943661971830984,61.864136837297565
74.0,67.2,50.602409638554214,75.2603144055858
83.0,56.00000000000001,38.88888888888889,69.36763952892984
89.0,44.800000000000004,28.865979381443296,64.29532009774479
100.0,60.08230452674898,42.94117647058823,71.37378764451114
111.0,72.32142857142857,56.64335664335665,78.25979589828277
109.0,82.17821782178217,69.74789915966386,84.83801641551756
108.0,87.85046728971963,78.33333333333333,89.14070923685156
128.0,83.06451612903226,71.03448275862068,85.47530260991365
129.0,77.77777777777779,63.63636363636363,81.76627006815687
137.0,67.82608695652173,51.31578947368421,75.5840394931198
130.0,67.24890829694323,50.6578947368421,75.25409557497208
125.0,66.66666666666666,50.0,74.92615065266855
108.0,69.5187165775401,53.278688524590166,76.58247052199853
100.0,68.71794871794872,52.34375,76.1110076907342
88.0,70.06369426751591,53.92156862745098,76.91389777913919
78.0,73.52941176470588,58.139534883720934,79.03385793382073
72.0,60.97560975609756,43.859649122807014,71.86598543599952
70.0,81.42857142857143,68.67469879518072,84.31141113066565
57.0,75.2,60.256410256410255,80.09728490238773
58.0,71.875,56.09756097560976,78.01287384507599
56.0,66.66666666666666,50.0,74.95911040191483
138.0,33.77777777777778,20.32085561497326,60.01183791558827
91.0,51.02040816326531,34.24657534246575,67.0275289831269
87.0,45.1063829787234,29.120879120879124,64.43175612169887
108.0,46.09929078014184,29.953917050691242,64.82529521788818
105.0,54.60992907801418,37.5609756097561,68.65274074405848
117.0,79.82062780269058,66.4179104477612,83.16403338787525
120.0,84.16289592760181,72.65625,86.29318300371384
116.0,86.69527896995707,76.51515151515152,88.22662218793023
133.0,82.70676691729322,70.51282051282051,85.21047089636552
133.0,82.35294117647058,70.0,84.95506380939067
142.0,72.8744939271255,57.324840764331206,78.59553542429313
130.0,66.37931034482759,49.67741935483871,74.76086381223243
130.0,76.15062761506276,61.48648648648649,80.68633997879282
114.0,73.0,57.48031496062992,78.68626849163165
106.0,72.92817679558011,57.391304347826086,78.64675973727365
89.0,78.52760736196319,64.64646464646465,82.28831054800882
82.0,74.83870967741936,59.79381443298969,79.85799903979188
78.0,73.75886524822694,58.42696629213483,79.17657467906558
70.0,81.11888111888112,68.23529411764706,84.09071062879838
61.0,77.61194029850746,63.41463414634146,81.67739128911519
62.0,72.72727272727273,57.14285714285714,78.53552049610141
57.0,65.60000000000001,48.80952380952381,74.36187769213599
144.0,31.11111111111111,18.421052631578945,59.02502346343379
98.0,55.33980582524271,38.25503355704698,69.03573521863602
102.0,50.19607843137255,33.50785340314136,66.6272105457597
115.0,48.175182481751825,31.73076923076923,65.72369632961332
113.0,78.26086956521739,64.28571428571429,82.09294299519114
121.0,76.8,62.33766233766234,81.11092382058835
123.0,74.15730337078652,58.92857142857143,79.39539181089692
132.0,82.5910931174089,70.34482758620689,85.12947733905544
140.0,83.94160583941606,72.32704402515722,86.11957562716881
137.0,81.36882129277566,68.58974358974359,84.24593932168479
147.0,75.75757575757575,60.97560975609756,80.42390201040759
135.0,62.093862815884485,45.0261780104712,72.40827766564686
132.0,68.14814814814815,51.68539325842697,75.75684086689418
122.0,79.0909090909091,65.41353383458647,82.66084865180581
110.0,73.58490566037736,58.2089552238806,79.04858715723154
90.0,76.0233918128655,61.32075471698113,80.61946817687375
86.0,68.96551724137932,52.63157894736842,76.27090258863454
82.0,72.3404255319149,56.666666666666664,78.29443059019118
71.0,83.56164383561644,71.76470588235294,85.85840801450782
70.0,76.19047619047619,61.53846153846154,80.73431456811345
61.0,69.62962962962963,53.40909090909091,76.66365096233537
60.0,62.903225806451616,45.88235294117647,72.8953021661823
148.0,31.683168316831683,18.823529411764707,59.20529327275117
144.0,39.49843260188088,24.609375,62.112122696456005
139.0,44.64831804281346,28.74015748031496,64.1894508336449
122.0,47.712418300653596,31.330472103004293,65.50556497392196
120.0,66.90647482014388,50.27027027027027,75.04328760204007
123.0,70.63197026022306,54.59770114942529,77.21997834772037
127.0,72.28070175438597,56.59340659340659,78.21781846855241
140.0,84.0909090909091,72.54901960784314,86.23256433303372
143.0,82.31046931407943,69.93865030674846,84.92038583812513
142.0,81.61764705882352,68.94409937888199,84.42211460505071
147.0,70.58823529411765,54.54545454545454,77.18785288681842
141.0,60.13513513513513,42.99516908212561,71.37978950442655
137.0,68.55123674911661,52.1505376344086,75.98640921537519
129.0,76.73469387755102,62.251655629139066,81.06892114151334
117.0,75.5980861244019,60.76923076923077,80.33371413304343
94.0,76.13636363636364,61.46788990825688,80.69203631496183
85.0,71.25,55.33980582524271,77.62401213267762
84.0,74.48275862068967,59.34065934065934,79.63341973058266
102.0,70.45454545454545,54.385964912280706,77.14110074643847
68.0,74.64788732394366,59.55056179775281,79.73936924155342
64.0,67.64705882352942,51.11111111111111,75.51166965888689
67.0,62.01550387596899,44.9438202247191,72.42304303082133
150.0,29.967426710097723,17.624521072796934,58.597818086767504
138.0,39.603960396039604,24.691358024691358,62.16310258964634
139.0,43.39622641509434,27.710843373493976,63.675806064179284
130.0,43.17460317460318,27.530364372469634,63.58656799289244
117.0,54.83870967741935,37.77777777777778,68.74914322599535
122.0,63.667820069204154,46.7005076142132,73.24542991125163
129.0,66.20689655172414,49.48453608247423,74.64442459075788
135.0,84.94208494208493,73.8255033557047,86.87380308998833
150.0,81.69014084507043,69.04761904761905,84.47187184901928
147.0,82.05128205128204,69.56521739130434,84.7336713354732
155.0,77.85714285714286,63.74269005847953,81.80942799806155
142.0,64.58333333333334,47.69230769230769,73.74432288554846
139.0,66.41509433962264,49.717514124293785,74.76991342694484
136.0,78.714859437751,64.90066225165563,82.39741367704792
121.0,74.52830188679245,59.3984962406015,79.64535267745987
106.0,75.39267015706807,60.50420168067227,80.2051983974174
93.0,75.29411764705883,60.37735849056604,80.14677311501481
87.0,71.62162162162163,55.78947368421052,77.85283990856178
109.0,68.44919786096256,52.03252032520326,75.95739202722487
75.0,78.2051282051282,64.21052631578948,82.07134117844747
72.0,65.75342465753424,48.97959183673469,74.43992359152406
70.0,58.992805755395686,41.83673469387755,70.86152083252767
151.0,31.84713375796178,18.939393939393938,59.2562348941274
148.0,40.25157232704403,25.196850393700785,62.40884984563711
148.0,49.358974358974365,32.76595744680851,66.22529094520509
132.0,47.59036144578313,31.225296442687743,65.43898512774545
123.0,58.282208588957054,41.125541125541126,70.42699052642944
125.0,67.36842105263158,50.79365079365079,75.30397395912571
135.0,70.70707070707071,54.6875,77.25687336482196
146.0,84.91228070175438,73.78048780487805,86.84729115046619
150.0,81.5068493150685,68.78612716763006,84.33912507371654
150.0,76.19047619047619,61.53846153846154,80.69431467525602
160.0,69.2063492063492,52.9126213592233,76.35944048567154
145.0,60.62499999999999,43.49775784753363,71.62307768971662
146.0,63.26530612244898,46.26865671641791,73.02650734109737
145.0,76.08695652173914,61.40350877192983,80.63584797307122
130.0,75.22123893805309,60.28368794326241,80.0859457064738
109.0,72.1311475409836,56.41025641025641,78.15424015883006
97.0,70.65868263473054,54.629629629629626,77.26592920713678
111.0,64.40677966101694,47.5,73.68714958399009
116.0,69.38775510204081,53.125,76.50262932066735
81.0,73.25581395348837,57.798165137614674,78.85318629438754
75.0,67.56756756756756,51.02040816326531,75.46232473757966
73.0,60.150375939849624,43.01075268817204,71.45252011303448
144.0,0.0,0.0,49.654217155612244
162.0,0.0,0.0,49.53663105867347
179.0,0.0,0.0,49.512715242346935
167.0,0.0,0.0,49.58047672193878
164.0,0.0,0.0,49.55755739795919
179.0,0.0,0.0,49.564532844387756
181.0,0.0,0.0,49.61834343112245
179.0,10.027855153203342,5.278592375366569,52.31731365249448
169.0,0.0,0.0,49.72696109693878
166.0,8.421052631578947,4.395604395604396,51.937655479039734
159.0,45.04504504504504,29.069767441860467,64.4131903881289
155.0,25.31645569620253,14.492753623188406,57.06989214681536
152.0,17.254901960784313,9.44206008583691,54.510677927434145
147.0,36.84210526315789,22.58064516129032,61.146707469143976
142.0,38.88888888888889,24.137931034482758,61.959274844937276
133.0,31.92488262910798,18.994413407821227,59.352617337710626
118.0,51.13636363636363,34.35114503816794,67.08979725028821
118.0,49.68944099378882,33.057851239669425,66.4481453421899
99.0,22.04724409448819,12.389380530973451,56.096009989580665
77.0,0.0,0.0,49.91230867346938
67.0,2.380952380952381,1.2048192771084338,50.5206956375577
80.0,4.25531914893617,2.1739130434782608,50.99726863558296
15.0,77.77777777777779,63.63636363636363,81.81020765447225
11.0,75.86206896551724,61.111111111111114,80.54857857957629
15.0,73.17073170731707,57.692307692307686,78.83518915246752
15.0,80.0,66.66666666666666,83.32635594008745
17.0,73.91304347826086,58.620689655172406,79.29838286662208
16.0,76.19047619047619,61.53846153846154,80.7592626671574
20.0,72.0,56.25,78.11104410064196
16.0,69.56521739130434,53.333333333333336,76.65271132376395
21.0,71.69811320754717,55.88235294117647,77.92622342315717
18.0,66.66666666666666,50.0,74.98305388863415
24.0,77.19298245614034,62.857142857142854,81.4156113456269
19.0,68.0,51.515151515151516,75.74162647629025
24.0,75.0,60.0,79.98604326587578
19.0,69.0909090909091,52.77777777777778,76.37194210180034
27.0,73.33333333333333,57.89473684210527,78.9314175497363
23.0,74.19354838709677,58.97435897435898,79.47122829781893
17.0,63.829787234042556,46.875,73.42055456430295
14.0,63.41463414634146,46.42857142857143,73.1993344553897
21.0,64.15094339622641,47.22222222222222,73.59217133958457
16.0,66.66666666666666,50.0,74.98504814497319
22.0,64.40677966101694,47.5,73.7290657335965
18.0,72.0,56.25,78.11104410064196
28.0,69.6969696969697,53.48837209302325,76.72424705981093
18.0,72.0,56.25,78.11104410064196
29.0,71.64179104477611,55.81395348837209,77.88803432912783
18.0,66.66666666666666,50.0,74.98205670082538
28.0,69.6969696969697,53.48837209302325,76.72424705981093
18.0,75.0,60.0,79.98803780055026
29.0,69.56521739130434,53.333333333333336,76.64573031318126
19.0,66.66666666666666,50.0,74.98105947325398
29.0,69.56521739130434,53.333333333333336,76.64573031318126
21.0,70.0,53.84615384615385,76.9051325506315
29.0,17.857142857142858,9.803921568627452,54.67265329293768
20.0,0.0,0.0,49.86049107142857
24.0,55.319148936170215,38.23529411764706,69.09671529636913
41.0,59.01639344262295,41.86046511627907,70.9053113092859
47.0,64.7887323943662,47.91666666666667,73.93340959995747
47.0,80.0,66.66666666666666,83.31737928100405
43.0,81.57894736842105,68.88888888888889,84.4304849270449
42.0,77.77777777777779,63.63636363636363,81.80222903840995
39.0,85.71428571428571,75.0,87.49002911498425
37.0,72.46376811594203,56.81818181818182,78.39014811632507
18.0,46.15384615384615,30.0,64.97906990651224
29.0,68.0,51.515151515151516,75.74162647629025
42.0,80.55555555555556,67.44186046511628,83.70697127190246
51.0,82.22222222222221,69.81132075471697,84.88970473404689
48.0,88.17204301075269,78.84615384615384,89.41210654310285
45.0,86.31578947368422,75.92592592592592,87.94999796844816
51.0,84.68468468468468,73.4375,86.7017937471324
44.0,76.92307692307693,62.5,81.22606510292005
34.0,70.32967032967034,54.23728813559322,77.09172160449094
26.0,63.41463414634146,46.42857142857143,73.18437544509328
39.0,67.6923076923077,51.162790697674424,75.5604598302345
46.0,83.54430379746836,71.73913043478261,85.85660229135975
53.0,83.6734693877551,71.9298245614035,85.94895536437583
52.0,82.6923076923077,70.49180327868852,85.22794939232135
48.0,80.73394495412845,67.6923076923077,83.82520914017762
54.0,85.9504132231405,75.36231884057972,87.66420147599172
47.0,73.17073170731707,57.692307692307686,78.8132400802206
45.0,72.72727272727273,57.14285714285714,78.53851546203737
28.0,68.29268292682927,51.85185185185185,75.90000265879662
37.0,62.295081967213115,45.23809523809524,72.59611961298666
44.0,84.21052631578947,72.72727272727273,86.35167082438939
51.0,82.4742268041237,70.17543859649122,85.07076541281398
54.0,86.79245283018868,76.66666666666667,88.31936963893877
53.0,85.21739130434783,74.24242424242425,87.1042551918128
52.0,81.9672131147541,69.44444444444444,84.7002775228646
55.0,70.06369426751591,53.92156862745098,76.91389777913919
50.0,71.11111111111111,55.172413793103445,77.54730648161396
34.0,69.47368421052632,53.2258064516129,76.58398592927453
36.0,68.85245901639344,52.5,76.23105871797429
48.0,85.71428571428571,75.0,87.48803350618269
54.0,84.0,72.41379310344827,86.1909393171129
55.0,87.85046728971963,78.33333333333333,89.15370012035615
53.0,82.75862068965517,70.58823529411765,85.27416871632153
57.0,85.49618320610686,74.66666666666667,87.31437882415536
52.0,64.15094339622641,47.22222222222222,73.55425325574952
52.0,75.18796992481202,60.24096385542169,80.08756487867441
31.0,66.66666666666666,50.0,74.97008734495274
38.0,69.56521739130434,53.333333333333336,76.64573031318126
50.0,85.0574712643678,74.0,86.98703603980933
54.0,85.43689320388349,74.57627118644068,87.2731750889516
55.0,85.18518518518519,74.19354838709677,87.08081568566888
58.0,80.95238095238095,68.0,83.97605985037406
59.0,77.33333333333333,63.04347826086957,81.48781918151424
56.0,64.70588235294117,47.82608695652174,73.85318832772516
54.0,71.23287671232876,55.319148936170215,77.61767837040735
33.0,64.58333333333334,47.69230769230769,73.81225216104067
39.0,70.4225352112676,54.347826086956516,77.15297627252653
49.0,87.64044943820225,78.0,88.98903005764205
56.0,86.53846153846155,76.27118644067797,88.1216298044885
57.0,87.03703703703704,77.04918032786885,88.51062619098464
60.0,85.48387096774194,74.64788732394366,87.30598783331034
63.0,75.60975609756098,60.78431372549019,80.35224785528212
61.0,63.49206349206349,46.51162790697674,73.1869736629624
56.0,71.42857142857143,55.55555555555556,77.73388400071826
35.0,65.97938144329896,49.23076923076923,74.58247938245546
45.0,66.66666666666666,50.0,74.97507527267652
51.0,85.39325842696628,74.50980392156863,87.24193774202809
55.0,83.16831683168317,71.1864406779661,85.5762657772086
56.0,86.79245283018868,76.66666666666667,88.31936963893877
61.0,85.9504132231405,75.36231884057972,87.66420147599172
64.0,74.84662576687117,59.80392156862745,79.86105486792144
61.0,67.0391061452514,50.42016806722689,75.15122059678689
59.0,73.41772151898735,57.99999999999999,78.95809888662755
46.0,68.57142857142857,52.17391304347826,76.05404866374153
27.0,68.08510638297872,51.61290322580645,75.79149945979317
38.0,78.125,64.1025641025641,82.03732420398092
45.0,81.0126582278481,68.08510638297872,84.02759626743065
47.0,83.14606741573034,71.15384615384616,85.56196466131846
46.0,88.88888888888889,80.0,89.99002712621669
46.0,84.44444444444444,73.07692307692307,86.52450007210867
45.0,87.05882352941177,77.08333333333334,88.53069716188995
45.0,82.22222222222221,69.81132075471697,84.88970473404689
41.0,62.5,45.45454545454545,72.69736305448454
29.0,69.23076923076923,52.94117647058824,76.4546386360278
41.0,83.78378378378379,72.09302325581395,86.03454632727879
44.0,85.36585365853658,74.46808510638297,87.22207629803106
49.0,85.41666666666666,74.54545454545455,87.2587649709421
49.0,86.27450980392157,75.86206896551724,87.91707134544113
49.0,82.56880733944955,70.3125,85.13729964991722
46.0,75.67567567567568,60.86956521739131,80.40785477528918
43.0,73.21428571428571,57.74647887323944,78.84332021850862
32.0,68.18181818181817,51.724137931034484,75.83415048747312
33.0,71.1864406779661,55.26315789473685,77.6146314845033
44.0,84.61538461538461,73.33333333333333,86.6547008887914
48.0,86.02150537634408,75.47169811320755,87.72288432068547
51.0,85.43689320388349,74.57627118644068,87.2731750889516
49.0,82.56880733944955,70.3125,85.13729964991722
53.0,85.0,73.91304347826086,86.93856662691097
47.0,71.875,56.09756097560976,78.01287384507599
55.0,76.47058823529412,61.904761904761905,80.92046011605505
36.0,69.47368421052632,53.2258064516129,76.58398592927453
30.0,61.81818181818181,44.73684210526316,72.34748762094434
43.0,82.05128205128204,69.56521739130434,84.76864889986405
46.0,88.88888888888889,80.0,89.99002712621669
54.0,86.79245283018868,76.66666666666667,88.31936963893877
57.0,82.05128205128204,69.56521739130434,84.761662318378
56.0,85.24590163934425,74.28571428571429,87.12490167242382
52.0,70.4225352112676,54.347826086956516,77.1320186174319
51.0,70.0,53.84615384615385,76.88118333279623
38.0,67.9245283018868,51.42857142857142,75.68038064847
34.0,64.40677966101694,47.5,73.7290657335965
46.0,89.41176470588236,80.85106382978722,90.4165566865239
49.0,88.42105263157895,79.24528301886792,89.61167091063874
51.0,85.71428571428571,75.0,87.48503919730307
55.0,84.03361344537815,72.46376811594203,86.2129318176167
62.0,87.87878787878788,78.37837837837837,89.17322686028541
57.0,75.86206896551724,61.111111111111114,80.5206400510764
55.0,72.97297297297297,57.446808510638306,78.68350161775481
47.0,69.84126984126983,53.65853658536586,76.79136834853549
35.0,69.6969696969697,53.48837209302325,76.72424705981093
46.0,88.63636363636364,79.59183673469387,89.78594569247609
52.0,88.0,78.57142857142857,89.27374588229931
53.0,85.71428571428571,75.0,87.48404085541014
57.0,81.9672131147541,69.44444444444444,84.7002775228646
61.0,86.33093525179856,75.9493670886076,87.95572752227491
55.0,70.19867549668875,54.08163265306123,76.99592675487688
60.0,74.21383647798741,59.0,79.45909571602449
48.0,69.62962962962963,53.40909090909091,76.66365096233537
37.0,68.65671641791045,52.27272727272727,76.11542770032791
47.0,86.36363636363636,76.0,87.98803302884039
50.0,88.88888888888889,80.0,89.98902896353627
53.0,84.40366972477065,73.01587301587301,86.49098059331453
60.0,85.24590163934425,74.28571428571429,87.12490167242382
64.0,85.3146853146853,74.39024390243902,87.17417014038443
61.0,65.40880503144653,48.598130841121495,74.24420148312558
60.0,73.75,58.415841584158414,79.1660188426409
49.0,69.6969696969697,53.48837209302325,76.70428977681284
37.0,68.65671641791045,52.27272727272727,76.11542770032791
48.0,85.0574712643678,74.0,86.98703603980933
53.0,88.88888888888889,80.0,89.98902896353627
53.0,85.18518518518519,74.19354838709677,87.08081568566888
62.0,86.1788617886179,75.71428571428571,87.84018457451812
63.0,86.33093525179856,75.9493670886076,87.95572752227491
61.0,59.77011494252874,42.62295081967213,71.24164858037312
59.0,67.83625730994152,51.32743362831859,75.60884630855253
53.0,64.90066225165563,48.03921568627451,73.96674212206878
24.0,20.155038759689923,11.206896551724139,55.50078296477621
42.0,35.82089552238806,21.818181818181817,60.780451100554814
44.0,58.156028368794324,41.0,70.44115887104817
49.0,69.66292134831461,53.44827586206896,76.69721600462107
55.0,45.94594594594595,29.82456140350877,64.87240749854061
63.0,7.042253521126761,3.64963503649635,51.693267419585595
60.0,3.6809815950920246,1.875,50.781041346939595
64.0,3.6363636363636362,1.8518518518518516,50.82029352667532
67.0,2.366863905325444,1.1976047904191618,50.43437460392326
35.0,80.0,66.66666666666666,83.31737928100405
43.0,81.81818181818183,69.23076923076923,84.59942929029486
40.0,80.0,66.66666666666666,83.31638147660644
35.0,78.94736842105263,65.21739130434783,82.59274223614871
40.0,79.06976744186046,65.38461538461539,82.67435866753804
48.0,80.0,66.66666666666666,83.31238946290608
41.0,74.74747474747475,59.67741935483871,79.813778984745
42.0,67.28971962616822,50.70422535211267,75.31721040242252
30.0,71.60493827160494,55.769230769230774,77.86168280639536
25.0,67.64705882352942,51.11111111111111,75.53362267018478
14.0,53.06122448979592,36.11111111111111,68.03263029191501
44.0,75.55555555555556,60.71428571428571,80.33520516020216
50.0,83.6734693877551,71.9298245614035,85.94895536437583
48.0,79.16666666666666,65.51724137931035,82.73867573772252
42.0,80.45977011494253,67.3076923076923,83.63689395903553
46.0,76.92307692307693,62.5,81.22905905346923
58.0,79.33884297520662,65.75342465753424,82.85177616534548
64.0,82.70676691729322,70.51282051282051,85.23346578203824
54.0,72.99270072992701,57.47126436781609,78.69872518953387
45.0,74.33628318584071,59.154929577464785,79.54854230099953
31.0,76.5432098765432,62.0,80.98105494067205
25.0,73.52941176470588,58.139534883720934,79.05182163818756
46.0,79.59183673469387,66.10169491525424,83.03090210788542
56.0,81.08108108108108,68.18181818181817,84.06996396713338
59.0,84.48275862068965,73.13432835820896,86.5492097832699
46.0,80.0,66.66666666666666,83.31338758576672
47.0,76.76767676767676,62.295081967213115,81.124604288884
65.0,78.4,64.47368421052632,82.20991051151128
62.0,84.44444444444444,73.07692307692307,86.51751139979157
64.0,77.02702702702703,62.637362637362635,81.28476204654899
50.0,72.44094488188976,56.79012345679012,78.36015249240862
44.0,80.37383177570094,67.1875,83.5728057118066
36.0,79.12087912087912,65.45454545454545,82.70832577872865
50.0,76.19047619047619,61.53846153846154,80.7442985847725
57.0,82.45614035087719,70.1492537313433,85.05467833288623
62.0,83.2,71.23287671232876,85.59549030732549
48.0,78.89908256880734,65.15151515151516,82.55281859345051
48.0,79.20792079207921,65.57377049180327,82.7659422109567
59.0,80.67226890756302,67.6056338028169,83.77987563106053
63.0,83.91608391608392,72.28915662650603,86.12163154974435
67.0,77.9874213836478,63.91752577319587,81.92384250506782
52.0,70.1492537313433,54.02298850574713,76.97159718730273
45.0,75.86206896551724,61.111111111111114,80.52762928092059
37.0,78.72340425531915,64.91228070175438,82.43619579673769
54.0,70.79646017699115,54.794520547945204,77.36434979048768
61.0,81.9672131147541,69.44444444444444,84.7002775228646
61.0,83.96946564885496,72.36842105263158,86.1632612236283
52.0,78.33333333333333,64.38356164383562,82.16584772929677
47.0,75.24752475247524,60.317460317460316,80.13379896881432
53.0,77.77777777777779,63.63636363636363,81.79424596626495
66.0,77.12418300653596,62.76595744680851,81.34806043220566
70.0,76.47058823529412,61.904761904761905,80.91246955568164
54.0,65.24822695035462,48.421052631578945,74.16165338540847
51.0,70.86614173228347,54.87804878048781,77.4021210769248
40.0,78.35051546391753,64.40677966101694,82.18244763097917
52.0,69.23076923076923,52.94117647058824,76.43867758511462
59.0,77.31092436974791,63.013698630136986,81.47991933302181
62.0,82.08955223880598,69.62025316455697,84.7861845220642
55.0,80.32786885245902,67.12328767123287,83.53770464117034
49.0,76.0,61.29032258064516,80.62122734800339
54.0,79.62962962962963,66.15384615384615,83.05498144167285
67.0,78.43137254901961,64.51612903225806,82.22514089892096
70.0,75.90361445783132,61.165048543689316,80.54261446800135
62.0,67.10526315789474,50.495049504950494,75.19764944075456
50.0,68.21705426356588,51.76470588235295,75.84146089617528
41.0,78.78787878787878,65.0,82.47905738277122
54.0,67.88990825688074,51.388888888888886,75.65954147470033
62.0,74.60317460317461,59.49367088607595,79.71491779058131
67.0,80.28169014084507,67.05882352941175,83.50147824647927
57.0,80.62015503875969,67.53246753246754,83.74129561285415
50.0,79.6116504854369,66.12903225806451,83.0435726763545
54.0,77.06422018348624,62.68656716417911,81.31835040300949
69.0,77.41935483870968,63.1578947368421,81.5440283804731
71.0,76.64670658682635,62.13592233009708,81.0290483297995
62.0,67.53246753246754,50.98039215686274,75.44031977167214
52.0,65.18518518518519,48.35164835164835,74.12894792911548
42.0,80.0,66.66666666666666,83.31338758576672
56.0,66.66666666666666,50.0,74.96410051854807
68.0,73.13432835820896,57.647058823529406,78.78762062009554
66.0,79.43262411347519,65.88235294117646,82.91224590394816
62.0,80.0,66.66666666666666,83.3063990529774
44.0,75.0,60.0,79.97606701236538
56.0,78.18181818181819,64.17910447761194,82.06561590944207
70.0,77.77777777777779,63.63636363636363,81.78226299472284
72.0,74.55621301775149,59.43396226415094,79.67407809294392
63.0,68.78980891719745,52.42718446601942,76.16471150199338
51.0,67.15328467153284,50.54945054945055,75.22984197131414
42.0,77.66990291262135,63.49206349206349,81.72309413633013
45.0,79.16666666666666,65.51724137931035,82.73867573772252
48.0,83.6734693877551,71.9298245614035,85.94895536437583
45.0,76.59574468085107,62.06896551724138,81.01254418662229
40.0,81.3953488372093,68.62745098039215,84.29777048331547
41.0,77.27272727272727,62.96296296296296,81.46153812062632
50.0,79.62962962962963,66.15384615384615,83.05498144167285
52.0,80.67226890756302,67.6056338028169,83.77987563106053
46.0,68.33333333333333,51.89873417721519,75.91146941233353
37.0,73.26732673267327,57.8125,78.87932485191169
30.0,73.41772151898735,57.99999999999999,78.97906155901649
22.0,55.88235294117647,38.775510204081634,69.35784900717869
50.0,78.50467289719626,64.61538461538461,82.28475378293865
55.0,81.81818181818183,69.23076923076923,84.59543687845536
50.0,78.57142857142857,64.70588235294117,82.32900436964063
44.0,81.25,68.42105263157895,84.19257550102193
48.0,82.35294117647058,70.0,84.98204811106235
60.0,84.375,72.97297297297297,86.46653516770431
65.0,81.08108108108108,68.18181818181817,84.06297390055072
54.0,71.72413793103448,55.91397849462365,77.91609067576925
48.0,71.66666666666667,55.84415584415584,77.88816812214574
40.0,76.0,61.29032258064516,80.62122734800339
30.0,75.0,60.0,79.98005822996849
64.0,76.8,62.33766233766234,81.13990521926206
56.0,81.9672131147541,69.44444444444444,84.7002775228646
58.0,83.87096774193549,72.22222222222221,86.09116058840742
48.0,82.56880733944955,70.3125,85.13729964991722
48.0,81.9047619047619,69.35483870967742,84.65846976075898
65.0,82.96296296296296,70.88607594936708,85.42009304252073
69.0,79.74683544303798,66.3157894736842,83.12596689376745
65.0,73.29192546583852,57.84313725490197,78.87866901254985
55.0,73.13432835820896,57.647058823529406,78.78762062009554
46.0,73.04347826086956,57.534246575342465,78.73620614561194
37.0,77.08333333333334,62.71186440677966,81.33399319383639
63.0,76.42276422764228,61.8421052631579,80.8921272590401
56.0,81.30081300813008,68.4931506849315,84.2236331567737
60.0,82.53968253968253,70.27027027027027,85.11318956016108
50.0,80.34188034188034,67.14285714285714,83.54848775872534
49.0,82.2429906542056,69.84126984126983,84.9016849485612
66.0,80.0,66.66666666666666,83.3063990529774
65.0,80.51948051948052,67.3913043478261,83.6657204183158
68.0,75.77639751552795,61.0,80.46108949416342
55.0,67.62589928057554,51.08695652173913,75.49859406210238
47.0,72.41379310344827,56.75675675675676,78.3464639091559
39.0,82.10526315789474,69.64285714285714,84.80447502414812
63.0,74.4186046511628,59.25925925925925,79.59671389391306
65.0,78.51851851851852,64.63414634146342,82.28814433566598
61.0,82.44274809160305,70.12987012987013,85.04199104833556
51.0,77.04918032786885,62.66666666666667,81.30540538743377
50.0,81.08108108108108,68.18181818181817,84.06996396713338
64.0,80.91603053435115,67.94871794871796,83.94942032344024
68.0,80.76923076923077,67.74193548387096,83.841035389053
70.0,76.19047619047619,61.53846153846154,80.72932016897533
56.0,65.3061224489796,48.484848484848484,74.19155446904409
48.0,73.94957983193278,58.666666666666664,79.30241495784462
42.0,75.72815533980582,60.9375,80.44381831282287
61.0,77.41935483870968,63.1578947368421,81.55101886538881
57.0,79.36507936507937,65.78947368421053,82.86880219740989
64.0,82.35294117647058,70.0,84.97605746209098
52.0,78.68852459016394,64.86486486486487,82.40649882247394
49.0,80.0,66.66666666666666,83.31238946290608
61.0,79.67479674796748,66.21621621621621,83.08317144722675
68.0,77.70700636942675,63.541666666666664,81.73591364860819
71.0,76.92307692307693,62.5,81.21108638821816
57.0,67.11409395973155,50.505050505050505,75.20364842213783
51.0,73.17073170731707,57.692307692307686,78.8132400802206
44.0,78.43137254901961,64.51612903225806,82.23612419380575
65.0,75.96899224806202,61.25000000000001,80.59407854050711
60.0,77.27272727272727,62.96296296296296,81.45155629444906
65.0,81.42857142857143,68.67469879518072,84.31141113066565
53.0,80.0,66.66666666666666,83.3083961749724
52.0,77.19298245614034,62.857142857142854,81.40263988783896
58.0,80.99173553719008,68.05555555555556,84.00483604976692
69.0,78.75,64.94845360824742,82.44030347085689
71.0,73.98843930635837,58.71559633027523,79.31289873985025
64.0,65.83850931677019,49.074074074074076,74.48217200501581
54.0,71.31782945736434,55.42168674698795,77.6739393240226
44.0,77.35849056603774,63.07692307692307,81.51452616397266
63.0,73.84615384615385,58.536585365853654,79.2343795006734
62.0,77.94117647058823,63.85542168674698,81.897784462271
61.0,78.51851851851852,64.63414634146342,82.28814433566598
52.0,82.35294117647058,70.0,84.97905320485965
49.0,80.0,66.66666666666666,83.31238946290608
57.0,81.35593220338984,68.57142857142857,84.26377046190325
70.0,77.5,63.26530612244898,81.59673495450781
73.0,76.0233918128655,61.32075471698113,80.61946817687375
62.0,64.96815286624204,48.113207547169814,74.00174093069214
54.0,69.23076923076923,52.94117647058824,76.43069276143562
43.0,75.72815533980582,60.9375,80.44381831282287
62.0,33.33333333333333,20.0,59.820470367636794
55.0,23.463687150837988,13.291139240506327,56.37230197753564
57.0,31.73431734317343,18.859649122807017,59.24531535589017
48.0,41.14285714285714,25.899280575539567,62.846927882504524
50.0,21.428571428571427,12.0,55.75869014618192
60.0,22.857142857142858,12.903225806451612,56.209291403425254
74.0,23.67758186397985,13.428571428571429,56.4120654425867
59.0,3.571428571428571,1.8181818181818181,50.64001116182655
51.0,6.832298136645963,3.536977491961415,51.46947548972635
43.0,0.0,0.0,49.68311543367347
36.0,0.0,0.0,49.64823820153062
54.0,72.88135593220339,57.333333333333336,78.63475156084814
61.0,63.33333333333333,46.34146341463415,73.12685281306521
58.0,68.96551724137932,52.63157894736842,76.27988712806429
68.0,76.33587786259542,61.72839506172839,80.83327545449664
70.0,77.61194029850746,63.41463414634146,81.67739128911519
90.0,71.95121951219512,56.19047619047619,78.04934548394851
104.0,75.39267015706807,60.50420168067227,80.2051983974174
96.0,75.8974358974359,61.15702479338842,80.53160808149723
82.0,77.38095238095238,63.10679611650486,81.51548223138806
67.0,78.83211678832117,65.06024096385542,82.50119106969356
47.0,75.67567567567568,60.86956521739131,80.40785477528918
64.0,67.17557251908397,50.57471264367817,75.24446954293539
71.0,73.46938775510205,58.06451612903226,78.99335299289089
76.0,72.10884353741497,56.38297872340425,78.1505899741954
75.0,82.99319727891157,70.93023255813954,85.44017364712325
83.0,81.21212121212122,68.36734693877551,84.15274090238383
106.0,83.74384236453201,72.03389830508475,85.98400910343176
113.0,82.25108225108225,69.85294117647058,84.88553690080892
104.0,80.56872037914692,67.46031746031747,83.68923321459705
82.0,83.23699421965318,71.28712871287128,85.61462455123046
71.0,82.75862068965517,70.58823529411765,85.26917551281028
56.0,75.0,60.0,79.9680817108203
69.0,75.55555555555556,60.71428571428571,80.32422515140719
77.0,80.2547770700637,67.02127659574468,83.47970819989376
83.0,79.04191616766467,65.34653465346535,82.63834415770454
85.0,80.92485549132948,67.96116504854369,83.94765233627042
95.0,80.20833333333334,66.95652173913044,83.4403359608844
109.0,82.72727272727273,70.54263565891473,85.23338231982373
120.0,82.5910931174089,70.34482758620689,85.12947733905544
121.0,82.92682926829268,70.83333333333334,85.37472873480583
95.0,82.6530612244898,70.43478260869566,85.18345578184059
76.0,79.04191616766467,65.34653465346535,82.63834415770454
73.0,76.72955974842768,62.244897959183675,81.08553388431099
89.0,84.26966292134831,72.81553398058253,86.37982343627039
85.0,85.0828729281768,74.03846153846155,86.99228412358914
90.0,83.24324324324324,71.29629629629629,85.6172094068559
89.0,81.31868131868131,68.51851851851852,84.22532847805293
100.0,83.80952380952381,72.1311475409836,86.03163350535844
120.0,86.36363636363636,76.0,87.96404458471497
120.0,84.05797101449275,72.5,86.20605273671593
114.0,87.76371308016878,78.19548872180451,89.06878606085432
90.0,83.5978835978836,71.81818181818181,85.87815093264521
73.0,79.76190476190477,66.33663366336634,83.13439079045305
72.0,76.31578947368422,61.702127659574465,80.81514858975372
88.0,80.41237113402062,67.24137931034483,83.58276398947717
94.0,80.3921568627451,67.21311475409836,83.56663243593847
93.0,83.74384236453201,72.03389830508475,85.98400910343176
106.0,84.95575221238938,73.84615384615385,86.88913123617597
110.0,80.0,66.66666666666666,83.28440965427266
131.0,85.91065292096219,75.30120481927712,87.60964418702561
128.0,84.89208633093526,73.75,86.83304866355029
109.0,80.85106382978722,67.85714285714286,83.88364421066443
86.0,79.18781725888326,65.54621848739495,82.73218944649999
71.0,73.37278106508876,57.943925233644855,78.92706498342656
67.0,72.0,56.25,78.08310223055743
86.0,81.05263157894737,68.14159292035397,84.03486759932149
87.0,83.5820895522388,71.7948717948718,85.86449650591629
110.0,85.46255506607929,74.61538461538461,87.27474436544107
106.0,87.06896551724138,77.09923664122137,88.51966325321179
112.0,83.40080971659918,71.52777777777779,85.7229486616207
120.0,81.56028368794325,68.8622754491018,84.37920108724842
126.0,79.734219269103,66.29834254143645,83.08823951428543
117.0,82.65682656826569,70.44025157232704,85.17318586925717
98.0,80.35714285714286,67.16417910447761,83.53816510229272
89.0,79.6116504854369,66.12903225806451,83.02259494086601
88.0,71.1340206185567,55.2,77.54411958409004
99.0,81.69014084507043,69.04761904761905,84.48487882046149
102.0,84.54545454545455,73.22834645669292,86.58022957481133
114.0,84.64730290456431,73.38129496402878,86.65370216108937
139.0,85.81314878892734,75.15151515151514,87.53480017145804
134.0,85.61643835616438,74.8502994011976,87.38319249694652
144.0,85.80246913580247,75.13513513513513,87.52160158239658
137.0,83.38762214983714,71.50837988826815,85.70323885717755
122.0,81.64794007490637,68.9873417721519,84.44473645820929
108.0,75.91836734693878,61.18421052631579,80.53320304084693
106.0,74.10714285714286,58.86524822695035,79.3747317931909
97.0,74.4186046511628,59.25925925925925,79.57473502726616
96.0,81.13207547169812,68.25396825396825,84.08705599761699
95.0,80.38277511961722,67.2,83.55907530144535
97.0,85.18518518518519,74.19354838709677,87.06482786338306
111.0,83.81742738589212,72.14285714285714,86.03248698381
123.0,81.18081180811808,68.32298136645963,84.11055791448456
149.0,87.61904761904762,77.96610169491525,88.94408046494834
140.0,85.43689320388349,74.57627118644068,87.24317515840299
114.0,83.46456692913385,71.62162162162163,85.76886952860589
104.0,84.44444444444444,73.07692307692307,86.5035181467561
88.0,76.38190954773869,61.78861788617886,80.84740275546469
75.0,72.8395061728395,57.28155339805825,78.59687941866518
82.0,70.0,53.84615384615385,76.87519184725889
82.0,74.07407407407408,58.82352941176471,79.3698619203448
83.0,74.35897435897436,59.183673469387756,79.55193091243441
82.0,72.84768211920529,57.291666666666664,78.6049323138006
79.0,81.04575163398692,68.13186813186813,84.0370000355234
107.0,76.43979057591623,61.86440677966102,80.88729589926108
112.0,78.30188679245283,64.34108527131784,82.12462803681278
106.0,79.43925233644859,65.89147286821705,82.9018163686277
94.0,81.05263157894737,68.14159292035397,84.03486759932149
87.0,76.36363636363637,61.76470588235294,80.84344088242923
60.0,69.29133858267717,53.01204819277109,76.46712678528684
79.0,72.94117647058823,57.407407407407405,78.65780834512127
82.0,76.53061224489795,61.98347107438017,80.94582826987006
91.0,78.97435897435898,65.2542372881356,82.58619966364903
94.0,79.34782608695652,65.76576576576578,82.8449610019576
91.0,83.50515463917526,71.68141592920354,85.80876864930084
121.0,83.19327731092437,71.22302158273382,85.57157229664878
124.0,82.03125,69.5364238410596,84.72227714790692
108.0,77.98165137614679,63.90977443609023,81.90697441933877
89.0,83.7696335078534,72.07207207207207,86.00509544197664
77.0,76.82926829268293,62.37623762376238,81.15020449823004
63.0,72.5925925925926,56.97674418604651,78.45146583491885
80.0,75.42857142857143,60.550458715596335,80.23232375013502
98.0,76.57657657657657,62.04379562043796,80.9699922782871
91.0,79.8076923076923,66.4,83.15807797496657
98.0,81.51658767772511,68.8,84.36107007386704
100.0,83.9622641509434,72.35772357723577,86.1449208458583
127.0,81.92771084337349,69.38775510204081,84.64894405259807
128.0,81.99233716475096,69.48051948051948,84.6933245108763
121.0,79.83539094650206,66.43835616438356,83.17025538006115
98.0,82.75862068965517,70.58823529411765,85.25918192878046
84.0,76.50273224043715,61.94690265486725,80.93054229458328
75.0,73.54838709677419,58.16326530612245,79.04073000137224
87.0,77.15736040609137,62.8099173553719,81.36004849804523
86.0,77.20930232558139,62.878787878787875,81.39048491018825
91.0,81.15942028985508,68.29268292682927,84.10741309161874
100.0,83.17757009345794,71.2,85.56406253119572
124.0,83.72093023255815,72.0,85.9580570424223
130.0,84.09893992932862,72.5609756097561,86.23553904646263
128.0,83.57142857142857,71.77914110429448,85.84362476817233
117.0,78.66108786610879,64.82758620689654,82.36287660650326
95.0,84.42211055276381,73.04347826086956,86.49079606567393
85.0,74.3455497382199,59.166666666666664,79.53443601769617
93.0,67.41573033707866,50.847457627118644,75.3658630621027
95.0,78.53881278538812,64.66165413533834,82.2839115156628
96.0,76.65198237885463,62.142857142857146,81.01852274380175
110.0,80.16877637130801,66.90140845070422,83.4037802422048
114.0,80.65843621399176,67.58620689655173,83.74617665407482
132.0,80.28673835125448,67.06586826347305,83.47800444173971
130.0,84.02777777777779,72.45508982035929,86.1815954545808
133.0,84.09893992932862,72.5609756097561,86.23553904646263
112.0,79.66804979253112,66.20689655172414,83.05452655062246
111.0,78.9237668161435,65.18518518518519,82.54567516726118
102.0,68.93203883495146,52.59259259259259,76.23243041464775
89.0,67.04545454545455,50.427350427350426,75.15581061683183
87.0,78.21782178217822,64.22764227642277,82.06990633293363
89.0,78.67298578199052,64.84375,82.37695854460702
102.0,81.70212765957446,69.06474820143885,84.48944279081527
112.0,83.26530612244898,71.32867132867133,85.62339625466197
130.0,83.51648351648352,71.69811320754717,85.80411233466727
128.0,83.27402135231317,71.34146341463415,85.6237871019514
127.0,82.75862068965517,70.58823529411765,85.24417358440898
127.0,81.45454545454545,68.71165644171779,84.30489341740733
109.0,78.78787878787878,65.0,82.45108315863033
107.0,73.54260089686099,58.156028368794324,79.01912489625886
107.0,71.02803738317756,55.072463768115945,77.47435563655299
90.0,78.84615384615384,65.07936507936508,82.49576510446074
94.0,79.81651376146789,66.41221374045801,83.16218505106711
119.0,82.49027237354085,70.19867549668875,85.05440066026767
127.0,83.21678321678321,71.25748502994011,85.5807971726603
143.0,83.22580645161291,71.27071823204419,85.58340795011804
140.0,84.71337579617835,73.48066298342542,86.69237273624242
142.0,84.61538461538461,73.33333333333333,86.61870886952813
121.0,79.53667953667953,66.02564102564102,82.95989778001042
116.0,77.82426778242679,63.6986301369863,81.79640290268838
123.0,73.10924369747899,57.615894039735096,78.74406073745025
107.0,62.67281105990783,45.63758389261745,72.73796652920966
89.0,80.38277511961722,67.2,83.55907530144535
96.0,80.36529680365297,67.17557251908397,83.5448618065792
105.0,82.6086956521739,70.37037037037037,85.14524988037897
108.0,81.27490039840637,68.45637583892618,84.18125737666642
137.0,82.1917808219178,69.76744186046511,84.83177910507673
139.0,86.48648648648648,76.19047619047619,88.05527645840945
137.0,86.19528619528619,75.7396449704142,87.82886180745774
123.0,82.39999999999999,70.06802721088435,84.9900777517885
107.0,80.7017543859649,67.64705882352942,83.77960320778739
105.0,76.14678899082568,61.48148148148148,80.68883728117552
99.0,70.46632124352331,54.400000000000006,77.143122854634
153.0,44.44444444444444,28.57142857142857,64.146049481245
150.0,27.42857142857143,15.894039735099339,57.6936684471858
141.0,2.04778156996587,1.0344827586206897,50.23123097530819
140.0,0.0,0.0,49.75884885204081
144.0,0.78125,0.39215686274509803,49.94296433072481
140.0,35.738831615120276,21.75732217573222,60.69212370058656
136.0,38.8663967611336,24.120603015075375,61.909687080470974
130.0,36.36363636363637,22.22222222222222,60.96450401812032
123.0,0.0,0.0,49.77877869897959
110.0,0.0,0.0,49.82661033163265
96.0,10.126582278481013,5.333333333333334,52.52514218891192
42.0,77.92207792207793,63.829787234042556,81.8979431124945
68.0,84.89208633093526,73.75,86.85404902528084
90.0,89.36170212765957,80.76923076923077,90.36465211702776
105.0,85.71428571428571,75.0,87.46605024563645
118.0,87.12121212121212,77.18120805369128,88.55664545630171
114.0,88.62745098039215,79.5774647887324,89.75976888838375
107.0,87.13692946058092,77.20588235294117,88.57198513405082
112.0,87.4493927125506,77.6978417266187,88.81796296604962
98.0,82.20338983050848,69.7841726618705,84.85015258625185
73.0,83.23699421965318,71.28712871287128,85.61462455123046
58.0,78.63247863247864,64.7887323943662,82.36943102862135
36.0,74.66666666666667,59.57446808510638,79.7682901165741
13.0,52.17391304347826,35.294117647058826,67.6251307476184
48.0,87.75510204081633,78.18181818181819,89.07894092622715
73.0,85.16129032258064,74.15730337078652,87.05570217431763
94.0,88.55721393034825,79.46428571428571,89.709182807629
114.0,87.15953307392996,77.24137931034483,88.58773184117433
122.0,86.95652173913044,76.92307692307693,88.42557873643058
128.0,84.80565371024736,73.61963190184049,86.76686405704139
119.0,87.55020080321285,77.85714285714286,88.89761291298232
122.0,88.9763779527559,80.1418439716312,90.04295722141875
113.0,86.41975308641975,76.08695652173914,88.01052505442273
82.0,78.72340425531915,64.91228070175438,82.4162217847521
58.0,78.87323943661971,65.11627906976744,82.52821136249744
39.0,80.45977011494253,67.3076923076923,83.63689395903553
20.0,33.057851239669425,19.801980198019802,59.820242032975926
50.0,83.92857142857143,72.3076923076923,86.13589247433929
79.0,88.75739644970415,79.7872340425532,89.87465532390529
102.0,88.49557522123894,79.36507936507937,89.65657914256045
117.0,85.92592592592592,75.32467532467533,87.62438320768324
125.0,85.3146853146853,74.39024390243902,87.15316726228357
129.0,84.93150684931507,73.80952380952381,86.86080761722094
125.0,84.4621513944223,73.10344827586206,86.5127786615979
126.0,86.99186991869918,76.97841726618705,88.4572527322367
115.0,84.7457627118644,73.52941176470588,86.72876051930479
90.0,82.90155440414507,70.79646017699115,85.3652933270775
64.0,82.89473684210526,70.78651685393258,85.36731705446815
41.0,68.96551724137932,52.63157894736842,76.27988712806429
24.0,40.35087719298245,25.274725274725274,62.56957008258027
65.0,87.14285714285714,77.21518987341773,88.58963624170737
102.0,88.58447488584474,79.50819672131148,89.7291377983442
120.0,85.18518518518519,74.19354838709677,87.05682293408493
122.0,85.1985559566787,74.21383647798741,87.06596574388803
122.0,87.08487084870849,77.12418300653596,88.52713205622655
126.0,82.94573643410853,70.86092715231787,85.38652421248081
108.0,88.67924528301887,79.66101694915254,89.80654777013156
112.0,83.01886792452831,70.96774193548387,85.44793421642424
85.0,80.43478260869566,67.27272727272727,83.60043692685105
79.0,76.57142857142857,62.03703703703704,80.97760770409397
51.0,76.33587786259542,61.72839506172839,80.83327545449664
39.0,69.72477064220183,53.52112676056338,76.72765420959279
53.0,27.77777777777778,16.129032258064516,57.986766482892826
83.0,88.88888888888889,80.0,89.98103792415169
110.0,85.9504132231405,75.36231884057972,87.64720830988884
131.0,85.39325842696628,74.50980392156863,87.21595026089219
132.0,85.81818181818181,75.15923566878982,87.54066302197731
130.0,85.51236749116607,74.69135802469135,87.3047240627902
132.0,85.28301886792453,74.3421052631579,87.13210170974047
124.0,80.54298642533936,67.42424242424242,83.66919590216054
108.0,82.0754716981132,69.6,84.76206751981472
82.0,79.09604519774011,65.42056074766354,82.67335864789077
73.0,73.25581395348837,57.798165137614674,78.85318629438754
52.0,70.27027027027027,54.166666666666664,77.0394421833852
41.0,59.854014598540154,42.70833333333333,71.29931476679631
32.0,17.72151898734177,9.722222222222223,54.7963300710266
93.0,88.0,78.57142857142857,89.26175645150249
119.0,85.71428571428571,75.0,87.46304803755119
130.0,81.203007518797,68.35443037974683,84.12728309751903
138.0,82.87671232876713,70.76023391812866,85.33017189863081
130.0,84.02777777777779,72.45508982035929,86.1815954545808
125.0,86.5079365079365,76.22377622377621,88.0779336109194
121.0,81.81818181818183,69.23076923076923,84.5754532972518
105.0,76.55502392344498,62.01550387596899,80.95884583769704
85.0,76.66666666666667,62.16216216216216,81.03917076914861
75.0,75.86206896551724,61.111111111111114,80.51364775272178
44.0,60.273972602739725,43.13725490196079,71.51078016780797
46.0,59.210526315789465,42.05607476635514,70.9661993986969
21.0,30.0,17.647058823529413,58.76771249126394
103.0,82.40343347639485,70.07299270072993,84.99556184557264
125.0,83.57142857142857,71.77914110429448,85.84362476817233
125.0,77.15355805243446,62.80487804878049,81.3415279545522
124.0,80.0,66.66666666666666,83.27640392579868
134.0,86.12099644128114,75.625,87.77354285286185
124.0,85.82995951417004,75.177304964539,87.55370141376541
116.0,82.45614035087719,70.1492537313433,85.0346923582638
93.0,77.15736040609137,62.8099173553719,81.36004849804523
83.0,76.34408602150538,61.73913043478261,80.82565742375793
67.0,71.00591715976331,55.04587155963303,77.47404919668936
39.0,53.79310344827586,36.79245283018868,68.32940949345961
44.0,53.333333333333336,36.36363636363637,68.13296279376682
16.0,19.718309859154928,10.9375,55.411942011002814
113.0,83.53413654618474,71.72413793103448,85.82112792062189
125.0,82.35294117647058,70.0,84.94905807379587
117.0,72.93233082706767,57.396449704142015,78.62633843261375
123.0,79.3103448275862,65.71428571428571,82.79721596794766
133.0,84.58781362007169,73.29192546583852,86.6030125551255
128.0,83.40080971659918,71.52777777777779,85.7229486616207
111.0,79.82062780269058,66.4179104477612,83.16403338787525
89.0,74.07407407407408,58.82352941176471,79.36286836612265
78.0,73.62637362637363,58.26086956521739,79.0825391949897
67.0,68.6046511627907,52.21238938053098,76.05232075527337
37.0,47.2972972972973,30.973451327433626,65.4089450051739
42.0,50.526315789473685,33.80281690140845,66.85455089766546
14.0,14.925373134328357,8.064516129032258,53.97545234009365
53.0,81.73913043478261,69.11764705882352,84.53787756998707
72.0,86.41975308641975,76.08695652173914,88.02152480220194
91.0,89.55223880597015,81.08108108108108,90.51957659852081
111.0,84.94208494208493,73.8255033557047,86.87380308998833
116.0,84.55882352941177,73.24840764331209,86.58225499921942
110.0,82.57575757575758,70.3225806451613,85.11535188009358
112.0,84.67741935483872,73.42657342657343,86.67534059677216
114.0,87.4493927125506,77.6978417266187,88.81796296604962
107.0,85.59322033898306,74.81481481481481,87.373458331022
74.0,78.68852459016394,64.86486486486487,82.39351338405307
60.0,74.50980392156863,59.375,79.64859259961293
38.0,70.32967032967034,54.23728813559322,77.09172160449094
45.0,65.67164179104478,48.888888888888886,74.398565564687
50.0,82.05128205128204,69.56521739130434,84.761662318378
76.0,87.8048780487805,78.26086956521739,89.1104762962603
98.0,88.15165876777252,78.8135593220339,89.38182109224111
115.0,86.25954198473282,75.83892617449665,87.88350839016665
123.0,83.33333333333334,71.42857142857143,85.66633941414187
126.0,84.80565371024736,73.61963190184049,86.76686405704139
118.0,85.9504132231405,75.36231884057972,87.64720830988884
121.0,89.95983935742971,81.75182481751825,90.85094436785148
115.0,87.13692946058092,77.20588235294117,88.57198513405082
92.0,81.4070351758794,68.64406779661016,84.28510406498839
62.0,77.70700636942675,63.541666666666664,81.73591364860819
39.0,58.91472868217055,41.75824175824176,70.82626675649931
56.0,74.32432432432432,59.13978494623656,79.53198421111234
56.0,86.61417322834646,76.38888888888889,88.177485485126
82.0,87.5,77.77777777777779,88.86693236281053
105.0,87.55364806866953,77.86259541984732,88.90234056649592
119.0,85.29411764705883,74.35897435897436,87.13953512195623
123.0,82.06896551724138,69.5906432748538,84.74338084992465
131.0,86.41114982578398,76.07361963190185,87.99785033381234
124.0,88.6178861788618,79.56204379562044,89.7530593676007
123.0,86.88524590163934,76.81159420289855,88.37384183881696
115.0,85.47008547008546,74.6268656716418,87.27948443738651
92.0,82.05128205128204,69.56521739130434,84.74767576687543
80.0,76.57142857142857,62.03703703703704,80.97760770409397
45.0,60.431654676258994,43.29896907216495,71.59463154210633
57.0,73.97260273972603,58.69565217391305,79.3099185812704
74.0,82.5,70.2127659574468,85.0784444435009
102.0,87.85046728971963,78.33333333333333,89.14070923685156
120.0,89.13857677902621,80.4054054054054,90.17373572505723
126.0,85.2233676975945,74.25149700598801,87.08279317653353
132.0,83.89261744966443,72.25433526011561,86.07921654016948
138.0,88.19444444444444,78.88198757763976,89.40702707619825
115.0,91.13924050632912,83.72093023255815,91.83949363749022
116.0,86.08695652173914,75.57251908396947,87.75430874621023
100.0,81.73076923076923,69.10569105691057,84.51491456281275
87.0,79.16666666666666,65.51724137931035,82.71870052997453
80.0,77.01149425287356,62.616822429906534,81.26849822527078
64.0,68.02721088435374,51.546391752577314,75.72631401857011
63.0,71.52317880794702,55.670103092783506,77.79215621101008
82.0,84.26966292134831,72.81553398058253,86.37982343627039
108.0,88.31168831168831,79.06976744186046,89.50792362187683
132.0,90.71428571428571,83.00653594771242,91.47729342891027
140.0,84.4155844155844,73.03370786516854,86.46889805199442
135.0,84.7457627118644,73.52941176470588,86.71975173558265
133.0,84.44444444444444,73.07692307692307,86.49651355396232
121.0,88.60759493670885,79.54545454545455,89.74576555836167
117.0,83.84279475982532,72.18045112781954,86.05328466934108
95.0,81.37254901960785,68.59504132231406,84.25959120993629
85.0,77.89473684210526,63.793103448275865,81.85463722970657
58.0,75.49668874172185,60.63829787234043,80.28223678708504
49.0,73.2824427480916,57.831325301204814,78.8807520218121
54.0,61.111111111111114,44.0,71.95811977743654
96.0,85.85365853658537,75.21367521367522,87.57788855716502
118.0,86.89138576779027,76.82119205298014,88.37563797615047
132.0,86.10169491525423,75.59523809523809,87.75665918828119
144.0,83.54430379746836,71.73913043478261,85.81761093715791
136.0,85.13513513513513,74.11764705882354,87.01486748545572
128.0,86.25954198473282,75.83892617449665,87.88350839016665
121.0,85.34482758620689,74.43609022556392,87.18409739227154
107.0,84.16289592760181,72.65625,86.29318300371384
91.0,80.82901554404145,67.82608695652173,83.87611585639971
82.0,79.14438502673798,65.48672566371681,82.70444222988644
71.0,74.39024390243902,59.22330097087378,79.56974686376674
66.0,76.25,61.61616161616161,80.77016800752209
40.0,55.172413793103445,38.095238095238095,69.00873724828901
104.0,85.96491228070175,75.38461538461539,87.6603575345538
124.0,85.01742160278745,73.93939393939394,86.92674335959587
128.0,83.38983050847457,71.51162790697676,85.70686583849027
141.0,82.95819935691318,70.87912087912088,85.38661021277363
135.0,87.07482993197279,77.10843373493977,88.51625331248268
132.0,87.54716981132076,77.85234899328859,88.89321404918124
118.0,86.4406779661017,76.11940298507463,88.0277487825481
106.0,81.27853881278538,68.46153846153847,84.18984044685325
90.0,77.15736040609137,62.8099173553719,81.36004849804523
77.0,73.224043715847,57.758620689655174,78.83041693246653
63.0,69.1358024691358,52.83018867924528,76.36521405231218
52.0,65.78947368421053,49.01960784313725,74.4579346321779
23.0,60.60606060606061,43.47826086956522,71.71321130247541
111.0,84.0,72.41379310344827,86.1669532711825
128.0,83.22147651006712,71.26436781609196,85.58223585402216
141.0,81.9047619047619,69.35483870967742,84.62047288452081
136.0,82.78145695364239,70.62146892655367,85.25878744923116
132.0,89.04593639575971,80.2547770700637,90.09641950406282
136.0,84.98168498168498,73.88535031847134,86.90172430026644
115.0,82.84518828451883,70.71428571428572,85.31620590005677
102.0,82.0754716981132,69.6,84.76206751981472
87.0,78.53403141361257,64.65517241379311,82.28666885993741
75.0,73.79679144385027,58.47457627118644,79.18839277167201
58.0,65.88235294117646,49.122807017543856,74.50354237549179
48.0,62.59541984732825,45.55555555555556,72.72890972152965
21.0,55.73770491803278,38.63636363636363,69.29126740601251
135.0,61.27946127946128,44.1747572815534,71.97257380899073
137.0,73.50993377483444,58.1151832460733,78.97769548801217
148.0,81.52866242038218,68.81720430107528,84.3506577771361
149.0,81.9484240687679,69.41747572815534,84.64577941665297
149.0,85.88235294117646,75.25773195876289,87.58089476211181
146.0,78.00586510263929,63.942307692307686,81.8962182907315
138.0,78.80794701986756,65.02732240437157,82.4497340791061
130.0,84.44444444444444,73.07692307692307,86.49651355396232
115.0,68.85245901639344,52.5,76.15513470871362
103.0,64.66666666666666,47.783251231527096,73.78579283156259
84.0,59.77859778597786,42.63157894736842,71.20699618094042
72.0,60.98654708520179,43.87096774193549,71.84867138593542
64.0,70.85714285714285,54.86725663716814,77.38274433406876
43.0,81.81818181818183,69.23076923076923,84.59942929029486
52.0,84.40366972477065,73.01587301587301,86.49098059331453
65.0,83.11688311688312,71.11111111111111,85.52961366538953
95.0,89.23076923076924,80.55555555555556,90.25681509135961
110.0,90.5829596412556,82.78688524590164,91.37247407577159
113.0,89.65517241379311,81.25,90.60103451030517
115.0,90.98360655737704,83.45864661654136,91.70735187113894
110.0,86.63967611336032,76.42857142857142,88.18133119152711
109.0,86.30705394190872,75.91240875912408,87.92325183123164
99.0,86.1244019138756,75.63025210084034,87.78617584477388
68.0,87.32394366197182,77.5,88.73204094664166
42.0,62.5,45.45454545454545,72.67940293311284
41.0,77.41935483870968,63.1578947368421,81.55800600424075
55.0,84.7457627118644,73.52941176470588,86.74675112833307
66.0,90.14084507042254,82.05128205128204,91.01167231555164
96.0,91.0891089108911,83.63636363636363,91.80021200746383
114.0,89.45147679324894,80.91603053435115,90.43305021824408
125.0,88.9795918367347,80.14705882352942,90.04656554334838
119.0,88.8,79.85611510791367,89.90009390669826
115.0,88.53754940711462,79.43262411347519,89.68734912928473
112.0,84.42622950819673,73.04964539007092,86.48687809415276
99.0,85.42713567839196,74.56140350877193,87.25175443850087
63.0,89.39393939393939,80.82191780821918,90.39699158763015
34.0,65.26315789473685,48.4375,74.18584542327251
43.0,80.8080808080808,67.79661016949152,83.87935662455747
54.0,85.47008547008546,74.6268656716418,87.29647556813546
66.0,90.14084507042254,82.05128205128204,91.01167231555164
97.0,88.66995073891626,79.64601769911505,89.80004834163115
111.0,86.66666666666667,76.47058823529412,88.20334013138726
122.0,89.06882591093117,80.2919708029197,90.11902099447707
120.0,87.64940239043824,78.01418439716312,88.97613306463836
117.0,87.5,77.77777777777779,88.85692979652711
121.0,85.0574712643678,74.0,86.96105063417558
104.0,81.41592920353983,68.65671641791045,84.28642865061325
67.0,84.76821192052981,73.5632183908046,86.75866060025544
39.0,60.19417475728155,43.05555555555556,71.48689633396484
45.0,76.36363636363637,61.76470588235294,80.85642243493321
57.0,86.1788617886179,75.71428571428571,87.84018457451812
65.0,83.33333333333334,71.42857142857143,85.69034126540711
100.0,86.82926829268293,76.72413793103449,88.33511586391403
112.0,87.13692946058092,77.20588235294117,88.57198513405082
121.0,88.6178861788618,79.56204379562044,89.7530593676007
121.0,86.71875,76.55172413793103,88.24190621158013
116.0,83.3976833976834,71.52317880794702,85.71864780454872
118.0,80.6083650190114,67.51592356687898,83.70703308361924
109.0,80.54298642533936,67.42424242424242,83.66919590216054
72.0,79.72027972027972,66.27906976744185,83.11060373984336
41.0,56.56565656565656,39.436619718309856,69.67543676351802
49.0,76.66666666666667,62.16216216216216,81.05315369229193
58.0,80.59701492537313,67.5,83.72406328558317
66.0,79.16666666666666,65.51724137931035,82.72869192012665
103.0,85.43689320388349,74.57627118644068,87.25818830045561
116.0,87.4493927125506,77.6978417266187,88.81796296604962
121.0,88.8,79.85611510791367,89.90009390669826
119.0,86.61417322834646,76.38888888888889,88.16048926528094
118.0,82.17054263565892,69.73684210526315,84.82248536259762
123.0,79.84790874524715,66.45569620253164,83.17492325454816
112.0,76.72413793103449,62.23776223776224,81.0649749156747
78.0,72.72727272727273,57.14285714285714,78.52653272978118
44.0,56.56565656565656,39.436619718309856,69.67543676351802
57.0,82.17054263565892,69.73684210526315,84.84547749378633
61.0,88.23529411764706,78.94736842105263,89.45772124460724
65.0,90.64748201438849,82.89473684210526,91.43439773480355
101.0,87.25490196078431,77.39130434782608,88.66969733533216
120.0,89.49416342412452,80.98591549295774,90.46599064634104
112.0,85.82375478927203,75.16778523489933,87.54693991690637
106.0,80.45977011494253,67.3076923076923,83.60291847115558
119.0,85.17110266159695,74.17218543046357,87.04714257141588
129.0,82.43243243243244,70.11494252873564,85.00552736378046
120.0,84.75836431226766,73.54838709677419,86.73324432542357
100.0,72.35772357723577,56.68789808917197,78.27606715906678
71.0,57.48502994011976,40.33613445378151,70.0972485227733
45.0,72.54901960784314,56.92307692307692,78.43361608574317
55.0,83.1858407079646,71.21212121212122,85.58710949991446
58.0,83.33333333333334,71.42857142857143,85.69233882575595
79.0,83.13253012048193,71.1340206185567,85.53907010132338
100.0,92.46231155778895,85.98130841121495,92.97567936334248
100.0,88.49557522123894,79.36507936507937,89.65657914256045
83.0,76.27906976744187,61.65413533834586,80.77616336925676
102.0,80.0,66.66666666666666,83.28541001064961
106.0,78.04878048780488,64.0,81.94608626198084
100.0,77.36625514403292,63.08724832214765,81.48871421338804
93.0,71.1864406779661,55.26315789473685,77.56370383757046
58.0,63.23529411764706,46.236559139784944,73.06841221705102
48.0,78.89908256880734,65.15151515151516,82.55281859345051
54.0,80.67226890756302,67.6056338028169,83.77987563106053
62.0,84.84848484848484,73.68421052631578,86.82215314823371
84.0,82.55813953488372,70.29702970297029,85.1185777194624
96.0,87.25490196078431,77.39130434782608,88.66969733533216
101.0,86.34361233480176,75.96899224806202,87.9535444087069
84.0,75.92592592592592,61.19402985074627,80.54511250192921
110.0,85.23206751054853,74.26470588235294,87.09740536254442
115.0,85.71428571428571,75.0,87.46304803755119
111.0,86.99186991869918,76.97841726618705,88.4572527322367
86.0,73.12775330396477,57.638888888888886,78.75855769380064
61.0,55.223880597014926,38.144329896907216,69.01233128603512
44.0,82.22222222222221,69.81132075471697,84.88970473404689
53.0,83.33333333333334,71.42857142857143,85.6963327510494
63.0,89.36170212765957,80.76923076923077,90.36964920817414
93.0,88.44221105527639,79.27927927927928,89.61668004852001
107.0,88.39285714285714,79.2,89.5740399784332
111.0,88.33333333333333,79.1044776119403,89.52427795116687
113.0,86.5079365079365,76.22377622377621,88.0779336109194
109.0,84.89795918367346,73.75886524822694,86.8424858275006
112.0,86.80851063829788,76.69172932330827,88.31491047385208
97.0,82.0,69.49152542372882,84.70983026486476
69.0,78.70967741935485,64.8936170212766,82.41388423646889
40.0,47.20496894409938,30.89430894308943,65.36238842583089
42.0,78.78787878787878,65.0,82.47905738277122
53.0,81.35593220338984,68.57142857142857,84.26377046190325
67.0,90.78014184397163,83.11688311688312,91.54547061335855
96.0,90.38461538461539,82.45614035087719,91.20810292173466
110.0,88.03418803418803,78.62595419847328,89.28501791963885
121.0,88.16326530612245,78.83211678832117,89.38709778059504
118.0,87.5,77.77777777777779,88.85692979652711
117.0,87.84313725490196,78.32167832167832,89.1298787901137
112.0,85.0,73.91304347826086,86.92057494039256
101.0,84.84848484848484,73.68421052631578,86.81216036177644
69.0,87.67123287671232,78.04878048780488,89.00643047378749
37.0,58.252427184466015,41.0958904109589,70.5050703999117
45.0,80.0,66.66666666666666,83.31238946290608
56.0,83.87096774193549,72.22222222222221,86.09116058840742
66.0,90.51094890510949,82.66666666666667,91.32036290590786
96.0,87.68472906403942,78.0701754385965,89.01013114373973
111.0,88.98305084745762,80.1526717557252,90.05037274551053
120.0,88.42975206611571,79.25925925925927,89.60166821637992
118.0,87.8048780487805,78.26086956521739,89.10047552719607
116.0,87.59689922480621,77.93103448275862,88.93355751064004
116.0,85.6,74.82517482517483,87.3766370241235
100.0,84.46601941747572,73.10924369747899,86.52267870753084
69.0,86.48648648648648,76.19047619047619,88.07528279511038
42.0,60.550458715596335,43.42105263157895,71.66764894506974
45.0,78.84615384615384,65.07936507936508,82.5177417797344
58.0,88.18897637795276,78.87323943661971,89.42165563211672
68.0,86.89655172413792,76.82926829268293,88.39567698951589
99.0,87.8048780487805,78.26086956521739,89.10547770877568
110.0,89.83050847457628,81.53846153846153,90.74526432225653
120.0,87.70491803278688,78.1021897810219,89.02113623345768
120.0,87.8048780487805,78.26086956521739,89.10047552719607
114.0,86.15384615384616,75.67567567567568,87.80188385893084
118.0,84.04669260700389,72.48322147651007,86.20066642252442
105.0,88.15165876777252,78.8135593220339,89.38182109224111
74.0,86.66666666666667,76.47058823529412,88.21533841929738
39.0,63.46153846153846,46.478873239436616,73.20154498977993
45.0,80.0,66.66666666666666,83.31139126040586
59.0,89.0625,80.28169014084507,90.12687831130923
67.0,85.13513513513513,74.11764705882354,87.03687313729795
101.0,87.37864077669903,77.58620689655173,88.76714809148953
110.0,89.27038626609442,80.62015503875969,90.28511346761438
121.0,87.2,77.30496453900709,88.62052509212124
123.0,88.53754940711462,79.43262411347519,89.68734912928473
114.0,85.9375,75.34246575342466,87.63528033406863
119.0,84.61538461538461,73.33333333333333,86.62671939706254
107.0,85.06787330316742,74.01574803149606,86.97492804713656
77.0,87.58169934640523,77.90697674418605,88.93452970199385
41.0,60.952380952380956,43.83561643835616,71.87692596008426
56.0,80.62015503875969,67.53246753246754,83.74129561285415
58.0,85.07462686567165,74.02597402597402,86.993034499968
63.0,88.57142857142857,79.48717948717949,89.72762614060454
97.0,87.0,76.99115044247787,88.46962141900691
116.0,87.2,77.30496453900709,88.62052509212124
116.0,88.12260536398468,78.76712328767124,89.35259941775145
115.0,85.50185873605948,74.67532467532467,87.29870985968546
122.0,85.30465949820788,74.375,87.14654668677709
129.0,86.48648648648648,76.19047619047619,88.05527645840945
108.0,82.94573643410853,70.86092715231787,85.38652421248081
90.0,80.97560975609757,68.0327868852459,83.97746584794905
58.0,69.11764705882352,52.80898876404494,76.3626024631731
50.0,77.47747747747748,63.23529411764706,81.59271338240282
53.0,80.32786885245902,67.12328767123287,83.53770464117034
60.0,80.85106382978722,67.85714285714286,83.90163553599577
73.0,81.70731707317073,69.0721649484536,84.50614773196494
100.0,89.32038834951457,80.7017543859649,90.32891409099379
106.0,90.51724137931035,82.67716535433071,91.31661387286746
104.0,85.12396694214877,74.10071942446042,87.01441219560448
106.0,81.6,68.91891891891892,84.41352743884995
113.0,83.07692307692308,71.05263157894737,85.48237554820182
106.0,83.9506172839506,72.3404255319149,86.13127040065808
88.0,83.0,70.94017094017094,85.43614859267745
65.0,82.44274809160305,70.12987012987013,85.04199104833556
49.0,78.50467289719626,64.61538461538461,82.28475378293865
53.0,78.33333333333333,64.38356164383562,82.16584772929677
59.0,83.96946564885496,72.36842105263158,86.1632612236283
84.0,82.84023668639054,70.70707070707071,85.32459670347347
99.0,86.95652173913044,76.92307692307693,88.43458482179882
111.0,85.24590163934425,74.28571428571429,87.10690890831488
107.0,86.91983122362869,76.86567164179104,88.40188101491226
113.0,84.49612403100775,73.15436241610739,86.53723473632581
119.0,86.76470588235294,76.62337662337663,88.27573002330284
113.0,86.16600790513834,75.69444444444444,87.81226905946032
84.0,83.24324324324324,71.29629629629629,85.6172094068559
59.0,71.7948717948718,56.00000000000001,77.96708820361431
46.0,71.60493827160494,55.769230769230774,77.86168280639536
53.0,70.0,53.84615384615385,76.89316128517581
63.0,71.9298245614035,56.16438356164384,78.05027794817008
88.0,82.63473053892216,70.40816326530613,85.17514356012826
99.0,76.52173913043478,61.97183098591549,80.93201036598123
108.0,81.57894736842105,68.88888888888889,84.40251404890104
107.0,86.60714285714286,76.37795275590551,88.15902370317889
113.0,82.1256038647343,69.67213114754098,84.79913279143435
112.0,71.42857142857143,55.55555555555556,77.70590140513872
100.0,70.69767441860465,54.67625899280576,77.27525524490588
67.0,58.10055865921788,40.94488188976378,70.39762648474304
44.0,8.391608391608392,4.37956204379562,51.92863757241213
67.0,68.35443037974683,51.92307692307693,75.91166016458304
86.0,79.54545454545455,66.0377358490566,82.98294408307218
84.0,76.04166666666666,61.34453781512605,80.62636347275873
54.0,48.4304932735426,31.952662721893493,65.86161127794927
30.0,27.27272727272727,15.789473684210526,57.7511646871271
79.0,69.23076923076923,52.94117647058824,76.41471450991348
95.0,78.3068783068783,64.34782608695652,82.13299651320003
93.0,77.35849056603774,63.07692307692307,81.49055160912869
94.0,67.3992673992674,50.82872928176796,75.32551391011168
39.0,32.863849765258216,19.662921348314608,59.68886280016197
87.0,72.36180904522614,56.69291338582677,78.2915708554553
97.0,82.58706467661692,70.33898305084746,85.13455650456252
89.0,78.18181818181819,64.17910447761194,82.04163848356541
102.0,68.27586206896552,51.832460732984295,75.82437182864044
108.0,69.23076923076923,52.94117647058824,76.38272354691422
92.0,75.47169811320755,60.60606060606061,80.25112995170485
98.0,80.59701492537313,67.5,83.71107395947699
94.0,79.65367965367966,66.18705035971223,83.0466040074258
101.0,65.77181208053692,49.0,74.39815887215944
105.0,69.28571428571428,53.00546448087432,76.41686790608544
96.0,76.49769585253456,61.940298507462686,80.91924393761931
105.0,78.50467289719626,64.61538461538461,82.26177679224074
114.0,83.66533864541833,71.91780821917808,85.91796224703387
103.0,65.14657980456026,48.309178743961354,74.04775176514306
113.0,70.38327526132404,54.3010752688172,77.06566494344504
98.0,78.22222222222223,64.23357664233576,82.06787440965215
106.0,82.88288288288288,70.76923076923077,85.34667911754407
113.0,83.92156862745098,72.2972972972973,86.10770515067586
102.0,64.93506493506493,48.07692307692308,73.93062544931703
109.0,70.17543859649122,54.054054054054056,76.94215603094108
103.0,79.11111111111111,65.44117647058823,82.6736698732441
109.0,84.21052631578947,72.72727272727273,86.32769387162358
111.0,83.66533864541833,71.91780821917808,85.91796224703387
107.0,66.24605678233438,49.528301886792455,74.65730266794736
114.0,72.24080267558529,56.54450261780105,78.18936403559222
102.0,79.66101694915254,66.19718309859155,83.05067014040634
111.0,84.34782608695653,72.93233082706767,86.4302222038052
117.0,85.93155893536122,75.33333333333333,87.62971322799939
104.0,64.3312101910828,47.417840375586856,73.59708793617085
124.0,74.21383647798741,59.0,79.41809500978864
171.0,87.86127167630057,78.35051546391753,89.13327788228659
106.0,78.2258064516129,64.23841059602648,82.06529048342031
134.0,82.78145695364239,70.62146892655367,85.25878744923116
147.0,73.54497354497354,58.15899581589959,78.97957185323028
183.0,70.56367432150313,54.516129032258064,77.11708425336582
155.0,86.34920634920636,75.97765363128491,87.94586118814445
100.0,79.32489451476793,65.73426573426573,82.81821309555825
132.0,82.39202657807309,70.05649717514125,84.97530365030538
106.0,63.095238095238095,46.08695652173913,72.91965161816934
164.0,71.10091743119266,55.16014234875445,77.45412407216016
151.0,84.21052631578947,72.72727272727273,86.31568239944198
99.0,76.98744769874477,62.585034013605444,81.23760925183107
129.0,80.79470198675497,67.77777777777779,83.83095146131068
104.0,61.53846153846154,44.44444444444444,72.09240915304184
168.0,69.48775055679288,53.242320819112635,76.48421518764508
158.0,81.69934640522875,69.06077348066299,84.47444380212845
101.0,78.18930041152264,64.1891891891892,82.04168031572637
124.0,79.72972972972973,66.29213483146067,83.08613693508788
107.0,62.75659824046921,45.72649572649573,72.73642288172236
164.0,71.23287671232876,55.319148936170215,77.53362484793317
135.0,77.50865051903114,63.2768361581921,81.57350117273619
104.0,79.35222672064778,65.77181208053692,82.83498547634818
128.0,78.82736156351791,65.05376344086021,82.46195314186653
137.0,72.14854111405835,56.43153526970954,78.1108515677085
173.0,72.56235827664399,56.93950177935944,78.34878959729328
152.0,83.22580645161291,71.27071823204419,85.58340795011804
108.0,79.84189723320159,66.44736842105263,83.17276059594818
135.0,81.55339805825243,68.85245901639344,84.36928645125366
110.0,62.67806267806267,45.643153526970956,72.69074945553197
167.0,70.22222222222221,54.109589041095894,76.9208427431878
149.0,85.07936507936508,74.03314917127072,86.96961403249999
106.0,77.86259541984732,63.74999999999999,81.81708571314455
130.0,80.65573770491802,67.58241758241759,83.7322712649866
139.0,72.0626631853786,56.326530612244895,78.05634656436618
171.0,71.49122807017544,55.631399317406135,77.68573344991736
158.0,83.2807570977918,71.35135135135135,85.62272227466856
113.0,80.0,66.66666666666666,83.27940667359059
133.0,80.76923076923077,67.74193548387096,83.81102768199543
143.0,73.00771208226222,57.48987854251012,78.64001062273604
177.0,72.52747252747253,56.896551724137936,78.32330335602029
207.0,0.0,0.0,49.703045280612244
198.0,0.0,0.0,49.64325573979592
222.0,49.050632911392405,32.494758909853246,65.92551463814968
203.0,54.54545454545454,37.5,68.50012993243513
178.0,53.55450236966824,36.56957928802589,68.08903629323493
94.0,75.86206896551724,61.111111111111114,80.49965394239472
94.0,84.8780487804878,73.72881355932203,86.83346186161513
91.0,83.16831683168317,71.1864406779661,85.55928278408406
126.0,80.72727272727272,67.6829268292683,83.78853222518043
120.0,79.71014492753623,66.26506024096386,83.07660394303615
151.0,81.59509202453987,68.9119170984456,84.39601010488494
145.0,84.40366972477065,73.01587301587301,86.45697523850127
139.0,81.98757763975155,69.47368421052632,84.67889310038746
142.0,82.03592814371258,69.54314720812182,84.71162036758535
130.0,79.87421383647799,66.49214659685863,83.18213595702389
113.0,82.70676691729322,70.51282051282051,85.21047089636552
89.0,80.0,66.66666666666666,83.2914104713993
38.0,60.71428571428571,43.58974358974359,71.75099640099042
93.0,78.64077669902912,64.8,82.35608344146122
94.0,78.13953488372093,64.12213740458014,82.01415502345913
98.0,72.37354085603113,56.70731707317073,78.28277620126201
127.0,75.2411575562701,60.30927835051546,80.07772992816929
147.0,79.17888563049853,65.53398058252428,82.69604846356084
162.0,77.91563275434244,63.82113821138211,81.82160291284434
161.0,76.55502392344498,62.01550387596899,80.90978328795251
149.0,78.01047120418848,63.94849785407726,81.89029426255745
154.0,79.04509283819628,65.35087719298247,82.59648123346726
138.0,79.41176470588235,65.85365853658537,82.85688662126324
120.0,81.94444444444444,69.41176470588235,84.65394260305105
91.0,78.67298578199052,64.84375,82.37695854460702
67.0,68.42105263157895,52.0,75.95211874551113
98.0,81.51658767772511,68.8,84.36107007386704
102.0,78.68852459016394,64.86486486486487,82.38051549952509
99.0,68.55123674911661,52.1505376344086,75.98640921537519
141.0,77.55102040816327,63.33333333333333,81.5897328297664
152.0,79.21348314606742,65.58139534883722,82.71674943818397
170.0,77.28337236533957,62.97709923664122,81.39157095362684
173.0,76.44444444444444,61.87050359712231,80.82926027788281
154.0,74.21686746987952,59.00383141762452,79.39496276810617
160.0,75.91240875912408,61.1764705882353,80.489274878284
149.0,79.22437673130193,65.59633027522935,82.72321460496622
129.0,81.67202572347267,69.02173913043478,84.45392537052818
98.0,80.88888888888889,67.91044776119402,83.91229685653792
72.0,68.71165644171779,52.336448598130836,76.11734640600875
99.0,82.56880733944955,70.3125,85.11831524777382
113.0,78.51851851851852,64.63414634146342,82.25915425721064
96.0,63.44827586206897,46.464646464646464,73.1265010136506
144.0,78.28571428571428,64.31924882629107,82.08368364694317
158.0,79.8941798941799,66.51982378854625,83.18394987528262
174.0,76.10619469026548,61.42857142857143,80.60629435359456
183.0,76.79324894514767,62.328767123287676,81.05437036005965
163.0,72.03579418344519,56.29370629370629,78.02189063560651
162.0,71.94570135746606,56.18374558303887,77.9679149371899
165.0,81.02564102564102,68.10344827586206,83.97775076834408
138.0,81.32530120481928,68.52791878172589,84.2020101892083
108.0,85.23206751054853,74.26470588235294,87.09740536254442
76.0,70.11494252873564,53.98230088495575,76.9392697680291
99.0,82.7906976744186,70.63492063492063,85.2805245856337
114.0,79.38931297709924,65.82278481012658,82.8574700532499
102.0,66.66666666666666,50.0,74.90415335463258
149.0,77.50677506775068,63.27433628318584,81.55422288546197
160.0,78.1491002570694,64.13502109704642,81.9825513289486
174.0,76.51006711409396,61.95652173913043,80.87327136851532
187.0,77.59336099585063,63.389830508474574,81.58689148900893
169.0,72.13822894168467,56.41891891891891,78.0804826752806
166.0,72.12389380530973,56.40138408304498,78.0747247930071
170.0,79.50617283950618,65.98360655737704,82.90882817122076
146.0,81.01983002832861,68.0952380952381,83.9806632384531
118.0,84.4621513944223,73.10344827586206,86.5127786615979
78.0,71.91011235955057,56.14035087719298,78.02028718827721
102.0,83.40807174887892,71.53846153846153,85.73229208744254
116.0,80.59701492537313,67.5,83.69807062395142
73.0,47.686832740213525,31.308411214953267,65.50752537039348
119.0,66.1064425770308,49.37238493723849,74.5653326659903
162.0,77.22772277227723,62.903225806451616,81.3596496885117
182.0,76.55913978494624,62.02090592334495,80.90144860149806
190.0,77.14285714285715,62.7906976744186,81.28331970963613
177.0,72.65135699373695,57.049180327868854,78.39359540372483
167.0,70.995670995671,55.033557046979865,77.38281067577338
172.0,80.0,66.66666666666666,83.25135300861126
149.0,80.56338028169014,67.45283018867924,83.65746060430304
125.0,87.02290076335878,77.02702702702703,88.47955562129985
81.0,70.96774193548387,55.00000000000001,77.44611853921373
104.0,82.45614035087719,70.1492537313433,85.0346923582638
116.0,81.203007518797,68.35443037974683,84.12728309751903
68.0,46.441947565543074,30.24390243902439,64.97927651783203
120.0,66.47727272727273,49.787234042553195,74.77575609716705
164.0,77.5609756097561,63.34661354581673,81.58133804227678
184.0,77.35042735042735,63.06620209059234,81.42709044423606
158.0,67.23768736616702,50.645161290322584,75.16963876307649
178.0,72.91666666666666,57.377049180327866,78.55852719011193
172.0,71.3375796178344,55.44554455445545,77.58779387377228
177.0,78.95981087470449,65.234375,82.52820351711692
147.0,78.77094972067039,64.97695852534562,82.41253242545885
127.0,87.12121212121212,77.18120805369128,88.55664545630171
83.0,72.63157894736842,57.02479338842975,78.4605077365842
103.0,82.66666666666667,70.45454545454545,85.18833735998244
119.0,79.85347985347985,66.46341463414635,83.17678091844734
102.0,59.56112852664577,42.410714285714285,71.07656578485711
105.0,60.588235294117645,43.459915611814345,71.5961531606892
167.0,76.81498829039812,62.3574144486692,81.07973097863356
187.0,75.97535934291582,61.258278145695364,80.5121180090562
165.0,69.19831223628692,52.903225806451616,76.30564793481823
178.0,72.76507276507277,57.18954248366013,78.46377386177767
170.0,70.19027484143763,54.071661237785015,76.89485881325365
182.0,78.44036697247707,64.52830188679245,82.17016034245633
161.0,79.79002624671917,66.37554585152839,83.1108098680319
133.0,85.1985559566787,74.21383647798741,87.06596574388803
90.0,72.54901960784314,56.92307692307692,78.40565246896331
91.0,77.57009345794393,63.358778625954194,81.63147842722461
99.0,81.65137614678899,68.9922480620155,84.4561935101141
93.0,77.82805429864254,63.70370370370371,81.8029398933771
133.0,77.28813559322035,62.98342541436463,81.4247956842907
131.0,76.68711656441718,62.189054726368155,81.01860480419425
153.0,78.44155844155844,64.52991452991454,82.18199874421764
152.0,76.92307692307693,62.5,81.16004677567665
143.0,73.90180878552972,58.606557377049185,79.20234530455801
143.0,74.09326424870466,58.8477366255144,79.32393426922593
145.0,77.17391304347827,62.83185840707964,81.33198628472462
125.0,82.39202657807309,70.05649717514125,84.97530365030538
100.0,80.88888888888889,67.91044776119402,83.91229685653792
67.0,66.22516556291392,49.504950495049506,74.70160344446846
92.0,79.04761904761905,65.35433070866141,82.6332470423909
101.0,78.76106194690266,64.96350364963503,82.43383519974515
96.0,73.80952380952381,58.490566037735846,79.17939239729972
140.0,76.96969696969697,62.5615763546798,81.20486258442097
150.0,80.67226890756302,67.6056338028169,83.73386103316413
165.0,78.34549878345499,64.4,82.11102669199241
171.0,78.42227378190255,64.50381679389314,82.15892141512401
150.0,74.44168734491315,59.28853754940712,79.54132230686683
155.0,73.65853658536585,58.301158301158296,79.04263312359264
152.0,79.35656836461126,65.77777777777779,82.8119319847552
123.0,81.1881188118812,68.33333333333333,84.10972702268928
93.0,78.13953488372093,64.12213740458014,82.01415502345913
72.0,67.08860759493672,50.476190476190474,75.18622284418426
95.0,79.24528301886792,65.625,82.7685808113072
103.0,80.16877637130801,66.90140845070422,83.4037802422048
100.0,67.38351254480287,50.810810810810814,75.31455440105255
143.0,77.64705882352942,63.46153846153846,81.65483605196657
157.0,79.67479674796748,66.21621621621621,83.03315158289273
172.0,77.67441860465117,63.49809885931559,81.65306670654795
178.0,78.39643652561247,64.46886446886447,82.13743223443224
155.0,72.42990654205607,56.776556776556774,78.27032792747193
159.0,72.89719626168224,57.35294117647059,78.56051696968271
160.0,78.46153846153847,64.55696202531645,82.19451963489199
132.0,79.75460122699386,66.3265306122449,83.09732597031139
96.0,78.02690582959642,63.970588235294116,81.93638118267131
75.0,71.51515151515152,55.660377358490564,77.78329840249289
97.0,80.73394495412845,67.6923076923077,83.80422763628322
110.0,80.15873015873017,66.88741721854305,83.39378349694002
99.0,64.76868327402136,47.89473684210526,73.84853643542819
147.0,78.63247863247864,64.7887323943662,82.319423153896
159.0,78.96103896103897,65.23605150214593,82.53706461241951
179.0,78.20224719101122,64.20664206642066,82.00632491305512
183.0,77.77777777777779,63.63636363636363,81.71416933668404
163.0,73.13769751693002,57.65124555160143,78.70665608647373
163.0,71.91011235955057,56.14035087719298,77.94521542580058
165.0,79.0,65.28925619834712,82.56065832829107
136.0,78.93175074183976,65.19607843137256,82.52710022321979
104.0,80.16877637130801,66.90140845070422,83.4037802422048
79.0,69.36416184971098,53.09734513274337,76.49579524176477
98.0,81.27853881278538,68.46153846153847,84.18984044685325
114.0,79.37743190661479,65.80645161290323,82.85030413053198
102.0,65.51724137931035,48.717948717948715,74.25913609695883
149.0,76.96476964769647,62.55506607929515,81.19259080037028
162.0,78.77237851662404,64.9789029535865,82.40648798073151
181.0,79.01785714285714,65.31365313653137,82.56282468822809
187.0,78.57142857142857,64.70588235294117,82.25091873153269
170.0,74.77876106194691,59.717314487632514,79.74467320158216
166.0,71.80616740088107,56.013745704467354,77.87890612358312
172.0,78.17745803357315,64.1732283464567,81.99563782707835
142.0,77.96610169491525,63.888888888888886,81.86650367942585
118.0,83.00395256916995,70.94594594594594,85.43003394639072
83.0,72.52747252747253,56.896551724137936,78.3983856206002
106.0,81.89655172413794,69.34306569343066,84.62960077666881
113.0,78.9272030651341,65.18987341772153,82.54001689179368
101.0,64.64646464646465,47.76119402985074,73.77576474655476
151.0,75.71801566579634,60.924369747899156,80.36924249822252
162.0,77.61194029850746,63.41463414634146,81.61735305877649
182.0,76.55913978494624,62.02090592334495,80.90144860149806
186.0,77.01863354037268,62.62626262626263,81.20210910869044
173.0,74.18655097613883,58.9655172413793,79.36377051949977
168.0,71.73913043478261,55.932203389830505,77.83613028862464
172.0,77.61904761904762,63.42412451361867,81.61808669045658
146.0,78.65168539325843,64.81481481481481,82.33146208803736
125.0,84.94208494208493,73.8255033557047,86.87380308998833
91.0,72.82051282051282,57.25806451612904,78.57614332482432
106.0,81.89655172413794,69.34306569343066,84.62960077666881
115.0,79.84790874524715,66.45569620253164,83.17492325454816
103.0,63.758389261744966,46.79802955665024,73.29118945534833
153.0,75.71801566579634,60.924369747899156,80.36924249822252
163.0,77.26161369193154,62.94820717131474,81.38113705360891
184.0,77.6824034334764,63.50877192982456,81.65037556387217
190.0,77.079107505071,62.70627062706271,81.24010366466968
174.0,73.23340471092077,57.770270270270274,78.76014763388525
177.0,72.95597484276729,57.42574257425742,78.58387644692232
176.0,78.03738317757009,63.984674329501914,81.8983540817059
148.0,78.55153203342618,64.6788990825688,82.2625034035808
130.0,85.28301886792453,74.3421052631579,87.13210170974047
88.0,73.46938775510205,58.06451612903226,78.9803660000103
108.0,82.05128205128204,69.56521739130434,84.74067578830393
119.0,78.81040892193309,65.03067484662577,82.45841711174907
103.0,62.58064516129033,45.539906103286384,72.65413604251762
152.0,73.71134020618557,58.36734693877551,79.08174074498586
167.0,77.6978417266187,63.52941176470588,81.67173191506379
185.0,77.2823779193206,62.9757785467128,81.38087643181542
191.0,76.45875251509054,61.88925081433225,80.82759263799075
175.0,72.72727272727273,57.14285714285714,78.44243889060303
179.0,73.02904564315352,57.51633986928104,78.62816993464052
177.0,77.34553775743707,63.059701492537314,81.43086460432853
155.0,78.49462365591397,64.60176991150442,82.22093292696948
133.0,86.42857142857143,76.10062893081762,88.01235621947934
91.0,74.25742574257426,59.055118110236215,79.47566388336504
94.0,73.11827956989248,57.6271186440678,78.7636670892567
110.0,60.8058608058608,43.684210526315795,71.73530391366795
96.0,34.54545454545455,20.87912087912088,60.22407329895508
139.0,66.66666666666666,50.0,74.88213672140317
154.0,73.09644670050761,57.599999999999994,78.69406779661017
180.0,75.53444180522565,60.68702290076335,80.24054645847892
180.0,70.51546391752578,54.45859872611465,77.08631366162746
173.0,81.88585607940446,69.32773109243698,84.59088160268607
171.0,80.1909307875895,66.93227091633466,83.38314873604287
171.0,84.91048593350384,73.77777777777777,86.82990068652936
143.0,86.27450980392157,75.86206896551724,87.8890714102624
122.0,76.74418604651163,62.264150943396224,81.07216772962092
90.0,71.64179104477611,55.81395348837209,77.85009505809313
39.0,60.19417475728155,43.05555555555556,71.48689633396484
60.0,66.66666666666666,50.0,74.95312094795428
52.0,80.95238095238095,68.0,83.97605985037406
62.0,62.16216216216216,45.09803921568628,72.49316483026485
62.0,76.38888888888889,61.79775280898876,80.86495848585749
67.0,72.46376811594203,56.81818181818182,78.3711864283823
79.0,74.69879518072288,59.61538461538461,79.76578784985617
81.0,69.76744186046511,53.57142857142857,76.73383464647732
55.0,68.33333333333333,51.89873417721519,75.91146941233353
25.0,64.93506493506493,48.07692307692308,74.01154283295219
32.0,49.48453608247423,32.87671232876712,66.38950467291762
43.0,60.317460317460316,43.18181818181818,71.54104671107743
62.0,77.96610169491525,63.888888888888886,81.91851186914023
61.0,71.23287671232876,55.319148936170215,77.61767837040735
63.0,57.80346820809249,40.65040650406504,70.2523867496186
72.0,73.49397590361446,58.0952380952381,79.00372001539317
80.0,73.01587301587301,57.49999999999999,78.69910890693914
87.0,30.973451327433626,18.32460732984293,59.00674234783565
72.0,76.24309392265194,61.60714285714286,80.76066325206914
72.0,72.46376811594203,56.81818181818182,78.3711864283823
42.0,75.51020408163265,60.65573770491803,80.30393538749163
44.0,65.3061224489796,48.484848484848484,74.2085218812245
46.0,75.40983606557377,60.526315789473685,80.23323569246276
65.0,76.38888888888889,61.79775280898876,80.86495848585749
74.0,80.76923076923077,67.74193548387096,83.841035389053
70.0,76.36363636363637,61.76470588235294,80.84344088242923
85.0,69.60352422907489,53.37837837837838,76.62032279000361
83.0,76.23762376237624,61.6,80.75209485219266
92.0,44.534412955465584,28.645833333333332,64.1862474062768
84.0,78.0,63.934426229508205,81.92329918605435
85.0,75.67567567567568,60.86956521739131,80.38987780687552
47.0,80.35714285714286,67.16417910447761,83.56014704161664
59.0,66.16541353383458,49.43820224719101,74.67421961078931
50.0,69.50354609929079,53.2608695652174,76.58754372589276
67.0,74.01574803149606,58.75,79.34208492090407
75.0,83.87096774193549,72.22222222222221,86.08616648817403
75.0,85.51724137931035,74.69879518072288,87.32844536144337
88.0,81.25,68.42105263157895,84.17459673776241
90.0,83.33333333333334,71.42857142857143,85.68234703654699
99.0,80.54298642533936,67.42424242424242,83.66919590216054
94.0,80.19323671497585,66.93548387096774,83.4268180539036
87.0,73.91304347826086,58.620689655172406,79.2624482841201
62.0,73.01587301587301,57.49999999999999,78.71608817075604
87.0,40.67796610169492,25.53191489361702,62.62631493164732
74.0,68.15642458100558,51.69491525423729,75.79058842628056
73.0,77.90697674418605,63.8095238095238,81.86684456456354
80.0,84.84848484848484,73.68421052631578,86.81715815103558
79.0,83.06010928961749,71.02803738317756,85.48308056783628
87.0,79.80295566502463,66.39344262295081,83.15579906374609
96.0,83.63636363636363,71.875,85.90156037856401
109.0,80.16528925619835,66.89655172413794,83.4003515824308
88.0,79.02439024390245,65.32258064516128,82.61837186764502
84.0,76.8361581920904,62.38532110091744,81.15174891958141
58.0,70.96774193548387,55.00000000000001,77.46409478975505
83.0,61.74496644295302,44.66019417475729,72.27324490305787
73.0,73.68421052631578,58.333333333333336,79.12176813734294
76.0,79.7872340425532,66.3716814159292,83.14791731322198
82.0,82.41758241758241,70.09345794392523,85.01479348165304
84.0,87.70053475935828,78.0952380952381,89.02466220648039
89.0,82.17821782178217,69.74789915966386,84.83801641551756
100.0,81.63265306122449,68.96551724137932,84.44682760823356
109.0,82.5,70.2127659574468,85.06444755926937
93.0,77.77777777777779,63.63636363636363,81.76627006815687
86.0,78.39195979899498,64.46280991735537,82.18848907381202
77.0,76.72955974842768,62.244897959183675,81.08553388431099
92.0,68.47826086956522,52.066115702479344,75.97518863566687
87.0,73.20261437908496,57.73195876288659,78.82507754584871
78.0,78.32167832167832,64.36781609195403,82.15298226784454
87.0,86.51685393258427,76.23762376237624,88.09485930728445
83.0,87.09677419354838,77.14285714285715,88.54747408495287
102.0,81.63265306122449,68.96551724137932,84.44682760823356
105.0,19.607843137254903,10.869565217391305,55.27129269721945
114.0,60.43956043956044,43.30708661417323,71.58171712644376
95.0,81.15942028985508,68.29268292682927,84.10741309161874
88.0,80.59701492537313,67.5,83.71107395947699
78.0,76.5432098765432,62.0,80.96208644291016
101.0,72.36180904522614,56.69291338582677,78.2915708554553
89.0,78.13953488372093,64.12213740458014,82.01415502345913
88.0,81.59203980099502,68.90756302521008,84.41685094207763
88.0,85.12820512820512,74.10714285714286,87.02462526842929
95.0,84.81675392670157,73.63636363636363,86.78923681369035
106.0,83.1858407079646,71.21212121212122,85.56812282402315
110.0,58.95953757225434,41.80327868852459,70.8308164016189
117.0,76.92307692307693,62.5,81.1990926513745
98.0,81.65137614678899,68.9922480620155,84.4561935101141
98.0,78.44827586206897,64.53900709219859,82.21958840184452
96.0,72.636815920398,57.03125,78.4607380670818
109.0,75.0,60.0,79.94210305655932
49.0,67.71653543307087,51.19047619047619,75.55434686590812
60.0,66.25,49.532710280373834,74.71248765420245
65.0,61.20218579234973,44.09448818897638,71.97641408650735
73.0,60.66350710900474,43.53741496598639,71.68589298746319
71.0,61.32075471698113,44.21768707482993,72.02702517418135
79.0,55.50660792951542,38.41463414634146,69.10654481846636
88.0,78.4688995215311,64.56692913385827,82.23854900817958
89.0,71.84466019417476,56.060606060606055,77.97242110942162
76.0,73.61963190184049,58.252427184466015,79.08331312132552
48.0,68.21705426356588,51.76470588235295,75.84146089617528
93.0,48.421052631578945,31.944444444444443,65.8255361304586
55.0,75.0,60.0,79.9640876261921
66.0,74.02597402597402,58.76288659793815,79.34153827293105
71.0,72.95597484276729,57.42574257425742,78.66997252819978
76.0,66.99507389162561,50.37037037037037,75.11832959326374
86.0,72.39819004524887,56.73758865248227,78.30791122180166
84.0,75.11737089201877,60.150375939849624,80.02228953492002
95.0,80.9090909090909,67.93893129770993,83.92753860191664
89.0,74.4186046511628,59.25925925925925,79.57473502726616
79.0,77.71428571428571,63.55140186915887,81.73678499301322
75.0,75.60975609756098,60.78431372549019,80.35224785528212
103.0,45.20123839009288,29.2,64.42336387042693
67.0,67.83625730994152,51.32743362831859,75.60884630855253
71.0,73.44632768361582,58.03571428571429,78.97096125173545
78.0,80.92485549132948,67.96116504854369,83.94765233627042
84.0,76.0,61.29032258064516,80.59725709870582
90.0,77.47747747747748,63.23529411764706,81.5677368971146
87.0,74.235807860262,59.02777777777778,79.45499607381232
99.0,80.0,66.66666666666666,83.28541001064961
94.0,76.06837606837607,61.37931034482759,80.63375244316269
93.0,74.31192660550458,59.12408759124088,79.50614999384382
71.0,67.72486772486772,51.2,75.53913633461048
110.0,43.583535108958834,27.86377708978328,63.699288616768015
72.0,67.77777777777779,51.26050420168067,75.5723851947244
71.0,73.98843930635837,58.71559633027523,79.31289873985025
81.0,82.28571428571428,69.90291262135922,84.9205206568396
87.0,85.71428571428571,75.0,87.4740508603138
93.0,77.77777777777779,63.63636363636363,81.76627006815687
96.0,79.16666666666666,65.51724137931035,82.7087015586474
100.0,77.7327935222672,63.576158940397356,81.7331673296236
98.0,77.17842323651453,62.83783783783784,81.36401006761209
89.0,74.235807860262,59.02777777777778,79.45499607381232
100.0,78.0952380952381,64.0625,81.98533631772268
107.0,41.42857142857143,26.126126126126124,62.81750016502158
83.0,72.30046948356808,56.61764705882353,78.24994011856525
81.0,79.58115183246073,66.08695652173913,83.00455610518094
84.0,84.61538461538461,73.33333333333333,86.63872199711238
89.0,83.16831683168317,71.1864406779661,85.55928278408406
95.0,81.03448275862068,68.11594202898551,84.01404305634412
100.0,79.51807228915662,66.0,82.94907841923438
109.0,77.82101167315176,63.69426751592356,81.79022026646885
99.0,75.09881422924902,60.12658227848101,80.00039303417073
95.0,75.22123893805309,60.28368794326241,80.0859457064738
91.0,72.64150943396226,57.03703703703704,78.46063313158464
113.0,43.02600472813239,27.40963855421687,63.46422828180046
85.0,75.45454545454545,60.58394160583942,80.23807105644815
84.0,83.07692307692308,71.05263157894737,85.4933783705696
86.0,84.21052631578947,72.72727272727273,86.33369385325629
99.0,87.55760368663594,77.8688524590164,88.907469898764
99.0,81.48148148148148,68.75,84.3300691934421
105.0,78.76447876447877,64.96815286624204,82.42915771282705
112.0,80.14981273408239,66.875,83.3845730392059
96.0,74.9003984063745,59.87261146496815,79.87340888331671
96.0,75.51867219917013,60.66666666666667,80.27443346311271
82.0,64.31718061674009,47.4025974025974,73.62046521827374
105.0,36.57142857142857,22.377622377622377,60.85634313769298
97.0,77.5,63.26530612244898,81.57874255266869
88.0,77.06422018348624,62.68656716417911,81.29337541312044
89.0,82.29665071770334,69.91869918699187,84.92241607383133
98.0,80.17241379310344,66.90647482014388,83.4073136435244
104.0,85.47717842323651,74.63768115942028,87.2838916052129
108.0,83.79446640316206,72.10884353741497,86.01347908845983
114.0,81.203007518797,68.35443037974683,84.12728309751903
104.0,74.32950191570882,59.14634146341463,79.50627642471237
98.0,74.79674796747967,59.74025974025974,79.80823385543457
83.0,64.34782608695652,47.43589743589743,73.63611565739225
120.0,54.21052631578947,37.18411552346571,68.41831143137517
96.0,78.00829875518673,63.94557823129252,81.91987589333085
91.0,77.82805429864254,63.70370370370371,81.8029398933771
93.0,82.1917808219178,69.76744186046511,84.84478789505307
105.0,84.51882845188284,73.18840579710145,86.55725831542541
105.0,81.78137651821862,69.17808219178082,84.54410849479206
109.0,81.36882129277566,68.58974358974359,84.24593932168479
114.0,82.39700374531836,70.06369426751591,84.98490909197312
106.0,75.93984962406014,61.212121212121204,80.54215646227628
99.0,74.70817120622569,59.62732919254658,79.74876843013911
88.0,66.39344262295081,49.693251533742334,74.76478127141255
197.0,43.97590361445783,28.185328185328185,63.720887158824404
143.0,0.0,0.0,49.39014668367347
155.0,13.392857142857142,7.177033492822966,53.00803760177044
161.0,47.227191413237925,30.913348946135834,65.16193384482078
167.0,38.0352644836272,23.48367029548989,61.25008102480641
170.0,62.230919765166334,45.17045454545455,72.39229287042406
160.0,57.09090909090909,39.94910941475827,69.73864435331369
158.0,55.16014234875445,38.08353808353808,68.78987483733489
157.0,54.054054054054056,37.03703703703704,68.26365104960234
125.0,39.14473684210527,24.335378323108383,61.798110481249736
120.0,30.693069306930692,18.128654970760234,58.64502352994614
92.0,22.186495176848876,12.47739602169982,55.75573155905674
48.0,0.0,0.0,49.84654017857143
40.0,49.68944099378882,33.057851239669425,66.4481453421899
38.0,76.74418604651163,62.264150943396224,81.11213250857266
32.0,70.12987012987013,54.0,76.97706833635766
45.0,0.0,0.0,49.83458227040816
36.0,12.345679012345679,6.578947368421052,53.07715734282977
54.0,31.83183183183183,18.928571428571427,59.23784276394355
51.0,82.05128205128204,69.56521739130434,84.761662318378
38.0,68.62745098039215,52.23880597014925,76.08749297131342
31.0,40.845070422535215,25.663716814159294,62.74810464314561
42.0,20.388349514563107,11.351351351351353,55.5121825045063
62.0,34.065934065934066,20.52980132450331,60.025446617473754
55.0,69.6774193548387,53.46534653465347,76.68578766818864
48.0,75.40983606557377,60.526315789473685,80.23323569246276
31.0,43.93939393939394,28.155339805825243,64.0038868251612
46.0,3.669724770642202,1.8691588785046727,50.82994357207012
66.0,43.389830508474574,27.705627705627705,63.68618709674744
56.0,63.2768361581921,46.28099173553719,73.075651494265
48.0,71.21212121212122,55.294117647058826,77.60915661123713
30.0,47.16981132075472,30.864197530864196,65.37626737622749
37.0,33.18385650224215,19.892473118279568,59.797649630800564
64.0,36.36363636363637,22.22222222222222,60.887611749680715
58.0,42.028985507246375,26.605504587155966,63.143129004540114
50.0,64.1025641025641,47.16981132075472,73.52904642564889
32.0,42.384105960264904,26.89075630252101,63.358627991719985
41.0,24.299065420560748,13.829787234042554,56.67255761765952
66.0,38.70967741935484,24.0,61.79145879066055
58.0,38.0327868852459,23.481781376518217,61.552335678083125
51.0,60.71428571428571,43.58974358974359,71.72903638340047
32.0,35.16483516483517,21.333333333333336,60.54900553073814
43.0,32.08955223880597,19.11111111111111,59.374038391212714
66.0,33.75959079283887,20.307692307692307,59.89541470303793
60.0,28.50356294536817,16.62049861495845,58.009946011126765
50.0,60.97560975609756,43.859649122807014,71.86598543599952
33.0,38.15028901734104,23.57142857142857,61.679019432993066
45.0,40.36697247706422,25.287356321839084,62.5140204572572
65.0,31.32530120481928,18.571428571428573,59.00134558423158
67.0,26.746506986027946,15.43778801843318,57.352692328879726
53.0,53.80710659898477,36.80555555555556,68.31200108843356
33.0,53.65853658536586,36.666666666666664,68.27649588842577
54.0,3.149606299212598,1.6,50.67742655558656
60.0,37.82051282051282,23.3201581027668,61.466531951596906
66.0,64.94845360824742,48.091603053435115,73.97795486018393
50.0,52.112676056338024,35.23809523809524,67.55123613497335
58.0,0.0,0.0,49.87045599489796
56.0,3.418803418803419,1.7391304347826086,50.75695709366188
61.0,39.482200647249186,24.596774193548388,62.11181620981421
69.0,67.31707317073172,50.73529411764706,75.30079013264555
52.0,50.526315789473685,33.80281690140845,66.80764847623885
46.0,0.0,0.0,49.89536830357143
56.0,38.01652892561984,23.46938775510204,61.65992267742341
70.0,46.0377358490566,29.901960784313726,64.80830853742276
66.0,60.82949308755761,43.70860927152318,71.76949122526469
64.0,57.27699530516433,40.131578947368425,69.97499829339887
45.0,0.0,0.0,49.91928411989796
55.0,0.0,0.0,49.89038584183674
69.0,53.67965367965368,36.68639053254438,68.2364386713087
66.0,65.34653465346535,48.529411764705884,74.19485954429666
65.0,56.36363636363636,39.24050632911392,69.5244715466458
45.0,0.0,0.0,49.92426658163265
56.0,55.172413793103445,38.095238095238095,68.96981821774352
70.0,38.25136612021858,23.64864864864865,61.59880243073872
65.0,53.06122448979592,36.11111111111111,67.94081029004498
65.0,49.6,32.97872340425532,66.36364832861925
49.0,0.0,0.0,49.923270089285715
55.0,55.24861878453039,38.16793893129771,69.00317307255945
73.0,45.141065830721004,29.1497975708502,64.40026202987664
66.0,55.00000000000001,37.93103448275862,68.85775431980676
65.0,50.0,33.33333333333333,66.54095078456022
44.0,0.0,0.0,49.908322704081634
56.0,81.203007518797,68.35443037974683,84.15227604139571
71.0,54.385964912280706,37.34939759036144,68.57093537577697
72.0,56.25,39.130434782608695,69.45344986775333
65.0,45.0,29.03225806451613,64.3624762874613
45.0,0.0,0.0,49.896364795918366
57.0,47.69874476987448,31.318681318681318,65.53463745297181
74.0,37.0,22.699386503067483,61.098206284945576
68.0,50.936329588014985,34.17085427135678,66.95470948580213
65.0,44.599303135888505,28.699551569506728,64.19113114873804
58.0,0.0,0.0,49.869459502551024
49.0,0.0,0.0,49.84554368622449
55.0,0.0,0.0,49.81664540816326
63.0,49.75609756097561,33.116883116883116,66.45569841629691
46.0,0.0,0.0,49.9152981505102
29.0,0.0,0.0,49.91131218112245
71.0,76.38888888888889,61.79775280898876,80.86495848585749
117.0,85.83690987124464,75.18796992481202,87.56103504627852
123.0,90.3765690376569,82.44274809160305,91.19840528331851
116.0,89.36170212765957,80.76923076923077,90.35965083427686
83.0,77.45664739884393,63.20754716981132,81.56485841996523
31.0,73.01587301587301,57.49999999999999,78.7330518613044
77.0,80.0,66.66666666666666,83.29840737636212
126.0,87.5,77.77777777777779,88.85692979652711
130.0,88.97338403041825,80.13698630136986,90.03952733035293
124.0,89.65517241379311,81.25,90.59803182244951
94.0,83.24873096446701,71.30434782608695,85.61923583662714
41.0,78.16091954022988,64.15094339622641,82.0565255053008
87.0,83.15789473684211,71.17117117117117,85.55364754538357
132.0,82.75862068965517,70.58823529411765,85.24417358440898
131.0,88.8086642599278,79.87012987012987,89.90409776027022
136.0,89.85507246376811,81.57894736842105,90.76150277395718
111.0,85.59322033898306,74.81481481481481,87.373458331022
44.0,79.59183673469387,66.10169491525424,83.03090210788542
97.0,82.2429906542056,69.84126984126983,84.88270168313292
137.0,85.90604026845638,75.29411764705883,87.60509910485933
135.0,89.1156462585034,80.3680981595092,90.1520778538579
141.0,89.419795221843,80.8641975308642,90.40112664034467
117.0,85.2589641434263,74.30555555555556,87.11582876741208
52.0,83.33333333333334,71.42857142857143,85.6963327510494
98.0,82.46445497630332,70.16129032258065,85.04371090426784
140.0,87.91946308724832,78.44311377245509,89.18558925709377
141.0,91.21621621621621,83.85093167701864,91.89948714104123
148.0,89.47368421052632,80.95238095238095,90.44421605572684
121.0,86.71875,76.55172413793103,88.24190621158013
57.0,82.14285714285714,69.6969696969697,84.82853671363546
101.0,82.72727272727273,70.54263565891473,85.23338231982373
148.0,86.43533123028391,76.11111111111111,88.01258906941473
146.0,90.25974025974025,82.24852071005917,91.09428253861374
150.0,89.45686900958466,80.92485549132948,90.42945148856984
122.0,87.59689922480621,77.93103448275862,88.93355751064004
59.0,78.57142857142857,64.70588235294117,82.32900436964063
114.0,79.48717948717949,65.95744680851064,82.93080295220572
153.0,86.76923076923076,76.63043478260869,88.27224747024908
147.0,89.96763754045307,81.76470588235294,90.85137586421342
152.0,90.625,82.85714285714286,91.39859001704657
131.0,86.98884758364312,76.97368421052632,88.4518833565866
65.0,86.36363636363636,76.0,87.9820427382829
110.0,81.41592920353983,68.65671641791045,84.28642865061325
152.0,86.41975308641975,76.08695652173914,87.99950991807638
157.0,90.9090909090909,83.33333333333334,91.63768463552597
156.0,89.84615384615384,81.56424581005587,90.74914269315506
136.0,88.33922261484098,79.11392405063292,89.52399565101824
71.0,84.05797101449275,72.5,86.2280517977573
81.0,82.02247191011236,69.52380952380952,84.72997054638873
131.0,82.48175182481752,70.1863354037267,85.04522810575446
128.0,87.08487084870849,77.12418300653596,88.52713205622655
119.0,88.37209302325581,79.16666666666666,89.55337048726247
97.0,79.63800904977376,66.16541353383458,83.0377858277702
229.0,29.09090909090909,17.02127659574468,58.31616725909781
80.0,80.44692737430168,67.28971962616822,83.60993246197441
134.0,85.3146853146853,74.39024390243902,87.15316726228357
129.0,88.8086642599278,79.87012987012987,89.90409776027022
131.0,90.51094890510949,82.66666666666667,91.30736034524095
109.0,81.81818181818183,69.23076923076923,84.57145227119467
235.0,34.69387755102041,20.98765432098765,60.30230596348635
82.0,81.52173913043478,68.80733944954129,84.36973826631672
139.0,86.18421052631578,75.72254335260115,87.81930944231117
129.0,88.42105263157895,79.24528301886792,89.58967447646693
138.0,90.41095890410958,82.5,91.22202461833587
115.0,83.59375,71.81208053691275,85.8640981485818
235.0,41.157556270096464,25.910931174089068,62.77287459087595
89.0,81.21827411167513,68.37606837606837,84.15110509189877
142.0,85.53459119496856,74.72527472527473,87.3166741332209
137.0,87.62541806020067,77.97619047619048,88.9511285081522
149.0,89.32038834951457,80.7017543859649,90.31790225393613
130.0,83.63636363636363,71.875,85.8925548331036
238.0,40.38461538461539,25.301204819277107,62.46502182176714
91.0,81.63265306122449,68.96551724137932,84.44682760823356
148.0,85.80246913580247,75.13513513513513,87.52160158239658
146.0,87.94788273615634,78.48837209302324,89.20721636165321
151.0,89.30817610062893,80.68181818181817,90.30693219519816
128.0,84.9624060150376,73.8562091503268,86.8881549117393
197.0,47.40740740740741,31.06796116504854,65.3922979516175
101.0,81.55339805825243,68.85245901639344,84.3882992997802
152.0,84.4574780058651,73.09644670050761,86.49525724855889
151.0,88.88888888888889,80.0,89.96502518186907
156.0,91.875,84.97109826589595,92.45956420420664
184.0,79.39393939393939,65.82914572864321,82.84663400929114
224.0,40.816326530612244,25.64102564102564,62.64691556614296
107.0,80.0,66.66666666666666,83.29041059426365
152.0,85.54572271386431,74.74226804123711,87.32216438179464
157.0,89.50617283950618,81.00558659217877,90.46881436302789
160.0,91.13149847094802,83.70786516853933,91.82494823581783
198.0,77.90697674418605,63.8095238095238,81.82882569118131
232.0,45.22292993630573,29.218106995884774,64.43741394101194
106.0,80.56872037914692,67.46031746031747,83.68923321459705
153.0,86.95652173913044,76.92307692307693,88.41656184937679
159.0,90.2439024390244,82.22222222222221,91.07912902108153
163.0,91.1854103343465,83.79888268156425,91.8704564129446
198.0,78.63247863247864,64.7887323943662,82.319423153896
232.0,45.367412140575084,29.338842975206614,64.49877983507362
113.0,0.0,0.0,49.70404177295919
171.0,48.76847290640394,32.24755700325733,65.91609832909437
198.0,76.79558011049724,62.33183856502242,81.08198139654684
236.0,59.553349875930515,42.40282685512368,71.03859578332339
223.0,0.0,0.0,49.77778220663265
239.0,0.0,0.0,49.525669642857146
74.0,65.28497409326425,48.46153846153846,74.16392030933167
98.0,67.53246753246754,50.98039215686274,75.41534279087499
92.0,72.47706422018348,56.83453237410072,78.3573823616716
79.0,72.16494845360825,56.451612903225815,78.17192068942873
67.0,61.07784431137725,43.96551724137931,71.91792071545274
41.0,58.46153846153847,41.30434782608695,70.59832254282527
41.0,50.40650406504065,33.69565217391305,66.78700247542994
75.0,72.53886010362694,56.91056910569105,78.40239667514626
98.0,68.75,52.38095238095239,76.11061674310356
97.0,78.04878048780488,64.0,81.94608626198084
77.0,80.0,66.66666666666666,83.29540918163673
82.0,68.42105263157895,52.0,75.94013290495101
60.0,60.431654676258994,43.29896907216495,71.59463154210633
58.0,46.45161290322581,30.252100840336134,65.04328217126499
78.0,64.91228070175438,48.05194805194805,73.94613689372382
97.0,61.53846153846154,44.44444444444444,72.11241548208487
97.0,71.91011235955057,56.14035087719298,77.99529524690321
80.0,75.1219512195122,60.15625,80.02722578045469
84.0,71.73913043478261,55.932203389830505,77.91421584378773
80.0,59.756097560975604,42.608695652173914,71.23851504136016
65.0,48.10126582278481,31.666666666666664,65.7515590304094
74.0,54.39330543933054,37.35632183908046,68.56940236353456
84.0,52.398523985239855,35.5,67.62127033230216
101.0,65.359477124183,48.54368932038835,74.16600553566346
93.0,75.10204081632654,60.130718954248366,80.00446178524653
80.0,69.6969696969697,53.48837209302325,76.6843141723224
75.0,58.82352941176471,41.66666666666667,70.7704979620062
68.0,40.28776978417266,25.225225225225223,62.52985756754601
78.0,43.93939393939394,28.155339805825243,63.93001836055259
81.0,45.69288389513109,29.61165048543689,64.66115797742862
99.0,61.43344709897611,44.33497536945813,72.05468171100387
95.0,68.86446886446886,52.513966480446925,76.17212241198177
84.0,59.82905982905983,42.68292682926829,71.24766227305429
72.0,33.17972350230415,19.88950276243094,59.80015624758962
84.0,0.0,0.0,49.891382334183675
66.0,45.794392523364486,29.6969696969697,64.73277874199533
82.0,42.80442804428044,27.230046948356808,63.46038841292297
86.0,52.78810408921933,35.858585858585855,67.80255907039661
95.0,71.21212121212122,55.294117647058826,77.57118325945449
84.0,67.28971962616822,50.70422535211267,75.28225797383695
79.0,40.0,25.0,62.40726892013162
74.0,0.0,0.0,49.89736128826531
76.0,27.884615384615387,16.201117318435752,57.95099836647852
78.0,39.148936170212764,24.33862433862434,62.02668300513901
67.0,40.74074074074074,25.581395348837212,62.66303470465877
64.0,54.377880184331794,37.34177215189873,68.57211719513047
86.0,58.333333333333336,41.17647058823529,70.49843823547019
77.0,17.96875,9.871244635193133,54.72626295723926
86.0,0.0,0.0,49.886399872448976
79.0,23.684210526315788,13.432835820895523,56.54293488984915
82.0,40.75471698113208,25.59241706161137,62.63959067836564
49.0,40.93023255813954,25.730994152046783,62.73883147321481
78.0,53.67965367965368,36.68639053254438,68.2364386713087
83.0,50.476190476190474,33.75796178343949,66.77523610389778
81.0,25.352112676056336,14.516129032258066,57.15239842098967
84.0,0.0,0.0,49.888392857142854
76.0,72.04968944099379,56.310679611650485,78.11044575578335
93.0,70.27027027027027,54.166666666666664,77.01746244028371
99.0,71.42857142857143,55.55555555555556,77.7139004223003
75.0,70.83333333333334,54.83870967741935,77.36347553799921
66.0,64.47368421052632,47.57281553398058,73.73254457948654
54.0,59.72222222222222,42.57425742574257,71.22928258357521
52.0,61.65413533834586,44.565217391304344,72.23174602486331
80.0,74.72527472527473,59.64912280701754,79.77866054935375
101.0,65.1685393258427,48.333333333333336,74.07383191252903
100.0,76.5625,62.0253164556962,80.95275168205953
78.0,78.75647668393782,64.95726495726495,82.43771431495983
79.0,72.95597484276729,57.42574257425742,78.66997252819978
65.0,70.22900763358778,54.11764705882353,77.01992466645544
52.0,60.16260162601627,43.02325581395349,71.462763749335
77.0,54.980079681274894,37.91208791208791,68.84328525965422
100.0,59.38566552901023,42.23300970873786,70.99771629799928
101.0,69.47368421052632,53.2258064516129,76.52603699979451
86.0,81.73076923076923,69.10569105691057,84.51491456281275
81.0,74.84662576687117,59.80392156862745,79.86105486792144
78.0,64.42953020134227,47.524752475247524,73.70951157116988
55.0,58.156028368794324,41.0,70.44115887104817
75.0,47.65342960288809,31.27962085308057,65.49512872628085
90.0,50.16949152542372,33.4841628959276,66.59538071745405
109.0,64.81481481481481,47.94520547945205,73.85876439018237
91.0,71.42857142857143,55.55555555555556,77.70590140513872
81.0,75.40983606557377,60.526315789473685,80.21825398909492
81.0,61.42857142857143,44.329896907216494,72.11109171253949
88.0,32.298136645962735,19.25925925925926,59.520955651563824
78.0,40.816326530612244,25.64102564102564,62.67587730201942
84.0,32.25806451612903,19.230769230769234,59.46879798966913
110.0,63.08724832214765,46.07843137254902,72.92939579090292
98.0,70.37037037037037,54.285714285714285,77.06298653324471
83.0,61.111111111111114,44.0,71.91618439433248
90.0,29.18918918918919,17.088607594936708,58.41369301759238
91.0,0.0,0.0,49.859494579081634
75.0,37.121212121212125,22.790697674418606,61.22976940895707
86.0,37.096774193548384,22.772277227722775,61.230543162036135
108.0,56.05536332179931,38.94230769230769,69.3443946885533
102.0,69.62962962962963,53.40909090909091,76.62267971435936
81.0,58.490566037735846,41.333333333333336,70.5788668502481
93.0,19.48717948717949,10.795454545454545,55.241218709615445
96.0,4.733727810650888,2.4242424242424243,51.05167315344307
77.0,15.833333333333332,8.597285067873303,54.097274828531624
88.0,23.904382470119522,13.574660633484163,56.59688641294118
109.0,40.1673640167364,25.13089005235602,62.422810171406226
99.0,62.172284644194754,45.108695652173914,72.45353533731607
82.0,50.69124423963134,33.95061728395062,66.8685669568533
93.0,11.206896551724139,5.93607305936073,52.762705907508646
94.0,5.434782608695652,2.793296089385475,51.22324109645571
81.0,13.8996138996139,7.468879668049793,53.51214229425059
89.0,28.695652173913043,16.751269035532996,58.212102220137716
109.0,36.59574468085106,22.395833333333336,61.04931195519917
104.0,68.18181818181817,51.724137931034484,75.77821319743833
88.0,45.490196078431374,29.441624365482234,64.58213945038946
101.0,21.804511278195488,12.236286919831224,55.910753187317056
98.0,12.82051282051282,6.8493150684931505,53.289107560160545
79.0,4.285714285714286,2.18978102189781,50.961352552285874
93.0,0.0,0.0,49.82860331632653
110.0,0.0,0.0,49.793726084183675
100.0,0.0,0.0,49.77977519132653
86.0,0.0,0.0,49.790736607142854
91.0,0.0,0.0,49.7917330994898
82.0,0.0,0.0,49.80668048469388
24.0,44.18604651162791,28.35820895522388,64.13125472583253
30.0,36.36363636363637,22.22222222222222,61.04830956399998
33.0,31.40495867768595,18.627450980392158,59.23098529441084
37.0,50.90909090909091,34.146341463414636,67.01933009997724
42.0,62.06896551724138,45.0,72.45612285600319
47.0,73.94957983193278,58.666666666666664,79.30241495784462
74.0,79.55801104972376,66.05504587155964,82.99059973603529
82.0,75.0,60.0,79.95010079639128
93.0,81.37254901960785,68.59504132231406,84.25959120993629
98.0,80.59701492537313,67.5,83.71107395947699
78.0,74.69879518072288,59.61538461538461,79.76578784985617
54.0,64.82758620689654,47.95918367346938,73.92872307813188
44.0,71.91011235955057,56.14035087719298,78.04524723183196
44.0,77.77777777777779,63.63636363636363,81.79823805958108
30.0,59.57446808510638,42.42424242424242,71.17423336016302
26.0,48.717948717948715,32.20338983050847,66.06182012210473
39.0,39.50617283950617,24.615384615384617,62.25884860753281
33.0,62.5,45.45454545454545,72.70334737437378
38.0,62.92134831460674,45.90163934426229,72.91791706385166
48.0,66.66666666666666,50.0,74.96010850486677
73.0,77.84431137724552,63.725490196078425,81.82582705609234
79.0,66.37554585152839,49.673202614379086,74.75975499980431
95.0,69.23076923076923,52.94117647058824,76.39872477586702
108.0,79.66101694915254,66.19718309859155,83.05067014040634
107.0,83.10502283105022,71.09375,85.50993779325147
79.0,73.93939393939394,58.65384615384615,79.28402174997507
56.0,72.26890756302521,56.57894736842105,78.25656123133517
53.0,74.28571428571429,59.09090909090909,79.51852832330324
49.0,80.73394495412845,67.6923076923077,83.82520914017762
41.0,74.50980392156863,59.375,79.66157156248754
27.0,48.10126582278481,31.666666666666664,65.79246167035508
40.0,63.888888888888886,46.93877551020408,73.44346707239113
36.0,61.111111111111114,44.0,71.97208597519639
47.0,63.91752577319587,46.96969696969697,73.44994969134963
52.0,69.76744186046511,53.57142857142857,76.74681619870225
77.0,72.91666666666666,57.377049180327866,78.63663459694953
83.0,64.68085106382979,47.79874213836478,73.81653673784506
101.0,64.73029045643153,47.85276073619632,73.84154664220091
117.0,77.44360902255639,63.190184049079754,81.53517949683034
106.0,82.30088495575221,69.92481203007519,84.92247230499626
67.0,67.64705882352942,51.11111111111111,75.51166965888689
61.0,77.86259541984732,63.74999999999999,81.846072319202
61.0,77.04918032786885,62.66666666666667,81.30540538743377
50.0,80.0,66.66666666666666,83.31039297825653
39.0,71.15384615384616,55.223880597014926,77.58202346729823
31.0,47.5,31.147540983606557,65.5319019589963
41.0,50.57471264367817,33.84615384615385,66.88020895641425
39.0,66.66666666666666,50.0,74.97607273887382
43.0,65.21739130434783,48.38709677419355,74.16164155504636
56.0,74.19354838709677,58.97435897435898,79.45526247142047
78.0,70.24390243902438,54.13533834586466,77.00679578956972
89.0,63.519313304721024,46.540880503144656,73.18561329855649
109.0,52.21674876847291,35.333333333333336,67.56990470110196
123.0,77.87610619469027,63.76811594202898,81.8341458164066
110.0,79.0909090909091,65.41353383458647,82.66084865180581
73.0,69.06474820143885,52.74725274725275,76.33073617254115
66.0,75.0,60.0,79.96608478802992
62.0,73.17073170731707,57.692307692307686,78.8132400802206
50.0,77.31092436974791,63.013698630136986,81.47991933302181
40.0,67.88990825688074,51.388888888888886,75.65954147470033
40.0,52.5,35.59322033898305,67.75872760544009
45.0,65.78947368421053,49.01960784313725,74.48388220515221
41.0,64.1025641025641,47.16981132075472,73.55698996577506
48.0,69.3069306930693,53.03030303030303,76.48423868932035
58.0,76.27118644067797,61.64383561643836,80.79399097651823
80.0,69.23076923076923,52.94117647058824,76.40672107897926
88.0,59.893048128342244,42.74809160305343,71.29922537056103
113.0,51.02040816326531,34.24657534246575,67.0275289831269
130.0,72.03065134099617,56.287425149700596,78.07083209883096
121.0,82.62548262548263,70.39473684210526,85.15243043547274
77.0,71.14093959731544,55.208333333333336,77.56127218708644
63.0,71.7557251908397,55.952380952380956,77.93928569053746
66.0,72.72727272727273,57.14285714285714,78.53552049610141
55.0,75.40983606557377,60.526315789473685,80.23323569246276
41.0,66.66666666666666,50.0,74.96410051854807
46.0,51.76470588235295,34.92063492063492,67.41944335256933
50.0,64.44444444444444,47.540983606557376,73.73858560749429
52.0,65.93406593406593,49.18032786885246,74.55925419087738
51.0,71.69811320754717,55.88235294117647,77.91125904268922
58.0,70.34482758620689,54.25531914893617,77.08476680638829
82.0,65.23605150214593,48.40764331210191,74.12298333269767
91.0,12.676056338028168,6.7669172932330826,53.25987142792697
113.0,26.72413793103448,15.422885572139302,57.5419343605038
128.0,50.442477876106196,33.72781065088758,66.75217125253731
121.0,69.6,53.37423312883436,76.61125160404664
86.0,69.1358024691358,52.83018867924528,76.36521405231218
72.0,70.83333333333334,54.83870967741935,77.37745957686428
68.0,71.83098591549296,56.043956043956044,77.98207777260147
58.0,78.57142857142857,64.70588235294117,82.32301360120273
47.0,68.37606837606837,51.94805194805194,75.93712634102772
49.0,58.82352941176471,41.66666666666667,70.79843871508047
48.0,66.66666666666666,50.0,74.97208263539922
54.0,71.57894736842105,55.73770491803278,77.8419289218619
51.0,69.90291262135922,53.73134328358209,76.83475819942967
63.0,72.85714285714285,57.30337078651685,78.6137801563507
82.0,62.8099173553719,45.78313253012048,72.8017459057788
92.0,8.571428571428571,4.477611940298507,52.111239695483114
118.0,7.511737089201878,3.902439024390244,51.75487921559171
131.0,44.0,28.205128205128204,63.96290208464745
122.0,61.15702479338842,44.047619047619044,71.93000089341552
87.0,36.241610738255034,22.131147540983605,60.97085602936038
72.0,66.17647058823529,49.45054945054945,74.67939493033747
72.0,68.91891891891892,52.57731958762887,76.24277450703138
57.0,75.71428571428571,60.91954022988506,80.42585354969304
47.0,66.08695652173913,49.35064935064935,74.63643201905597
50.0,60.0,42.857142857142854,71.3926783898269
54.0,65.26315789473685,48.4375,74.18584542327251
58.0,70.70707070707071,54.6875,77.31483155002891
53.0,71.69811320754717,55.88235294117647,77.91125904268922
61.0,63.829787234042556,46.875,73.38663327083043
84.0,58.68725868725869,41.53005464480874,70.65824089525866
94.0,0.0,0.0,49.86348054846938
117.0,0.0,0.0,49.7917330994898
128.0,43.83561643835616,28.07017543859649,63.912401795263776
131.0,46.808510638297875,30.555555555555557,65.15307954749507
91.0,49.122807017543856,32.55813953488372,66.16334750088161
81.0,70.96774193548387,55.00000000000001,77.45510863709822
74.0,70.44025157232704,54.36893203883495,77.13757854934565
61.0,75.0,60.0,79.9640876261921
51.0,65.57377049180327,48.78048780487805,74.34835783254911
45.0,76.59574468085107,62.06896551724138,81.01254418662229
48.0,43.83561643835616,28.07017543859649,63.95332320111062
45.0,43.90243902439025,28.125,63.99370500907297
38.0,63.73626373626373,46.774193548387096,73.35419350979089
44.0,62.121212121212125,45.05494505494506,72.47760716395403
67.0,76.57142857142857,62.03703703703704,80.97760770409397
77.0,68.14159292035397,51.67785234899329,75.76706845278564
90.0,72.03389830508475,56.29139072847682,78.07981526601718
101.0,75.63025210084034,60.810810810810814,80.34750499411282
96.0,81.08108108108108,68.18181818181817,84.04898120686963
75.0,73.86363636363636,58.55855855855856,79.23338117307506
69.0,76.72955974842768,62.244897959183675,81.08553388431099
53.0,75.0,60.0,79.97207483943032
47.0,76.10619469026548,61.42857142857143,80.68735734375134
44.0,62.01550387596899,44.9438202247191,72.42304303082133
47.0,74.22680412371135,59.01639344262295,79.48326652585874
51.0,40.55944055944056,25.438596491228072,62.63454741306174
49.0,65.21739130434783,48.38709677419355,74.16164155504636
40.0,70.0,53.84615384615385,76.89316128517581
49.0,64.0,47.05882352941176,73.47554965171514
76.0,69.90291262135922,53.73134328358209,76.80380033411102
87.0,66.94560669456067,50.314465408805034,75.078384093735
98.0,68.57142857142857,52.17391304347826,76.01009794152672
111.0,76.57992565055763,62.048192771084345,80.96118823144715
109.0,85.0,73.91304347826086,86.92057494039256
81.0,73.62637362637363,58.26086956521739,79.0825391949897
66.0,72.95597484276729,57.42574257425742,78.66997252819978
61.0,74.07407407407408,58.82352941176471,79.37685268417705
50.0,77.41935483870968,63.1578947368421,81.55101886538881
46.0,67.2566371681416,50.66666666666667,75.2964351722579
52.0,84.90566037735849,73.77049180327869,86.86928771209594
50.0,47.82608695652174,31.428571428571427,65.64249104703406
48.0,68.81720430107528,52.459016393442624,76.20059147687448
47.0,69.90291262135922,53.73134328358209,76.83475819942967
51.0,70.4225352112676,54.347826086956516,77.1320186174319
79.0,69.36936936936937,53.103448275862064,76.48385851187062
87.0,66.4,49.700598802395206,74.76645535113072
106.0,70.49808429118774,54.437869822485204,77.1420640542823
113.0,72.28070175438597,56.59340659340659,78.21781846855241
106.0,77.09923664122137,62.732919254658384,81.30654949253139
78.0,72.1311475409836,56.41025641025641,78.15424015883006
72.0,75.60975609756098,60.78431372549019,80.35224785528212
64.0,79.19463087248322,65.55555555555556,82.74685014843045
52.0,77.77777777777779,63.63636363636363,81.7902527579947
42.0,59.25925925925925,42.10526315789473,71.00875793504183
49.0,81.1881188118812,68.33333333333333,84.14771782852964
49.0,45.94594594594595,29.82456140350877,64.8325072583337
49.0,71.73913043478261,55.932203389830505,77.94017584285216
44.0,71.84466019417476,56.060606060606055,78.00138342680076
52.0,67.10526315789474,50.495049504950494,75.19764944075456
79.0,69.12442396313364,52.816901408450704,76.34158577138967
91.0,66.66666666666666,50.0,74.91915360814451
114.0,71.4859437751004,55.625,77.74162332541378
115.0,76.92307692307693,62.5,81.18708933314693
112.0,83.73983739837398,72.02797202797203,85.97404432884632
78.0,71.42857142857143,55.55555555555556,77.72589296206866
69.0,72.28915662650603,56.60377358490566,78.2559932654355
73.0,71.05263157894737,55.10204081632652,77.50712750684248
53.0,73.2824427480916,57.831325301204814,78.8807520218121
43.0,57.14285714285714,40.0,69.95213784301212
52.0,81.48148148148148,68.75,84.35505266097503
49.0,50.349650349650354,33.64485981308411,66.7516281514563
50.0,72.3404255319149,56.666666666666664,78.3074069642216
47.0,73.39449541284404,57.971014492753625,78.95658591240522
52.0,68.05555555555556,51.578947368421055,75.74359022818882
80.0,69.12442396313364,52.816901408450704,76.34158577138967
90.0,66.94560669456067,50.314465408805034,75.078384093735
114.0,65.53191489361701,48.734177215189874,74.28624867067005
124.0,72.66435986159169,57.065217391304344,78.45372071658245
116.0,76.98412698412699,62.58064516129033,81.23241407608236
87.0,72.3404255319149,56.666666666666664,78.28144541124504
71.0,72.28915662650603,56.60377358490566,78.2559932654355
76.0,72.8395061728395,57.28155339805825,78.59687941866518
58.0,74.28571428571429,59.09090909090909,79.50954360458789
45.0,52.17391304347826,35.294117647058826,67.59221895594277
54.0,84.48275862068965,73.13432835820896,86.5492097832699
51.0,45.97701149425287,29.850746268656714,64.83162812076525
54.0,75.0,60.0,79.97407104533578
53.0,72.88135593220339,57.333333333333336,78.63475156084814
53.0,61.146496815286625,44.03669724770643,71.95750438510441
81.0,65.21739130434783,48.38709677419355,74.11370966132284
94.0,54.54545454545454,37.5,68.65023146300582
114.0,67.17557251908397,50.57471264367817,75.20150741591351
124.0,60.50420168067227,43.373493975903614,71.59294210211435
119.0,70.07874015748031,53.939393939393945,76.89382897999904
97.0,76.55502392344498,62.01550387596899,80.95884583769704
75.0,74.72527472527473,59.64912280701754,79.77866054935375
80.0,75.0,60.0,79.95609658750749
58.0,74.32432432432432,59.13978494623656,79.53198421111234
46.0,49.6,32.97872340425532,66.42654387382973
53.0,82.45614035087719,70.1492537313433,85.05467833288623
53.0,52.28758169934641,35.39823008849557,67.62631306562963
55.0,73.58490566037736,58.2089552238806,79.0765541223019
52.0,75.86206896551724,61.111111111111114,80.52762928092059
59.0,65.45454545454545,48.64864864864865,74.26746306579514
82.0,65.78947368421053,49.01960784313725,74.43196116393904
95.0,51.35135135135135,34.54545454545455,67.16498370242459
117.0,65.67164179104478,48.888888888888886,74.35260607996592
129.0,69.79865771812081,53.608247422680414,76.71425312498455
128.0,55.41125541125541,38.32335329341318,69.05890685104886
96.0,70.80745341614907,54.807692307692314,77.35695774825146
75.0,75.70621468926554,60.909090909090914,80.41163899063677
79.0,72.52747252747253,56.896551724137936,78.3983856206002
59.0,71.52317880794702,55.670103092783506,77.79215621101008
47.0,48.484848484848484,32.0,65.93219527760051
56.0,81.81818181818183,69.23076923076923,84.591443032846
54.0,46.590909090909086,30.37037037037037,65.0914383017704
55.0,69.64285714285714,53.42465753424658,76.67842167256238
52.0,72.1311475409836,56.41025641025641,78.17121772878575
59.0,60.35502958579882,43.22033898305085,71.54333657381969
81.0,61.72839506172839,44.642857142857146,72.22861605271638
94.0,50.65502183406113,33.91812865497076,66.84633037960238
116.0,55.08474576271186,38.01169590643275,68.90008275196315
133.0,61.32404181184668,44.221105527638194,71.99974778058957
128.0,48.62385321100918,32.121212121212125,65.94888090449011
102.0,73.51351351351352,58.119658119658126,79.01093467170742
76.0,77.27272727272727,62.96296296296296,81.44156769525972
81.0,72.92817679558011,57.391304347826086,78.64675973727365
61.0,71.14093959731544,55.208333333333336,77.56127218708644
62.0,51.35135135135135,34.54545454545455,67.20092544576968
51.0,63.63636363636363,46.666666666666664,73.27747521295909
53.0,40.17857142857143,25.139664804469277,62.436182564808696
51.0,36.81592039800995,22.5609756097561,61.15383988609228
53.0,40.42553191489361,25.333333333333336,62.554974935843745
60.0,41.45454545454545,26.146788990825687,62.91277676560978
71.0,39.285714285714285,24.444444444444443,62.01867003702964
86.0,44.64831804281346,28.74015748031496,64.1894508336449
101.0,40.909090909090914,25.71428571428571,62.64957459911955
116.0,9.63855421686747,5.063291139240507,52.2326025074193
110.0,0.0,0.0,49.63827327806122
99.0,0.0,0.0,49.64624521683674
83.0,0.0,0.0,49.693080357142854
79.0,0.0,0.0,49.58047672193878
60.0,6.289308176100629,3.2467532467532463,51.177811343577574
60.0,6.303724928366762,3.2544378698224854,51.301294485593985
46.0,75.55555555555556,60.71428571428571,80.33520516020216
69.0,81.48148148148148,68.75,84.34506585511873
93.0,81.61434977578476,68.93939393939394,84.42876655140806
104.0,84.16666666666667,72.66187050359713,86.29299216642661
104.0,85.35564853556485,74.45255474452554,87.19132909571206
86.0,87.17948717948718,77.27272727272727,88.61140905370408
58.0,87.39495798319328,77.61194029850746,88.79100725722596
29.0,67.79661016949152,51.28205128205128,75.6220847366473
18.0,55.172413793103445,38.095238095238095,69.03466258134571
7.0,0.0,0.0,49.99302455357143
87.0,79.24528301886792,65.625,82.77957441182926
81.0,82.29166666666666,69.91150442477876,84.92181804467475
108.0,83.06451612903226,71.03448275862068,85.47530260991365
116.0,86.92307692307692,76.87074829931973,88.40141693574938
109.0,84.0,72.41379310344827,86.1669532711825
92.0,86.69950738916256,76.52173913043478,88.23391700172914
65.0,57.831325301204814,40.67796610169492,70.26916179326686
29.0,59.25925925925925,42.10526315789473,71.03070175438597
19.0,0.0,0.0,49.95316485969388
8.0,0.0,0.0,49.986049107142854
92.0,77.52808988764045,63.30275229357798,81.61146156399617
108.0,80.88888888888889,67.91044776119402,83.91229685653792
121.0,84.84848484848484,73.68421052631578,86.80215639770567
121.0,86.66666666666667,76.47058823529412,88.19933654757975
108.0,85.83333333333333,75.18248175182481,87.55729044354366
98.0,87.37864077669903,77.58620689655173,88.76714809148953
74.0,81.69014084507043,69.04761904761905,84.49787073934087
33.0,66.66666666666666,50.0,74.97806755194003
18.0,28.57142857142857,16.666666666666664,58.31838505437852
8.0,0.0,0.0,49.99202806122449
97.0,70.10309278350515,53.96825396825397,76.92625199410543
112.0,76.15062761506276,61.48648648648649,80.68633997879282
123.0,83.94160583941606,72.32704402515722,86.11957562716881
124.0,86.34686346863468,75.97402597402598,87.9500565955549
119.0,85.71428571428571,75.0,87.46304803755119
104.0,86.66666666666667,76.47058823529412,88.20734163686438
75.0,81.42857142857143,68.67469879518072,84.31141113066565
30.0,57.6271186440678,40.476190476190474,70.21317448608663
19.0,56.25,39.130434782608695,69.55126399564585
8.0,0.0,0.0,49.99202806122449
100.0,75.24752475247524,60.317460317460316,80.10882995912935
124.0,78.59922178988327,64.74358974358975,82.31687724823023
127.0,84.58781362007169,73.29192546583852,86.6030125551255
125.0,86.95652173913044,76.92307692307693,88.42557873643058
119.0,85.49618320610686,74.66666666666667,87.29538191115373
102.0,86.51162790697674,76.22950819672131,88.08580215858069
79.0,82.89473684210526,70.78651685393258,85.36731705446815
35.0,65.78947368421053,49.01960784313725,74.48388220515221
20.0,25.0,14.285714285714285,57.07707422648119
9.0,0.0,0.0,49.93124202806122
99.0,72.55813953488372,56.934306569343065,78.4082686984605
122.0,79.25925925925927,65.6441717791411,82.76616306307112
129.0,81.5068493150685,68.78612716763006,84.33912507371654
126.0,84.21052631578947,72.72727272727273,86.31868670725152
126.0,85.60885608856088,74.83870967741936,87.380401582617
106.0,86.87782805429865,76.8,88.3710463258786
82.0,81.48148148148148,68.75,84.34506585511873
38.0,69.23076923076923,52.94117647058824,76.44665954279776
20.0,56.60377358490566,39.473684210526315,69.71391592755538
14.0,0.0,0.0,49.986049107142854
98.0,71.7948717948718,56.00000000000001,77.94511635333095
126.0,78.08764940239044,64.05228758169935,81.97122945721014
129.0,83.33333333333334,71.42857142857143,85.66834176590274
130.0,86.92579505300353,76.875,88.40053917847082
125.0,85.81818181818181,75.15923566878982,87.54066302197731
113.0,86.58008658008657,76.33587786259542,88.13698597978401
88.0,86.54970760233918,76.28865979381443,88.12137672138527
37.0,69.1358024691358,52.83018867924528,76.39016812122908
19.0,58.333333333333336,41.17647058823529,70.5682998848437
14.0,0.0,0.0,49.986049107142854
107.0,74.3801652892562,59.210526315789465,79.54336961478887
127.0,77.44360902255639,63.190184049079754,81.53517949683034
131.0,80.8080808080808,67.79661016949152,83.84136885332497
129.0,85.12110726643598,74.09638554216868,87.0052383028207
124.0,85.81818181818181,75.15923566878982,87.54066302197731
113.0,88.49557522123894,79.36507936507937,89.65657914256045
89.0,86.58536585365853,76.34408602150538,88.150089113936
41.0,71.73913043478261,55.932203389830505,77.94017584285216
22.0,53.333333333333336,36.36363636363637,68.15390749601275
13.0,0.0,0.0,49.97608418367347
76.0,80.57553956834532,67.46987951807229,83.70800440388851
75.0,84.52380952380952,73.19587628865979,86.57199262991017
97.0,83.1858407079646,71.21212121212122,85.56812282402315
100.0,84.71615720524017,73.48484848484848,86.70747945518808
101.0,86.20689655172413,75.75757575757575,87.8468364449673
87.0,86.73469387755102,76.57657657657657,88.26233552232235
63.0,81.81818181818183,69.23076923076923,84.591443032846
31.0,70.96774193548387,55.00000000000001,77.4820552697691
23.0,56.41025641025641,39.285714285714285,69.62591305833607
9.0,0.0,0.0,49.99103156887755
89.0,81.3953488372093,68.62745098039215,84.28179318667954
90.0,82.1256038647343,69.67213114754098,84.79913279143435
104.0,80.99173553719008,68.05555555555556,83.98184942600655
108.0,82.8125,70.66666666666667,85.2893948472139
105.0,85.0,73.91304347826086,86.92057494039256
95.0,88.0,78.57142857142857,89.26175645150249
63.0,83.87096774193549,72.22222222222221,86.09116058840742
33.0,66.66666666666666,50.0,74.97906489881368
22.0,0.0,0.0,49.95416135204081
8.0,0.0,0.0,49.97708067602041
90.0,80.58252427184466,67.47967479674797,83.69991166024691
100.0,78.63247863247864,64.7887323943662,82.34445005629978
114.0,85.03937007874016,73.97260273972603,86.94835297967367
115.0,83.65019011406845,71.89542483660131,85.90476910347621
108.0,85.59670781893004,74.82014388489209,87.3751222699744
100.0,87.61904761904762,77.96610169491525,88.9570944541983
72.0,80.88235294117648,67.90123456790124,83.92468005205181
33.0,70.4225352112676,54.347826086956516,77.15297627252653
22.0,57.14285714285714,40.0,69.9820588469819
9.0,0.0,0.0,49.99003507653062
105.0,78.83817427385893,65.06849315068493,82.48332906171454
119.0,79.38931297709924,65.82278481012658,82.8574700532499
118.0,84.4106463878327,73.02631578947368,86.4722111255368
118.0,86.46616541353383,76.15894039735099,88.04351406515839
111.0,85.8267716535433,75.17241379310344,87.55025507199663
102.0,88.78504672897196,79.83193277310924,89.89200520367089
76.0,80.0,66.66666666666666,83.30540037243948
36.0,70.4225352112676,54.347826086956516,77.15297627252653
20.0,58.333333333333336,41.17647058823529,70.5682998848437
10.0,0.0,0.0,49.99003507653062
112.0,80.97165991902834,68.02721088435374,83.96667677375287
125.0,80.14705882352942,66.87116564417178,83.38165508525324
121.0,82.65682656826569,70.44025157232704,85.17318586925717
120.0,86.79245283018868,76.66666666666667,88.29837598130281
119.0,87.54716981132076,77.85234899328859,88.89321404918124
109.0,90.7488986784141,83.06451612903226,91.5112886798178
82.0,79.47019867549669,65.93406593406593,82.93610472056477
36.0,70.88607594936708,54.90196078431373,77.4280482712348
21.0,24.46043165467626,13.934426229508196,56.86254595631792
10.0,0.0,0.0,49.89437181122449
110.0,78.76447876447877,64.96815286624204,82.42915771282705
125.0,79.85611510791367,66.46706586826348,83.1776056396146
119.0,81.75182481751825,69.1358024691358,84.51796515275262
121.0,84.13284132841329,72.61146496815286,86.26278573804152
119.0,87.54716981132076,77.85234899328859,88.89321404918124
110.0,87.28813559322035,77.44360902255639,88.69184824742342
81.0,79.73856209150327,66.30434782608695,83.12124504942979
36.0,74.07407407407408,58.82352941176471,79.39082584734926
23.0,63.33333333333333,46.34146341463415,73.14880057108485
13.0,0.0,0.0,49.9870455994898
109.0,79.32489451476793,65.73426573426573,82.81821309555825
129.0,78.85304659498208,65.08875739644971,82.48545647555878
124.0,83.33333333333334,71.42857142857143,85.66834176590274
121.0,84.01486988847584,72.43589743589743,86.17500282976782
120.0,87.59689922480621,77.93103448275862,88.93355751064004
110.0,86.20689655172413,75.75757575757575,87.8468364449673
84.0,82.20858895705521,69.79166666666666,84.86689641581353
39.0,76.74418604651163,62.264150943396224,81.11213250857266
26.0,48.35164835164835,31.88405797101449,65.89517330101549
16.0,0.0,0.0,49.92725605867347
121.0,75.81227436823104,61.04651162790697,80.45635081904625
129.0,80.6896551724138,67.63005780346822,83.7590949038516
126.0,82.63888888888889,70.41420118343196,85.15715752680997
124.0,84.78260869565217,73.58490566037736,86.7505023317768
124.0,86.02941176470588,75.48387096774194,87.70398027102213
115.0,86.4,76.05633802816901,87.99421519128352
92.0,84.0909090909091,72.54901960784314,86.246566807634
42.0,77.41935483870968,63.1578947368421,81.55800600424075
24.0,59.45945945945946,42.30769230769231,71.12393827012801
15.0,0.0,0.0,49.98505261479592
107.0,85.97285067873304,75.39682539682539,87.66746283718788
115.0,83.1275720164609,71.12676056338029,85.52244168957832
113.0,86.4,76.05633802816901,87.99421519128352
120.0,85.29411764705883,74.35897435897436,87.13953512195623
126.0,85.61151079136691,74.84276729559748,87.38142919587392
103.0,86.95652173913044,76.92307692307693,88.43158399233167
63.0,85.49618320610686,74.66666666666667,87.31437882415536
29.0,56.25,39.130434782608695,69.52334217943572
18.0,10.471204188481675,5.524861878453039,52.59199678063305
16.0,0.0,0.0,49.91230867346938
50.0,78.26086956521739,64.28571428571429,82.12291298649497
76.0,80.59701492537313,67.5,83.72406328558317
76.0,40.298507462686565,25.233644859813083,62.53706012158534
80.0,87.11656441717791,77.17391304347827,88.56600052932319
82.0,86.33879781420765,75.96153846153845,87.95581763686141
82.0,88.39779005524862,79.20792079207921,89.58300063877356
81.0,87.00564971751412,77.0,88.47704545000899
70.0,82.42424242424242,70.10309278350515,85.0226088967418
59.0,86.56716417910447,76.31578947368422,88.13993711682535
37.0,76.92307692307693,62.5,81.23205240697165
19.0,72.0,56.25,78.11104410064196
61.0,69.90291262135922,53.73134328358209,76.83475819942967
81.0,69.29133858267717,53.01204819277109,76.46712678528684
83.0,42.33576642335766,26.851851851851855,63.34715750508321
88.0,88.09523809523809,78.72340425531915,89.34174284459702
88.0,88.88888888888889,80.0,89.97903856903298
90.0,92.14659685863874,85.43689320388349,92.70347295555939
82.0,91.22807017543859,83.87096774193549,91.92051321345647
73.0,86.79245283018868,76.66666666666667,88.3123781773671
65.0,88.40579710144928,79.22077922077922,89.59442632594383
40.0,82.6086956521739,70.37037037037037,85.16922922363905
26.0,67.6923076923077,51.162790697674424,75.5604598302345
68.0,71.30434782608695,55.4054054054054,77.66979156278049
86.0,40.845070422535215,25.663716814159294,62.74810464314561
92.0,14.864864864864865,8.02919708029197,53.889012972519154
93.0,87.15083798882681,77.22772277227723,88.59090637795465
100.0,80.93023255813954,67.96875,83.94344785032641
96.0,92.78350515463917,86.53846153846155,93.25525480788428
83.0,88.09523809523809,78.72340425531915,89.34174284459702
78.0,83.8323353293413,72.16494845360825,86.05553134571204
74.0,84.07643312101911,72.52747252747253,86.23879114300188
58.0,82.35294117647058,70.0,84.97905320485965
35.0,57.65765765765766,40.50632911392405,70.20629952824473
77.0,58.620689655172406,41.46341463414634,70.68384325102076
91.0,26.923076923076923,15.555555555555555,57.664130085623455
95.0,0.0,0.0,49.842554209183675
93.0,80.50314465408806,67.36842105263158,83.65327981111783
105.0,74.17840375586854,58.95522388059702,79.4227184337013
100.0,83.90243902439025,72.26890756302521,86.1015130747847
83.0,87.8048780487805,78.26086956521739,89.1104762962603
84.0,79.19463087248322,65.55555555555556,82.74685014843045
77.0,85.53459119496856,74.72527472527473,87.33968693555984
73.0,81.37931034482759,68.6046511627907,84.2753886138993
68.0,78.04878048780488,64.0,81.97306894350463
82.0,27.722772277227726,16.091954022988507,57.97321276764432
99.0,12.222222222222221,6.508875739644971,53.09695755486186
99.0,0.0,0.0,49.82959980867347
99.0,23.595505617977526,13.375796178343949,56.55231838625103
111.0,63.716814159292035,46.75324675324675,73.29479358259495
105.0,72.72727272727273,57.14285714285714,78.50854427852751
93.0,78.04878048780488,64.0,81.96408045977012
89.0,31.818181818181817,18.91891891891892,59.369737597232366
89.0,82.35294117647058,70.0,84.97006346545324
83.0,83.13253012048193,71.1340206185567,85.53907010132338
95.0,58.620689655172406,41.46341463414634,70.65988686819537
84.0,0.0,0.0,49.87543845663265
104.0,2.127659574468085,1.0752688172043012,50.354272508016194
103.0,0.0,0.0,49.8176419005102
107.0,3.4482758620689653,1.7543859649122806,50.709772258162204
121.0,55.55555555555556,38.46153846153847,69.12699959935098
108.0,57.14285714285714,40.0,69.91020831670525
93.0,77.01863354037268,62.62626262626263,81.27621548122805
99.0,15.068493150684931,8.148148148148149,53.95048192815561
96.0,73.03370786516854,57.52212389380531,78.71316827086345
105.0,80.0,66.66666666666666,83.29241026869485
104.0,50.26737967914438,33.57142857142857,66.6929536082621
89.0,0.0,0.0,49.84654017857143
104.0,0.0,0.0,49.80269451530612
105.0,0.0,0.0,49.80966996173469
110.0,0.0,0.0,49.820631377551024
120.0,13.903743315508022,7.471264367816093,53.57515533842432
116.0,7.142857142857142,3.7037037037037033,51.6963804546025
96.0,48.97959183673469,32.432432432432435,66.14142562985802
102.0,0.0,0.0,49.857501594387756
108.0,0.0,0.0,49.867466517857146
116.0,75.5980861244019,60.76923076923077,80.33371413304343
113.0,46.231155778894475,30.065359477124183,64.92595721711784
86.0,0.0,0.0,49.83159279336735
110.0,0.0,0.0,49.79771205357143
111.0,0.0,0.0,49.8046875
114.0,0.0,0.0,49.81365593112245
127.0,4.301075268817205,2.197802197802198,50.921511319741406
114.0,0.0,0.0,49.83657525510204
98.0,18.181818181818183,10.0,54.883380180611205
108.0,0.0,0.0,49.84654017857143
118.0,0.0,0.0,49.84554368622449
122.0,68.77470355731225,52.40963855421686,76.12595964724957
120.0,49.28909952606635,32.70440251572327,66.24546596139686
53.0,76.76767676767676,62.295081967213115,81.124604288884
78.0,75.38461538461539,60.49382716049383,80.21499465431877
81.0,65.04065040650406,48.19277108433735,74.05350218490044
82.0,91.13924050632912,83.72093023255815,91.84649417583519
83.0,87.57396449704143,77.89473684210526,88.92641117383695
83.0,91.22807017543859,83.87096774193549,91.92051321345647
82.0,90.79754601226993,83.14606741573034,91.55806424556825
70.0,89.47368421052632,80.95238095238095,90.46022496170177
62.0,90.625,82.85714285714286,91.4165996818936
39.0,82.75862068965517,70.58823529411765,85.27915952978718
22.0,66.66666666666666,50.0,74.97906489881368
66.0,70.9090909090909,54.929577464788736,77.43287617280762
85.0,64.0,47.05882352941176,73.48453383268098
87.0,64.61538461538461,47.72727272727273,73.81775931412903
89.0,89.82035928143712,81.52173913043478,90.74390383599042
89.0,90.3954802259887,82.4742268041237,91.22014597951315
92.0,92.06349206349206,85.29411764705883,92.63208547608785
81.0,91.25,83.9080459770115,91.94005176921748
76.0,91.92546583850931,85.0574712643678,92.51576209819325
68.0,89.20863309352518,80.51948051948052,90.24477438194165
56.0,84.68468468468468,73.4375,86.7017937471324
33.0,70.88607594936708,54.90196078431373,77.4280482712348
78.0,56.14035087719298,39.02439024390244,69.46233870842218
95.0,49.62406015037594,33.0,66.43319107352971
96.0,32.432432432432435,19.35483870967742,59.57772243347964
95.0,89.3854748603352,80.8080808080808,90.38507681413303
99.0,84.1025641025641,72.56637168141593,86.25224401134717
98.0,91.37055837563452,84.11214953271028,92.0391039561487
83.0,92.12121212121212,85.39325842696628,92.68365516158694
83.0,86.54970760233918,76.28865979381443,88.12137672138527
80.0,88.19875776397515,78.88888888888889,89.42548426083003
76.0,81.69014084507043,69.04761904761905,84.49787073934087
101.0,59.13978494623656,41.98473282442748,70.91654988820186
83.0,43.24324324324324,27.586206896551722,63.730294387819654
101.0,34.61538461538461,20.930232558139537,60.36341933596023
99.0,23.52941176470588,13.333333333333334,56.537071005130656
102.0,81.14285714285714,68.26923076923077,84.10168453939035
106.0,83.09178743961353,71.07438016528926,85.50225296944838
103.0,85.14851485148515,74.13793103448276,87.03901942021604
88.0,89.1566265060241,80.43478260869566,90.19942794959152
101.0,73.98843930635837,58.71559633027523,79.31289873985025
89.0,85.22727272727273,74.25742574257426,87.1027652854106
113.0,74.73684210526315,59.66386554621849,79.78403336187284
125.0,38.095238095238095,23.52941176470588,61.63505852316992
87.0,33.92857142857143,20.43010752688172,60.14128539611426
102.0,28.57142857142857,16.666666666666664,58.20870969671592
104.0,4.166666666666666,2.127659574468085,50.88046057731616
111.0,52.63157894736842,35.714285714285715,67.7673690870435
112.0,73.36244541484717,57.931034482758626,78.90462927523701
110.0,70.53571428571429,54.48275862068965,77.17550710242818
98.0,77.57575757575758,63.366336633663366,81.64625101159541
104.0,6.6115702479338845,3.418803418803419,51.596789096789095
100.0,79.3296089385475,65.74074074074075,82.83344790754231
118.0,76.92307692307693,62.5,81.2020919833919
129.0,9.836065573770492,5.172413793103448,52.42175616200512
90.0,3.278688524590164,1.6666666666666667,50.7157425492619
107.0,11.578947368421053,6.145251396648044,52.90517827482159
112.0,2.955665024630542,1.5,50.55367926972675
120.0,39.25233644859813,24.418604651162788,62.079649794365054
120.0,74.59016393442623,59.47712418300654,79.67666731262736
117.0,54.976303317535546,37.908496732026144,68.85947203814683
95.0,60.273972602739725,43.13725490196079,71.51078016780797
111.0,0.0,0.0,49.87244897959184
107.0,68.18181818181817,51.724137931034484,75.80619858480051
122.0,74.10714285714286,58.86524822695035,79.3747317931909
128.0,2.2346368715083798,1.1299435028248588,50.39057863944208
97.0,0.0,0.0,49.85152264030612
108.0,0.0,0.0,49.79771205357143
120.0,0.0,0.0,49.78176817602041
120.0,34.45378151260504,20.812182741116754,60.25051143638066
123.0,57.72357723577236,40.57142857142857,70.18193222803542
117.0,16.574585635359114,9.036144578313253,54.367556948553364
99.0,40.25157232704403,25.196850393700785,62.503698011145225
115.0,0.0,0.0,49.867466517857146
116.0,53.57142857142857,36.58536585365854,68.2148867528052
123.0,77.47747747747748,63.23529411764706,81.5677368971146
128.0,28.971962616822427,16.939890710382514,58.31838488056766
98.0,0.0,0.0,49.85650510204081
108.0,0.0,0.0,49.793726084183675
119.0,0.0,0.0,49.776785714285715
121.0,20.72072072072072,11.557788944723619,55.60343138939569
133.0,46.28099173553719,30.107526881720432,64.92407469385303
116.0,0.0,0.0,49.83159279336735
102.0,0.0,0.0,49.87045599489796
117.0,0.0,0.0,49.84654017857143
126.0,0.0,0.0,49.864477040816325
125.0,66.66666666666666,50.0,74.92814944914578
130.0,10.0,5.263157894736842,52.4701182261772
108.0,0.0,0.0,49.84355070153062
108.0,0.0,0.0,49.76781728316326
123.0,0.0,0.0,49.77778220663265
137.0,0.0,0.0,49.74689094387755
153.0,0.0,0.0,49.84554368622449
147.0,0.0,0.0,49.751873405612244
128.0,6.5420560747663545,3.3816425120772946,51.49149497885552
138.0,9.345794392523365,4.901960784313726,52.257622340887075
148.0,0.0,0.0,49.849529655612244
141.0,0.0,0.0,49.859494579081634
153.0,0.0,0.0,49.847536670918366
34.0,57.14285714285714,40.0,69.95513101742911
39.0,66.05504587155964,49.31506849315068,74.6206375573053
38.0,31.896551724137932,18.974358974358974,59.329617509477494
26.0,58.97435897435898,41.81818181818181,70.87718853036979
29.0,12.903225806451612,6.896551724137931,53.42136949622211
35.0,66.66666666666666,50.0,74.96908964004388
45.0,69.42148760330579,53.16455696202531,76.54537737597416
40.0,58.46153846153847,41.30434782608695,70.59832254282527
35.0,46.55172413793103,30.337078651685395,65.10672353689377
31.0,53.333333333333336,36.36363636363637,68.15390749601275
39.0,68.04123711340206,51.5625,75.75033840715554
48.0,58.666666666666664,41.509433962264154,70.69288023015466
45.0,67.76859504132231,51.24999999999999,75.58610501645558
40.0,55.00000000000001,37.93103448275862,68.91167124094056
39.0,35.39823008849557,21.50537634408602,60.67991522364202
39.0,66.0,49.25373134328358,74.5929626343285
51.0,70.76923076923077,54.761904761904766,77.34305092473855
51.0,68.61313868613139,52.22222222222223,76.06822176562247
43.0,63.1578947368421,46.15384615384615,73.03504034856249
42.0,39.705882352941174,24.770642201834864,62.3035647348882
40.0,48.888888888888886,32.35294117647059,66.10766736545244
47.0,55.69620253164557,38.59649122807017,69.22842992744768
48.0,44.554455445544555,28.662420382165603,64.21950286427904
42.0,64.28571428571429,47.368421052631575,73.64432221359142
44.0,30.508474576271187,18.0,58.877365450956155
45.0,69.81132075471697,53.62318840579711,76.77968291627538
54.0,67.62589928057554,51.08695652173913,75.49859406210238
51.0,62.745098039215684,45.714285714285715,72.80028840454152
43.0,61.66666666666667,44.57831325301205,72.2432841519852
45.0,38.57142857142858,23.893805309734514,61.86115817342196
45.0,73.7864077669903,58.46153846153847,79.20384354566013
57.0,75.0,60.0,79.96608478802992
52.0,35.60606060606061,21.658986175115206,60.65993055888159
46.0,59.25925925925925,42.10526315789473,70.99778077313917
43.0,30.434782608695656,17.94871794871795,58.91056566468232
46.0,63.49206349206349,46.51162790697674,73.20993873408514
57.0,71.89542483660131,56.12244897959183,78.01832829857867
52.0,61.63522012578616,44.54545454545455,72.21188182017674
46.0,52.760736196319016,35.833333333333336,67.83987094329085
45.0,54.166666666666664,37.142857142857146,68.52756017661301
33.0,64.44444444444444,47.540983606557376,73.73858560749429
39.0,65.45454545454545,48.64864864864865,74.28643042723617
39.0,64.95726495726495,48.10126582278481,74.00974575993044
28.0,62.65060240963856,45.614035087719294,72.77611026569414
31.0,0.0,0.0,49.950175382653065
34.0,55.04587155963303,37.9746835443038,68.93848443557471
42.0,46.85714285714286,30.597014925373134,65.20575788654216
38.0,37.755102040816325,23.270440251572328,61.51355834553526
38.0,60.60606060606061,43.47826086956522,71.70024398322117
38.0,56.666666666666664,39.53488372093023,69.74152427837616
37.0,66.0,49.25373134328358,74.5929626343285
45.0,47.19101123595505,30.88235294117647,65.3474277172472
47.0,44.0,28.205128205128204,63.990859004024244
40.0,45.0,29.03225806451613,64.42837474426445
43.0,45.16129032258064,29.166666666666668,64.54944313756762
39.0,70.10309278350515,53.96825396825397,76.95520911088698
48.0,74.79674796747967,59.74025974025974,79.83921026111331
48.0,64.38356164383562,47.474747474747474,73.68550755213165
41.0,63.49206349206349,46.51162790697674,73.20993873408514
43.0,55.91397849462365,38.80597014925373,69.36210770673054
40.0,68.68686868686868,52.307692307692314,76.12293394452064
47.0,51.724137931034484,34.883720930232556,67.35807997001345
47.0,44.0,28.205128205128204,63.990859004024244
44.0,60.13986013986013,43.0,71.44315121776076
43.0,62.0,44.927536231884055,72.42587799728612
38.0,70.0,53.84615384615385,76.89316128517581
46.0,66.66666666666666,50.0,74.95611585414505
49.0,61.8421052631579,44.761904761904766,72.32310163587469
45.0,61.42857142857143,44.329896907216494,72.11109171253949
39.0,36.470588235294116,22.302158273381295,61.043391431037044
41.0,68.46846846846847,52.054794520547944,75.9924935943918
49.0,70.67669172932331,54.65116279069767,77.28668175641728
50.0,61.8421052631579,44.761904761904766,72.32310163587469
45.0,63.70370370370371,46.73913043478261,73.32069521160669
42.0,25.6198347107438,14.691943127962084,57.16649205455837
44.0,63.41463414634146,46.42857142857143,73.16940867736687
55.0,66.23376623376623,49.51456310679612,74.70541122920852
48.0,61.8421052631579,44.761904761904766,72.32310163587469
47.0,63.30935251798561,46.31578947368421,73.10702902232842
43.0,46.043165467625904,29.906542056074763,64.87848640774384
45.0,0.0,0.0,49.83856823979592
50.0,0.0,0.0,49.81963488520408
60.0,0.0,0.0,49.89237882653062
47.0,0.0,0.0,49.847536670918366
35.0,0.0,0.0,49.84554368622449
