gt_area_px,dice,fg_iou,miou
9.0,78.26086956521739,64.28571428571429,82.13787378726482
12.0,71.42857142857143,55.55555555555556,77.76980424989037
17.0,82.05128205128204,69.56521739130434,84.77563102420082
17.0,80.0,66.66666666666666,83.32535885167465
19.0,87.8048780487805,78.26086956521739,89.12545053283797
26.0,80.76923076923077,67.74193548387096,83.86099864613247
23.0,66.66666666666666,50.0,74.98006220591753
28.0,61.76470588235294,44.680851063829785,72.31450588282706
23.0,57.14285714285714,40.0,69.97308505123809
23.0,55.88235294117647,38.775510204081634,69.35784900717869
30.0,53.48837209302325,36.507936507936506,68.21409028056686
26.0,54.11764705882353,37.096774193548384,68.50950607270784
26.0,53.65853658536586,36.666666666666664,68.29545001395701
30.0,56.25,39.130434782608695,69.52334217943572
29.0,54.54545454545454,37.5,68.70513370156932
31.0,55.769230769230774,38.666666666666664,69.28746817689327
10.0,55.55555555555556,38.46153846153847,69.21482217499441
15.0,73.17073170731707,57.692307692307686,78.83518915246752
17.0,56.14035087719298,39.02439024390244,69.4872748667678
28.0,58.97435897435898,41.81818181818181,70.87718853036979
19.0,56.71641791044776,39.58333333333333,69.76275744163327
35.0,56.86274509803921,39.726027397260275,69.81914267942659
35.0,68.13186813186813,51.66666666666667,75.80441719014857
31.0,50.0,33.33333333333333,66.6108319374651
33.0,67.36842105263158,50.79365079365079,75.36591442043739
33.0,50.0,33.33333333333333,66.60684135657215
36.0,44.73684210526316,28.8135593220339,64.32301754542523
33.0,42.465753424657535,26.956521739130434,63.394503765167975
35.0,42.58064516129032,27.049180327868854,63.43584397802613
34.0,42.95302013422819,27.350427350427353,63.590457772214315
37.0,40.67796610169492,25.53191489361702,62.66125062590704
34.0,38.55421686746988,23.88059701492537,61.838591423863456
27.0,25.233644859813083,14.43850267379679,57.05972672025599
38.0,38.54166666666667,23.870967741935484,61.81781100154474
14.0,0.0,0.0,49.986049107142854
20.0,0.0,0.0,49.98007015306122
16.0,0.0,0.0,49.984056122448976
18.0,0.0,0.0,49.9820631377551
24.0,0.0,0.0,49.97608418367347
21.0,0.0,0.0,49.979073660714285
19.0,84.84848484848484,73.68421052631578,86.8371214108394
24.0,80.95238095238095,68.0,83.99202535935724
22.0,85.0,73.91304347826086,86.95054075864836
18.0,91.42857142857143,84.21052631578947,92.10227272727273
26.0,87.5,77.77777777777779,88.88290743140708
24.0,91.30434782608695,84.0,91.9960123616788
22.0,80.95238095238095,68.0,83.99202535935724
28.0,83.01886792452831,70.96774193548387,85.4748986026265
26.0,83.33333333333334,71.42857142857143,85.70631059665273
23.0,86.36363636363636,76.0,87.99401878102758
28.0,82.35294117647058,70.0,84.9910278137773
26.0,85.1063829787234,74.07407407407408,87.03005880910817
24.0,91.66666666666666,84.61538461538461,92.30370458986322
31.0,87.71929824561403,78.125,89.05552107634942
26.0,86.27450980392157,75.86206896551724,87.92405597655772
24.0,89.79591836734694,81.48148148148148,90.73575609345438
30.0,87.27272727272727,77.41935483870968,88.7026986348597
27.0,88.46153846153845,79.3103448275862,89.6491907177829
35.0,70.37037037037037,54.285714285714285,77.12690722559734
42.0,76.47058823529412,61.904761904761905,80.93642880881167
34.0,82.75862068965517,70.58823529411765,85.28414795492291
31.0,76.36363636363637,61.76470588235294,80.86939311663257
38.0,85.29411764705883,74.35897435897436,87.16951649330456
29.0,85.18518518518519,74.19354838709677,87.08879859886811
30.0,80.0,66.66666666666666,83.32236710930334
38.0,82.35294117647058,70.0,84.9880354151711
30.0,83.63636363636363,71.875,85.92852745598469
33.0,81.9672131147541,69.44444444444444,84.71125534219989
39.0,79.41176470588235,65.85365853658537,82.91287086433647
31.0,83.63636363636363,71.875,85.92852745598469
39.0,85.29411764705883,74.35897435897436,87.16951649330456
41.0,84.93150684931507,73.80952380952381,86.89379371251943
32.0,78.68852459016394,64.86486486486487,82.41947183265576
40.0,82.85714285714286,70.73170731707317,85.35388883511743
41.0,84.93150684931507,73.80952380952381,86.89379371251943
29.0,80.7017543859649,67.64705882352942,83.81256296907932
40.0,81.57894736842105,68.88888888888889,84.4304849270449
43.0,80.55555555555556,67.44186046511628,83.70697127190246
31.0,86.20689655172413,75.75757575757575,87.87081196604436
41.0,80.0,66.66666666666666,83.31937465103294
42.0,76.47058823529412,61.904761904761905,80.93642880881167
31.0,89.65517241379311,81.25,90.61901794616152
39.0,83.5820895522388,71.7948717948718,85.88646836134272
47.0,79.48717948717949,65.95744680851064,82.96276967008441
36.0,56.470588235294116,39.34426229508197,69.63524328663813
122.0,0.0,0.0,49.87842793367347
114.0,81.44329896907216,68.69565217391305,84.31189579172926
143.0,80.49792531120332,67.36111111111111,83.63362969840985
177.0,70.8029197080292,54.80225988700565,77.32125614410587
172.0,71.32352941176471,55.42857142857143,77.63640875987367
179.0,63.358778625954194,46.36871508379888,73.08853577039444
174.0,71.58671586715867,55.74712643678161,77.79668468647124
177.0,64.8854961832061,48.0225988700565,73.91946657084108
150.0,68.42105263157895,52.0,75.92814084394587
147.0,50.0,33.33333333333333,66.56891495601172
169.0,23.958333333333336,13.609467455621301,56.659179124895566
98.0,91.78743961352657,84.82142857142857,92.39374178117164
129.0,88.05970149253731,78.66666666666666,89.30137041032403
161.0,90.69069069069069,82.96703296703298,91.45253197577036
187.0,95.86776859504133,92.06349206349206,96.01674663172203
198.0,94.94949494949495,90.38461538461539,95.17230289115541
198.0,94.60154241645245,89.75609756097562,94.85704541995013
183.0,92.13483146067416,85.41666666666666,92.68034005172092
163.0,87.5,77.77777777777779,88.8489176681678
143.0,84.16988416988417,72.66666666666667,86.29238819981225
121.0,83.2579185520362,71.31782945736434,85.62197678442851
139.0,65.38461538461539,48.57142857142857,74.21386947051512
94.0,89.10891089108911,80.35714285714286,90.15660920359838
130.0,87.2340425531915,77.35849056603774,88.6432834026121
164.0,87.32394366197182,77.5,88.70501889206534
191.0,96.29629629629629,92.85714285714286,96.4145697483698
202.0,95.54455445544554,91.4691943127962,95.7165910343166
202.0,94.84029484029483,90.18691588785047,95.07245080149681
196.0,94.54545454545455,89.65517241379311,94.80658368659411
172.0,89.73607038123167,81.38297872340425,90.65650545429953
152.0,84.9624060150376,73.8562091503268,86.8881549117393
129.0,75.78125,61.0062893081761,80.44124245955541
149.0,80.0,66.66666666666666,83.28140810566119
113.0,92.85714285714286,86.66666666666667,93.31735634020345
139.0,86.0,75.43859649122807,87.67733768853769
164.0,89.71428571428571,81.34715025906736,90.63758880433726
197.0,95.60723514211887,91.58415841584159,95.7750761473699
206.0,94.20289855072464,89.04109589041096,94.49653882173857
208.0,93.17647058823529,87.22466960352423,93.58332203614525
205.0,95.35452322738386,91.1214953271028,95.54174044080676
179.0,92.26666666666667,85.64356435643565,92.79278391811343
164.0,81.5068493150685,68.78612716763006,84.33912507371654
161.0,76.27627627627628,61.6504854368932,80.74632006264927
197.0,71.53652392947103,55.68627450980392,77.73021404268627
140.0,88.12260536398468,78.76712328767124,89.35259941775145
142.0,86.45161290322581,76.13636363636364,88.02621706857148
165.0,86.02739726027397,75.48076923076923,87.689403988023
195.0,94.57364341085271,89.70588235294117,94.83193823605893
206.0,96.3855421686747,93.02325581395348,96.49662070351907
210.0,95.81395348837209,91.96428571428571,95.96413205065898
208.0,95.05882352941177,90.5829596412556,95.27046889494645
191.0,87.85046728971963,78.33333333333333,89.11465418367075
196.0,87.11943793911007,77.17842323651453,88.53420061605682
203.0,82.83261802575107,70.6959706959707,85.2679581387342
202.0,66.28571428571428,49.572649572649574,74.6093318660416
156.0,72.27414330218068,56.58536585365853,78.20378959882288
152.0,91.58249158249158,84.472049689441,92.21104482873329
174.0,85.34704370179949,74.43946188340807,87.1627423394245
201.0,94.94949494949495,90.38461538461539,95.17230289115541
222.0,94.22632794457274,89.08296943231441,94.51647070831282
221.0,97.93103448275862,95.94594594594594,97.96396630804092
226.0,90.45643153526972,82.57575757575758,91.2418401153939
219.0,83.10679611650485,71.09634551495017,85.46110658718567
216.0,82.03125,69.5364238410596,84.67614931796005
208.0,72.59786476868328,56.98324022346368,78.33753382341038
203.0,55.932203389830505,38.82352941176471,69.09962736545256
160.0,74.43181818181817,59.276018099547514,79.54808997693931
158.0,92.56756756756756,86.16352201257862,93.05977815291494
174.0,84.98727735368958,73.89380530973452,86.887913272956
206.0,94.14634146341463,88.94009216589862,94.44603792017396
228.0,95.51569506726457,91.41630901287554,95.68813969547766
223.0,98.66071428571429,97.3568281938326,98.67240869205192
230.0,90.2834008097166,82.28782287822878,91.09586627666168
221.0,80.07448789571696,66.77018633540372,83.27800964255225
214.0,78.27715355805243,64.3076923076923,82.03776954328319
207.0,67.88685524126456,51.385390428211586,75.49958707354708
203.0,53.03430079155673,36.08617594254937,67.68690988223017
159.0,84.44444444444444,73.07692307692307,86.48950364225227
152.0,94.88054607508532,90.25974025974025,95.1148812216622
176.0,85.56701030927834,74.77477477477478,87.33139858514784
199.0,94.78908188585608,90.09433962264151,95.02616350943018
218.0,94.80812641083521,90.12875536480686,95.041362031761
222.0,97.5609756097561,95.23809523809523,97.6080379305217
225.0,88.93360160965796,80.07246376811594,89.98118233946784
218.0,80.52434456928839,67.39811912225704,83.59497837780555
215.0,76.78244972577697,62.31454005934718,81.03018361090884
213.0,67.31078904991948,50.728155339805824,75.16094360141771
212.0,52.357320099255574,35.46218487394958,67.346823448683
170.0,32.51231527093596,19.411764705882355,59.56927305553177
190.0,57.67790262172284,40.526315789473685,70.15038119260706
208.0,68.76971608832808,52.40384615384615,76.10305555939657
225.0,69.94219653179191,53.77777777777778,76.78500316318716
230.0,68.94586894586895,52.60869565217391,76.19546759434188
229.0,71.34831460674157,55.45851528384279,77.6273575040565
227.0,75.27472527472527,60.352422907488986,80.08628159903117
230.0,35.12544802867383,21.304347826086957,60.471632488262415
227.0,5.982905982905983,3.0837004405286343,51.322591315362885
218.0,0.0,0.0,49.78276466836735
198.0,0.0,0.0,49.80269451530612
170.0,84.66666666666667,73.41040462427746,86.65924734800359
178.0,89.90825688073394,81.66666666666667,90.80035246223856
180.0,94.3820224719101,89.36170212765957,94.66085426331787
204.0,94.55445544554455,89.67136150234741,94.8136741491931
218.0,96.27906976744185,92.82511210762333,96.39654612765744
217.0,96.26168224299066,92.7927927927928,96.38038679063294
211.0,92.99065420560748,86.8995633187773,93.41976785303773
218.0,93.64705882352942,88.05309734513274,93.99953624685054
221.0,83.24607329842932,71.30044843049326,85.58624596785074
209.0,81.66666666666667,69.01408450704226,84.44108051133159
198.0,73.18611987381703,57.711442786069654,78.77082327078153
167.0,83.5820895522388,71.7948717948718,85.84247546894441
181.0,89.42598187311178,80.87431693989072,90.40217805897551
183.0,94.53551912568307,89.63730569948186,94.79865404966894
206.0,96.35036496350365,92.95774647887323,96.46386663653135
222.0,96.34703196347031,92.95154185022027,96.45975971726463
219.0,95.8904109589041,92.10526315789474,96.0346193306185
218.0,94.33106575963718,89.27038626609442,94.61017712280065
220.0,92.9384965831435,86.80851063829788,93.37323794942189
226.0,85.42713567839196,74.56140350877193,87.22270871355087
214.0,83.81962864721486,72.14611872146118,86.01208131282783
199.0,84.33048433048434,72.9064039408867,86.398232753205
164.0,74.75247524752476,59.683794466403164,79.73994820771433
184.0,91.81286549707602,84.86486486486487,92.40444306839078
194.0,84.13461538461539,72.61410788381743,86.24105526188231
206.0,94.96402877697841,90.41095890410958,95.1844702079874
222.0,95.94594594594594,92.20779220779221,96.085882774032
225.0,95.15418502202643,90.75630252100841,95.35613364641293
222.0,93.24894514767934,87.35177865612648,93.64386050211989
224.0,91.82389937106919,84.88372093023256,92.40282689624705
224.0,93.90519187358916,88.51063829787233,94.22830185786988
217.0,85.35031847133759,74.44444444444444,87.15318770496359
201.0,76.99316628701595,62.59259259259259,81.19531043431697
166.0,72.47058823529412,56.82656826568265,78.29633559020009
184.0,88.34688346883469,79.12621359223301,89.52011797321046
200.0,71.00591715976331,55.04587155963303,77.37592401887564
215.0,88.39285714285714,79.2,89.54797710992837
228.0,94.73684210526315,90.0,94.9759807846277
225.0,95.65217391304348,91.66666666666666,95.8133157178317
224.0,92.66247379454927,86.328125,93.12903097162446
226.0,90.65040650406505,82.8996282527881,91.40377084571021
225.0,90.41666666666667,82.50950570342205,91.20871510075523
216.0,87.63102725366876,77.98507462686567,88.93349834771547
203.0,70.03891050583657,53.89221556886228,76.79209546344545
164.0,71.22641509433963,55.311355311355314,77.53373862519291
182.0,76.0,61.29032258064516,80.53717208924269
202.0,74.65618860510806,59.56112852664577,79.65152813320645
219.0,95.02262443438913,90.51724137931035,95.23660571947545
232.0,95.59748427672956,91.56626506024097,95.76211066738323
225.0,94.49152542372882,89.5582329317269,94.75309200286823
228.0,89.33601609657947,80.72727272727272,90.31058755873586
229.0,83.14606741573034,71.15384615384616,85.48684020067694
226.0,76.52173913043478,61.97183098591549,80.85079658832166
219.0,72.63513513513513,57.02917771883289,78.3524624007787
203.0,66.55231560891939,49.87146529562982,74.74066242253382
165.0,55.51601423487544,38.42364532019704,68.9619226201145
185.0,63.61974405850091,46.64879356568365,73.12540474252344
205.0,64.77462437395658,47.901234567901234,73.73954129659516
221.0,74.8663101604278,59.82905982905983,79.77343396928715
230.0,89.01960784313725,80.21201413427562,90.04994988881592
225.0,92.37113402061856,85.82375478927203,92.87484184050405
229.0,87.279843444227,77.43055555555556,88.65021662028974
228.0,75.76791808873719,60.98901098901099,80.35237473420602
226.0,58.52348993288591,41.36622390891841,70.37385217624549
218.0,61.51645207439199,44.421487603305785,71.94153381786555
203.0,58.03571428571429,40.88050314465409,70.15814437159077
164.0,56.830601092896174,39.69465648854962,69.61042300636997
184.0,72.17741935483872,56.46687697160884,78.09543020530758
205.0,70.07042253521126,53.929539295392956,76.79469141170793
225.0,84.55598455598455,73.24414715719062,86.5420047193764
231.0,94.1908713692946,89.01960784313725,94.48177533240768
227.0,94.75890985324948,90.0398406374502,94.99489529370007
230.0,88.53754940711462,79.43262411347519,89.65825632323343
230.0,81.08108108108108,68.18181818181817,83.98580608996818
229.0,73.8255033557047,58.51063829787234,79.09918174802337
221.0,64.4776119402985,47.57709251101321,73.55035570306465
206.0,58.806404657933044,41.649484536082475,70.54159503147822
169.0,22.194199243379572,12.4822695035461,55.62521876391169
191.0,23.63405336721728,13.400576368876079,56.10028419106703
212.0,7.532467532467532,3.913630229419703,51.246902258507085
230.0,0.0,0.0,49.283522002551024
234.0,0.0,0.0,49.51969068877551
230.0,0.0,0.0,49.623325892857146
229.0,28.26086956521739,16.455696202531644,57.89857907849637
232.0,0.0,0.0,49.42203443877551
225.0,0.0,0.0,49.42203443877551
221.0,0.0,0.0,49.55157844387755
194.0,0.0,0.0,49.525669642857146
9.0,0.0,0.0,49.99103156887755
22.0,0.0,0.0,49.97807716836735
23.0,0.0,0.0,49.97708067602041
30.0,0.0,0.0,49.97010522959184
21.0,25.0,14.285714285714285,57.12491920811136
29.0,0.0,0.0,49.97110172193878
16.0,0.0,0.0,49.984056122448976
33.0,0.0,0.0,49.967115752551024
20.0,78.78787878787878,65.0,82.49302274584853
31.0,0.0,0.0,49.9691087372449
25.0,37.142857142857146,22.807017543859647,61.359651745834896
29.0,0.0,0.0,49.94120695153062
21.0,0.0,0.0,49.9202806122449
21.0,0.0,0.0,49.957150829081634
24.0,0.0,0.0,49.930245535714285
26.0,0.0,0.0,49.950175382653065
35.0,0.0,0.0,49.965122767857146
34.0,0.0,0.0,49.96611926020408
37.0,67.85714285714286,51.35135135135135,75.6577320187584
38.0,19.047619047619047,10.526315789473683,55.22927445377375
35.0,75.0,60.0,79.98604326587578
32.0,0.0,0.0,49.96811224489796
35.0,72.72727272727273,57.14285714285714,78.55647522586673
39.0,37.5,23.076923076923077,61.50856140490761
37.0,85.0,73.91304347826086,86.94455572261732
37.0,60.37735849056604,43.24324324324324,71.60068860726756
32.0,80.59701492537313,67.5,83.7370386248978
36.0,36.36363636363637,22.22222222222222,61.08320487606088
34.0,86.95652173913044,76.92307692307693,88.4525646650243
37.0,0.0,0.0,49.96312978316326
24.0,76.19047619047619,61.53846153846154,80.7542762310269
34.0,43.956043956043956,28.169014084507044,64.03366566734324
38.0,2.564102564102564,1.2987012987012987,50.57361572159779
37.0,10.894941634241246,5.761316872427984,52.65239800002723
77.0,0.0,0.0,49.923270089285715
108.0,92.82296650717703,86.60714285714286,93.2885950911845
134.0,93.3852140077821,87.59124087591242,93.77863945665527
146.0,93.47826086956522,87.75510204081633,93.8595679245183
136.0,94.25287356321839,89.13043478260869,94.55023327446818
98.0,95.87628865979381,92.07920792079209,96.03161721838778
71.0,88.18897637795276,78.87323943661971,89.42165563211672
51.0,85.71428571428571,75.0,87.4870355226679
47.0,85.0574712643678,74.0,86.98703603980933
38.0,0.0,0.0,49.962133290816325
74.0,73.07692307692307,57.57575757575758,78.74597851053886
108.0,93.8388625592417,88.39285714285714,94.18344856064518
135.0,94.8905109489051,90.27777777777779,95.12490175705017
152.0,94.63087248322147,89.80891719745223,94.8884697908916
143.0,94.66192170818505,89.86486486486487,94.91744532134796
110.0,93.45794392523365,87.71929824561403,93.8456703705105
75.0,80.24691358024691,67.0103092783505,83.47322552181579
50.0,70.08547008547008,53.94736842105263,76.93877845606336
48.0,71.1864406779661,55.26315789473685,77.59766982381954
37.0,65.9090909090909,49.152542372881356,74.5463591278928
78.0,73.5632183908046,58.18181818181818,79.04501190061535
112.0,93.16239316239316,87.2,93.58402141130885
140.0,90.16949152542372,82.09876543209876,91.0204076346194
153.0,94.63087248322147,89.80891719745223,94.8884697908916
143.0,93.95017793594306,88.59060402684564,94.2783169602696
115.0,92.03539823008849,85.24590163934425,92.604976702401
75.0,78.85714285714286,65.09433962264151,82.51024882223739
50.0,65.64885496183206,48.86363636363637,74.38693756426089
48.0,66.14173228346458,49.411764705882355,74.66299728492348
70.0,66.66666666666666,50.0,74.95611585414505
91.0,51.53846153846153,34.715025906735754,67.23178703586802
109.0,74.82014388489209,59.77011494252874,79.8151581263211
139.0,88.0794701986755,78.69822485207101,89.31314335943279
154.0,94.66666666666667,89.87341772151899,94.92071973336613
141.0,94.58483754512635,89.72602739726028,94.84802718649105
119.0,92.24137931034483,85.6,92.78202480576803
90.0,79.60199004975125,66.11570247933885,83.01692980881666
69.0,71.95121951219512,56.19047619047619,78.04934548394851
59.0,72.3404255319149,56.666666666666664,78.29443059019118
88.0,67.04545454545455,50.427350427350426,75.15581061683183
94.0,65.78947368421053,49.01960784313725,74.43196116393904
115.0,90.29535864978902,82.3076923076923,91.13087785010532
143.0,92.95774647887323,86.8421052631579,93.40107021610457
157.0,93.42105263157895,87.65432098765432,93.80717408458544
144.0,94.32624113475178,89.26174496644296,94.61488623139805
118.0,92.64069264069265,86.29032258064517,93.1281847179924
93.0,76.27906976744187,61.65413533834586,80.77616336925676
70.0,66.28571428571428,49.572649572649574,74.72746369849207
57.0,62.5,45.45454545454545,72.66742354720648
80.0,68.02721088435374,51.546391752577314,75.72631401857011
148.0,60.0,42.857142857142854,71.31277754169008
119.0,90.9090909090909,83.33333333333334,91.6446956683844
144.0,94.69964664310953,89.93288590604027,94.95145554244502
156.0,94.03973509933775,88.75,94.35701223168245
146.0,94.4055944055944,89.40397350993378,94.68599986421731
120.0,85.0574712643678,74.0,86.96105063417558
94.0,73.12775330396477,57.638888888888886,78.75855769380064
78.0,66.66666666666666,50.0,74.93814103843238
81.0,64.61538461538461,47.72727272727273,73.79479195200665
109.0,69.79166666666666,53.6,76.74212616496038
107.0,75.20661157024794,60.264900662251655,80.0725521580201
130.0,88.14814814814815,78.80794701986756,89.37200994839394
152.0,93.24324324324324,87.34177215189874,93.65090126440614
156.0,94.07894736842105,88.81987577639751,94.39194976036313
145.0,94.32624113475178,89.26174496644296,94.61488623139805
114.0,79.37743190661479,65.80645161290323,82.85030413053198
117.0,72.58064516129032,56.9620253164557,78.41312941740208
95.0,68.06282722513089,51.587301587301596,75.73278591368432
94.0,72.63157894736842,57.02479338842975,78.4605077365842
122.0,74.52830188679245,59.3984962406015,79.64535267745987
142.0,56.507936507936506,39.38053097345133,69.55350345266493
122.0,87.3015873015873,77.46478873239437,88.70043655051388
149.0,92.46575342465754,85.98726114649682,92.97164859846774
157.0,92.85714285714286,86.66666666666667,93.31134784375645
147.0,93.37979094076655,87.58169934640523,93.77186561980746
121.0,93.82716049382715,88.37209302325581,94.17106508859247
127.0,73.33333333333333,57.89473684210527,78.87547913056
98.0,65.07177033492823,48.226950354609926,74.04063251745025
98.0,60.3448275862069,43.20987654320987,71.51313289899487
128.0,68.16143497757847,51.70068027210885,75.77948185262129
96.0,86.85714285714286,76.76767676767676,88.360884292022
117.0,94.51476793248945,89.60000000000001,94.78701661872803
145.0,92.3076923076923,85.71428571428571,92.83516220012103
154.0,92.66666666666666,86.33540372670807,93.14571813131573
139.0,95.68345323741008,91.72413793103448,95.85007927664965
106.0,95.81395348837209,91.96428571428571,95.97315597798642
74.0,88.40579710144928,79.22077922077922,89.59442632594383
56.0,85.71428571428571,75.0,87.48603741971517
50.0,78.04878048780488,64.0,81.98205169112956
73.0,0.0,0.0,49.92725605867347
85.0,49.31506849315068,32.72727272727273,66.21594356465823
116.0,94.4206008583691,89.43089430894308,94.7024642918502
145.0,93.10344827586206,87.09677419354838,93.52840348333721
152.0,93.68770764119601,88.125,94.04351329069651
144.0,95.1048951048951,90.66666666666666,95.31934452438048
114.0,93.96551724137932,88.6178861788618,94.29496182432612
77.0,92.90322580645162,86.74698795180723,93.362516808412
56.0,85.21739130434783,74.24242424242425,87.1042551918128
47.0,89.10891089108911,80.35714285714286,90.16760017326034
59.0,44.73684210526316,28.8135593220339,64.36491279764248
92.0,49.22118380062305,32.64462809917356,66.15962965730779
120.0,92.37288135593221,85.8267716535433,92.89540991449411
147.0,90.23569023569024,82.20858895705521,91.07531881808238
154.0,93.06930693069307,87.03703703703704,93.49753320823572
143.0,93.66197183098592,88.0794701986755,94.02175056603639
116.0,93.96551724137932,88.6178861788618,94.29496182432612
85.0,89.65517241379311,81.25,90.60703521098647
60.0,87.60330578512396,77.94117647058823,88.95562504474287
54.0,87.5,77.77777777777779,88.87492435879533
63.0,67.28971962616822,50.70422535211267,75.31721040242252
140.0,40.69478908188586,25.54517133956386,62.534034146645425
116.0,68.76971608832808,52.40384615384615,76.10305555939657
145.0,80.1186943620178,66.83168316831683,83.34889647914453
156.0,91.80327868852459,84.84848484848484,92.39926041129175
144.0,94.07665505226481,88.81578947368422,94.39090866542068
120.0,95.4356846473029,91.26984126984127,95.62393403856818
104.0,94.11764705882352,88.88888888888889,94.4324636137735
85.0,83.43558282208589,71.57894736842105,85.76253187851084
61.0,82.01438848920863,69.51219512195121,84.73115691970183
71.0,72.72727272727273,57.14285714285714,78.53851546203737
174.0,44.81927710843374,28.88198757763975,64.21237329883326
119.0,92.82700421940928,86.61417322834646,93.29010902459147
150.0,92.56756756756756,86.16352201257862,93.05977815291494
158.0,92.15686274509804,85.45454545454545,92.70328951552096
148.0,94.5578231292517,89.6774193548387,94.82272150866423
123.0,93.44262295081968,87.6923076923077,93.83017366158272
112.0,90.38461538461539,82.45614035087719,91.20810292173466
86.0,86.27450980392157,75.86206896551724,87.91008058134173
61.0,89.60000000000001,81.15942028985508,90.56674127022681
71.0,72.86821705426357,57.3170731707317,78.62362665299139
183.0,46.3963963963964,30.205278592375368,64.86498626960649
120.0,93.72384937238493,88.18897637795276,94.0795073644318
150.0,91.3907284768212,84.14634146341463,92.04719047670112
157.0,92.90322580645162,86.74698795180723,93.35150804689818
145.0,96.57534246575342,93.37748344370861,96.67874871695773
129.0,94.39999999999999,89.39393939393939,94.68298591815312
120.0,83.80952380952381,72.1311475409836,86.03163350535844
96.0,78.75,64.94845360824742,82.44030347085689
86.0,80.26315789473685,67.03296703296702,83.48655235814768
87.0,60.317460317460316,43.18181818181818,71.54104671107743
164.0,52.65822784810127,35.738831615120276,67.68268470035451
134.0,86.21908127208481,75.77639751552795,87.84924083232345
153.0,93.11475409836065,87.11656441717791,93.53729647888515
159.0,94.49838187702265,89.57055214723927,94.76828626750331
148.0,96.57534246575342,93.37748344370861,96.67874871695773
128.0,92.62295081967213,86.25954198473282,93.11179364382558
140.0,74.10714285714286,58.86524822695035,79.3747317931909
83.0,90.19607843137256,82.14285714285714,91.05646060288126
90.0,78.70967741935485,64.8936170212766,82.41388423646889
93.0,51.2,34.40860215053764,67.1434762507634
168.0,44.052863436123346,28.24858757062147,63.87067927935978
129.0,91.26984126984127,83.94160583941606,91.94882972700313
151.0,92.71523178807946,86.41975308641975,93.18789237181329
160.0,92.65175718849841,86.30952380952381,93.13177615592619
148.0,94.98327759197325,90.44585987261146,95.20794012937445
133.0,93.89312977099237,88.48920863309353,94.22862125858819
128.0,85.21739130434783,74.24242424242425,87.08726507859859
86.0,89.30817610062893,80.68181818181817,90.3239447160962
97.0,74.69879518072288,59.61538461538461,79.76578784985617
115.0,58.0246913580247,40.869565217391305,70.36695759722524
251.0,31.12391930835735,18.43003412969283,58.73766626193837
236.0,43.35839598997494,27.68,63.38802711837289
234.0,38.144329896907216,23.56687898089172,61.30370814000211
239.0,32.417582417582416,19.34426229508197,59.18070120627286
236.0,12.211668928086839,6.502890173410404,52.60613579704412
228.0,0.0,0.0,49.21576052295919
231.0,0.0,0.0,49.17789381377551
231.0,0.0,0.0,49.13105867346938
214.0,0.0,0.0,49.38416772959184
200.0,0.47732696897374705,0.23923444976076555,49.7040716344469
29.0,0.0,0.0,49.96014030612245
28.0,0.0,0.0,49.972098214285715
17.0,0.0,0.0,49.98305963010204
24.0,0.0,0.0,49.97608418367347
27.0,0.0,0.0,49.97309470663265
19.0,0.0,0.0,49.98106664540816
26.0,77.27272727272727,62.96296296296296,81.47151318067804
31.0,87.27272727272727,77.41935483870968,88.7026986348597
22.0,68.42105263157895,52.0,75.9880389928832
25.0,84.61538461538461,73.33333333333333,86.65869123100849
32.0,86.56716417910447,76.31578947368422,88.14892111927774
23.0,86.36363636363636,76.0,87.99401878102758
28.0,83.33333333333334,71.42857142857143,85.70431582335631
32.0,89.23076923076924,80.55555555555556,90.27079829744994
22.0,84.44444444444444,73.07692307692307,86.53148344966037
28.0,87.5,77.77777777777779,88.88091249900295
32.0,86.95652173913044,76.92307692307693,88.4525646650243
25.0,86.27450980392157,75.86206896551724,87.92405597655772
25.0,82.14285714285714,69.6969696969697,84.8385153551345
30.0,85.71428571428571,75.0,87.49102674031386
24.0,84.0,72.41379310344827,86.19892127508173
27.0,87.09677419354838,77.14285714285715,88.56345234059646
30.0,88.88888888888889,80.0,89.99302065884982
23.0,85.1063829787234,74.07407407407408,87.03005880910817
52.0,0.0,0.0,49.94818239795919
53.0,0.0,0.0,49.947185905612244
49.0,0.0,0.0,49.951171875
51.0,0.0,0.0,49.94917889030612
52.0,0.0,0.0,49.94818239795919
46.0,0.0,0.0,49.95416135204081
49.0,0.0,0.0,49.94618941326531
45.0,0.0,0.0,49.955157844387756
34.0,34.146341463414636,20.588235294117645,60.2672085996391
47.0,86.04651162790698,75.51020408163265,87.74313530833263
42.0,88.63636363636364,79.59183673469387,89.78594569247609
37.0,86.48648648648648,76.19047619047619,88.08526681253228
39.0,88.37209302325581,79.16666666666666,89.573360857367
43.0,86.02150537634408,75.47169811320755,87.72288432068547
43.0,85.0574712643678,74.0,86.98703603980933
43.0,92.3076923076923,85.71428571428571,92.85016156700043
44.0,81.9047619047619,69.35483870967742,84.65846976075898
37.0,83.72093023255815,72.0,85.98603909054647
41.0,75.47169811320755,60.60606060606061,80.2771008311937
43.0,81.9047619047619,69.35483870967742,84.65846976075898
36.0,84.33734939759037,72.91666666666666,86.44536989024286
45.0,94.6236559139785,89.79591836734694,94.89297234891723
46.0,84.40366972477065,73.01587301587301,86.49098059331453
34.0,78.57142857142857,64.70588235294117,82.33499250965768
51.0,0.0,0.0,49.8893893494898
58.0,0.0,0.0,49.78974011479592
40.0,0.0,0.0,49.78774713010204
98.0,78.78787878787878,65.0,82.4650775278881
158.0,82.53968253968253,70.27027027027027,85.08018568862592
208.0,90.43927648578811,82.54716981132076,91.23658564564559
233.0,80.40712468193384,67.23404255319149,83.54004898662014
229.0,87.55760368663594,77.8688524590164,88.88041110527341
209.0,52.124645892351275,35.24904214559387,67.45580451661132
195.0,3.908794788273615,1.9933554817275747,50.70267734221918
175.0,91.37931034482759,84.12698412698413,92.03350226002524
206.0,92.08633093525181,85.33333333333334,92.63365610328638
314.0,74.10207939508507,58.85885885885885,79.29237460750065
338.0,67.98561151079137,51.49863760217984,75.571272509054
344.0,59.77443609022557,42.62734584450402,71.09974565752202
352.0,52.2633744855967,35.37604456824512,67.4562494215279
331.0,64.83300589390963,47.96511627906977,73.80359751087319
328.0,68.80907372400756,52.44956772334294,76.05976405929518
304.0,67.04119850187266,50.42253521126761,75.03525704500017
226.0,86.50963597430406,76.22641509433963,88.05017477012575
304.0,79.71781305114638,66.27565982404691,83.02271479690835
408.0,82.31966053748232,69.95192307692307,84.85067337568715
437.0,85.8257477243173,75.17084282460137,87.47608465508847
395.0,82.96296296296296,70.88607594936708,85.32779827611051
312.0,81.14285714285714,68.26923076923077,84.03554207036284
245.0,74.88151658767772,59.84848484848485,79.81828057050977
178.0,65.95744680851064,49.2063492063492,74.5073336990754
107.0,81.27853881278538,68.46153846153847,84.18984044685325
166.0,86.85714285714286,76.76767676767676,88.33786045324507
214.0,93.24009324009323,87.33624454148472,93.63910834405755
235.0,94.3157894736842,89.2430278884462,94.594487999316
234.0,93.86892177589851,88.44621513944223,94.19408086515291
218.0,80.40816326530611,67.23549488054607,83.52170710333152
212.0,50.70422535211267,33.9622641509434,66.77141728758322
186.0,0.0,0.0,49.642259247448976
212.0,86.54708520179372,76.28458498023716,88.08227208318023
356.0,78.1844802342606,64.1826923076923,81.94207447939867
378.0,87.35632183908046,77.55102040816327,88.67618042922912
418.0,85.88235294117646,75.25773195876289,87.50841065826764
408.0,76.80412371134021,62.34309623430963,80.99110784288558
426.0,77.94486215538848,63.860369609856264,81.75370831841454
423.0,74.09395973154362,58.84861407249466,79.23092026270024
413.0,65.06364922206507,48.21802935010482,73.86174762664012
378.0,84.01084010840108,72.42990654205607,86.09663618122737
502.0,83.03964757709251,70.99811676082862,85.34443680166774
492.0,92.82700421940928,86.61417322834646,93.23872566837943
459.0,91.25138427464009,83.91038696537679,91.87581883434824
407.0,92.81210592686003,86.58823529411764,93.23689792331966
342.0,89.98548621190132,81.79419525065963,90.82791220841247
246.0,88.76190476190476,79.7945205479452,89.83819293720869
180.0,89.23076923076924,80.55555555555556,90.23577945771058
116.0,76.6798418972332,62.17948717948718,81.03083666268833
169.0,85.15406162464986,74.14634146341463,87.02019615950198
216.0,94.4954128440367,89.56521739130436,94.75859428700699
238.0,94.04517453798768,88.75968992248062,94.35081418862133
235.0,93.68635437881873,88.12260536398468,94.03026916579485
221.0,82.53358925143954,70.26143790849673,85.03964791884074
215.0,69.00584795321637,52.67857142857143,76.18028253422212
206.0,14.319809069212411,7.712082262210797,53.49808635903983
395.0,63.05732484076433,46.04651162790698,72.79115368901851
398.0,87.05882352941177,77.08333333333334,88.43123820423241
417.0,86.8421052631579,76.74418604651163,88.25156268978856
469.0,85.99412340842312,75.4295532646048,87.57102047491455
498.0,86.22305529522023,75.7825370675453,87.74342880410816
452.0,86.68668668668668,76.5017667844523,88.11719624026506
500.0,86.10038610038609,75.59322033898304,87.65182834765359
541.0,74.36676798378926,59.193548387096776,79.34280402751413
519.0,82.19461697722568,69.77152899824253,84.71300088394219
539.0,90.14354066985646,82.05574912891987,90.92426325775034
507.0,93.96636993076162,88.61940298507463,94.24833451802976
457.0,93.23144104803494,87.32106339468302,93.59821888703377
415.0,93.67396593673966,88.10068649885584,93.99812497704939
359.0,89.73277074542897,81.37755102040816,90.61556613138065
249.0,89.73384030418251,81.37931034482759,90.63559029456036
186.0,89.34010152284264,80.73394495412845,90.32497247706422
124.0,74.28571428571429,59.09090909090909,79.47355807637003
171.0,85.86956521739131,75.23809523809524,87.56706633231084
220.0,94.5945945945946,89.74358974358975,94.84777854068972
238.0,93.22381930184805,87.3076923076923,93.6208124594779
238.0,88.54368932038835,79.44250871080139,89.66219293151987
223.0,75.39823008849558,60.51136363636363,80.11657888200905
219.0,67.25352112676056,50.663129973474796,75.14550916999238
408.0,69.08077994428969,52.76595744680851,76.16065858240121
412.0,61.406025824964125,44.3064182194617,71.88400451423827
411.0,86.12021857923497,75.62380038387715,87.68434404714729
460.0,85.74358974358974,75.04488330341114,87.38276561971071
501.0,86.3593603010348,75.99337748344371,87.85086337011859
543.0,88.84859474161378,79.9347471451876,89.84359625101428
518.0,84.9090909090909,73.77567140600317,86.7208639272668
519.0,85.79335793357934,75.12116316639742,87.40568628839473
555.0,77.83063748810658,63.70716510903427,81.61949169109359
569.0,80.69164265129683,67.6328502415459,83.61443943060493
547.0,90.70422535211267,82.9896907216495,91.39523374550669
523.0,93.14285714285714,87.16577540106952,93.51043414125367
479.0,93.88601036269431,88.4765625,94.17895256910786
439.0,94.97716894977168,90.43478260869566,95.17317908569831
377.0,88.59060402684564,79.51807228915662,89.67377353574311
254.0,85.71428571428571,75.0,87.41889131436125
185.0,91.56010230179028,84.43396226415094,92.18397915195666
147.0,67.76315789473685,51.243781094527364,75.52403341867142
172.0,84.29752066115702,72.85714285714285,86.37159763651577
218.0,94.0909090909091,88.8412017167382,94.3945847283685
240.0,92.87169042769857,86.69201520912547,93.31097116666733
240.0,88.97338403041825,80.13698630136986,90.0104257925495
225.0,80.22181146025879,66.9753086419753,83.3805665089818
218.0,71.22302158273382,55.3072625698324,77.49356085392657
220.0,46.098003629764065,29.952830188679247,64.67970586938007
421.0,86.37469586374696,76.017130620985,87.89616290989838
425.0,89.94475138121547,81.72690763052208,90.77203144390538
457.0,86.56410256410257,76.31103074141049,88.0238676639882
501.0,89.18156161806209,80.4753820033956,90.12200149222132
553.0,88.57395925597874,79.4912559618442,89.61578660883094
527.0,86.91099476439791,76.85185185185185,88.27495366456274
549.0,90.72907290729073,83.03130148270182,91.41197059962116
573.0,84.0290381125227,72.45696400625978,86.05146593087515
569.0,87.74774774774775,78.1701444622793,88.94822101658512
553.0,93.27188940092167,87.39205526770294,93.62254263284481
535.0,93.35827876520112,87.54385964912281,93.70046818235274
493.0,93.22548028311427,87.31060606060606,93.58791894099396
454.0,94.20935412026726,89.05263157894737,94.47405763418656
407.0,88.01054018445322,78.58823529411765,89.20282917548866
260.0,85.51724137931035,74.69879518072288,87.26527645592785
189.0,91.68765743073047,84.65116279069768,92.29257743487358
197.0,60.70460704607046,43.57976653696498,71.6450686312182
177.0,81.5,68.77637130801688,84.31420488900734
219.0,93.24324324324324,87.34177215189874,93.6408674644102
241.0,92.0892494929006,85.33834586466166,92.6301331117138
244.0,93.25396825396825,87.36059479553904,93.64625723037199
230.0,74.95798319327731,59.946236559139784,79.82397808778963
224.0,65.49520766773162,48.69358669833729,74.13066799646408
225.0,37.54266211604095,23.10924369747899,61.18910433186178
431.0,85.80786026200873,75.1434034416826,87.44113506153994
449.0,84.6077457795432,73.32185886402753,86.5051505375414
515.0,86.46209386281588,76.15262321144675,87.9253970635981
552.0,87.9864636209814,78.54984894259819,89.13194074325011
580.0,89.54248366013073,81.06508875739645,90.40358492032794
582.0,84.91879350348029,73.79032258064517,86.69869565669572
587.0,85.17350157728707,74.17582417582418,86.89853341114522
588.0,86.38956805215973,76.04017216642754,87.85189529241492
583.0,89.20741989881957,80.51750380517504,90.1298417972438
569.0,92.12121212121212,85.39325842696628,92.60497664721129
538.0,93.12557286892759,87.13550600343054,93.49225167289188
500.0,93.02788844621513,86.96461824953445,93.41189933981883
462.0,92.87257019438445,86.69354838709677,93.28043720162944
410.0,89.57528957528957,81.11888111888112,90.47816095761026
269.0,86.3013698630137,75.90361445783132,87.87168544380228
197.0,89.70588235294117,81.33333333333333,90.62466078584335
215.0,56.372549019607845,39.249146757679185,69.44679027422723
177.0,79.70297029702971,66.2551440329218,83.04559660908312
220.0,92.85714285714286,86.66666666666667,93.30131284021775
252.0,90.13539651837525,82.04225352112677,90.97006855420814
244.0,89.22495274102079,80.54607508532423,90.2159690604835
245.0,74.06199021207178,58.80829015544041,79.2449827321277
229.0,66.24,49.52153110047847,74.5496346490805
435.0,74.09144196951935,58.84543761638734,79.20109827068866
451.0,85.8974358974359,75.28089887640449,87.5078500891445
475.0,84.52611218568666,73.19932998324958,86.43882540900351
529.0,87.1111111111111,77.16535433070865,88.43676081064676
557.0,88.58833474218089,79.5144157814871,89.62126170529281
596.0,90.18003273322422,82.11624441132638,90.93721540465563
598.0,85.80392156862744,75.13736263736264,87.38632825897832
591.0,85.09316770186336,74.05405405405405,86.83358783947162
612.0,84.39490445859873,73.00275482093664,86.30397983563853
609.0,88.63636363636364,79.59183673469387,89.65487464379264
574.0,92.75862068965517,86.49517684887459,93.16297582924813
543.0,92.94755877034359,86.82432432432432,93.33363129348994
512.0,93.26829268292684,87.38574040219378,93.62345090857002
457.0,92.5531914893617,86.13861386138613,92.99894244264497
414.0,92.01520912547528,85.2112676056338,92.54239729828997
272.0,87.71331058020478,78.11550151975683,88.98563393061501
207.0,92.89099526066352,86.72566371681415,93.33281985360516
220.0,56.00000000000001,38.88888888888889,69.25765738169598
180.0,78.57142857142857,64.70588235294117,82.26296097211554
219.0,93.15673289183223,87.19008264462809,93.56401960711341
245.0,91.45129224652088,84.24908424908425,92.0814956343327
251.0,86.1878453038674,75.72815533980582,87.78899056886571
247.0,73.89162561576354,58.59375,79.1377190271466
232.0,67.29559748427673,50.71090047393365,75.14729203673465
435.0,75.0,60.0,79.78335874187596
457.0,85.07157464212679,74.02135231316726,86.86397197651931
480.0,83.48968105065666,71.65861513687601,85.65235556666848
555.0,84.77157360406092,73.568281938326,86.60296331440709
564.0,89.67254408060454,81.27853881278538,90.51538237524971
598.0,88.33865814696486,79.11301859799714,89.40940009560498
610.0,85.34936138241923,74.4429882044561,87.0249532217249
608.0,84.81203007518798,73.62924281984334,86.61104163083597
629.0,85.75827559661278,75.06738544474393,87.34727219797607
605.0,88.8532477947073,79.94227994227994,89.83108112627278
583.0,91.74468085106383,84.74842767295597,92.2765044664516
550.0,93.23715058611361,87.33108108108108,93.59002552815608
508.0,93.00492610837439,86.92449355432781,93.39082395405107
468.0,92.78131634819533,86.53465346534654,93.19896991005922
427.0,91.33089133089133,84.04494382022472,91.95118963229218
277.0,83.92282958199357,72.29916897506925,86.04941419804248
208.0,91.37529137529138,84.12017167381974,92.0230710309875
661.0,11.68091168091168,6.202723146747353,52.48303106574428
683.0,31.980319803198032,19.03367496339678,58.96434577406941
222.0,86.14609571788414,75.66371681415929,87.7768639065297
240.0,87.47252747252747,77.734375,88.81016126793325
237.0,89.97772828507794,81.78137651821862,90.84566484693497
219.0,73.04347826086956,57.534246575342465,78.67421619476414
210.0,0.0,0.0,49.68411192602041
452.0,52.312599681020735,35.42116630669546,67.41165489612946
423.0,62.695924764890286,45.662100456621005,72.59293593344897
382.0,67.87479406919276,51.3715710723192,75.49066846591745
406.0,79.14893617021276,65.49295774647888,82.59917542814254
443.0,84.42211055276381,73.04347826086956,86.3973410565985
470.0,72.80108254397834,57.234042553191486,78.41564671992033
517.0,62.41699867197875,45.366795366795365,72.40006334888295
550.0,46.30404463040446,30.127041742286753,64.67859785574646
613.0,48.73341375150784,32.21690590111643,65.68323183557843
592.0,60.047281323877066,42.9054054054054,71.11417459886071
587.0,67.34463276836158,50.76660988074957,75.09359805557587
555.0,84.472049689441,73.11827956989248,86.40844054045178
529.0,87.68577494692144,78.0718336483932,88.91936436554258
516.0,79.11318553092183,65.44401544401545,82.54242227344541
494.0,73.79134860050891,58.46774193548387,79.02740021442438
440.0,66.84491978609626,50.20080321285141,74.85203402240134
377.0,48.85906040268456,32.326820603907635,65.78236457646676
317.0,48.81209503239741,32.285714285714285,65.90615538706943
170.0,88.20224719101124,78.89447236180904,89.40525213484203
219.0,91.2751677852349,83.9506172839506,91.93628678973805
235.0,93.58178053830227,87.93774319066148,93.9378405642997
234.0,93.13929313929314,87.15953307392996,93.54673482652296
221.0,80.4040404040404,67.22972972972973,83.51782022433022
210.0,38.287153652392945,23.67601246105919,61.59349525248569
206.0,0.0,0.0,49.61933992346938
429.0,63.287250384024574,46.29213483146067,72.9069239296387
402.0,88.46641318124207,79.31818181818183,89.56777495589284
442.0,90.03359462486003,81.87372708757637,90.84745943722653
460.0,90.78947368421053,83.13253012048193,91.48186330789983
497.0,86.71963677639046,76.55310621242485,88.15906907199144
530.0,82.2491730981257,69.85018726591761,84.76345678377302
520.0,83.6644591611479,71.91650853889942,85.80965093993187
609.0,66.66666666666666,50.0,74.67200946859516
611.0,75.7085020242915,60.91205211726385,80.21507188008488
576.0,88.82575757575758,79.89778534923339,89.83019711865879
551.0,92.79700654817586,86.56195462478185,93.20348133815581
518.0,93.26829268292684,87.38574040219378,93.62345090857002
493.0,92.64705882352942,86.3013698630137,93.08031195472994
492.0,82.05714285714286,69.57364341085271,84.6292449745915
430.0,68.90982503364738,52.56673511293635,76.05199736416048
352.0,51.098901098901095,34.31734317343174,66.80260037247302
304.0,54.50346420323326,37.46031746031746,68.53338698538268
176.0,90.80459770114942,83.15789473684211,91.54695888427536
220.0,93.21266968325791,87.28813559322035,93.61404978580369
241.0,92.85714285714286,86.66666666666667,93.29729152483549
242.0,91.91321499013807,85.03649635036497,92.47720138183807
225.0,80.38461538461539,67.20257234726688,83.49921880917289
212.0,59.95623632385121,42.8125,71.22339262874956
436.0,52.922077922077925,35.98233995584989,67.70124535832605
438.0,62.255639097744364,45.19650655021834,72.34709755856491
430.0,90.33760186263096,82.37791932059449,91.10560624180283
478.0,91.11807732497388,83.6852207293666,91.75716605426916
494.0,92.33870967741935,85.76779026217228,92.80746405984434
554.0,91.63498098859316,84.56140350877193,92.19215987810313
567.0,89.03107861060329,80.23064250411862,89.99457018039355
595.0,89.1500904159132,80.4241435562806,90.09130612389235
636.0,77.95414462081128,63.8728323699422,81.68507907152758
621.0,84.95897903372835,73.85103011093503,86.7595524724862
592.0,91.51356080489938,84.35483870967741,92.07974147032014
559.0,93.16546762589928,87.20538720538721,93.52617018249947
521.0,93.52380952380952,87.83542039355993,93.84927908074897
497.0,92.90853031860226,86.75623800383877,93.3087360077918
483.0,84.48074679113185,73.13131313131314,86.43215995827711
432.0,69.84993178717599,53.66876310272537,76.61302738469603
210.0,68.02973977695167,51.54929577464789,75.60262380395227
348.0,50.0,33.33333333333333,66.42092715055374
183.0,92.3076923076923,85.71428571428571,92.82914733642617
219.0,93.36283185840708,87.55186721991701,93.7459125952482
241.0,92.4901185770751,86.02941176470588,92.97666175116076
239.0,90.87378640776699,83.27402135231317,91.58995609283993
225.0,79.0352504638219,65.33742331288343,82.5556279745171
222.0,66.2962962962963,49.584487534626035,74.61023284665778
446.0,64.8876404494382,48.024948024948024,73.7621987096409
448.0,61.33333333333333,44.230769230769226,71.85422269499398
450.0,89.70917225950782,81.33874239350912,90.57695532533316
527.0,88.10226155358899,78.73462214411248,89.24564923164439
541.0,90.15151515151516,82.06896551724138,90.92985499202109
580.0,91.20580235720762,83.83333333333334,91.8190281105094
601.0,87.12550607287449,77.18794835007174,88.43381461985636
643.0,90.52969502407706,82.69794721407625,91.23005076579004
654.0,81.98558847077662,69.4708276797829,84.50889161051
630.0,87.33850129198967,77.52293577981652,88.61348826478998
604.0,92.6208651399491,86.25592417061611,93.04031348567075
574.0,93.00265721877768,86.9205298013245,93.3807096046964
532.0,92.66917293233082,86.33975481611208,93.09137973279489
499.0,93.31983805668015,87.4762808349146,93.6717620608245
488.0,84.43051201671892,73.05605786618446,86.3783463806531
430.0,71.0163111668758,55.05836575875487,77.2976874792211
361.0,54.52127659574468,37.47714808043875,68.39637556510381
336.0,51.39186295503212,34.5821325648415,67.06432023799051
183.0,90.19607843137256,82.14285714285714,91.03643906827952
224.0,94.01330376940133,88.70292887029288,94.32444498113956
246.0,92.39766081871345,85.86956521739131,92.89573497057715
249.0,88.80597014925374,79.86577181208054,89.87281141366972
227.0,80.37037037037037,67.18266253869969,83.48524427801695
223.0,68.46153846153847,52.046783625730995,75.85938525260309
443.0,69.90014265335235,53.72807017543859,76.65274350533561
450.0,67.2316384180791,50.638297872340424,75.08686089900412
462.0,90.48625792811839,82.62548262548263,91.22228541501678
510.0,89.197224975223,80.50089445438283,90.14084661584121
517.0,92.69717624148004,86.38838475499092,93.11873966119768
582.0,87.54448398576513,77.84810126582279,88.78316020540959
598.0,86.59626320064989,76.36103151862464,88.01432918718734
635.0,91.38638228055783,84.13897280966768,91.96368016125778
655.0,84.95297805642633,73.84196185286103,86.72756512274755
636.0,90.7112970711297,83.00153139356816,91.38894718527986
602.0,93.57021996615906,87.91732909379968,93.88208715335249
578.0,94.4153577661431,89.42148760330578,94.64627316601272
539.0,92.72388059701493,86.43478260869564,93.13888730869574
520.0,91.96078431372548,85.11796733212341,92.47650031361638
502.0,85.83078491335372,75.17857142857143,87.44960126046198
445.0,74.24425634824668,59.03846153846154,79.30567124327276
368.0,57.69728331177232,40.54545454545455,69.94541960351822
503.0,40.476190476190474,25.37313432835821,62.28688690838374
208.0,89.0,80.18018018018019,90.04608833001969
230.0,91.48936170212765,84.31372549019608,92.11683152074303
249.0,92.03883495145631,85.25179856115108,92.58484919947661
253.0,89.7196261682243,81.35593220338984,90.62289561146743
254.0,80.21015761821366,66.95906432748538,83.36641225664117
233.0,68.50828729281768,52.10084033613446,75.87938596122585
463.0,58.48787446504993,41.33064516129033,70.37415370269595
474.0,84.74970896391153,73.53535353535354,86.63618234866126
518.0,89.6484375,81.23893805309734,90.51286565144558
568.0,89.25318761384335,80.5921052631579,90.17730690843761
578.0,91.63763066202091,84.56591639871382,92.18628146219679
607.0,88.73015873015872,79.74322396576319,89.72851586663111
630.0,88.0,78.57142857142857,89.12234854814824
652.0,89.40493468795356,80.83989501312337,90.27265129994345
656.0,87.62886597938144,77.98165137614679,88.82140595067398
635.0,90.50980392156863,82.6647564469914,91.21039995780487
619.0,93.4959349593496,87.78625954198473,93.81248623557977
583.0,93.66438356164383,88.08373590982286,93.96731477028149
535.0,92.70544783010158,86.40275387263338,93.12185847595514
513.0,92.8361138370952,86.63003663003663,93.24158210392442
499.0,86.0061287027579,75.44802867383513,87.58633973135028
450.0,72.79411764705883,57.22543352601156,78.39017821973106
370.0,59.41422594142259,42.26190476190476,70.83973688148278
537.0,40.7103825136612,25.557461406518012,62.344964936772904
210.0,89.27680798004988,80.63063063063063,90.2723127351605
232.0,92.72349272349273,86.43410852713178,93.1820213326108
257.0,91.72932330827066,84.72222222222221,92.31705118961789
262.0,89.85507246376811,81.57894736842105,90.73339292792146
257.0,80.13468013468014,66.85393258426966,83.30881979047278
240.0,67.94425087108013,51.45118733509235,75.54152372096648
473.0,73.7888198757764,58.46456692913385,79.02077160586887
539.0,84.3076923076923,72.87234042553192,86.28244771703602
535.0,89.272030651341,80.62283737024222,90.19876529546109
583.0,89.91971454058876,81.68557536466776,90.72904150742649
593.0,89.72602739726028,81.36645962732919,90.56238875993061
609.0,86.66666666666667,76.47058823529412,88.0660416493819
632.0,86.15611192930781,75.67917205692109,87.65003550518011
652.0,88.87293610911702,79.97416020671835,89.830694527154
660.0,87.78346744696415,78.22685788787483,88.94500067219302
642.0,90.35222052067381,82.40223463687151,91.07406532795457
625.0,93.00080450522928,86.9172932330827,93.37094146714017
592.0,93.05084745762711,87.00475435816165,93.41976086135055
546.0,92.19600725952813,85.52188552188552,92.67436790389195
519.0,92.98751200768491,86.89407540394973,93.37358523477693
500.0,86.53465346534654,76.26527050610821,87.995921607826
457.0,79.36507936507937,65.78947368421053,82.71210127031543
372.0,56.809338521400775,39.67391304347826,69.50366989524034
503.0,42.014388489208635,26.59380692167577,62.89414511584488
213.0,88.2494004796163,78.96995708154506,89.43597069951792
234.0,88.48484848484848,79.34782608695652,89.61686398128477
257.0,92.13483146067416,85.41666666666666,92.66627445089793
261.0,89.33092224231464,80.71895424836602,90.30039322504624
262.0,81.01694915254237,68.09116809116809,83.93344274754853
242.0,69.77547495682211,53.58090185676393,76.61535988103735
512.0,74.0909090909091,58.844765342960294,79.19369661330562
532.0,83.21013727560718,71.24773960216999,85.46417352532268
530.0,87.55846585594013,77.87021630615641,88.80132687038729
595.0,89.4874022589053,80.9748427672956,90.36559540350243
605.0,90.15979814970564,82.08269525267994,90.92349911707325
618.0,87.83151326053043,78.30319888734353,88.9943825851871
638.0,86.84399712437096,76.74714104193139,88.18899051612425
663.0,89.60113960113961,81.16129032258065,90.43331030751511
666.0,88.63473909935668,79.58921694480102,89.63418390221729
654.0,89.8507462686567,81.57181571815718,90.64873918194945
625.0,93.92,88.5369532428356,94.19184672365822
598.0,93.34456613310867,87.51974723538704,93.68027182816469
548.0,92.26569608735214,85.6418918918919,92.73537949604761
516.0,93.0635838150289,87.02702702702703,93.44106870237312
502.0,88.73379860418744,79.74910394265234,89.76094074291733
467.0,80.0,66.66666666666666,83.15165749923047
378.0,60.42983565107459,43.29710144927536,71.33515584709197
676.0,39.43990665110852,24.563953488372093,61.240602692257795
708.0,34.24317617866005,20.65868263473054,59.26721706886827
730.0,18.37270341207349,10.115606936416185,53.81469850378247
763.0,14.741318214032601,7.957153787299158,52.77730672269575
761.0,17.88756388415673,9.822263797942002,53.948498837917704
753.0,14.935622317596566,8.070500927643785,53.04601130951655
721.0,15.503875968992247,8.403361344537815,53.222365095061704
676.0,0.0,0.0,49.26458864795919
668.0,0.591715976331361,0.2967359050445104,49.478698402556134
651.0,0.30349013657056145,0.1519756838905775,49.42127932176592
660.0,0.0,0.0,49.33533960459184
667.0,0.0,0.0,49.322385204081634
713.0,0.8042895442359249,0.4037685060565276,49.46443582459066
723.0,0.4645760743321719,0.23282887077997672,49.262386452769505
746.0,8.729388942774007,4.563894523326572,51.34340623914228
735.0,17.979315831344472,9.877622377622378,53.90910861405538
691.0,35.43307086614173,21.5311004784689,59.94474585093392
673.0,41.455160744500844,26.147278548559232,62.38068299461368
657.0,54.39393939393939,37.356919875130075,68.07424852379063
628.0,46.32068164213788,30.141129032258064,64.37585553202814
595.0,42.65041888804265,27.105517909002902,62.798189449931954
557.0,55.32915360501567,38.24485373781148,68.55040190051764
520.0,50.89605734767025,34.13461538461539,66.51812145002435
448.0,46.87168610816543,30.60941828254848,64.80325783509868
27.0,0.0,0.0,49.97309470663265
30.0,0.0,0.0,49.97010522959184
20.0,0.0,0.0,49.98007015306122
21.0,72.72727272727273,57.14285714285714,78.56245799491953
33.0,72.72727272727273,57.14285714285714,78.55647522586673
24.0,78.04878048780488,64.0,81.99102870813397
23.0,68.29268292682927,51.85185185185185,75.91296790989786
29.0,77.77777777777779,63.63636363636363,81.8062189032182
27.0,75.55555555555556,60.71428571428571,80.34617772625907
46.0,74.07407407407408,58.82352941176471,79.39082584734926
35.0,70.88607594936708,54.90196078431373,77.4280482712348
26.0,92.0,85.18518518518519,92.58860479525246
40.0,75.75757575757575,60.97560975609756,80.47185305256176
34.0,78.87323943661971,65.11627906976744,82.5431838038476
28.0,94.33962264150944,89.28571428571429,94.63986617557833
44.0,78.48101265822784,64.58333333333334,82.27471582411007
37.0,73.97260273972603,58.69565217391305,79.32888253873024
28.0,87.27272727272727,77.41935483870968,88.7026986348597
47.0,66.01941747572816,49.275362318840585,74.60278027792374
40.0,75.86206896551724,61.111111111111114,80.53461544427383
23.0,84.61538461538461,73.33333333333333,86.65869123100849
46.0,65.34653465346535,48.529411764705884,74.22980569688339
39.0,75.29411764705883,60.37735849056604,80.16773955160083
26.0,75.40983606557377,60.526315789473685,80.24820365471132
65.0,60.215053763440864,43.07692307692308,71.50157073523908
68.0,6.896551724137931,3.571428571428571,51.70499357935828
73.0,0.0,0.0,49.918287627551024
65.0,5.970149253731343,3.076923076923077,51.47568001815222
57.0,59.25925925925925,42.10526315789473,71.01973159489887
73.0,0.0,0.0,49.92725605867347
64.0,45.78313253012048,29.6875,64.79889085770681
55.0,63.41463414634146,46.42857142857143,73.18437544509328
71.0,0.0,0.0,49.92924904336735
65.0,69.91869918699187,53.75,76.83809815889732
59.0,69.3069306930693,53.03030303030303,76.48423868932035
73.0,0.0,0.0,49.92725605867347
63.0,64.38356164383562,47.474747474747474,73.68550755213165
62.0,76.47058823529412,61.904761904761905,80.92844653269091
70.0,0.0,0.0,49.930245535714285
63.0,55.497382198952884,38.405797101449274,69.11810713760093
62.0,71.07438016528926,55.12820512820513,77.52919541711356
70.0,20.51282051282051,11.428571428571429,55.65249333667449
60.0,52.04081632653062,35.172413793103445,67.49244131051681
65.0,64.1025641025641,47.16981132075472,73.52904642564889
64.0,73.7864077669903,58.46153846153847,79.20384354566013
59.0,48.309178743961354,31.84713375796178,65.81683584119611
64.0,64.1025641025641,47.16981132075472,73.52904642564889
64.0,77.06422018348624,62.68656716417911,81.31835040300949
65.0,42.857142857142854,27.27272727272727,63.484724537419126
71.0,41.69611307420495,26.339285714285715,63.005028055778055
70.0,2.2857142857142856,1.1560693641618496,50.407627698384196
50.0,82.6086956521739,70.37037037037037,85.16922922363905
52.0,74.69879518072288,59.61538461538461,79.786753031593
49.0,31.03448275862069,18.367346938775512,59.14380662464919
32.0,22.22222222222222,12.5,56.22209598979511
54.0,85.18518518518519,74.19354838709677,87.08081568566888
54.0,84.95575221238938,73.84615384615385,86.9061203319502
45.0,84.84848484848484,73.68421052631578,86.82714535570986
36.0,86.07594936708861,75.55555555555556,87.76680892930744
50.0,85.98130841121495,75.40983606557377,87.68995693164983
56.0,84.48275862068965,73.13432835820896,86.5492097832699
47.0,86.27450980392157,75.86206896551724,87.91707134544113
35.0,88.31168831168831,79.06976744186046,89.5259092085454
51.0,82.88288288288288,70.76923076923077,85.36566465650847
57.0,85.0,73.91304347826086,86.93856662691097
47.0,85.71428571428571,75.0,87.48503919730307
35.0,89.74358974358975,81.3953488372093,90.68969691516435
51.0,82.88288288288288,70.76923076923077,85.36566465650847
61.0,85.48387096774194,74.64788732394366,87.30598783331034
47.0,86.0,75.43859649122807,87.70533538681843
35.0,86.07594936708861,75.55555555555556,87.76680892930744
53.0,81.08108108108108,68.18181818181817,84.06996396713338
61.0,73.10344827586206,57.608695652173914,78.76544353065373
50.0,88.07339449541286,78.68852459016394,89.33129549010272
35.0,85.36585365853658,74.46808510638297,87.22207629803106
58.0,84.7457627118644,73.52941176470588,86.74675112833307
63.0,69.18238993710692,52.88461538461539,76.39342598603687
50.0,83.1858407079646,71.21212121212122,85.58710949991446
39.0,87.35632183908046,77.55102040816327,88.76454048051868
65.0,90.625,82.85714285714286,91.4165996818936
61.0,72.0,56.25,78.08310223055743
51.0,86.48648648648648,76.19047619047619,88.0802763971851
38.0,87.05882352941177,77.08333333333334,88.53069716188995
96.0,59.854014598540154,42.70833333333333,71.29931476679631
101.0,71.08433734939759,55.140186915887845,77.5222055157287
95.0,63.888888888888886,46.93877551020408,73.41752260449363
79.0,63.86554621848739,46.913580246913575,73.41390847680157
64.0,87.02290076335878,77.02702702702703,88.49655387744735
66.0,81.75182481751825,69.1358024691358,84.54296109091267
51.0,76.92307692307693,62.5,81.22307055514553
74.0,74.3801652892562,59.210526315789465,79.57434416565441
58.0,79.33884297520662,65.75342465753424,82.85177616534548
64.0,82.96296296296296,70.88607594936708,85.42009304252073
50.0,82.56880733944955,70.3125,85.13729964991722
43.0,93.18181818181817,87.2340425531915,93.61103743297352
64.0,84.61538461538461,73.33333333333333,86.64671494982143
65.0,82.85714285714286,70.73170731707317,85.3419101651809
51.0,80.34188034188034,67.14285714285714,83.54848775872534
42.0,87.91208791208791,78.43137254901961,89.20471611334817
68.0,87.4074074074074,77.63157894736842,88.79882916081631
65.0,83.45323741007195,71.60493827160494,85.77952328800326
51.0,81.73913043478261,69.11764705882352,84.53787756998707
53.0,85.43689320388349,74.57627118644068,87.2731750889516
70.0,86.52482269503547,76.25,88.10604359972064
68.0,83.56164383561644,71.76470588235294,85.85840801450782
53.0,82.92682926829268,70.83333333333334,85.39571903574398
64.0,80.64516129032258,67.56756756756756,83.7598441117573
72.0,85.3146853146853,74.39024390243902,87.17417014038443
68.0,82.43243243243244,70.11494252873564,85.03153092714344
55.0,74.64788732394366,59.55056179775281,79.73936924155342
74.0,83.78378378378379,72.09302325581395,86.02256622342918
75.0,87.41721854304636,77.64705882352942,88.80457112000657
70.0,84.56375838926175,73.25581395348837,86.60495883953428
62.0,69.18238993710692,52.88461538461539,76.39342598603687
76.0,81.17647058823529,68.31683168316832,84.1264841753499
96.0,0.0,0.0,49.90433673469388
104.0,0.0,0.0,49.89536830357143
95.0,0.0,0.0,49.90533322704081
88.0,56.00000000000001,38.88888888888889,69.36763952892984
78.0,65.97938144329896,49.23076923076923,74.54953212496316
69.0,79.22077922077922,65.59139784946237,82.76377235583962
68.0,83.68794326241135,71.95121951219512,85.95266345045277
52.0,81.48148148148148,68.75,84.35505266097503
31.0,92.06349206349206,85.29411764705883,92.64207348043809
90.0,62.27106227106227,45.21276595744681,72.50357009816601
83.0,81.52173913043478,68.80733944954129,84.36973826631672
81.0,85.0828729281768,74.03846153846155,86.99228412358914
52.0,55.757575757575765,38.655462184873954,69.2549204002367
32.0,89.85507246376811,81.57894736842105,90.78249392551075
98.0,56.965944272445824,39.82683982683983,69.7746530417643
94.0,66.4179104477612,49.72067039106145,74.77049152352002
89.0,81.4070351758794,68.64406779661016,84.28510406498839
65.0,55.10204081632652,38.028169014084504,68.92629870440071
64.0,55.483870967741936,38.392857142857146,69.12761162450738
106.0,59.02578796561605,41.86991869918699,70.79216782521908
98.0,62.0,44.927536231884055,72.34995704232423
93.0,80.18867924528303,66.92913385826772,83.4226432302658
82.0,59.55555555555555,42.405063291139236,71.11172959404195
64.0,52.56410256410257,35.65217391304348,67.75228621851436
114.0,60.98901098901099,43.873517786561266,71.7949432536122
103.0,62.37942122186495,45.32710280373832,72.54673597025112
94.0,78.87323943661971,65.11627906976744,82.51322218281155
85.0,59.72850678733032,42.58064516129032,71.20151795083075
66.0,50.98039215686274,34.21052631578947,67.03046809636334
116.0,60.86956521739131,43.75,71.731184084372
103.0,60.81504702194357,43.69369369369369,71.7220440352891
95.0,78.70370370370371,64.8854961832061,82.39683165950946
84.0,59.29203539823009,42.138364779874216,70.97738251366738
64.0,49.101796407185624,32.53968253968254,66.18507015185982
117.0,60.42780748663101,43.29501915708812,71.49969582387494
103.0,60.43613707165109,43.30357142857143,71.52498605774305
95.0,78.13953488372093,64.12213740458014,82.01415502345913
86.0,56.43153526970954,39.30635838150289,69.54840550191932
63.0,44.44444444444444,28.57142857142857,64.19097576403412
120.0,61.05263157894737,43.93939393939394,71.82187435683241
103.0,60.681114551083596,43.55555555555555,71.65097558919197
96.0,66.92913385826772,50.29585798816568,75.06408159634672
75.0,53.65853658536586,36.666666666666664,68.21958358278454
65.0,44.559585492227974,28.666666666666668,64.22661719825264
117.0,79.11111111111111,65.44117647058823,82.6736698732441
97.0,78.85714285714286,65.09433962264151,82.51024882223739
84.0,77.12418300653596,62.76595744680851,81.34806043220566
50.0,62.01550387596899,44.9438202247191,72.42304303082133
27.0,85.71428571428571,75.0,87.4930216329379
119.0,76.51515151515152,61.963190184049076,80.91968795273348
98.0,87.56756756756758,77.88461538461539,88.91935130943516
84.0,81.60919540229885,68.93203883495146,84.43408647665146
53.0,73.33333333333333,57.89473684210527,78.91545267861268
29.0,82.35294117647058,70.0,84.9910278137773
117.0,67.73162939297124,51.20772946859904,75.50300593661628
101.0,87.75510204081633,78.18181818181819,89.06695221328881
86.0,80.0,66.66666666666666,83.2964086596676
54.0,65.67164179104478,48.888888888888886,74.398565564687
29.0,86.79245283018868,76.66666666666667,88.32635468798809
118.0,67.28971962616822,50.70422535211267,75.2472552821121
101.0,83.4862385321101,71.65354330708661,85.79083274967986
86.0,78.78787878787878,65.0,82.45808215896841
54.0,60.810810810810814,43.689320388349515,71.78681175707995
31.0,81.48148148148148,68.75,84.36503070542729
117.0,66.26139817629179,49.54545454545455,74.6618758136824
101.0,81.05726872246696,68.14814814814815,84.03114619291442
89.0,77.07317073170732,62.698412698412696,81.30229735265965
55.0,59.74025974025974,42.592592592592595,71.23445707826318
45.0,64.70588235294117,47.82608695652174,73.88911717128634
120.0,65.3061224489796,48.484848484848484,74.12357636770388
101.0,74.69879518072288,59.61538461538461,79.7447967143772
87.0,72.64150943396226,57.03703703703704,78.46063313158464
54.0,56.44171779141104,39.31623931623932,69.58730377940432
45.0,64.70588235294117,47.82608695652174,73.88911717128634
121.0,64.72303206997084,47.8448275862069,73.80157088887893
102.0,74.50980392156863,59.375,79.6226051296899
88.0,70.9090909090909,54.929577464788736,77.40091392701291
56.0,56.14035087719298,39.02439024390244,69.43738663168631
43.0,66.66666666666666,50.0,74.97806755194003
121.0,63.793103448275865,46.835443037974684,73.2918851063238
101.0,70.63197026022306,54.59770114942529,77.21997834772037
90.0,66.37554585152839,49.673202614379086,74.75975499980431
55.0,56.287425149700596,39.166666666666664,69.51052118866657
44.0,63.63636363636363,46.666666666666664,73.3094075034061
116.0,40.74074074074074,25.581395348837212,62.66303470465877
97.0,39.568345323741006,24.663677130044842,62.16424414352245
83.0,44.80874316939891,28.87323943661972,64.33589168400249
41.0,61.97183098591549,44.89795918367347,72.4220624964904
21.0,80.0,66.66666666666666,83.32535885167465
70.0,0.0,0.0,49.930245535714285
53.0,0.0,0.0,49.947185905612244
53.0,0.0,0.0,49.947185905612244
67.0,0.0,0.0,49.9332350127551
38.0,0.0,0.0,49.962133290816325
85.0,0.0,0.0,49.9152981505102
66.0,0.0,0.0,49.93423150510204
55.0,62.5,45.45454545454545,72.69736305448454
76.0,0.0,0.0,49.92426658163265
65.0,0.0,0.0,49.935227997448976
77.0,0.0,0.0,49.923270089285715
64.0,0.0,0.0,49.93622448979592
60.0,84.61538461538461,73.33333333333333,86.65070879544669
71.0,0.0,0.0,49.92924904336735
71.0,0.0,0.0,49.92924904336735
79.0,0.0,0.0,49.92127710459184
73.0,0.0,0.0,49.92725605867347
59.0,90.9090909090909,83.33333333333334,91.6566918033223
63.0,20.0,11.11111111111111,55.49974419794428
82.0,0.0,0.0,49.918287627551024
76.0,0.0,0.0,49.92426658163265
78.0,0.0,0.0,49.92227359693878
60.0,90.09009009009009,81.9672131147541,90.97263420769823
71.0,63.46153846153846,46.478873239436616,73.20154498977993
79.0,0.0,0.0,49.92127710459184
81.0,0.0,0.0,49.918287627551024
71.0,0.0,0.0,49.92924904336735
55.0,88.07339449541286,78.68852459016394,89.33129549010272
79.0,0.0,0.0,49.92127710459184
89.0,0.0,0.0,49.91131218112245
84.0,67.56756756756756,51.02040816326531,75.46232473757966
86.0,71.53284671532847,55.68181818181818,77.80200789993417
63.0,82.99319727891157,70.93023255813954,85.44017364712325
77.0,88.74172185430463,79.76190476190477,89.86398936033733
79.0,0.0,0.0,49.916294642857146
83.0,43.2,27.55102040816326,63.70472115544656
84.0,15.384615384615385,8.333333333333332,54.08992604995117
61.0,88.05970149253731,78.66666666666666,89.31737068592827
75.0,87.83783783783784,78.3132530120482,89.1386663775094
80.0,0.0,0.0,49.9202806122449
131.0,36.144578313253014,22.058823529411764,60.92372038353888
131.0,7.352941176470589,3.816793893129771,51.78282639784152
132.0,0.0,0.0,49.86846301020408
133.0,0.0,0.0,49.867466517857146
136.0,0.0,0.0,49.864477040816325
131.0,45.05494505494506,29.078014184397162,64.43927636516158
131.0,47.72727272727273,31.343283582089555,65.57988769203014
129.0,58.58585858585859,41.42857142857143,70.6324787786538
131.0,12.857142857142856,6.870229007633588,53.31352062736414
137.0,0.0,0.0,49.86348054846938
130.0,58.333333333333336,41.17647058823529,70.49843823547019
129.0,64.0,47.05882352941176,73.44857989499488
118.0,73.68421052631578,58.333333333333336,79.10677686390375
124.0,66.3157894736842,49.60629921259843,74.7392939201499
137.0,0.0,0.0,49.86348054846938
129.0,68.3982683982684,51.973684210526315,75.91398345105233
128.0,71.07438016528926,55.12820512820513,77.49422833771007
131.0,83.27137546468401,71.3375796178344,85.62384733528346
129.0,84.49612403100775,73.15436241610739,86.53723473632581
134.0,60.60606060606061,43.47826086956522,71.66131097592715
130.0,73.98373983739837,58.70967741935483,79.29094732503131
129.0,76.07843137254902,61.39240506329114,80.6352987596054
122.0,84.0909090909091,72.54901960784314,86.23256433303372
124.0,85.82089552238806,75.16339869281046,87.54374564991494
134.0,77.82426778242679,63.6986301369863,81.79640290268838
127.0,76.98412698412699,62.58064516129033,81.23241407608236
128.0,80.45112781954887,67.29559748427673,83.59587040324602
111.0,82.03125,69.5364238410596,84.72227714790692
126.0,85.01742160278745,73.93939393939394,86.92674335959587
137.0,81.78137651821862,69.17808219178082,84.54410849479206
130.0,81.3953488372093,68.62745098039215,84.26579355354612
128.0,86.02941176470588,75.48387096774194,87.70398027102213
118.0,82.35294117647058,70.0,84.95206136145733
125.0,77.60252365930599,63.4020618556701,81.63010610814392
137.0,73.17073170731707,57.692307692307686,78.74723495964078
117.0,82.15767634854771,69.71830985915493,84.81622104775546
125.0,85.29411764705883,74.35897435897436,87.13953512195623
114.0,82.88973384030417,70.77922077922078,85.34467060891652
121.0,79.3220338983051,65.73033707865169,82.80424043448956
137.0,78.3625730994152,64.42307692307693,82.13760056936789
127.0,51.93370165745856,35.07462686567165,67.45053731521928
130.0,66.12903225806451,49.39759036144578,74.5729285992992
132.0,36.49025069637883,22.31686541737649,60.70284273966037
130.0,40.77046548956662,25.60483870967742,62.433780620798075
130.0,33.16326530612245,19.877675840978593,59.41531955738335
12.0,74.07407407407408,58.82352941176471,79.40478786898086
13.0,73.33333333333333,57.89473684210527,78.93939473421918
13.0,69.23076923076923,52.94117647058824,76.4626148663464
7.0,0.0,0.0,49.99302455357143
13.0,70.96774193548387,55.00000000000001,77.49102960231238
13.0,70.96774193548387,55.00000000000001,77.49102960231238
14.0,82.35294117647058,70.0,84.99401937721781
7.0,0.0,0.0,49.99302455357143
13.0,72.72727272727273,57.14285714285714,78.56245799491953
16.0,82.35294117647058,70.0,84.99401937721781
15.0,85.71428571428571,75.0,87.49501604832439
8.0,0.0,0.0,49.99202806122449
13.0,72.72727272727273,57.14285714285714,78.56245799491953
16.0,81.08108108108108,68.18181818181817,84.08393155856324
15.0,83.33333333333334,71.42857142857143,85.708304972275
10.0,0.0,0.0,49.99003507653062
14.0,76.47058823529412,61.904761904761905,80.94440694763642
16.0,82.05128205128204,69.56521739130434,84.77563102420082
15.0,76.47058823529412,61.904761904761905,80.94440694763642
11.0,0.0,0.0,49.989038584183675
12.0,75.0,60.0,79.99202615421417
17.0,82.05128205128204,69.56521739130434,84.77563102420082
17.0,78.94736842105263,65.21739130434783,82.60072132949294
12.0,0.0,0.0,49.98804209183674
15.0,80.0,66.66666666666666,83.32635594008745
17.0,82.05128205128204,69.56521739130434,84.77563102420082
18.0,80.0,66.66666666666666,83.32535885167465
15.0,0.0,0.0,49.98505261479592
17.0,82.05128205128204,69.56521739130434,84.77563102420082
20.0,85.71428571428571,75.0,87.49401890027512
18.0,76.19047619047619,61.53846153846154,80.7592626671574
15.0,0.0,0.0,49.98505261479592
16.0,31.57894736842105,18.75,59.36204482490582
13.0,83.33333333333334,71.42857142857143,85.71029895034201
13.0,0.0,0.0,49.9870455994898
27.0,0.0,0.0,49.97309470663265
15.0,82.35294117647058,70.0,84.99401937721781
13.0,68.42105263157895,52.0,75.9880389928832
13.0,83.87096774193549,72.22222222222221,86.10612735814578
11.0,0.0,0.0,49.989038584183675
13.0,76.47058823529412,61.904761904761905,80.94440694763642
14.0,73.68421052631578,58.333333333333336,79.1566989620297
13.0,76.47058823529412,61.904761904761905,80.94440694763642
14.0,0.0,0.0,49.986049107142854
14.0,73.68421052631578,58.333333333333336,79.1566989620297
14.0,73.68421052631578,58.333333333333336,79.1566989620297
14.0,70.0,53.84615384615385,76.91111567751254
13.0,0.0,0.0,49.9870455994898
16.0,78.04878048780488,64.0,81.99102870813397
15.0,76.92307692307693,62.5,81.24102888698391
14.0,71.7948717948718,56.00000000000001,77.98903552489934
13.0,0.0,0.0,49.9870455994898
14.0,70.0,53.84615384615385,76.91111567751254
17.0,82.92682926829268,70.83333333333334,85.40968885610425
17.0,75.55555555555556,60.71428571428571,80.34617772625907
15.0,0.0,0.0,49.98505261479592
14.0,66.66666666666666,50.0,74.98604521350823
17.0,75.55555555555556,60.71428571428571,80.34617772625907
17.0,76.19047619047619,61.53846153846154,80.7592626671574
14.0,25.0,14.285714285714285,57.13089875803632
19.0,82.6086956521739,70.37037037037037,85.17721022655529
19.0,80.85106382978722,67.85714285714286,83.91959960011279
17.0,74.4186046511628,59.25925925925925,79.61866471734893
14.0,63.63636363636363,46.666666666666664,73.32536028224601
29.0,0.0,0.0,49.70005580357143
31.0,1.3953488372093024,0.702576112412178,49.92875003774995
31.0,1.1235955056179776,0.5649717514124294,49.931706587628724
28.0,0.0,0.0,49.78475765306122
52.0,82.22222222222221,69.81132075471697,84.88970473404689
61.0,64.58333333333334,47.69230769230769,73.81225216104067
63.0,61.855670103092784,44.776119402985074,72.35116742693425
66.0,64.15094339622641,47.22222222222222,73.57321872548627
73.0,62.38532110091744,45.33333333333333,72.62578277691357
67.0,70.27027027027027,54.166666666666664,77.05042350625952
57.0,78.35051546391753,64.40677966101694,82.18244763097917
41.0,77.14285714285715,62.7906976744186,81.37939637554506
23.0,0.0,0.0,49.97708067602041
52.0,91.0891089108911,83.63636363636363,91.80920515749959
63.0,77.47747747747748,63.23529411764706,81.59271338240282
69.0,75.21367521367522,60.273972602739725,80.10806265978366
71.0,85.49618320610686,74.66666666666667,87.31437882415536
75.0,89.65517241379311,81.25,90.61003322623775
69.0,89.55223880597015,81.08108108108108,90.52657294536137
59.0,87.03703703703704,77.04918032786885,88.51062619098464
42.0,83.54430379746836,71.73913043478261,85.85660229135975
26.0,46.15384615384615,30.0,64.97906990651224
51.0,90.9090909090909,83.33333333333334,91.6576901850485
63.0,82.45614035087719,70.1492537313433,85.05467833288623
70.0,79.67479674796748,66.21621621621621,83.08317144722675
73.0,87.59124087591242,77.92207792207793,88.94407830974995
78.0,89.1891891891892,80.48780487804879,90.22793756175437
72.0,90.64748201438849,82.89473684210526,91.43439773480355
61.0,89.65517241379311,81.25,90.61302968637779
43.0,81.92771084337349,69.38775510204081,84.67892003037902
28.0,53.06122448979592,36.11111111111111,68.03263029191501
52.0,88.88888888888889,80.0,89.98902896353627
63.0,88.33333333333333,79.1044776119403,89.53827316145565
70.0,85.9375,75.34246575342466,87.65327633155162
77.0,88.57142857142857,79.48717948717949,89.72762614060454
79.0,89.1891891891892,80.48780487804879,90.22793756175437
72.0,92.08633093525181,85.33333333333334,92.65569125159642
62.0,82.96296296296296,70.88607594936708,85.42009304252073
45.0,68.51851851851852,52.112676056338024,76.02243228613187
28.0,55.88235294117647,38.775510204081634,69.35784900717869
51.0,88.88888888888889,80.0,89.98902896353627
65.0,88.70967741935483,79.71014492753623,89.84110626197645
71.0,90.51094890510949,82.66666666666667,91.32036290590786
76.0,89.36170212765957,80.76923076923077,90.36964920817414
79.0,89.1891891891892,80.48780487804879,90.22793756175437
74.0,91.66666666666666,84.61538461538461,92.2957186497398
62.0,80.57553956834532,67.46987951807229,83.70800440388851
46.0,80.8080808080808,67.79661016949152,83.87935662455747
28.0,68.75,52.38095238095239,76.17053760133076
52.0,91.2621359223301,83.92857142857143,91.95530887453228
66.0,92.1875,85.5072463768116,92.74364653377762
74.0,90.14084507042254,82.05128205128204,91.01167231555164
78.0,89.1891891891892,80.48780487804879,90.22793756175437
80.0,94.19354838709677,89.02439024390245,94.50321362383734
76.0,93.87755102040816,88.46153846153845,94.22178844964084
60.0,80.2919708029197,67.07317073170732,83.50965054811259
47.0,81.1881188118812,68.33333333333333,84.14771782852964
29.0,65.78947368421053,49.01960784313725,74.48388220515221
54.0,91.42857142857143,84.21052631578947,92.09628613906294
67.0,91.6030534351145,84.50704225352112,92.2425465876912
75.0,91.78082191780823,84.81012658227847,92.3930893942345
79.0,89.1891891891892,80.48780487804879,90.22793756175437
80.0,94.26751592356688,89.1566265060241,94.5693315756339
78.0,93.95973154362416,88.60759493670885,94.2948165079904
58.0,76.05633802816901,61.36363636363637,80.6479009398885
45.0,76.63551401869158,62.121212121212125,81.03567337884681
31.0,66.66666666666666,50.0,74.97607273887382
54.0,91.74311926605505,84.7457627118644,92.36390397892227
67.0,90.07633587786259,81.94444444444444,90.95925257120561
74.0,93.87755102040816,88.46153846153845,94.22178844964084
80.0,92.81045751633987,86.58536585365853,93.28170597842093
82.0,93.75,88.23529411764706,94.10766721810178
76.0,94.66666666666667,89.87341772151899,94.92872562555344
60.0,80.0,66.66666666666666,83.30540037243948
46.0,73.68421052631578,58.333333333333336,79.1367468517706
32.0,57.534246575342465,40.38461538461539,70.16140349531837
64.0,0.0,0.0,49.93622448979592
67.0,47.72727272727273,31.343283582089555,65.62578395035092
73.0,49.48453608247423,32.87671232876712,66.38950467291762
74.0,35.55555555555556,21.62162162162162,60.752995818785294
77.0,0.0,0.0,49.923270089285715
69.0,23.076923076923077,13.043478260869565,56.46193886332692
59.0,33.80281690140845,20.33898305084746,60.12264518143202
47.0,0.0,0.0,49.95316485969388
68.0,0.0,0.0,49.93223852040816
54.0,86.86868686868688,76.78571428571429,88.37989163111837
64.0,84.21052631578947,72.72727272727273,86.34568232597279
72.0,82.53968253968253,70.27027027027027,85.11318956016108
75.0,88.40579710144928,79.22077922077922,89.59442632594383
78.0,88.57142857142857,79.48717948717949,89.72762614060454
72.0,88.05970149253731,78.66666666666666,89.31737068592827
62.0,92.3076923076923,85.71428571428571,92.84816476369087
48.0,88.63636363636364,79.59183673469387,89.78594569247609
35.0,0.0,0.0,49.965122767857146
54.0,88.23529411764706,78.94736842105263,89.46171556836877
64.0,85.21739130434783,74.24242424242425,87.1042551918128
72.0,85.27131782945736,74.32432432432432,87.14320803115918
78.0,88.11188811188812,78.75,89.3580383333666
79.0,91.2751677852349,83.9506172839506,91.96233666145324
73.0,92.3076923076923,85.71428571428571,92.84616700401973
61.0,91.66666666666666,84.61538461538461,92.2977164492697
49.0,91.30434782608695,84.0,91.99202138269438
37.0,0.0,0.0,49.96312978316326
55.0,87.37864077669903,77.58620689655173,88.78013741927185
65.0,89.25619834710744,80.59701492537313,90.28553910547816
72.0,91.17647058823529,83.78378378378379,91.879919189653
76.0,92.51700680272108,86.07594936708861,93.02699839233333
80.0,94.8051948051948,90.12345679012346,95.05374484118272
73.0,93.87755102040816,88.46153846153845,94.22178844964084
63.0,92.80000000000001,86.56716417910447,93.27460327954385
53.0,90.72164948453609,83.01886792452831,91.50045765970292
36.0,15.384615384615385,8.333333333333332,54.13378045296607
56.0,87.61904761904762,77.96610169491525,88.97008455980553
65.0,92.80000000000001,86.56716417910447,93.27460327954385
73.0,93.61702127659575,88.0,93.99101975653562
79.0,92.71523178807946,86.41975308641975,93.19889981387605
82.0,93.67088607594937,88.09523809523809,94.03763940608776
74.0,93.95973154362416,88.60759493670885,94.2948165079904
62.0,91.47286821705426,84.28571428571429,92.13188282276616
53.0,89.79591836734694,81.48148148148148,90.73076707122824
37.0,48.0,31.57894736842105,65.7635586854066
55.0,89.52380952380953,81.03448275862068,90.50626968627837
65.0,94.57364341085271,89.70588235294117,94.84595723952556
75.0,95.17241379310344,90.78947368421053,95.38775179011651
78.0,93.42105263157895,87.65432098765432,93.81718144981957
82.0,93.75,88.23529411764706,94.10766721810178
78.0,91.13924050632912,83.72093023255815,91.84649417583519
62.0,88.88888888888889,80.0,89.98503471945088
55.0,93.20388349514563,87.27272727272727,93.62938151060558
36.0,47.05882352941176,30.76923076923077,65.35770365508824
56.0,88.67924528301887,79.66101694915254,89.81853935490503
66.0,93.84615384615384,88.40579710144928,94.19491690850175
75.0,95.17241379310344,90.78947368421053,95.38775179011651
78.0,94.03973509933775,88.75,94.36601886039317
82.0,91.46341463414635,84.26966292134831,92.12085968366371
77.0,91.71974522292994,84.70588235294117,92.33996816034413
60.0,92.06349206349206,85.29411764705883,92.63708236796454
52.0,90.9090909090909,83.33333333333334,91.6576901850485
36.0,20.0,11.11111111111111,55.52366525817853
56.0,91.8918918918919,85.0,92.49102244389027
67.0,94.73684210526315,90.0,94.99301578432741
74.0,95.17241379310344,90.78947368421053,95.38775179011651
79.0,95.48387096774194,91.35802469135803,95.67202659660711
83.0,92.6829268292683,86.36363636363636,93.16984213391399
77.0,92.40506329113924,85.88235294117646,92.92920113976973
63.0,88.54961832061069,79.45205479452055,89.71106271391297
54.0,89.52380952380953,81.03448275862068,90.50626968627837
38.0,0.0,0.0,49.96113679846938
126.0,7.655502392344498,3.9800995024875623,51.60528101121188
133.0,7.421875,3.8539553752535496,51.45446138880507
140.0,2.97951582867784,1.5122873345935728,50.23688836511213
136.0,0.6042296072507553,0.30303030303030304,49.82366263532183
136.0,0.0,0.0,49.751873405612244
136.0,3.8356164383561646,1.9553072625698324,50.627836014828546
126.0,6.130268199233716,3.1620553359683794,51.09259066638929
120.0,8.47457627118644,4.424778761061947,51.889429311951794
123.0,11.538461538461538,6.122448979591836,52.83196271271811
41.0,42.857142857142854,27.27272727272727,63.56457755887455
58.0,76.19047619047619,61.53846153846154,80.7393073731248
70.0,75.30864197530865,60.396039603960396,80.15811159086577
57.0,65.75342465753424,48.97959183673469,74.43992359152406
56.0,52.41379310344828,35.51401869158878,67.68819926162669
46.0,82.5,70.2127659574468,85.09242290453558
30.0,63.1578947368421,46.15384615384615,73.04900793894254
20.0,49.056603773584904,32.5,66.22308773398721
45.0,47.76119402985074,31.372549019607842,65.61647553086327
79.0,76.71232876712328,62.22222222222222,81.07719251574001
79.0,80.44692737430168,67.28971962616822,83.60993246197441
70.0,65.51724137931035,48.717948717948715,74.29911681991732
62.0,62.06896551724138,45.0,72.44514372344457
54.0,81.72043010752688,69.0909090909091,84.52850133631178
37.0,65.88235294117646,49.122807017543856,74.53248909543541
22.0,60.317460317460316,43.18181818181818,71.56598734519065
48.0,45.67901234567901,29.599999999999998,64.71224396178623
83.0,56.25,39.130434782608695,69.46743837188822
84.0,66.3716814159292,49.668874172185426,74.75859029660748
75.0,56.25,39.130434782608695,69.46743837188822
61.0,58.97435897435898,41.81818181818181,70.84525687757287
55.0,69.49152542372882,53.246753246753244,76.58747356164331
41.0,59.04761904761905,41.891891891891895,70.90307028536164
30.0,64.0,47.05882352941176,73.50249359593893
50.0,27.480916030534353,15.929203539823009,57.77513228447073
96.0,41.55124653739612,26.223776223776223,62.90131347265936
85.0,43.67816091954023,27.941176470588236,63.77497945285899
77.0,40.63492063492063,25.49800796812749,62.56242192786963
70.0,54.72636815920397,37.67123287671233,68.74483612671035
58.0,68.14814814814815,51.68539325842697,75.7998081392873
44.0,56.41025641025641,39.285714285714285,69.59200258688722
27.0,56.470588235294116,39.34426229508197,69.63524328663813
60.0,31.893687707641195,18.972332015810274,59.281689467847684
100.0,43.86422976501306,28.093645484949832,63.832217615907794
93.0,44.38642297650131,28.523489932885905,64.0491319221835
81.0,38.440111420612816,23.79310344827586,61.676023654207576
83.0,50.199203187250994,33.51063829787234,66.63060101192582
58.0,61.27167630057804,44.166666666666664,72.01649774887112
46.0,61.15702479338842,44.047619047619044,71.97693982158171
32.0,60.0,42.857142857142854,71.3926783898269
62.0,32.19814241486068,19.18819188191882,59.375637717353946
100.0,44.15584415584416,28.333333333333332,63.95205725579445
105.0,46.38403990024938,30.1948051948052,64.88275890593044
84.0,39.361702127659576,24.503311258278146,62.024119802225975
86.0,44.44444444444444,28.57142857142857,64.12107648886735
61.0,53.80710659898477,36.80555555555556,68.31200108843356
49.0,61.904761904761905,44.827586206896555,72.36592426406818
29.0,58.42696629213483,41.269841269841265,70.59803130291664
72.0,33.23262839879154,19.92753623188406,59.743301644802195
102.0,45.012787723785166,29.042904290429046,64.3068298804006
107.0,48.0,31.57894736842105,65.59480850831308
82.0,39.56043956043956,24.65753424657534,62.10922377345533
88.0,53.73134328358209,36.734693877551024,68.24360432341547
61.0,59.34065934065934,42.1875,71.01993012050596
50.0,61.19402985074627,44.086021505376344,71.99115077462893
35.0,62.5,45.45454545454545,72.69137754121601
71.0,32.6530612244898,19.51219512195122,59.525650633601316
106.0,44.49877750611247,28.61635220125786,64.08156134571229
111.0,45.563549160671464,29.503105590062113,64.52491994025578
89.0,38.83495145631068,24.096385542168676,61.796675683891756
88.0,44.84848484848485,28.90625,64.27149552413077
81.0,52.307692307692314,35.41666666666667,67.58460059604587
50.0,60.29411764705882,43.15789473684211,71.52509277582108
34.0,61.224489795918366,44.11764705882353,72.02093416635189
156.0,0.0,0.0,49.79970503826531
137.0,1.36986301369863,0.6896551724137931,50.20132982835936
89.0,84.02366863905326,72.44897959183673,86.1975463770979
81.0,68.78306878306879,52.41935483870967,76.15080810922332
92.0,65.08875739644971,48.24561403508772,74.06394945285042
145.0,39.77900552486188,24.82758620689655,62.305097451274364
174.0,28.95927601809955,16.93121693121693,58.30905932712729
174.0,9.782608695652174,5.142857142857142,52.40598116576349
153.0,21.455938697318008,12.017167381974248,55.804188700159976
115.0,3.614457831325301,1.8404907975460123,50.760797089921624
93.0,83.24324324324324,71.29629629629629,85.6172094068559
83.0,67.64705882352942,51.11111111111111,75.48969649394739
89.0,58.58585858585859,41.42857142857143,70.6324787786538
75.0,70.96774193548387,55.00000000000001,77.46409478975505
50.0,59.04761904761905,41.891891891891895,70.90307028536164
179.0,9.0,4.712041884816754,52.17462679884787
152.0,28.57142857142857,16.666666666666664,58.11391260405861
127.0,35.333333333333336,21.45748987854251,60.53522100814184
107.0,68.46153846153847,52.046783625730995,75.94153424503352
92.0,61.240310077519375,44.134078212290504,71.96723273051397
90.0,52.43445692883895,35.53299492385787,67.63976613234765
94.0,68.50828729281768,52.10084033613446,75.99354983243248
55.0,55.319148936170215,38.23529411764706,69.05481920713714
43.0,57.446808510638306,40.298507462686565,70.10937257718268
150.0,24.52316076294278,13.975155279503104,56.711301483281495
131.0,30.319148936170215,17.86833855799373,58.672791358447775
124.0,55.3072625698324,38.22393822393823,68.95221513309657
97.0,57.23905723905723,40.09433962264151,69.9204005314102
103.0,51.80327868852459,34.95575221238938,67.33116073401672
100.0,55.55555555555556,38.46153846153847,69.11900616846133
54.0,45.78313253012048,29.6875,64.753997716303
174.0,20.81447963800905,11.616161616161616,55.63361467444972
150.0,28.497409326424872,16.61631419939577,58.03282340723365
134.0,31.818181818181817,18.91891891891892,59.19006828351709
126.0,52.300242130750604,35.40983606557377,67.50818558891055
103.0,55.10835913312694,38.034188034188034,68.87234587885456
103.0,52.56410256410257,35.65217391304348,67.67836467441211
107.0,53.92491467576792,36.915887850467286,68.32320531813143
91.0,41.74757281553398,26.380368098159508,63.070502402260296
176.0,24.107142857142858,13.705583756345177,56.683296972990036
151.0,24.137931034482758,13.725490196078432,56.55552543598085
135.0,33.41288782816229,20.057306590257877,59.75024352384406
129.0,52.55474452554745,35.64356435643564,67.62704701803567
116.0,53.80116959064327,36.8,68.24226499480872
112.0,54.761904761904766,37.704918032786885,68.70071394810816
116.0,53.37423312883436,36.40167364016737,68.0491068993426
74.0,45.933014354066984,29.81366459627329,64.79412083947082
180.0,23.770491803278688,13.488372093023257,56.55873128351484
149.0,25.252525252525253,14.450867052023122,56.93017757101815
139.0,35.37735849056604,21.48997134670487,60.4715380375767
126.0,51.724137931034484,34.883720930232556,67.24613839046228
124.0,58.45272206303726,41.29554655870445,70.50298756221359
110.0,54.49101796407185,37.4485596707819,68.57253779685647
109.0,51.465798045602604,34.64912280701755,67.17584990381818
81.0,38.73873873873874,24.022346368715084,61.87553398462882
60.0,46.400000000000006,30.208333333333332,65.0373630692431
138.0,18.09290953545232,9.946236559139784,54.639046997733395
138.0,30.023094688221708,17.66304347826087,58.52919290913303
129.0,47.216035634743875,30.903790087463555,65.21522637986119
124.0,52.08845208845209,35.21594684385382,67.41324604026124
111.0,53.06122448979592,36.11111111111111,67.8948287910552
109.0,50.0,33.33333333333333,66.50097485343926
99.0,38.13559322033898,23.56020942408377,61.6344862324584
147.0,25.471698113207548,14.594594594594595,57.139766738362916
153.0,0.0,0.0,49.68311543367347
168.0,0.0,0.0,49.800701530612244
175.0,0.0,0.0,49.81166294642857
172.0,0.0,0.0,49.73294005102041
169.0,1.238390092879257,0.6230529595015576,49.993632749930555
173.0,49.52076677316294,32.90870488322717,66.13848510589459
174.0,40.756914119359536,25.59414990859232,62.39036778345917
169.0,28.80886426592798,16.828478964401295,57.90097857790284
27.0,63.1578947368421,46.15384615384615,73.04900793894254
30.0,62.92134831460674,45.90163934426229,72.91791706385166
51.0,86.0,75.43859649122807,87.70533538681843
64.0,88.18897637795276,78.87323943661971,89.42165563211672
69.0,88.23529411764706,78.94736842105263,89.45772124460724
78.0,84.57142857142857,73.26732673267327,86.6067183342022
66.0,74.69879518072288,59.61538461538461,79.76578784985617
57.0,58.95953757225434,41.80327868852459,70.8308164016189
35.0,69.56521739130434,53.333333333333336,76.63874707509041
33.0,60.97560975609756,43.859649122807014,71.89792091042945
40.0,65.38461538461539,48.57142857142857,74.24981623617498
63.0,84.03361344537815,72.46376811594203,86.2129318176167
76.0,89.1891891891892,80.48780487804879,90.22793756175437
79.0,84.52380952380952,73.19587628865979,86.57199262991017
81.0,72.64150943396226,57.03703703703704,78.46063313158464
69.0,73.62637362637363,58.26086956521739,79.0825391949897
57.0,51.886792452830186,35.03184713375796,67.41416981096829
42.0,63.24786324786324,46.25,73.08211920860009
33.0,67.5,50.943396226415096,75.44577536300315
41.0,67.27272727272727,50.68493150684932,75.30656555597358
70.0,83.72093023255815,72.0,85.97905111527872
82.0,86.70520231213872,76.53061224489795,88.24235248878898
88.0,85.1063829787234,74.07407407407408,87.00909069401564
82.0,83.15789473684211,71.17117117117117,85.55364754538357
74.0,73.57512953367875,58.19672131147541,79.04746753129903
63.0,54.7085201793722,37.65432098765432,68.7263922607632
47.0,58.44155844155844,41.284403669724774,70.5783690766888
34.0,66.66666666666666,50.0,74.9730802209416
46.0,69.42148760330579,53.16455696202531,76.54537737597416
74.0,82.01438848920863,69.51219512195121,84.73115691970183
92.0,87.56218905472637,77.87610619469027,88.91309702004119
93.0,85.14851485148515,74.13793103448276,87.03901942021604
86.0,82.75862068965517,70.58823529411765,85.25918192878046
80.0,68.18181818181817,51.724137931034484,75.79221008046505
68.0,55.319148936170215,38.23529411764706,69.01287964248779
49.0,53.03867403314917,36.09022556390977,67.96032982632131
36.0,75.0,60.0,79.98005822996849
48.0,66.16541353383458,49.43820224719101,74.67421961078931
81.0,83.54430379746836,71.73913043478261,85.84362229182754
98.0,86.63594470046083,76.42276422764228,88.18242959595045
104.0,88.47926267281106,79.33884297520662,89.64446142370555
88.0,81.73076923076923,69.10569105691057,84.51491456281275
83.0,69.2982456140351,53.02013422818792,76.44020265115206
75.0,56.00000000000001,38.88888888888889,69.33467715110632
59.0,53.02325581395348,36.075949367088604,67.93721449279828
35.0,69.04761904761905,52.72727272727272,76.33771257956154
59.0,62.93706293706294,45.91836734693878,72.90632217060688
84.0,83.8323353293413,72.16494845360825,86.05553134571204
100.0,84.71615720524017,73.48484848484848,86.70747945518808
105.0,89.38053097345133,80.80000000000001,90.37603594608088
92.0,80.1762114537445,66.91176470588235,83.41095872311189
87.0,70.88607594936708,54.90196078431373,77.3821071189795
76.0,55.223880597014926,38.144329896907216,68.95240925007829
57.0,48.51063829787234,32.02247191011236,65.89052325129114
38.0,67.44186046511628,50.877192982456144,75.41067856991673
64.0,64.38356164383562,47.474747474747474,73.68550755213165
95.0,85.86956521739131,75.23809523809524,87.59309796138348
101.0,79.67479674796748,66.21621621621621,83.05818598661763
107.0,88.41201716738198,79.23076923076923,89.58842397791533
101.0,86.08695652173914,75.57251908396947,87.75430874621023
98.0,78.04878048780488,64.0,81.94608626198084
76.0,52.29681978798587,35.406698564593306,67.56862412162442
61.0,49.193548387096776,32.62032085561498,66.18444956279701
45.0,63.26530612244898,46.26865671641791,73.09843245632442
62.0,62.57668711656442,45.535714285714285,72.70700926255789
90.0,86.77248677248677,76.63551401869158,88.2928039211516
102.0,80.0,66.66666666666666,83.28440965427266
108.0,87.76371308016878,78.19548872180451,89.06878606085432
105.0,85.59322033898306,74.81481481481481,87.373458331022
102.0,78.57142857142857,64.70588235294117,82.29902420860111
81.0,55.052264808362374,37.980769230769226,68.86163439082027
82.0,57.34265734265735,40.19607843137255,69.9762681452986
35.0,81.25,68.42105263157895,84.1985622081125
37.0,72.28915662650603,56.60377358490566,78.27895375691661
63.0,86.20689655172413,75.75757575757575,87.86282809743689
82.0,88.31168831168831,79.06976744186046,89.51692251713044
71.0,87.5,77.77777777777779,88.8709294771594
81.0,82.16216216216216,69.72477064220183,84.82945118936439
75.0,76.08695652173914,61.40350877192983,80.65784746862967
58.0,62.35294117647059,45.2991452991453,72.58572970322068
42.0,67.28971962616822,50.70422535211267,75.31721040242252
35.0,80.0,66.66666666666666,83.31937465103294
42.0,90.47619047619048,82.6086956521739,91.29636984531389
73.0,63.095238095238095,46.08695652173913,72.9816304065911
86.0,88.62275449101796,79.56989247311827,89.76598491764972
92.0,84.0909090909091,72.54901960784314,86.246566807634
82.0,78.60696517412936,64.75409836065575,82.33413243880644
77.0,75.78947368421053,61.016949152542374,80.46257005766988
60.0,59.48717948717949,42.33576642335766,71.08906921271638
45.0,51.24999999999999,34.45378151260504,67.14910078921366
37.0,78.37837837837837,64.44444444444444,82.20626912433002
57.0,77.66990291262135,63.49206349206349,81.72309413633013
78.0,61.20218579234973,44.09448818897638,71.97641408650735
94.0,87.04663212435233,77.06422018348624,88.50715600725859
98.0,85.27918781725889,74.33628318584071,87.13919485491827
87.0,79.62085308056872,66.14173228346458,83.02794511641886
87.0,74.07407407407408,58.82352941176471,79.35587201983955
70.0,60.0,42.857142857142854,71.3407646035864
47.0,50.887573964497044,34.12698412698413,66.98071225777527
37.0,69.76744186046511,53.57142857142857,76.75978998467332
62.0,65.625,48.837209302325576,74.37472225598188
81.0,66.05504587155964,49.31506849315068,74.58368784708628
100.0,77.77777777777779,63.63636363636363,81.76627006815687
103.0,85.44600938967136,74.59016393442623,87.26413457777515
89.0,69.10569105691057,52.79503105590062,76.32165359666526
89.0,70.6896551724138,54.666666666666664,77.26546093344513
74.0,56.09756097560976,38.983050847457626,69.3837560501882
52.0,44.44444444444444,28.57142857142857,64.1660207012904
36.0,61.702127659574465,44.61538461538462,72.27179783743487
62.0,55.319148936170215,38.23529411764706,69.05481920713714
90.0,61.98347107438017,44.91017964071856,72.36327528571925
101.0,80.50847457627118,67.37588652482269,83.6420176618842
107.0,86.23853211009175,75.80645161290323,87.87327492589571
97.0,76.03305785123968,61.33333333333333,80.60876394324201
89.0,70.6896551724138,54.666666666666664,77.26546093344513
76.0,56.91056910569105,39.77272727272727,69.78058788096509
53.0,43.75,28.000000000000004,63.87431922915794
44.0,64.51612903225806,47.61904761904761,73.77661988897182
65.0,49.382716049382715,32.78688524590164,66.31166505792768
94.0,57.45454545454546,40.30612244897959,70.0362877650012
104.0,77.64705882352942,63.46153846153846,81.67385687579589
106.0,87.5,77.77777777777779,88.86093250085423
98.0,68.84057971014492,52.48618784530387,76.15723301731857
90.0,67.72908366533864,51.204819277108435,75.52155679073724
82.0,53.76344086021505,36.76470588235294,68.25361299586599
53.0,37.59398496240601,23.14814814814815,61.40849134255749
45.0,62.13592233009708,45.07042253521127,72.496323265053
67.0,26.76056338028169,15.447154471544716,57.61990277358363
97.0,60.231660231660236,43.0939226519337,71.44416281105607
104.0,72.46376811594203,56.81818181818182,78.333206253767
108.0,85.08771929824562,74.04580152671755,86.98895439861506
102.0,65.77181208053692,49.0,74.39815887215944
92.0,64.8854961832061,48.0225988700565,73.91946657084108
84.0,51.006711409395976,34.234234234234236,66.97140853428279
59.0,36.01286173633441,21.96078431372549,60.78186861336714
51.0,60.71428571428571,43.58974358974359,71.75099640099042
67.0,35.374149659863946,21.487603305785125,60.64908580044989
94.0,56.93950177935944,39.800995024875625,69.7797293872382
103.0,72.05882352941177,56.32183908045977,78.08503791556436
109.0,84.48275862068965,73.13432835820896,86.53122025163134
104.0,63.87096774193548,46.91943127962085,73.34788785459965
92.0,63.70370370370371,46.73913043478261,73.27174130044182
86.0,51.52542372881356,34.70319634703196,67.20888360265769
62.0,36.42172523961661,22.265625,60.93428499546081
47.0,0.0,0.0,49.94917889030612
67.0,0.0,0.0,49.89038584183674
92.0,2.547770700636943,1.2903225806451613,50.49269188385708
104.0,67.00507614213198,50.38167938931297,75.12598238074708
104.0,65.3061224489796,48.484848484848484,74.17457622199002
101.0,53.333333333333336,36.36363636363637,68.09104330351636
95.0,44.6927374301676,28.776978417266186,64.28975775817834
82.0,0.0,0.0,49.874441964285715
60.0,1.5873015873015872,0.8,50.27643248629795
14.0,87.5,77.77777777777779,88.8849018070341
22.0,86.95652173913044,76.92307692307693,88.45555712331372
24.0,84.44444444444444,73.07692307692307,86.53148344966037
31.0,80.0,66.66666666666666,83.32037221668328
36.0,80.55555555555556,67.44186046511628,83.70697127190246
27.0,50.54945054945055,33.82352941176471,66.86690198580578
35.0,55.769230769230774,38.666666666666664,69.28746817689327
34.0,75.9493670886076,61.224489795918366,80.59330021642926
27.0,65.75342465753424,48.97959183673469,74.46487168802759
35.0,54.054054054054056,37.03703703703704,68.46766700493816
39.0,84.21052631578947,72.72727272727273,86.35167082438939
27.0,45.87155963302752,29.761904761904763,64.82213002446896
41.0,74.35897435897436,59.183673469387756,79.57189536232863
39.0,69.3069306930693,53.03030303030303,76.48423868932035
28.0,41.269841269841265,26.0,62.92622133599202
41.0,65.38461538461539,48.57142857142857,74.24981623617498
40.0,77.41935483870968,63.1578947368421,81.55800600424075
28.0,47.61904761904761,31.25,65.57016559988833
41.0,68.08510638297872,51.61290322580645,75.7765377647858
39.0,75.29411764705883,60.37735849056604,80.16773955160083
28.0,50.0,33.33333333333333,66.6168172120197
43.0,70.0,53.84615384615385,76.8991477534191
43.0,87.5,77.77777777777779,88.87891700958852
27.0,55.319148936170215,38.23529411764706,69.07577268195413
38.0,64.58333333333334,47.69230769230769,73.81225216104067
37.0,73.41772151898735,57.99999999999999,78.97906155901649
30.0,77.41935483870968,63.1578947368421,81.56498979943079
43.0,56.074766355140184,38.961038961038966,69.43365632094543
39.0,75.0,60.0,79.98205348062773
30.0,40.32258064516129,25.252525252525253,62.552485433385115
40.0,59.09090909090909,41.935483870967744,70.93184961245296
39.0,82.85714285714286,70.73170731707317,85.35388883511743
30.0,47.78761061946903,31.3953488372093,65.63884971621776
43.0,60.78431372549019,43.66197183098591,71.7911015800657
39.0,75.32467532467533,60.416666666666664,80.18938902958635
29.0,38.16793893129771,23.58490566037736,61.711696713660594
40.0,56.56565656565656,39.436619718309856,69.67543676351802
40.0,69.76744186046511,53.57142857142857,76.75978998467332
29.0,64.19753086419753,47.27272727272727,73.60745037614429
41.0,56.56565656565656,39.436619718309856,69.67543676351802
41.0,77.5,63.26530612244898,81.61470511028223
29.0,44.827586206896555,28.888888888888886,64.38063587016727
41.0,58.69565217391305,41.53846153846154,70.7313436727782
41.0,76.05633802816901,61.36363636363637,80.66486869129993
28.0,48.148148148148145,31.70731707317073,65.79782603409285
43.0,51.85185185185185,35.0,67.46112052636826
41.0,60.0,42.857142857142854,71.400657960323
28.0,83.87096774193549,72.22222222222221,86.1011410213803
47.0,35.59322033898305,21.649484536082475,60.748977139938354
38.0,61.33333333333333,44.230769230769226,72.0864730846686
30.0,72.46376811594203,56.81818181818182,78.39014811632507
17.0,50.847457627118644,34.090909090909086,67.01654762573604
22.0,65.45454545454545,48.64864864864865,74.30538417519557
29.0,71.42857142857143,55.55555555555556,77.757837995919
32.0,66.66666666666666,50.0,74.9730802209416
28.0,48.97959183673469,32.432432432432435,66.16636775553668
23.0,50.54945054945055,33.82352941176471,66.86690198580578
30.0,61.702127659574465,44.61538461538462,72.27179783743487
32.0,63.52941176470588,46.55172413793103,73.24495417449106
21.0,29.629629629629626,17.391304347826086,58.67671730984543
22.0,48.19277108433735,31.746031746031743,65.83014961573858
23.0,68.85245901639344,52.5,76.23105871797429
28.0,57.14285714285714,40.0,69.96111665004985
29.0,85.71428571428571,75.0,87.49102674031386
30.0,78.94736842105263,65.21739130434783,82.59274223614871
26.0,76.47058823529412,61.904761904761905,80.93642880881167
28.0,77.61194029850746,63.41463414634146,81.69236193857452
32.0,69.87951807228916,53.70370370370371,76.8269251363953
19.0,65.21739130434783,48.38709677419355,74.17759974173484
25.0,48.0,31.57894736842105,65.73763128510382
29.0,72.22222222222221,56.52173913043478,78.24092938575578
28.0,61.904761904761905,44.827586206896555,72.3818888163097
28.0,65.06024096385542,48.214285714285715,74.07822902037641
27.0,58.06451612903226,40.909090909090914,70.41566132923887
27.0,51.92307692307693,35.064935064935064,67.48261608976678
33.0,62.745098039215684,45.714285714285715,72.81925198286079
33.0,69.76744186046511,53.57142857142857,76.75978998467332
33.0,59.57446808510638,42.42424242424242,71.19318257331095
27.0,43.90243902439025,28.125,63.99370500907297
27.0,37.3134328358209,22.93577981651376,61.38414282444998
30.0,54.54545454545454,37.5,68.70513370156932
36.0,72.3404255319149,56.666666666666664,78.3074069642216
28.0,65.11627906976744,48.275862068965516,74.10801957241048
31.0,65.1685393258427,48.333333333333336,74.13575753950053
34.0,78.94736842105263,65.21739130434783,82.59274223614871
42.0,70.58823529411765,54.54545454545454,77.25278788845546
36.0,0.0,0.0,49.95914381377551
28.0,42.10526315789473,26.666666666666668,63.25656058068119
30.0,40.0,25.0,62.416247906197654
35.0,53.65853658536586,36.666666666666664,68.27649588842577
35.0,66.66666666666666,50.0,74.9660962865462
31.0,57.943925233644855,40.78947368421053,70.3498669647496
29.0,52.25225225225225,35.36585365853659,67.6300821925004
34.0,52.892561983471076,35.95505617977528,67.92069177846454
41.0,70.17543859649122,54.054054054054056,76.99311925616378
35.0,0.0,0.0,49.95814732142857
27.0,40.0,25.0,62.419240662824784
31.0,37.17948717948718,22.83464566929134,61.31961011005597
33.0,48.64864864864865,32.142857142857146,66.01459792674972
33.0,71.11111111111111,55.172413793103445,77.56028156151662
29.0,70.88607594936708,54.90196078431373,77.4280482712348
33.0,72.09302325581395,56.36363636363636,78.15788758056182
36.0,62.264150943396224,45.20547945205479,72.56285379977648
36.0,69.1358024691358,52.83018867924528,76.39016812122908
37.0,0.0,0.0,49.94120695153062
38.0,41.37931034482759,26.08695652173913,62.94176306342242
30.0,32.7683615819209,19.594594594594593,59.678646131724086
40.0,48.36601307189542,31.896551724137932,65.86949487321797
41.0,68.51851851851852,52.112676056338024,76.02243228613187
35.0,61.53846153846154,44.44444444444444,72.18732551647125
42.0,49.382716049382715,32.78688524590164,66.35257014508177
42.0,68.90756302521008,52.56410256410257,76.2451509130476
41.0,63.07692307692307,46.06741573033708,72.98583711619078
45.0,55.223880597014926,38.144329896907216,69.01233128603512
53.0,52.121212121212125,35.24590163934426,67.54416040218265
52.0,51.94805194805194,35.08771929824561,67.47006038312632
48.0,53.65853658536586,36.666666666666664,68.27649588842577
53.0,81.08108108108108,68.18181818181817,84.06996396713338
61.0,56.470588235294116,39.34426229508197,69.63524328663813
60.0,0.0,0.0,49.93921396683674
52.0,39.39393939393939,24.528301886792452,62.22428091967356
48.0,65.73426573426573,48.95833333333333,74.4302927613424
41.0,60.150375939849624,43.01075268817204,71.45252011303448
17.0,47.76119402985074,31.372549019607842,65.65138615254715
25.0,68.57142857142857,52.17391304347826,76.06502319904014
26.0,70.4225352112676,54.347826086956516,77.15297627252653
31.0,70.88607594936708,54.90196078431373,77.4280482712348
29.0,65.0,48.148148148148145,74.04615782282781
21.0,62.295081967213115,45.23809523809524,72.59611961298666
29.0,71.60493827160494,55.769230769230774,77.86168280639536
36.0,80.51948051948052,67.3913043478261,83.68069554812783
38.0,0.0,0.0,49.962133290816325
22.0,55.00000000000001,37.93103448275862,68.92962778091754
25.0,64.1025641025641,47.16981132075472,73.55698996577506
31.0,80.0,66.66666666666666,83.31837700580971
29.0,78.37837837837837,64.44444444444444,82.20626912433002
30.0,61.224489795918366,44.11764705882353,72.02093416635189
30.0,61.855670103092784,44.776119402985074,72.35116742693425
31.0,56.88073394495413,39.743589743589745,69.82493077766783
38.0,72.72727272727273,57.14285714285714,78.54450396033961
38.0,80.0,66.66666666666666,83.31638147660644
27.0,56.84210526315789,39.705882352941174,69.81206299345597
29.0,62.7906976744186,45.76271186440678,72.84945100887491
35.0,76.74418604651163,62.264150943396224,81.11213250857266
31.0,62.5,45.45454545454545,72.69137754121601
28.0,50.467289719626166,33.75,66.82215747073721
30.0,50.0,33.33333333333333,66.60684135657215
35.0,47.482014388489205,31.132075471698112,65.49324592044113
41.0,63.41463414634146,46.42857142857143,73.16940867736687
37.0,72.09302325581395,56.36363636363636,78.15788758056182
38.0,63.793103448275865,46.835443037974684,73.37583795529441
33.0,65.3061224489796,48.484848484848484,74.2085218812245
39.0,74.0,58.730158730158735,79.33915144469803
33.0,60.0,42.857142857142854,71.3846969096954
30.0,51.724137931034484,34.883720930232556,67.38602350902806
36.0,52.71317829457365,35.78947368421053,67.83390959149699
38.0,48.97959183673469,32.432432432432435,66.14142562985802
44.0,62.68656716417911,45.65217391304348,72.7762205983616
45.0,70.0,53.84615384615385,76.89316128517581
29.0,43.93939393939394,28.155339805825243,64.0038868251612
34.0,62.264150943396224,45.20547945205479,72.56285379977648
36.0,64.81481481481481,47.94520547945205,73.9347095983846
39.0,66.10169491525424,49.36708860759494,74.64365360431405
32.0,53.333333333333336,36.36363636363637,68.12597899866566
34.0,48.888888888888886,32.35294117647059,66.10766736545244
36.0,45.033112582781456,29.059829059829063,64.44714958236557
44.0,57.534246575342465,40.38461538461539,70.13047340818913
39.0,67.28971962616822,50.70422535211267,75.31721040242252
61.0,66.66666666666666,50.0,74.9411377376938
49.0,74.4186046511628,59.25925925925925,79.59671389391306
38.0,64.86486486486487,48.0,73.96110889509373
41.0,65.57377049180327,48.78048780487805,74.34835783254911
30.0,52.17391304347826,35.294117647058826,67.59221895594277
37.0,52.4822695035461,35.57692307692308,67.72164728209424
46.0,54.87804878048781,37.81512605042017,68.83375639857188
46.0,60.40268456375839,43.269230769230774,71.5757695606741
39.0,59.32203389830508,42.168674698795186,71.0364723287558
59.0,62.14689265536724,45.08196721311475,72.47414535512584
53.0,73.52941176470588,58.139534883720934,79.03385793382073
56.0,73.38129496402878,57.95454545454546,78.94036499659941
61.0,74.66666666666667,59.57446808510638,79.74932502419725
60.0,73.88535031847134,58.58585858585859,79.25202582511334
37.0,50.68493150684932,33.94495412844037,66.90067666931802
43.0,53.41614906832298,36.440677966101696,68.14553795378868
45.0,59.06040268456376,41.904761904761905,70.89154156835478
50.0,67.58620689655173,51.041666666666664,75.47395241087638
61.0,63.2768361581921,46.28099173553719,73.075651494265
58.0,73.10344827586206,57.608695652173914,78.76544353065373
57.0,73.91304347826086,58.620689655172406,79.2744346031473
61.0,74.48275862068967,59.34065934065934,79.63341973058266
61.0,73.07692307692307,57.57575757575758,78.74597851053886
60.0,69.87951807228916,53.70370370370371,76.80196957402752
53.0,60.46511627906976,43.333333333333336,71.5988348894741
50.0,61.63522012578616,44.54545454545455,72.21188182017674
52.0,69.38775510204081,53.125,76.51761221945137
66.0,0.0,0.0,49.93423150510204
64.0,0.0,0.0,49.93622448979592
66.0,0.0,0.0,49.93423150510204
66.0,0.0,0.0,49.83358577806122
28.0,0.0,0.0,49.74589445153062
41.0,0.0,0.0,49.68211894132653
69.0,0.0,0.0,49.664182079081634
68.0,0.0,0.0,49.68510841836735
66.0,0.0,0.0,49.717992665816325
30.0,89.65517241379311,81.25,90.61901794616152
35.0,91.17647058823529,83.78378378378379,91.8859092415778
37.0,81.08108108108108,68.18181818181817,84.07694985188702
32.0,75.75757575757575,60.97560975609756,80.47185305256176
20.0,74.50980392156863,59.375,79.67454069222642
34.0,94.11764705882352,88.88888888888889,94.44045593136212
44.0,85.36585365853658,74.46808510638297,87.22207629803106
42.0,83.33333333333334,71.42857142857143,85.7003250832652
39.0,76.5432098765432,62.0,80.98105494067205
29.0,83.87096774193549,72.22222222222221,86.1011410213803
38.0,91.8918918918919,85.0,92.49401699174345
45.0,88.63636363636364,79.59183673469387,89.78594569247609
56.0,81.1881188118812,68.33333333333333,84.14771782852964
41.0,74.69879518072288,59.61538461538461,79.786753031593
31.0,87.5,77.77777777777779,88.88091249900295
49.0,90.52631578947368,82.6923076923077,91.33717772264238
59.0,78.0952380952381,64.0625,82.00831193278148
43.0,79.54545454545455,66.0377358490566,83.00091854178763
32.0,86.56716417910447,76.31578947368422,88.14892111927774
5.0,30.303030303030305,17.857142857142858,58.905649820471126
42.0,93.97590361445783,88.63636363636364,94.31319548074639
50.0,91.83673469387756,84.90566037735849,92.44485109390754
62.0,86.20689655172413,75.75757575757575,87.86282809743689
46.0,78.65168539325843,64.81481481481481,82.3884608367367
33.0,88.23529411764706,78.94736842105263,89.46570750251371
52.0,91.0891089108911,83.63636363636363,91.80920515749959
62.0,87.17948717948718,77.27272727272727,88.62140104284742
46.0,82.22222222222221,69.81132075471697,84.88970473404689
34.0,86.95652173913044,76.92307692307693,88.4525646650243
8.0,46.15384615384615,30.0,64.9860474387084
53.0,93.45794392523365,87.71929824561403,93.85266671846595
64.0,87.60330578512396,77.94117647058823,88.95562504474287
45.0,82.6086956521739,70.37037037037037,85.16922922363905
33.0,88.23529411764706,78.94736842105263,89.46570750251371
7.0,11.76470588235294,6.25,53.11005231689088
44.0,91.48936170212765,84.31372549019608,92.1488839686434
54.0,90.9090909090909,83.33333333333334,91.6566918033223
66.0,89.92248062015504,81.69014084507043,90.83210103030088
47.0,85.41666666666666,74.54545454545455,87.2587649709421
36.0,84.50704225352112,73.17073170731707,86.5743978801412
37.0,94.87179487179486,90.2439024390244,95.1179623086843
54.0,93.06930693069307,87.03703703703704,93.51153653204362
46.0,78.57142857142857,64.70588235294117,82.33499250965768
33.0,87.87878787878788,78.37837837837837,89.18121264024309
17.0,66.66666666666666,50.0,74.98504814497319
39.0,94.87179487179486,90.2439024390244,95.1179623086843
47.0,86.31578947368422,75.92592592592592,87.94999796844816
65.0,88.33333333333333,79.1044776119403,89.53827316145565
45.0,82.22222222222221,69.81132075471697,84.88970473404689
37.0,87.67123287671232,78.04878048780488,89.01541608946721
40.0,92.6829268292683,86.36363636363636,93.17583469623838
51.0,90.38461538461539,82.45614035087719,91.21809590904589
67.0,89.60000000000001,81.15942028985508,90.56674127022681
53.0,89.52380952380953,81.03448275862068,90.50626968627837
36.0,87.32394366197182,77.5,88.74102602452886
43.0,93.02325581395348,86.95652173913044,93.47227714529522
56.0,91.07142857142857,83.60655737704919,91.79330362618046
68.0,90.07633587786259,81.94444444444444,90.95925257120561
54.0,89.90825688073394,81.66666666666667,90.82236120254554
38.0,86.8421052631579,76.74418604651163,88.36212154169309
43.0,92.13483146067416,85.41666666666666,92.70135218244074
60.0,90.32258064516128,82.35294117647058,91.1644993192808
70.0,90.64748201438849,82.89473684210526,91.43439773480355
57.0,91.22807017543859,83.87096774193549,91.9255086096159
40.0,86.07594936708861,75.55555555555556,87.76680892930744
66.0,91.85185185185185,84.93150684931507,92.45477844760521
70.0,91.66666666666666,84.61538461538461,92.2957186497398
57.0,93.33333333333333,87.5,93.74201915403033
40.0,91.56626506024097,84.44444444444444,92.21524148904578
31.0,86.66666666666667,76.47058823529412,88.22731804586242
52.0,87.85046728971963,78.33333333333333,89.15370012035615
67.0,88.73239436619718,79.74683544303798,89.85745379998167
72.0,90.27777777777779,82.27848101265823,91.12527151748435
61.0,89.43089430894308,80.88235294117648,90.42820785463883
39.0,84.61538461538461,73.33333333333333,86.6547008887914
60.0,80.67226890756302,67.6056338028169,83.77987563106053
69.0,86.7132867132867,76.5432098765432,88.25264815972669
73.0,93.15068493150685,87.17948717948718,93.57976514318815
61.0,92.06349206349206,85.29411764705883,92.63708236796454
41.0,89.41176470588236,80.85106382978722,90.4165566865239
58.0,71.16564417177914,55.23809523809524,77.57215827789274
64.0,81.37931034482759,68.6046511627907,84.2753886138993
58.0,85.24590163934425,74.28571428571429,87.12490167242382
35.0,82.66666666666667,70.45454545454545,85.21431031825887
31.0,0.0,0.0,49.9691087372449
22.0,0.0,0.0,49.97807716836735
39.0,0.0,0.0,49.96113679846938
52.0,0.0,0.0,49.94818239795919
66.0,0.0,0.0,49.93423150510204
57.0,0.0,0.0,49.94319993622449
60.0,0.0,0.0,49.935227997448976
27.0,0.0,0.0,49.97309470663265
49.0,0.0,0.0,49.951171875
58.0,80.31496062992126,67.10526315789474,83.52769392308701
72.0,86.07594936708861,75.55555555555556,87.75582519535581
78.0,89.87341772151899,81.60919540229885,90.7886312307373
79.0,84.4155844155844,73.03370786516854,86.49290709456467
85.0,89.77272727272727,81.44329896907216,90.70368433692245
80.0,90.17341040462428,82.10526315789474,91.03566483376792
80.0,87.65432098765432,78.02197802197803,88.99103092297385
53.0,90.09009009009009,81.9672131147541,90.97263420769823
76.0,81.76795580110497,69.1588785046729,84.54650643528323
83.0,84.1025641025641,72.56637168141593,86.25224401134717
89.0,90.0523560209424,81.9047619047619,90.93341509093156
89.0,90.15544041450777,82.0754716981132,91.01876960896398
88.0,88.42105263157895,79.24528301886792,89.60068191508756
83.0,87.57396449704143,77.89473684210526,88.92641117383695
64.0,87.09677419354838,77.14285714285715,88.55546751640284
47.0,80.89887640449437,67.9245283018868,83.94531161803553
68.0,88.31168831168831,79.06976744186046,89.51692251713044
79.0,81.48148148148148,68.75,84.34006916305714
86.0,84.72906403940887,73.50427350427351,86.72119245187722
87.0,87.04663212435233,77.06422018348624,88.50715600725859
88.0,88.65979381443299,79.62962962962963,89.79285434366288
92.0,88.88888888888889,80.0,89.97803865197254
87.0,86.85714285714286,76.76767676767676,88.360884292022
65.0,86.4,76.05633802816901,88.01121039311965
78.0,82.6086956521739,70.37037037037037,85.15324905744069
83.0,80.0,66.66666666666666,83.29241026869485
91.0,83.87096774193549,72.22222222222221,86.07617051013277
93.0,88.03827751196172,78.63247863247864,89.29128124579766
91.0,86.27450980392157,75.86206896551724,87.90308367617821
96.0,88.88888888888889,80.0,89.97703857519367
81.0,90.17341040462428,82.10526315789474,91.03566483376792
67.0,90.07633587786259,81.94444444444444,90.95925257120561
83.0,77.88461538461539,63.77952755905512,81.84385101378247
89.0,80.9090909090909,67.93893129770993,83.92753860191664
92.0,83.10502283105022,71.09375,85.50993779325147
94.0,88.03827751196172,78.63247863247864,89.29128124579766
96.0,87.55760368663594,77.8688524590164,88.907469898764
83.0,91.42857142857143,84.21052631578947,92.0902919027047
66.0,88.37209302325581,79.16666666666666,89.56836894856907
50.0,80.43478260869566,67.27272727272727,83.61841353763809
79.0,78.39195979899498,64.46280991735537,82.18848907381202
88.0,78.9237668161435,65.18518518518519,82.54567516726118
91.0,84.65116279069768,73.38709677419355,86.66060439188863
102.0,92.16589861751152,85.47008547008546,92.71806853582554
105.0,87.06896551724138,77.09923664122137,88.51966325321179
100.0,90.64039408866995,82.88288288288288,91.42247330790579
73.0,91.50326797385621,84.33734939759037,92.15570220049159
58.0,84.48275862068965,73.13432835820896,86.5492097832699
90.0,80.9090909090909,67.93893129770993,83.92753860191664
93.0,79.82832618025752,66.42857142857143,83.16736360498716
92.0,80.71748878923766,67.66917293233082,83.79166029917265
109.0,93.56223175965665,87.90322580645162,93.93663297632784
101.0,85.96491228070175,75.38461538461539,87.6603575345538
98.0,90.35532994923858,82.4074074074074,91.18473670627922
71.0,93.7062937062937,88.1578947368421,94.0699669457425
51.0,71.42857142857143,55.55555555555556,77.74187185130515
75.0,0.0,0.0,49.67514349489796
81.0,0.0,0.0,49.549585459183675
86.0,0.0,0.0,49.60439253826531
84.0,0.0,0.0,49.65122767857143
97.0,0.0,0.0,49.73393654336735
92.0,0.0,0.0,49.86846301020408
95.0,0.0,0.0,49.8844068877551
62.0,73.23943661971832,57.77777777777777,78.85098289575187
70.0,70.15706806282722,54.03225806451613,76.95925302196052
83.0,27.4442538593482,15.904572564612327,57.53009688594717
87.0,37.825059101654844,23.323615160349853,61.39931157250964
90.0,32.677165354330704,19.52941176470588,59.42334082136638
104.0,59.21450151057401,42.06008583690987,70.89525319043065
88.0,88.64864864864866,79.6116504854369,89.78486464863532
94.0,83.79888268156425,72.11538461538461,86.02875076959926
60.0,85.71428571428571,75.0,87.48304239401496
84.0,84.1025641025641,72.56637168141593,86.25224401134717
90.0,91.01123595505618,83.50515463917526,91.73660766193717
68.0,88.05970149253731,78.66666666666666,89.31737068592827
53.0,79.56989247311827,66.07142857142857,83.01676695928177
10.0,0.0,0.0,49.99003507653062
11.0,8.695652173913043,4.545454545454546,52.230872925854385
8.0,0.0,0.0,49.99202806122449
47.0,0.0,0.0,49.95316485969388
88.0,30.215827338129497,17.796610169491526,58.511017693545575
92.0,44.93827160493827,28.980891719745223,64.26782431649634
95.0,34.63687150837989,20.945945945945947,60.1225546673603
108.0,47.2972972972973,30.973451327433626,65.25305747254826
89.0,86.15384615384616,75.67567567567568,87.81088742659453
98.0,90.32258064516128,82.35294117647058,91.15850364740642
73.0,82.85714285714286,70.73170731707317,85.3419101651809
44.0,81.92771084337349,69.38775510204081,84.67892003037902
90.0,34.25196850393701,20.665083135391924,59.99913503133069
94.0,40.79822616407982,25.62674094707521,62.546818281220695
96.0,36.39846743295019,22.24824355971897,60.79265874996791
110.0,48.98876404494382,32.44047619047619,65.99354186818235
102.0,87.73584905660378,78.15126050420169,89.04967334057397
97.0,88.04347826086956,78.64077669902912,89.29843007024517
72.0,85.5072463768116,74.68354430379746,87.3218188426424
47.0,83.33333333333334,71.42857142857143,85.7003250832652
76.0,47.79874213836478,31.40495867768595,65.53681067616833
90.0,64.8854961832061,48.0225988700565,73.91946657084108
92.0,54.00593471810089,36.99186991869919,68.34119801215982
97.0,36.39846743295019,22.24824355971897,60.79265874996791
110.0,47.26477024070022,30.945558739255013,65.2321066844793
104.0,85.71428571428571,75.0,87.46705074185755
99.0,87.2340425531915,77.35849056603774,88.65529031835244
72.0,83.21167883211679,71.25,85.60205461002813
74.0,35.41147132169576,21.515151515151516,60.49911851777933
85.0,33.064516129032256,19.806763285024154,59.572004631293176
91.0,64.51612903225806,47.61904761904761,73.7106937971451
88.0,37.05263157894737,22.739018087855296,61.07103435937247
103.0,46.15384615384615,30.0,64.76935519300278
102.0,80.48780487804879,67.3469387755102,83.62554319409334
112.0,89.90825688073394,81.66666666666667,90.81136759987753
78.0,87.58169934640523,77.90697674418605,88.93452970199385
80.0,50.98039215686274,34.21052631578947,66.95555658278197
90.0,37.2093023255814,22.857142857142858,61.13209323020056
92.0,58.146964856230035,40.99099099099099,70.36471781754801
96.0,38.8663967611336,24.120603015075375,61.75878393565271
106.0,48.34123222748815,31.874999999999996,65.71982216319847
99.0,84.84848484848484,73.68421052631578,86.80715977811457
111.0,86.36363636363636,76.0,87.97004852139534
75.0,86.89655172413792,76.82926829268293,88.39567698951589
94.0,1.2232415902140672,0.6153846153846154,49.98581244959848
88.0,1.0471204188481675,0.5263157894736842,50.074817087561954
66.0,70.27027027027027,54.166666666666664,77.0394421833852
64.0,0.0,0.0,49.93622448979592
31.0,0.0,0.0,49.93921396683674
12.0,0.0,0.0,49.96113679846938
45.0,0.0,0.0,49.955157844387756
29.0,0.0,0.0,49.97110172193878
44.0,0.0,0.0,49.95316485969388
52.0,84.78260869565217,73.58490566037736,86.77849108536948
63.0,92.56198347107438,86.15384615384616,93.0679446252072
70.0,91.85185185185185,84.93150684931507,92.45477844760521
51.0,83.51648351648352,71.69811320754717,85.83409788982408
46.0,82.92682926829268,70.83333333333334,85.40270631406806
60.0,85.45454545454545,74.60317460317461,87.28562847535896
74.0,87.14285714285714,77.21518987341773,88.58963624170737
76.0,90.27777777777779,82.27848101265823,91.12527151748435
60.0,85.71428571428571,75.0,87.48404085541014
49.0,86.02150537634408,75.47169811320755,87.72288432068547
63.0,83.47826086956522,71.64179104477611,85.80194403818761
75.0,88.57142857142857,79.48717948717949,89.72762614060454
82.0,90.06622516556291,81.92771084337349,90.94888775185359
58.0,83.63636363636363,71.875,85.91954667863556
53.0,84.31372549019608,72.88135593220339,86.42472041319242
63.0,85.47008547008546,74.6268656716418,87.29647556813546
77.0,87.32394366197182,77.5,88.73204094664166
82.0,88.31168831168831,79.06976744186046,89.51692251713044
65.0,86.66666666666667,76.47058823529412,88.2193336994841
55.0,81.55339805825243,68.85245901639344,84.40728029209588
69.0,81.9672131147541,69.44444444444444,84.7002775228646
81.0,87.07482993197279,77.10843373493977,88.53525933234856
84.0,91.02564102564102,83.52941176470588,91.75073522074233
65.0,83.33333333333334,71.42857142857143,85.69433598759697
67.0,84.8,73.61111111111111,86.78660218085732
88.0,87.89808917197452,78.4090909090909,89.18558602771887
82.0,90.9090909090909,83.33333333333334,91.65269628387817
65.0,84.7457627118644,73.52941176470588,86.74675112833307
22.0,0.0,0.0,49.97807716836735
72.0,83.96946564885496,72.36842105263158,86.1632612236283
86.0,86.27450980392157,75.86206896551724,87.91008058134173
92.0,86.22754491017965,75.78947368421053,87.87178458280461
63.0,81.35593220338984,68.57142857142857,84.26377046190325
48.0,8.0,4.166666666666666,52.03749285818684
60.0,80.99173553719008,68.05555555555556,84.00483604976692
70.0,87.21804511278195,77.33333333333333,88.6497066922064
84.0,86.27450980392157,75.86206896551724,87.91008058134173
97.0,86.85714285714286,76.76767676767676,88.360884292022
81.0,87.67123287671232,78.04878048780488,89.00643047378749
61.0,86.4406779661017,76.11940298507463,88.04374139278669
72.0,91.30434782608695,84.0,91.98802705884701
83.0,91.02564102564102,83.52941176470588,91.75073522074233
65.0,77.87610619469027,63.76811594202898,81.85912379723328
25.0,0.0,0.0,49.97508769132653
54.0,80.76923076923077,67.74193548387096,83.85102119867143
66.0,91.47286821705426,84.28571428571429,92.13188282276616
87.0,88.75,79.7752808988764,89.86967817022456
84.0,92.5925925925926,86.20689655172413,93.09147246699598
67.0,79.66101694915254,66.19718309859155,83.07465330995328
57.0,87.5,77.77777777777779,88.87492435879533
72.0,93.43065693430657,87.67123287671232,93.8266365532987
90.0,88.88888888888889,80.0,89.98203736228645
89.0,90.58823529411765,82.79569892473118,91.38188107976315
78.0,77.94117647058823,63.85542168674698,81.897784462271
62.0,83.46456692913385,71.62162162162163,85.78986234403907
77.0,91.66666666666666,84.61538461538461,92.2957186497398
88.0,88.88888888888889,80.0,89.98203736228645
91.0,90.69767441860465,82.97872340425532,91.4733930007823
83.0,84.93150684931507,73.80952380952381,86.88281195065726
79.0,91.0344827586207,83.54430379746836,91.7591804359523
92.0,89.28571428571429,80.64516129032258,90.30461693186216
98.0,87.77777777777777,78.21782178217822,89.08695348845023
82.0,81.37931034482759,68.6046511627907,84.2753886138993
52.0,0.0,0.0,49.94818239795919
66.0,70.19867549668875,54.08163265306123,76.99592675487688
82.0,90.66666666666666,82.92682926829268,91.44944480896872
94.0,89.53488372093024,81.05263157894737,90.50835135904593
99.0,89.01098901098901,80.19801980198021,90.07904782892702
90.0,79.22077922077922,65.59139784946237,82.76377235583962
71.0,66.25766871165644,49.54128440366973,74.7157760751839
80.0,89.79591836734694,81.48148148148148,90.7257736683001
98.0,88.13559322033898,78.78787878787878,89.3729804734236
100.0,86.81318681318682,76.69902912621359,88.32556103295529
91.0,81.52866242038218,68.81720430107528,84.37966696535246
72.0,65.08875739644971,48.24561403508772,74.06394945285042
76.0,87.5,77.77777777777779,88.8709294771594
92.0,86.90476190476191,76.84210526315789,88.39909785841166
98.0,89.61748633879782,81.1881188118812,90.575095058913
99.0,78.3068783068783,64.34782608695652,82.13299651320003
92.0,51.006711409395976,34.234234234234236,66.97140853428279
96.0,53.979238754325266,36.96682464454976,68.35067249234154
101.0,55.04587155963303,37.9746835443038,68.84059417801383
87.0,50.0,33.33333333333333,66.51696905584053
29.0,10.526315789473683,5.555555555555555,52.659178642853824
25.0,82.14285714285714,69.6969696969697,84.8385153551345
37.0,86.48648648648648,76.19047619047619,88.08526681253228
45.0,85.71428571428571,75.0,87.4870355226679
39.0,87.5,77.77777777777779,88.87891700958852
28.0,78.57142857142857,64.70588235294117,82.34097802298332
13.0,80.0,66.66666666666666,83.32735294899396
30.0,87.5,77.77777777777779,88.88091249900295
43.0,87.35632183908046,77.55102040816327,88.76454048051868
47.0,91.83673469387756,84.90566037735849,92.44485109390754
43.0,91.95402298850574,85.1063829787234,92.54621047771339
30.0,81.9672131147541,69.44444444444444,84.71125534219989
15.0,77.77777777777779,63.63636363636363,81.81020765447225
29.0,90.32258064516128,82.35294117647058,91.17048829582085
41.0,84.0909090909091,72.54901960784314,86.26054861602393
45.0,86.86868686868688,76.78571428571429,88.37989163111837
39.0,92.85714285714286,86.66666666666667,93.32734972841082
30.0,85.71428571428571,75.0,87.49102674031386
18.0,83.33333333333334,71.42857142857143,85.708304972275
34.0,83.78378378378379,72.09302325581395,86.03454632727879
42.0,90.32258064516128,82.35294117647058,91.16749464376646
44.0,89.79591836734694,81.48148148148148,90.73076707122824
41.0,88.88888888888889,80.0,89.99002712621669
33.0,81.57894736842105,68.88888888888889,84.4304849270449
19.0,79.06976744186046,65.38461538461539,82.6833362215846
32.0,90.14084507042254,82.05128205128204,91.01866112774695
43.0,87.5,77.77777777777779,88.87692096293046
46.0,82.88288288288288,70.76923076923077,85.36566465650847
42.0,88.88888888888889,80.0,89.99002712621669
36.0,86.07594936708861,75.55555555555556,87.76680892930744
22.0,86.95652173913044,76.92307692307693,88.45555712331372
31.0,83.78378378378379,72.09302325581395,86.03454632727879
44.0,81.9047619047619,69.35483870967742,84.65846976075898
47.0,70.67669172932331,54.65116279069767,77.28668175641728
44.0,86.5979381443299,76.36363636363637,88.16885292869655
37.0,88.60759493670885,79.54545454545455,89.76375258135694
25.0,81.63265306122449,68.96551724137932,84.47378661335254
33.0,81.48148148148148,68.75,84.36004277765589
45.0,83.01886792452831,70.96774193548387,85.46591836261945
47.0,81.03448275862068,68.11594202898551,84.0360276284288
43.0,85.41666666666666,74.54545454545455,87.2587649709421
36.0,87.5,77.77777777777779,88.87891700958852
25.0,88.0,78.57142857142857,89.27973270897066
35.0,81.3953488372093,68.62745098039215,84.29777048331547
51.0,83.47826086956522,71.64179104477611,85.80194403818761
47.0,78.99159663865547,65.27777777777779,82.61395322290713
45.0,84.31372549019608,72.88135593220339,86.42472041319242
39.0,80.0,66.66666666666666,83.3143856289973
29.0,77.96610169491525,63.888888888888886,81.93148410308899
31.0,84.50704225352112,73.17073170731707,86.5743978801412
40.0,84.0909090909091,72.54901960784314,86.26054861602393
46.0,89.58333333333334,81.13207547169812,90.55606426528078
42.0,86.36363636363636,76.0,87.98803302884039
33.0,85.29411764705883,74.35897435897436,87.16951649330456
37.0,73.01587301587301,57.49999999999999,78.7330518613044
31.0,78.48101265822784,64.58333333333334,82.27471582411007
44.0,84.0,72.41379310344827,86.1909393171129
47.0,86.23853211009175,75.80645161290323,87.88826440686255
44.0,88.65979381443299,79.62962962962963,89.8038439971897
36.0,89.1891891891892,80.48780487804879,90.23592525377421
34.0,75.86206896551724,61.111111111111114,80.54159854315375
37.0,82.22222222222221,69.81132075471697,84.88970473404689
45.0,80.0,66.66666666666666,83.31238946290608
49.0,81.03448275862068,68.11594202898551,84.0360276284288
43.0,82.82828282828282,70.6896551724138,85.3278733626106
36.0,83.78378378378379,72.09302325581395,86.03454632727879
33.0,80.7017543859649,67.64705882352942,83.81256296907932
37.0,75.51020408163265,60.65573770491803,80.30393538749163
44.0,77.87610619469027,63.76811594202898,81.85912379723328
49.0,78.33333333333333,64.38356164383562,82.16584772929677
46.0,80.76923076923077,67.74193548387096,83.85102119867143
39.0,83.14606741573034,71.15384615384616,85.56196466131846
34.0,70.76923076923077,54.761904761904766,77.36201034358672
41.0,70.08547008547008,53.94736842105263,76.93877845606336
48.0,77.41935483870968,63.1578947368421,81.55101886538881
50.0,73.2824427480916,57.831325301204814,78.8807520218121
50.0,75.86206896551724,61.111111111111114,80.52762928092059
41.0,86.66666666666667,76.47058823529412,88.22332690780203
35.0,78.78787878787878,65.0,82.48604187437687
42.0,64.61538461538461,47.72727272727273,73.81775931412903
54.0,71.32867132867133,55.434782608695656,77.67649354873684
56.0,71.72413793103448,55.91397849462365,77.91609067576925
53.0,69.23076923076923,52.94117647058824,76.43069276143562
43.0,82.97872340425532,70.9090909090909,85.43858917475208
35.0,75.0,60.0,79.98205348062773
72.0,78.75,64.94845360824742,82.44030347085689
64.0,76.12903225806451,61.458333333333336,80.69225304454244
58.0,72.6027397260274,56.98924731182796,78.454721814444
53.0,75.86206896551724,61.111111111111114,80.52762928092059
43.0,80.0,66.66666666666666,83.31338758576672
36.0,75.67567567567568,60.86956521739131,80.4168357314523
69.0,70.23809523809523,54.12844036697248,77.01433691034538
68.0,78.78787878787878,65.0,82.4650775278881
53.0,64.55696202531645,47.66355140186916,73.7759153518074
53.0,70.07299270072993,53.93258426966292,76.92539682681996
45.0,83.49514563106796,71.66666666666667,85.81637843336725
38.0,72.94117647058823,57.407407407407405,78.68077021083303
75.0,3.870967741935484,1.9736842105263157,50.5413301153096
72.0,1.3824884792626728,0.6960556844547563,49.921503616049954
68.0,4.166666666666666,2.127659574468085,50.697062126573854
54.0,24.615384615384617,14.035087719298245,56.773208451958034
49.0,39.603960396039604,24.691358024691358,62.224009952189306
31.0,38.16793893129771,23.58490566037736,61.711696713660594
10.0,0.0,0.0,49.99003507653062
17.0,0.0,0.0,49.98305963010204
15.0,0.0,0.0,49.98505261479592
17.0,84.21052631578947,72.72727272727273,86.35765550239233
19.0,90.47619047619048,82.6086956521739,91.30036034677201
20.0,74.28571428571429,59.09090909090909,79.53648379011695
18.0,85.71428571428571,75.0,87.49401890027512
19.0,88.37209302325581,79.16666666666666,89.57834898418963
19.0,74.4186046511628,59.25925925925925,79.61866471734893
18.0,81.81818181818183,69.23076923076923,84.60740981575145
18.0,83.72093023255815,72.0,85.99302205032097
22.0,77.27272727272727,62.96296296296296,81.47151318067804
18.0,80.0,66.66666666666666,83.32436168374603
18.0,60.0,42.857142857142854,71.40464702967195
22.0,83.33333333333334,71.42857142857143,85.70631059665273
18.0,76.59574468085107,62.06896551724138,81.0235174091251
19.0,61.29032258064516,44.18604651162791,72.06909837992424
20.0,82.6086956521739,70.37037037037037,85.17721022655529
20.0,72.72727272727273,57.14285714285714,78.55647522586673
21.0,60.0,42.857142857142854,71.400657960323
23.0,77.77777777777779,63.63636363636363,81.8062189032182
20.0,65.45454545454545,48.64864864864865,74.30538417519557
19.0,57.57575757575758,40.42553191489361,70.18485360224214
25.0,79.3103448275862,65.71428571428571,82.84517946512244
12.0,16.666666666666664,9.090909090909092,54.49562496262781
15.0,59.25925925925925,42.10526315789473,71.04166841517763
25.0,0.0,0.0,49.97508769132653
18.0,51.42857142857142,34.61538461538461,67.27379940925138
18.0,45.56962025316456,29.508196721311474,64.71123381262751
25.0,59.25925925925925,42.10526315789473,71.01973159489887
18.0,49.31506849315068,32.72727272727273,66.326752915333
18.0,44.44444444444444,28.57142857142857,64.24085603777776
27.0,54.347826086956516,37.3134328358209,68.614842876007
20.0,53.333333333333336,36.36363636363637,68.14692704217387
18.0,46.75324675324675,30.508474576271187,65.21336644001565
26.0,57.14285714285714,40.0,69.96410910831074
22.0,47.82608695652174,31.428571428571427,65.66643310033669
19.0,41.75824175824176,26.38888888888889,63.14161034352135
33.0,61.53846153846154,44.44444444444444,72.18233709139898
23.0,52.87356321839081,35.9375,67.92787507726356
21.0,38.53211009174312,23.863636363636363,61.86502523993801
33.0,57.943925233644855,40.78947368421053,70.3498669647496
23.0,46.464646464646464,30.263157894736842,65.07874063261157
29.0,44.274809160305345,28.431372549019606,64.14290026537665
33.0,51.2,34.40860215053764,67.1434762507634
25.0,45.87155963302752,29.761904761904763,64.82213002446896
31.0,50.0,33.33333333333333,66.60484594675441
38.0,62.71186440677966,45.67901234567901,72.79562815373262
25.0,33.33333333333333,20.0,59.900301090706066
51.0,53.191489361702125,36.231884057971016,68.02816323155503
50.0,58.68263473053892,41.52542372881356,70.69388668037422
100.0,67.97385620915033,51.48514851485149,75.6936954768017
184.0,83.54430379746836,71.73913043478261,85.81761093715791
264.0,84.23326133909286,72.76119402985076,86.30756926438016
336.0,91.77215189873418,84.7953216374269,92.34554198777892
392.0,92.80000000000001,86.56716417910447,93.22939568833203
475.0,91.2751677852349,83.9506172839506,91.89694503483818
557.0,88.08808808808809,78.71198568872988,89.2363611892258
609.0,75.43323139653415,60.55646481178396,80.03629368364969
631.0,87.97190517998244,78.52664576802508,89.12542655789277
647.0,92.32039636663914,85.7361963190184,92.77438028055643
611.0,95.9866220735786,92.28295819935691,96.09309395391821
548.0,93.78531073446328,88.29787234042553,94.08250837521297
440.0,90.94972067039106,83.40163934426229,91.61944371521017
320.0,78.4688995215311,64.56692913385827,82.14827530195818
214.0,85.71428571428571,75.0,87.43798759751951
150.0,91.75627240143369,84.76821192052981,92.36112801908843
82.0,87.58169934640523,77.90697674418605,88.93452970199385
204.0,89.65517241379311,81.25,90.58600545923571
297.0,92.79437609841827,86.55737704918033,93.23761623736463
365.0,95.02762430939227,90.52631578947368,95.22703652694105
421.0,95.13641755634639,90.72398190045249,95.32080561622323
519.0,94.95145631067962,90.38817005545286,95.14175745713453
586.0,96.56946826758147,93.36650082918739,96.64293839959764
624.0,96.95024077046548,94.0809968847352,97.00217035393057
650.0,96.8895800933126,93.96681749622925,96.94304792233214
654.0,97.14285714285714,94.44444444444444,97.18488393736138
625.0,97.20223820943245,94.55676516329704,97.24307754614175
560.0,96.60714285714286,93.43696027633851,96.6802006982579
451.0,92.12765957446808,85.4043392504931,92.62778730009526
346.0,84.02877697841727,72.45657568238212,86.11702972235537
212.0,90.5829596412556,82.78688524590164,91.35142077158811
160.0,91.96141479099678,85.11904761904762,92.53454029864099
132.0,80.48780487804879,67.3469387755102,83.62554319409334
228.0,90.69767441860465,82.97872340425532,91.44934649634946
329.0,94.28129829984545,89.18128654970761,94.55354756792994
381.0,95.16339869281045,90.77306733167082,95.34939402076996
450.0,95.06037321624589,90.5857740585774,95.24765453426427
540.0,95.56377079482439,91.50442477876106,95.70388278145447
599.0,96.74185463659147,93.68932038834951,96.80534330000778
640.0,96.33671083398285,92.93233082706766,96.41874622793311
651.0,96.22205088666152,92.71916790490341,96.3101409430878
655.0,97.15165511932256,94.46107784431138,97.19319913004752
619.0,96.85230024213075,93.89671361502347,96.90902325902053
555.0,95.86330935251799,92.05526770293609,95.9813030495423
435.0,92.15469613259668,85.45081967213115,92.65406595857608
309.0,86.03174603174604,75.4874651810585,87.6555650722445
209.0,90.06928406466513,81.9327731092437,90.92337020841028
147.0,93.19727891156462,87.26114649681529,93.61058883624914
156.0,85.92057761732852,75.31645569620254,87.61927225747458
258.0,89.44099378881988,80.89887640449437,90.39839736958106
349.0,94.52449567723343,89.61748633879782,94.77062729714727
391.0,95.04447268106735,90.55690072639226,95.23929530918222
468.0,94.8936170212766,90.2834008097166,95.09343979757898
550.0,95.54140127388536,91.46341463414635,95.6823628929931
606.0,96.6199505358615,93.46092503987241,96.68912354030321
643.0,96.49805447470817,93.23308270676691,96.57113817314291
657.0,95.71865443425077,91.78885630498533,95.83791957529792
655.0,97.4006116207951,94.93293591654248,97.43215156108921
623.0,97.10610932475883,94.375,97.15118917937545
554.0,95.4177897574124,91.23711340206185,95.56719201173694
426.0,90.9706546275395,83.4368530020704,91.63806164458693
292.0,85.0574712643678,74.0,86.90884868882345
203.0,89.92974238875878,81.70212765957446,90.80805006538262
146.0,94.44444444444444,89.47368421052632,94.72085489503135
166.0,90.38461538461539,82.45614035087719,91.19809116074889
267.0,89.37007874015748,80.78291814946618,90.33740393849413
352.0,94.49929478138223,89.57219251336899,94.74697184104275
402.0,96.54320987654322,93.31742243436753,96.63059029722795
472.0,95.32710280373831,91.07142857142857,95.49045813590638
564.0,95.82963620230701,91.9931856899489,95.94924817578273
607.0,96.24796084828712,92.76729559748428,96.3372637387252
653.0,96.4939024390244,93.22533136966126,96.56624136656166
660.0,95.77677224736048,91.8958031837916,95.89138274891727
657.0,97.12556732223904,94.41176470588235,97.16752486111737
622.0,96.56274980015988,93.35394126738794,96.63359937572577
549.0,95.32374100719424,91.06529209621993,95.48027526295104
426.0,91.87986651835372,84.97942386831275,92.41636426621031
302.0,84.34504792332268,72.92817679558011,86.36591561369005
212.0,89.749430523918,81.40495867768594,90.65746043090164
151.0,93.91891891891892,88.53503184713377,94.24952923371737
173.0,88.88888888888889,80.0,89.96402302526383
273.0,91.66666666666666,84.61538461538461,92.26363415092538
362.0,94.49035812672176,89.55613577023499,94.73793383739812
411.0,95.3883495145631,91.1832946635731,95.55348169291385
479.0,94.6611909650924,89.8635477582846,94.87947577997706
573.0,95.64459930313589,91.65275459098497,95.77600149199841
612.0,95.77235772357724,91.88767550702028,95.89140465612574
649.0,96.3302752293578,92.92035398230088,96.41173715746054
659.0,95.77039274924472,91.88405797101449,95.88551128335554
657.0,97.20754716981132,94.56681350954479,97.24605716258957
626.0,96.65071770334929,93.51851851851852,96.71689492599317
558.0,95.54367201426025,91.46757679180887,95.68342578510669
426.0,90.94922737306842,83.40080971659918,91.61801598280728
312.0,83.98133748055989,72.38605898123325,86.08983548588773
210.0,89.34240362811792,80.73770491803278,90.3218327107221
151.0,92.20338983050847,85.53459119496856,92.74431398277605
184.0,89.45868945868945,80.9278350515464,90.42693158043242
290.0,91.005291005291,83.49514563106796,91.69648903813905
365.0,95.2638700947226,90.95607235142118,95.44291254051471
429.0,96.27039627039628,92.80898876404494,96.37234197963515
501.0,95.10763209393346,90.67164179104478,95.28550896153165
580.0,95.79399141630901,91.92751235584844,95.91437893579436
616.0,96.23698959167334,92.74691358024691,96.32605386526214
658.0,96.36913767019666,92.99270072992701,96.44790368658889
667.0,95.96412556053812,92.24137931034483,96.06618164047545
656.0,96.6867469879518,93.58600583090379,96.74858897755065
628.0,97.514033680834,95.14866979655712,97.54306472397256
552.0,95.15260323159784,90.75342465753424,95.32232728264054
417.0,90.56179775280899,82.75154004106776,91.2913869212632
291.0,85.06493506493507,74.01129943502825,86.91349120487237
207.0,89.14549653579677,80.41666666666667,90.16131734789829
153.0,92.3076923076923,85.71428571428571,92.83416032386815
181.0,87.16417910447761,77.24867724867724,88.5813644088679
282.0,92.02898550724638,85.23489932885906,92.57338091718384
364.0,94.40654843110505,89.40568475452196,94.66170250168402
411.0,95.4653937947494,91.32420091324201,95.62392945051363
488.0,94.81037924151696,90.13282732447819,95.01410083151134
576.0,96.46246764452114,93.16666666666666,96.54201684906383
613.0,96.05792437650845,92.41486068111455,96.15801425713487
660.0,95.73820395738204,91.82481751824818,95.85589676041579
672.0,95.84569732937686,92.02279202279202,95.95486461628194
664.0,96.94258016405666,94.06657018813314,96.99189269411504
630.0,96.74861221252974,93.70199692780338,96.80963946781567
560.0,95.84438549955792,92.02037351443124,95.9628401802724
433.0,91.22807017543859,83.87096774193549,91.85509801887771
323.0,83.08157099697885,71.0594315245478,85.41749356231799
217.0,88.54625550660793,79.44664031620553,89.67129414509627
152.0,93.28859060402685,87.42138364779875,93.69070661295547
96.0,84.33734939759037,72.91666666666666,86.43238833672613
205.0,90.43927648578811,82.54716981132076,91.23658564564559
332.0,91.48936170212765,84.31372549019608,92.10072239422085
383.0,94.76439790575915,90.04975124378109,94.98472626628771
439.0,95.8904109589041,92.10526315789474,96.01645503742473
532.0,94.84536082474226,90.19607843137256,95.04267380396894
593.0,94.39171699741155,89.37908496732027,94.62405657824193
637.0,92.24283305227657,85.60250391236308,92.70856421312807
655.0,95.20816967792615,90.85457271364318,95.36575720612561
669.0,96.15384615384616,92.5925925925926,96.24584322774066
633.0,96.96000000000001,94.09937888198758,97.011359806134
586.0,94.39999999999999,89.39393939393939,94.63351919843006
483.0,86.46125116713353,76.15131578947368,87.92982078975425
384.0,78.44925883694413,64.54033771106941,82.08053167460679
238.0,81.05065666041276,68.13880126182966,83.96831976622308
173.0,84.0,72.41379310344827,86.15092901289665
145.0,74.13793103448276,58.9041095890411,79.39216260046985
215.0,90.2439024390244,82.22222222222221,91.07110390981488
335.0,94.46153846153847,89.50437317784257,94.71609202115373
389.0,95.88688946015425,92.09876543209876,96.01725613732923
447.0,94.87750556792874,90.2542372881356,95.08088748828891
545.0,95.77205882352942,91.88712522045856,95.89724300495287
602.0,96.01990049751244,92.34449760765551,96.12385878023761
642.0,95.85613760750587,92.04204204204204,95.96755371678198
660.0,95.65879664889566,91.67883211678833,95.78189607776932
670.0,96.62921348314607,93.47826086956522,96.69370433799473
633.0,97.41176470588235,94.95412844036697,97.44376788278059
579.0,96.57594381035996,93.3786078098472,96.65000998641314
472.0,92.90060851926978,86.74242424242425,93.30081508191046
372.0,79.86270022883295,66.47619047619048,83.0614841637781
230.0,80.92485549132948,67.96116504854369,83.88151515846309
170.0,90.96573208722741,83.42857142857143,91.68530310385196
156.0,81.34328358208955,68.55345911949685,84.22679647008857
236.0,89.1832229580574,80.47808764940238,90.1900183314447
347.0,92.22065063649222,85.56430446194226,92.72698673448166
397.0,95.64134495641345,91.64677804295943,95.78824281325349
466.0,94.78168264110755,90.08097165991903,94.99122078401231
553.0,94.95495495495496,90.39451114922812,95.1408596754016
606.0,95.23026315789474,90.89481946624804,95.38893845461926
643.0,95.5108359133127,91.4074074074074,95.6451875915949
658.0,95.54043839758126,91.4616497829233,95.67128185900565
665.0,96.86567164179104,93.92185238784371,96.91852507937827
633.0,96.9315499606609,94.04580152671755,96.98355451638541
569.0,97.01754385964912,94.20783645655877,97.06965992063978
458.0,93.63920750782064,88.0392156862745,93.95827295464609
350.0,78.96678966789668,65.2439024390244,82.45045387721954
222.0,81.26232741617358,68.43853820598007,84.1242120687695
159.0,93.15960912052117,87.1951219512195,93.57657482646819
166.0,83.8487972508591,72.18934911242604,86.04772526145138
243.0,91.36842105263158,84.10852713178295,92.01322991830045
358.0,91.95088676671213,85.1010101010101,92.4913144567933
407.0,95.11002444987776,90.67599067599068,95.29782420898576
476.0,94.6259220231823,89.8,94.84872001126149
558.0,93.91462306993643,88.52739726027397,94.19623855240687
614.0,91.08061749571183,83.62204724409449,91.70627994191834
645.0,91.10032362459548,83.6552748885587,91.71677940304015
664.0,95.01510574018127,90.50359712230215,95.18519513410202
666.0,97.31343283582089,94.76744186046511,97.34737491617878
636.0,97.4921630094044,95.10703363914374,97.52122881053123
577.0,96.95916594265856,94.09780775716695,97.01363441991928
456.0,94.68085106382979,89.8989898989899,94.89922449444678
338.0,80.0,66.66666666666666,83.17993449635719
221.0,81.11332007952286,68.22742474916387,84.01865914477324
153.0,93.42105263157895,87.65432098765432,93.80717408458544
166.0,89.52380952380953,81.03448275862068,90.48426446315165
264.0,92.1875,85.5072463768116,92.71357513073659
361.0,92.20430107526882,85.53615960099751,92.70988543130565
411.0,95.5688622754491,91.5137614678899,95.71971497465854
478.0,94.70404984423676,89.94082840236686,94.91912699281657
564.0,93.2975871313673,87.43718592964824,93.64307034831789
614.0,89.69072164948454,81.30841121495327,90.53336942106668
650.0,93.04143862392495,86.98830409356725,93.40439992399465
666.0,96.05947955390334,92.41773962804005,96.15536688650135
670.0,96.81717246484087,93.83070301291248,96.87193645859873
638.0,97.41985926505082,94.96951219512195,97.45145841629042
578.0,97.15271786022434,94.46308724832215,97.19828621178932
456.0,95.2991452991453,91.02040816326532,95.46596519162662
340.0,80.73878627968337,67.69911504424779,83.7031769325911
223.0,81.88976377952756,69.33333333333334,84.57460774895932
161.0,93.33333333333333,87.5,93.72901217293969
170.0,88.60759493670885,79.54545454545455,89.7367531740783
267.0,91.77820267686424,84.80565371024736,92.35977174458219
363.0,91.36786188579016,84.10757946210269,91.98857059475338
412.0,95.31812725090036,91.05504587155964,95.48834979047757
481.0,94.1544885177453,88.95463510848126,94.4210078508721
570.0,93.97163120567376,88.62876254180601,94.24589639800287
614.0,89.67297762478485,81.2792511700468,90.51879183212843
654.0,94.02637703646238,88.72620790629576,94.28543600882671
670.0,96.29629629629629,92.85714285714286,96.37809289204515
672.0,96.81717246484087,93.83070301291248,96.87193645859873
643.0,97.5800156128025,95.27439024390245,97.60591421944673
574.0,96.97493517718236,94.12751677852349,97.02848679800911
456.0,92.91666666666667,86.7704280155642,93.31684481413643
345.0,77.363184079602,63.083164300202846,81.35908941972943
220.0,81.98019801980197,69.46308724832215,84.64048716915897
159.0,91.96141479099678,85.11904761904762,92.53454029864099
172.0,91.71597633136095,84.69945355191257,92.32173853101916
279.0,93.11594202898551,87.11864406779661,93.52126037400929
364.0,92.4901185770751,86.02941176470588,92.95750568165049
420.0,95.65217391304348,91.66666666666666,95.79616159992499
497.0,93.82470119521913,88.36772983114447,94.12149694454317
576.0,89.91825613079018,81.68316831683168,90.72987143121631
618.0,86.88811188811188,76.8160741885626,88.25706787187345
656.0,94.25287356321839,89.13043478260869,94.48955305846198
674.0,96.0,92.3076923076923,96.0993315358523
671.0,97.05014749262537,94.26934097421203,97.09428113373957
638.0,97.10711493354182,94.37689969604864,97.15111759093624
574.0,96.62337662337663,93.46733668341709,96.69436808776844
453.0,93.27731092436974,87.4015748031496,93.6364425129719
326.0,79.7872340425532,66.3716814159292,83.0334628107796
224.0,81.56862745098039,68.87417218543047,84.34302589418817
161.0,92.35668789808918,85.79881656804734,92.8754231548038
170.0,87.34177215189874,77.52808988764045,88.72407532073376
273.0,92.39332096474953,85.86206896551725,92.88997453523524
365.0,91.50326797385621,84.33734939759037,92.10344770887025
418.0,94.62616822429906,89.80044345898004,94.85401008013599
486.0,94.25981873111783,89.14285714285714,94.5140937359896
575.0,94.80968858131487,90.13157894736842,95.00533972757314
617.0,92.03688181056161,85.24844720496894,92.52850957584575
656.0,93.27146171693735,87.39130434782608,93.60790279421039
674.0,95.80573951434879,91.94915254237289,95.91702957759735
677.0,96.84981684981685,93.89204545454545,96.9026015417734
645.0,97.38461538461539,94.90254872563717,97.41696073627195
580.0,97.52348420153714,95.16666666666667,97.55410240903134
463.0,93.4156378600823,87.64478764478764,93.75803599286164
364.0,79.28994082840237,65.68627450980392,82.66757897958645
229.0,81.14285714285714,68.26923076923077,84.03554207036284
167.0,92.5,86.04651162790698,92.9992692464313
100.0,84.39306358381504,73.0,86.47305550565834
234.0,84.21052631578947,72.72727272727273,86.29763636363637
355.0,91.00968188105118,83.50253807106598,91.68606952503086
409.0,64.01326699834162,47.073170731707314,73.31951156075993
478.0,25.547445255474454,14.644351464435147,56.91503886238163
566.0,73.8121546961326,58.49387040280211,79.00918390731174
621.0,82.26555246053854,69.87381703470031,84.74488310163022
709.0,80.82644628099173,67.82246879334258,83.67777292787663
724.0,78.1456953642384,64.13043478260869,81.79964520395524
746.0,70.59814658803707,54.557291666666664,76.92794140983513
683.0,47.546346782988,31.187410586552218,65.11230091359718
637.0,20.460358056265985,11.396011396011396,55.07719764945891
528.0,0.3194888178913738,0.16,49.45817638266069
430.0,32.1875,19.180633147113593,59.15694928979109
274.0,66.66666666666666,50.0,74.81597055528884
182.0,76.51715039577837,61.965811965811966,80.89396112871559
108.0,89.30232558139535,80.67226890756302,90.31317119499558
115.0,91.13924050632912,83.72093023255815,91.83949363749022
127.0,90.0398406374502,81.88405797101449,90.9170604458672
131.0,84.0,72.41379310344827,86.1669532711825
134.0,78.48101265822784,64.58333333333334,82.24075118636397
127.0,86.91983122362869,76.86567164179104,88.40188101491226
116.0,82.92682926829268,70.83333333333334,85.38173025094329
75.0,87.4074074074074,77.63157894736842,88.79882916081631
117.0,90.51724137931035,82.67716535433071,91.31661387286746
126.0,94.29657794676805,89.20863309352518,94.58933213055545
133.0,94.5054945054945,89.58333333333334,94.77668075342511
143.0,92.20338983050847,85.53459119496856,92.74431398277605
148.0,90.10238907849829,81.98757763975155,90.96481431743793
135.0,90.45936395759718,82.58064516129032,91.26334847578583
122.0,92.24489795918367,85.60606060606061,92.78405421290387
71.0,87.24832214765101,77.38095238095238,88.671518277044
117.0,89.47368421052632,80.95238095238095,90.45222594369858
122.0,93.17269076305222,87.21804511278195,93.59204293194033
133.0,92.53731343283582,86.11111111111111,93.03557633394604
152.0,87.21311475409837,77.32558139534885,88.62382420885481
158.0,89.84615384615384,81.56424581005587,90.74914269315506
143.0,92.35880398671097,85.80246913580247,92.87825157531574
125.0,88.97338403041825,80.13698630136986,90.03952733035293
84.0,86.70520231213872,76.53061224489795,88.24235248878898
116.0,90.3765690376569,82.44274809160305,91.19840528331851
127.0,91.95402298850574,85.1063829787234,92.53221498304877
150.0,94.23076923076923,89.0909090909091,94.52746497940285
158.0,88.26815642458101,79.0,89.45801511455875
171.0,87.33850129198967,77.52293577981652,88.71247474894798
160.0,82.19895287958116,69.77777777777779,84.82091471907343
134.0,79.39393939393939,65.82914572864321,82.84663400929114
119.0,78.74564459930313,64.9425287356322,82.41034113109436
118.0,92.11618257261411,85.38461538461539,92.67333236023939
136.0,94.58483754512635,89.72602739726028,94.84802718649105
141.0,93.64548494983278,88.0503144654088,94.0061709028619
155.0,92.21183800623052,85.54913294797689,92.74958046615282
163.0,92.79538904899135,86.55913978494624,93.25457739022379
151.0,90.1840490797546,82.12290502793296,91.02947106320791
140.0,90.78498293515358,83.125,91.53552320004796
108.0,83.4862385321101,71.65354330708661,85.79083274967986
119.0,92.24489795918367,85.60606060606061,92.78405421290387
129.0,90.45936395759718,82.58064516129032,91.26334847578583
140.0,88.38709677419355,79.1907514450867,89.55940378065802
154.0,89.27536231884058,80.6282722513089,90.2771523984944
171.0,88.02083333333334,78.6046511627907,89.25633202049387
158.0,84.71849865951742,73.48837209302326,86.68720655912709
167.0,90.25069637883009,82.23350253807106,91.08176106629232
129.0,83.09859154929578,71.08433734939759,85.49422429018483
126.0,91.04477611940298,83.56164383561644,91.75684780984483
133.0,94.24460431654677,89.1156462585034,94.54183751630336
140.0,94.27609427609428,89.171974522293,94.56899949234003
155.0,89.82035928143712,81.52173913043478,90.72688723602857
174.0,90.27027027027027,82.26600985221675,91.09701140494218
168.0,89.75069252077562,81.4070351758794,90.6665279450397
161.0,91.8918918918919,85.0,92.47301241428943
144.0,85.0909090909091,74.0506329113924,86.98436477867509
128.0,87.21804511278195,77.33333333333333,88.63270741776535
142.0,89.43661971830986,80.89171974522293,90.41588924382768
146.0,91.83673469387756,84.90566037735849,92.42884985255486
153.0,89.375,80.7909604519774,90.36150265118808
170.0,90.25069637883009,82.23350253807106,91.08176106629232
162.0,87.64044943820225,78.0,88.95601759296281
163.0,91.32947976878613,84.04255319148936,91.9912873918581
138.0,83.14606741573034,71.15384615384616,85.53198150097181
109.0,92.16589861751152,85.47008547008546,92.71806853582554
118.0,92.6829268292683,86.36363636363636,93.16384047417566
126.0,92.42424242424242,85.91549295774648,92.9377680555704
137.0,89.04593639575971,80.2547770700637,90.09641950406282
145.0,90.71428571428571,83.00653594771242,91.47729342891027
130.0,95.05703422053232,90.57971014492753,95.27686831895235
106.0,90.74074074074075,83.05084745762711,91.50545488021737
120.0,63.687150837988824,46.72131147540984,73.29581007039312
113.0,91.30434782608695,84.0,91.98002835972918
123.0,92.36641221374046,85.81560283687944,92.8878233942663
134.0,92.63157894736842,86.27450980392157,93.11627336571269
138.0,88.96103896103897,80.11695906432749,90.02450603149427
151.0,91.61290322580645,84.52380952380952,92.23592242989054
136.0,92.04152249134948,85.25641025641025,92.60522489120895
110.0,90.5982905982906,82.8125,91.38428075694029
111.0,68.20809248554913,51.75438596491229,75.8223213820012
115.0,92.7038626609442,86.4,93.1830230885995
123.0,92.36641221374046,85.81560283687944,92.8878233942663
133.0,92.80575539568345,86.57718120805369,93.26860938637145
140.0,87.58169934640523,77.90697674418605,88.91552026530273
154.0,89.1566265060241,80.43478260869566,90.18141145306456
138.0,91.58249158249158,84.472049689441,92.21104482873329
113.0,90.08264462809917,81.95488721804512,90.95347572598583
91.0,78.48101265822784,64.58333333333334,82.25774401032314
111.0,89.7119341563786,81.34328358208955,90.64667524621484
121.0,91.53846153846153,84.39716312056737,92.17660661172505
133.0,86.2876254180602,75.88235294117646,87.90021497439466
144.0,81.48148148148148,68.75,84.31004287170467
160.0,83.6842105263158,71.94570135746606,85.91087175156827
150.0,81.64383561643835,68.98148148148148,84.42377690121407
127.0,83.8487972508591,72.18934911242604,86.04772526145138
150.0,72.66187050359713,57.06214689265536,78.45518727558381
118.0,88.62745098039215,79.5774647887324,89.75976888838375
126.0,91.57509157509158,84.45945945945947,92.20675316582492
138.0,89.25081433224756,80.58823529411765,90.26114336699726
137.0,83.18042813455658,71.20418848167539,85.54713820566585
150.0,84.97109826589595,73.86934673366834,86.88270350935151
150.0,88.55421686746988,79.45945945945945,89.69175175695395
129.0,89.28571428571429,80.64516129032258,90.29261121398109
104.0,82.4742268041237,70.17543859649122,85.0537844531482
114.0,89.76377952755905,81.42857142857143,90.68831791435763
129.0,89.85507246376811,81.57894736842105,90.76150277395718
132.0,83.80952380952381,72.1311475409836,86.01461861103212
136.0,77.80979827089337,63.67924528301887,81.76268572977705
163.0,85.1063829787234,74.07407407407408,86.98105495130447
146.0,80.66298342541437,67.5925925925926,83.7263382711114
162.0,88.95522388059702,80.10752688172043,90.01678341007684
146.0,77.77777777777779,63.63636363636363,81.76226904211248
121.0,88.88888888888889,80.0,89.97103475829005
130.0,90.39145907473309,82.46753246753246,91.20679266786082
136.0,87.37864077669903,77.58620689655173,88.75413540207376
147.0,83.66762177650429,71.92118226600985,85.90362531249724
171.0,86.01583113456465,75.46296296296296,87.67849525789961
162.0,87.56756756756758,77.88461538461539,88.89632056870231
150.0,87.89808917197452,78.4090909090909,89.16657431261332
147.0,72.5,56.86274509803921,78.36548982027676
120.0,85.50185873605948,74.67532467532467,87.29870985968546
131.0,89.75265017667844,81.41025641025641,90.67615659730389
142.0,86.36363636363636,76.0,87.95803608896348
138.0,82.06686930091185,69.58762886597938,84.7348627733506
166.0,85.79234972677595,75.11961722488039,87.50782836493426
153.0,84.57142857142857,73.26732673267327,86.5796935894117
136.0,86.08414239482201,75.56818181818183,87.74112785731543
118.0,80.35714285714286,67.16417910447761,83.53816510229272
113.0,0.0,0.0,49.751873405612244
127.0,0.0,0.0,49.696069834183675
137.0,0.0,0.0,49.659199617346935
149.0,23.901581722319857,13.572854291417165,56.35436040985802
159.0,36.018957345971565,21.965317919075144,60.57816053758081
143.0,22.78481012658228,12.857142857142856,56.00253427254405
131.0,0.9111617312072893,0.4576659038901602,49.795341502190226
115.0,0.0,0.0,49.664182079081634
49.0,77.64705882352942,63.46153846153846,81.71182341580004
53.0,84.11214953271028,72.58064516129032,86.27336700425529
77.0,83.72093023255815,72.0,85.97205811911223
111.0,91.07142857142857,83.60655737704919,91.78330824478134
134.0,92.85714285714286,86.66666666666667,93.3133517164209
166.0,91.94029850746269,85.0828729281768,92.5144483388635
146.0,89.04109589041096,80.24691358024691,90.09148620306355
128.0,88.9763779527559,80.1418439716312,90.04295722141875
112.0,90.74074074074075,83.05084745762711,91.50545488021737
82.0,86.79245283018868,76.66666666666667,88.3123781773671
42.0,84.0909090909091,72.54901960784314,86.26054861602393
64.0,74.48275862068967,59.34065934065934,79.63341973058266
108.0,89.85507246376811,81.57894736842105,90.76850848643883
122.0,91.76470588235294,84.78260869565217,92.37032909862015
148.0,91.42857142857143,84.21052631578947,92.07828042684261
184.0,92.93478260869566,86.80203045685279,93.37501782816642
166.0,92.49249249249249,86.03351955307262,92.99177077169844
145.0,89.82456140350877,81.52866242038218,90.73535902349033
116.0,90.35087719298247,82.39999999999999,91.17803207317317
103.0,91.66666666666666,84.61538461538461,92.29172041821778
56.0,78.0952380952381,64.0625,82.00831193278148
90.0,73.74301675977654,58.4070796460177,79.15664299602821
117.0,86.95652173913044,76.92307692307693,88.43158399233167
139.0,89.96539792387543,81.76100628930818,90.85152980013105
154.0,90.85365853658537,83.24022346368714,91.5901279231003
189.0,94.30051813471503,89.2156862745098,94.58584049693806
182.0,90.9090909090909,83.33333333333334,91.63367392506983
166.0,92.3076923076923,85.71428571428571,92.83215585038637
131.0,93.02325581395348,86.95652173913044,93.46028100701128
109.0,90.0990099009901,81.98198198198197,90.97102493328907
57.0,83.33333333333334,71.42857142857143,85.6963327510494
93.0,81.76795580110497,69.1588785046729,84.54650643528323
125.0,88.35341365461848,79.13669064748201,89.53938355327801
150.0,89.90228013029315,81.65680473372781,90.7974259089719
166.0,90.4494382022472,82.56410256410255,91.2480614789922
199.0,93.5,87.79342723004694,93.87070789376479
187.0,90.13333333333333,82.03883495145631,90.98242265500305
163.0,92.63803680981594,86.28571428571429,93.11886913686014
132.0,92.93680297397769,86.80555555555556,93.38379713803032
110.0,90.73170731707317,83.03571428571429,91.4988886305875
62.0,85.47008547008546,74.6268656716418,87.29647556813546
103.0,86.91099476439791,76.85185185185185,88.40097233959649
133.0,87.84313725490196,78.32167832167832,89.1298787901137
157.0,90.625,82.85714285714286,91.39859001704657
176.0,93.4065934065934,87.62886597938144,93.79043586934517
197.0,93.06930693069307,87.03703703703704,93.49051179690532
194.0,92.2279792746114,85.57692307692307,92.75846033841353
181.0,90.85714285714286,83.24607329842932,91.59104752551673
137.0,93.86281588447653,88.43537414965986,94.20070270045436
116.0,92.66055045871559,86.32478632478633,93.14641712644709
84.0,78.57142857142857,64.70588235294117,82.32301360120273
112.0,86.1244019138756,75.63025210084034,87.78617584477388
149.0,88.11188811188812,78.75,89.34103396603396
167.0,91.07142857142857,83.60655737704919,91.77329248217951
179.0,92.63157894736842,86.27450980392157,93.10925490196078
204.0,91.4691943127962,84.27947598253274,92.10372574710335
204.0,91.56626506024097,84.44444444444444,92.18721241947745
183.0,92.3076923076923,85.71428571428571,92.82914733642617
148.0,94.19795221843003,89.03225806451613,94.49914194244633
117.0,91.55555555555556,84.42622950819673,92.19414245365701
85.0,82.1917808219178,69.76744186046511,84.85778111061407
114.0,83.1858407079646,71.21212121212122,85.56812282402315
150.0,88.88888888888889,80.0,89.96702901446727
177.0,90.96045197740112,83.41968911917098,91.67785415670635
186.0,93.47258485639686,87.74509803921569,93.84754751951783
198.0,91.82692307692307,84.88888888888889,92.41043424138353
200.0,91.13300492610837,83.710407239819,91.8191971387429
186.0,91.41274238227147,84.18367346938776,92.0608435531938
145.0,93.75,88.23529411764706,94.09966180673024
117.0,90.990990990991,83.47107438016529,91.71556714515005
99.0,73.41772151898735,57.99999999999999,78.95809888662755
114.0,84.93150684931507,73.80952380952381,86.8718165939778
150.0,86.66666666666667,76.47058823529412,88.19533088382218
179.0,90.70422535211267,82.9896907216495,91.46185525785565
187.0,93.54005167958657,87.86407766990291,93.90703633470143
200.0,91.29411764705883,83.98268398268398,91.95432866654507
203.0,90.16786570743405,82.09606986899564,91.00702509213565
191.0,91.8918918918919,85.0,92.47000359956805
152.0,92.92929292929293,86.79245283018868,93.37524236297395
119.0,91.62995594713657,84.5528455284553,92.25745008488589
98.0,63.44827586206897,46.464646464646464,73.17946067497235
94.0,75.9493670886076,61.224489795918366,80.5743328539014
118.0,86.36363636363636,76.0,87.97004852139534
115.0,92.17391304347827,85.48387096774194,92.72396064864029
145.0,92.09621993127148,85.35031847133759,92.65217853945362
173.0,94.0828402366864,88.8268156424581,94.39341461891783
162.0,93.16770186335404,87.20930232558139,93.58266259684498
151.0,92.15017064846417,85.44303797468355,92.69853783188924
122.0,81.85328185328186,69.28104575163398,84.59358858382578
151.0,68.0,51.515151515151516,75.67772109306516
92.0,67.13286713286713,50.526315789473685,75.21627790750416
97.0,80.4733727810651,67.32673267326733,83.63043746300072
123.0,85.96491228070175,75.38461538461539,87.6603575345538
133.0,91.7910447761194,84.82758620689656,92.39181639875524
160.0,92.3076923076923,85.71428571428571,92.83215585038637
185.0,93.07479224376732,87.04663212435233,93.49832006153626
179.0,92.52873563218391,86.09625668449198,93.02213613990669
171.0,92.26006191950464,85.63218390804597,92.79110544673692
137.0,91.11969111969111,83.68794326241135,91.82099828029273
117.0,91.32420091324201,84.03361344537815,91.9978355588581
96.0,73.88535031847134,58.58585858585859,79.25202582511334
108.0,87.17948717948718,77.27272727272727,88.61140905370408
131.0,86.0655737704918,75.53956834532374,87.73583238420149
158.0,89.6103896103896,81.17647058823529,90.55625959564848
172.0,93.02325581395348,86.95652173913044,93.45426854710841
188.0,93.61702127659575,88.0,93.976
193.0,94.14893617021278,88.94472361809045,94.45036136903641
178.0,91.86046511627907,84.94623655913979,92.4451283559424
149.0,92.63157894736842,86.27450980392157,93.11627336571269
149.0,80.95238095238095,68.0,83.95207093501618
92.0,77.12418300653596,62.76595744680851,81.34806043220566
111.0,85.57213930348259,74.78260869565217,87.36235645403492
138.0,88.212927756654,78.91156462585033,89.42481946833867
178.0,88.75739644970415,79.7872340425532,89.85563677100674
180.0,92.14092140921409,85.42713567839196,92.68457131877842
194.0,93.09462915601023,87.08133971291866,93.51366661607048
209.0,91.68765743073047,84.65116279069768,92.29257743487358
178.0,93.91304347826087,88.52459016393442,94.24130096032127
148.0,94.44444444444444,89.47368421052632,94.72085489503135
161.0,69.25566343042071,52.97029702970298,76.39027943418282
95.0,80.48780487804879,67.3469387755102,83.64153963321509
112.0,86.66666666666667,76.47058823529412,88.20734163686438
142.0,86.76470588235294,76.62337662337663,88.27573002330284
174.0,91.17647058823529,83.78378378378379,91.86190448660211
184.0,93.8337801608579,88.38383838383838,94.16891965190999
210.0,92.7536231884058,86.48648648648648,93.21323364017027
196.0,95.69620253164557,91.74757281553399,95.85678198661749
186.0,93.33333333333333,87.5,93.7260038393857
169.0,88.81789137380191,79.88505747126436,89.90755461648035
156.0,81.04089219330855,68.125,84.01156824854694
98.0,82.75862068965517,70.58823529411765,85.26417991753623
114.0,86.7579908675799,76.61290322580645,88.27749851691871
150.0,86.5979381443299,76.36363636363637,88.14285714285714
180.0,91.62011173184358,84.5360824742268,92.2380484353858
209.0,93.91727493917274,88.53211009174312,94.24104654298058
222.0,92.9384965831435,86.80851063829788,93.37323794942189
213.0,93.02325581395348,86.95652173913044,93.44824646264989
206.0,89.97429305912597,81.77570093457945,90.84885124727413
181.0,88.95522388059702,80.10752688172043,90.01678341007684
164.0,80.85106382978722,67.85714285714286,83.87463830564386
103.0,83.69565217391305,71.96261682242991,85.95136769383535
117.0,84.44444444444444,73.07692307692307,86.5035181467561
150.0,86.86868686868688,76.78571428571429,88.3538937684291
182.0,90.46321525885558,82.58706467661692,91.25853933690874
207.0,91.4004914004914,84.16289592760181,92.04644096240062
222.0,93.18181818181817,87.2340425531915,93.5870038664979
214.0,93.39622641509435,87.61061946902655,93.77729740909008
206.0,88.88888888888889,80.0,89.95700343972483
176.0,90.30303030303031,82.32044198895028,91.12823826514898
165.0,79.2982456140351,65.69767441860465,82.78991145575179
106.0,82.16216216216216,69.72477064220183,84.82945118936439
115.0,85.84474885844749,75.2,87.56905075675891
147.0,85.23489932885906,74.26900584795322,87.09054600176039
189.0,91.97860962566845,85.14851485148515,92.5442598255506
208.0,92.08633093525181,85.33333333333334,92.63365610328638
228.0,92.37668161434978,85.83333333333333,92.88264625441931
215.0,92.90617848970251,86.75213675213675,93.34505162702389
207.0,90.3061224489796,82.32558139534883,91.12478993765922
189.0,88.69565217391305,79.6875,89.8047679317514
168.0,79.86577181208054,66.4804469273743,83.18029178579994
101.0,0.0,0.0,49.832589285714285
88.0,0.0,0.0,49.69009088010204
134.0,26.618705035971225,15.352697095435685,57.26917917324177
175.0,35.83815028901734,21.830985915492956,60.471954238015
202.0,34.271099744245525,20.679012345679013,59.825937570465506
214.0,41.540256709451576,26.215022091310754,62.60649100485375
210.0,50.3957783641161,33.68606701940035,66.46692067585002
206.0,50.6155950752394,33.88278388278388,66.58032694969343
184.0,45.839017735334245,29.734513274336283,64.47032014700656
169.0,42.64705882352941,27.102803738317753,63.16164351933576
35.0,80.0,66.66666666666666,83.32136970277024
43.0,91.56626506024097,84.44444444444444,92.21524148904578
46.0,92.47311827956989,86.0,92.9930185706022
37.0,94.5945945945946,89.74358974358975,94.86780612007473
21.0,50.0,33.33333333333333,66.65271382726384
35.0,91.17647058823529,83.78378378378379,91.8859092415778
46.0,88.42105263157895,79.24528301886792,89.61167091063874
51.0,89.52380952380953,81.03448275862068,90.50626968627837
43.0,90.10989010989012,82.0,90.99102423456667
23.0,85.1063829787234,74.07407407407408,87.03005880910817
37.0,91.42857142857143,84.21052631578947,92.09928038827124
46.0,88.65979381443299,79.62962962962963,89.8038439971897
55.0,80.3030303030303,67.08860759493672,83.51836760051286
48.0,88.65979381443299,79.62962962962963,89.8038439971897
35.0,80.64516129032258,67.56756756756756,83.77181991466851
38.0,58.82352941176471,41.66666666666667,70.78447112476151
49.0,68.11594202898551,51.64835164835166,75.78028905204792
58.0,68.78980891719745,52.42718446601942,76.16471150199338
51.0,80.35714285714286,67.16417910447761,83.56014704161664
37.0,78.87323943661971,65.11627906976744,82.5431838038476
41.0,54.54545454545454,37.5,68.68517761333945
52.0,61.72839506172839,44.642857142857146,72.25958441869346
61.0,69.41176470588235,53.153153153153156,76.5246979725101
56.0,70.0,53.84615384615385,76.88118333279623
40.0,59.79381443298969,42.64705882352941,71.28464373565248
48.0,52.32558139534884,35.43307086614173,67.63474971166096
57.0,58.24175824175825,41.08527131782946,70.46682216012175
68.0,68.78306878306879,52.41935483870967,76.15080810922332
56.0,72.85714285714285,57.30337078651685,78.6137801563507
40.0,60.0,42.857142857142854,71.3886878885084
53.0,44.54545454545455,28.654970760233915,64.20579447501592
60.0,57.711442786069654,40.55944055944056,70.19492040741892
68.0,66.3157894736842,49.60629921259843,74.7392939201499
63.0,77.12418300653596,62.76595744680851,81.34806043220566
54.0,82.45614035087719,70.1492537313433,85.05467833288623
60.0,47.89915966386555,31.491712707182316,65.62215077287327
64.0,55.45454545454545,38.36477987421384,69.08461481987655
73.0,64.07766990291263,47.14285714285714,73.49759101405479
64.0,68.23529411764706,51.78571428571429,75.83898428280686
52.0,57.14285714285714,40.0,69.93716838871823
47.0,51.39664804469274,34.58646616541353,67.20645869611191
47.0,63.08724832214765,46.07843137254902,72.98435722111462
49.0,75.59055118110236,60.75949367088608,80.3488259928002
39.0,93.5064935064935,87.8048780487805,93.89745298529971
24.0,54.54545454545454,37.5,68.73504993322304
46.0,47.179487179487175,30.87248322147651,65.33350871626389
52.0,59.09090909090909,41.935483870967744,70.89592005375057
57.0,67.06586826347305,50.45045045045045,75.17035690918372
50.0,94.23076923076923,89.0909090909091,94.53946974684303
30.0,78.68852459016394,64.86486486486487,82.41947183265576
44.0,88.88888888888889,80.0,89.98902896353627
52.0,63.41463414634146,46.42857142857143,73.15443414617462
59.0,73.41772151898735,57.99999999999999,78.95809888662755
51.0,92.45283018867924,85.96491228070175,92.97447640886884
34.0,75.0,60.0,79.98404849258255
55.0,54.94505494505495,37.878787878787875,68.85760005997008
60.0,57.868020304568525,40.714285714285715,70.27433992811393
64.0,68.53932584269663,52.13675213675214,76.01250457281586
55.0,89.47368421052632,80.95238095238095,90.46422040137752
44.0,79.01234567901234,65.3061224489796,82.63611004388991
62.0,57.868020304568525,40.714285714285715,70.27433992811393
65.0,60.48780487804878,43.35664335664335,71.59750593820912
65.0,70.05649717514125,53.91304347826087,76.90364230424198
63.0,87.6923076923077,78.08219178082192,89.02513387999575
45.0,75.29411764705883,60.37735849056604,80.16773955160083
65.0,64.64646464646465,47.76119402985074,73.81075346447837
66.0,61.61137440758294,44.52054794520548,72.1794533942866
68.0,71.03825136612022,55.08474576271186,77.48949028072933
64.0,87.6923076923077,78.08219178082192,89.02513387999575
37.0,73.68421052631578,58.333333333333336,79.14672569195183
80.0,50.32258064516129,33.62068965517241,66.65664607713708
68.0,57.534246575342465,40.38461538461539,70.09951739837199
68.0,63.87434554973822,46.92307692307692,73.39269679736606
67.0,86.11111111111111,75.60975609756098,87.784923545049
51.0,57.14285714285714,40.0,69.9311789347696
72.0,41.81818181818181,26.436781609195403,63.02680080719215
67.0,58.44748858447488,41.29032258064516,70.55436467474149
68.0,62.0,44.927536231884055,72.38794100176236
71.0,74.11764705882354,58.87850467289719,79.39535155222094
53.0,40.19138755980861,25.149700598802394,62.45018440400087
90.0,38.70967741935484,24.0,61.75348317298095
93.0,37.46397694524496,23.04964539007092,61.308303367941605
91.0,44.0251572327044,28.225806451612907,63.935279787495666
64.0,6.289308176100629,3.2467532467532463,51.474884466552965
26.0,0.0,0.0,49.89536830357143
108.0,87.03703703703704,77.04918032786885,88.49663600874894
141.0,88.65248226950354,79.61783439490446,89.77694980419335
155.0,87.97250859106529,78.52760736196319,89.22883724875653
153.0,87.45762711864407,77.71084337349397,88.8184564340845
153.0,90.32258064516128,82.35294117647058,91.14649217269448
175.0,91.11747851002865,83.6842105263158,91.81111579957552
191.0,91.09947643979058,83.65384615384616,91.79292443686869
207.0,93.94673123486683,88.58447488584474,94.2672284396812
208.0,94.4578313253012,89.49771689497716,94.72584924380712
190.0,91.70984455958549,84.688995215311,92.3124969676427
166.0,92.12121212121212,85.39325842696628,92.67064168749562
120.0,90.1639344262295,82.08955223880598,91.02080775764053
83.0,88.0,78.57142857142857,89.26775379878553
117.0,86.08695652173914,75.57251908396947,87.75430874621023
155.0,90.06622516556291,81.92771084337349,90.9338794025021
162.0,86.58536585365853,76.34408602150538,88.12807291042091
169.0,87.31563421828909,77.4869109947644,88.70047956390495
172.0,91.22807017543859,83.87096774193549,91.90549586616966
192.0,91.09947643979058,83.65384615384616,91.79292443686869
199.0,92.15686274509804,85.45454545454545,92.69526504542908
218.0,92.55079006772009,86.1344537815126,93.03420773964865
228.0,94.2982456140351,89.21161825726142,94.57978883279996
220.0,93.15068493150685,87.17948717948718,93.55972678033032
187.0,93.54838709677419,87.87878787878788,93.91539489935555
134.0,91.7910447761194,84.82758620689656,92.39181639875524
90.0,88.37209302325581,79.16666666666666,89.56337325349301
125.0,88.16326530612245,78.83211678832117,89.38709778059504
160.0,92.6984126984127,86.3905325443787,93.17228006391431
168.0,87.46355685131195,77.720207253886,88.81712597532186
171.0,87.5,77.77777777777779,88.84490824037424
186.0,90.10989010989012,82.0,90.9640086379269
207.0,90.68627450980392,82.95964125560538,91.44181378657127
204.0,93.14420803782507,87.16814159292035,93.55505861134243
226.0,92.87257019438445,86.69354838709677,93.31374843345552
234.0,94.91525423728814,90.32258064516128,95.13726726044098
231.0,93.5064935064935,87.8048780487805,93.87241500517487
205.0,93.39853300733496,87.61467889908256,93.78033134711055
141.0,90.20979020979021,82.16560509554141,91.05482884305314
89.0,87.86127167630057,78.35051546391753,89.15429964812643
132.0,88.8030888030888,79.86111111111111,89.90159089244456
160.0,94.00630914826499,88.69047619047619,94.32624834970068
177.0,87.43169398907104,77.66990291262135,88.78896617160179
185.0,86.93333333333332,76.88679245283019,88.39440896310356
193.0,91.57894736842105,84.46601941747572,92.20101098868668
210.0,91.0377358490566,83.54978354978356,91.73687885049748
221.0,90.30837004405286,82.32931726907631,91.12063309972797
238.0,93.86892177589851,88.44621513944223,94.19408086515291
244.0,94.33198380566802,89.272030651341,94.60798336924017
242.0,94.6938775510204,89.92248062015504,94.93521115742655
212.0,94.08983451536643,88.83928571428571,94.39463135185042
147.0,92.56756756756756,86.16352201257862,93.05977815291494
95.0,89.83957219251337,81.55339805825243,90.75773392491794
132.0,89.73384030418251,81.37931034482759,90.66268645612469
166.0,89.39828080229226,80.82901554404145,90.3775225661031
177.0,86.8632707774799,76.77725118483413,88.33963930857654
191.0,87.81725888324873,78.28054298642535,89.09227437303988
197.0,90.5852417302799,82.7906976744186,91.3583473571501
210.0,91.20370370370371,83.82978723404256,91.87687765031527
237.0,90.98532494758909,83.46153846153847,91.6877339418323
240.0,93.00411522633745,86.92307692307692,93.42750442750443
255.0,93.82239382239382,88.36363636363636,94.14977524428188
258.0,93.51145038167938,87.81362007168458,93.87276305100322
215.0,93.92523364485982,88.54625550660793,94.24711474680072
141.0,90.10238907849829,81.98757763975155,90.96481431743793
87.0,91.42857142857143,84.21052631578947,92.0902919027047
143.0,87.36462093862815,77.56410256410257,88.7470897397478
169.0,90.14084507042254,82.05128205128204,90.99065222205817
193.0,87.24489795918367,77.37556561085974,88.63778780492991
199.0,86.74698795180723,76.59574468085107,88.2428679400735
202.0,90.19607843137256,82.14285714285714,91.03142217040441
228.0,91.54013015184381,84.39999999999999,92.16097268087663
239.0,90.38854805725971,82.46268656716418,91.1843009454778
249.0,91.76470588235294,84.78260869565217,92.34925557124525
269.0,92.36363636363636,85.8108108108108,92.86333978303452
275.0,93.64791288566244,88.05460750853243,93.99224625997557
221.0,93.51230425055928,87.81512605042016,93.87854387256934
161.0,94.67084639498434,89.88095238095238,94.9234846862283
104.0,91.17647058823529,83.78378378378379,91.8739217223733
146.0,89.49152542372882,80.98159509202453,90.45982480202697
170.0,89.69359331476323,81.31313131313132,90.61957675323666
186.0,86.75324675324674,76.60550458715596,88.25176147192589
196.0,87.65133171912834,78.01724137931035,88.95761558914512
212.0,91.0377358490566,83.54978354978356,91.73687885049748
228.0,90.8695652173913,83.26693227091634,91.5914383971509
239.0,90.65040650406505,82.8996282527881,91.40377084571021
255.0,93.02325581395348,86.95652173913044,93.44221473050722
270.0,93.14079422382672,87.16216216216216,93.54301865870839
276.0,94.6236559139785,89.79591836734694,94.86790629058163
229.0,94.21841541755889,89.06882591093117,94.50738917453837
163.0,93.125,87.13450292397661,93.54526333557656
103.0,90.45226130653266,82.56880733944955,91.26543629361169
151.0,90.66666666666666,82.92682926829268,91.43543701624066
171.0,90.30470914127424,82.32323232323232,91.12662525925077
197.0,88.94348894348894,80.08849557522124,89.99924328716058
205.0,88.11188811188812,78.75,89.3239867365515
217.0,91.07551487414187,83.61344537815127,91.76770474081944
233.0,90.2127659574468,82.17054263565892,91.03923817396587
245.0,89.41176470588236,80.85106382978722,90.3714756964264
269.0,91.85185185185185,84.93150684931507,92.42168997328756
276.0,92.70833333333334,86.40776699029125,93.16180691577117
280.0,93.26424870466322,87.37864077669903,93.65024693024829
230.0,94.11764705882352,88.88888888888889,94.41641753861485
171.0,93.45238095238095,87.70949720670392,93.83275696017637
104.0,92.7536231884058,86.48648648648648,93.22826720490458
113.0,87.82608695652175,78.29457364341084,89.11932875879978
148.0,90.23569023569024,82.20858895705521,91.07531881808238
158.0,85.35825545171339,74.45652173913044,87.1812975009927
167.0,90.40247678018576,82.48587570621469,91.21195644195403
160.0,91.1854103343465,83.79888268156425,91.8704564129446
189.0,91.48936170212765,84.31372549019608,92.12486530489326
193.0,91.13924050632912,83.72093023255815,91.82546231605507
227.0,91.37931034482759,84.12698412698413,92.02346324274112
227.0,94.64668094218416,89.83739837398373,94.89367666672362
222.0,93.48314606741573,87.76371308016878,93.85283796819839
205.0,94.34889434889435,89.30232558139535,94.62815542834171
167.0,88.67313915857605,79.65116279069767,89.79060867407142
218.0,60.70287539936102,43.57798165137615,71.66618976340897
124.0,89.34426229508196,80.74074074074075,90.34440516374724
155.0,91.50326797385621,84.33734939759037,92.14269340532648
170.0,85.62874251497006,74.86910994764398,87.38658663292698
173.0,89.21282798833819,80.52631578947368,90.22617490691124
181.0,90.3954802259887,82.4742268041237,91.20312427858137
201.0,90.72681704260651,83.02752293577981,91.47675776751987
201.0,91.56626506024097,84.44444444444444,92.18721241947745
231.0,92.85714285714286,86.66666666666667,93.29930270576853
235.0,94.824016563147,90.15748031496062,95.0537136293605
238.0,93.33333333333333,87.5,93.71796925048046
216.0,93.95348837209302,88.59649122807018,94.27223208700103
174.0,89.88095238095238,81.62162162162161,90.77682780231507
183.0,69.28571428571428,53.00546448087432,76.41686790608544
129.0,89.68253968253968,81.29496402877699,90.62151473316284
159.0,92.74447949526814,86.47058823529412,93.21230744991435
173.0,83.85269121813032,72.1951219512195,86.04059287774456
182.0,86.26373626373626,75.84541062801932,87.8727243067924
186.0,89.91825613079018,81.68316831683168,90.80459229662543
209.0,89.80582524271846,81.4977973568282,90.70689111705306
213.0,91.19638826185101,83.81742738589212,91.86969340239497
236.0,93.16770186335404,87.20930232558139,93.57161879106641
245.0,94.09448818897637,88.84758364312268,94.39375397387325
260.0,90.2621722846442,82.25255972696246,91.07421217548684
224.0,93.98663697104676,88.65546218487394,94.30071217919772
186.0,91.21813031161473,83.85416666666666,91.89609263054417
173.0,72.32472324723247,56.64739884393064,78.2488162397296
134.0,89.81132075471699,81.5068493150685,90.726455402485
161.0,92.83489096573209,86.62790697674419,93.29096590166891
184.0,86.4,76.05633802816901,87.97718329008723
190.0,88.77284595300262,79.81220657276995,89.86310844576585
191.0,90.9090909090909,83.33333333333334,91.63166736665266
222.0,86.09271523178808,75.5813953488372,87.72767372531794
226.0,86.66666666666667,76.47058823529412,88.17125313141587
243.0,91.96787148594377,85.13011152416357,92.52501331709009
257.0,92.85714285714286,86.66666666666667,93.29527929660118
272.0,94.48529411764706,89.54703832752612,94.74347048490331
226.0,93.27548806941431,87.39837398373984,93.66816279299479
190.0,92.18328840970351,85.5,92.72100289971003
212.0,67.91277258566979,51.41509433962265,75.60468500511202
136.0,88.32116788321169,79.08496732026144,89.51051882145326
172.0,92.39766081871345,85.86956521739131,92.90879196532727
188.0,85.8611825192802,75.22522522522522,87.55762251083094
195.0,89.9497487437186,81.7351598173516,90.82757750853179
199.0,89.62025316455696,81.19266055045871,90.55532945521296
225.0,88.69179600886919,79.6812749003984,89.78961295844317
228.0,91.40461215932913,84.16988416988417,92.04390761598816
253.0,86.23853211009175,75.80645161290323,87.82813720189824
270.0,87.11864406779661,77.17717717717719,88.51246526881054
276.0,88.85135135135135,79.93920972644378,89.90348982305198
233.0,94.11764705882352,88.88888888888889,94.41641753861485
194.0,90.95744680851064,83.41463414634146,91.67332047283077
204.0,68.58974358974359,52.19512195121951,75.99969602923575
153.0,87.67123287671232,78.04878048780488,88.98842477075665
177.0,93.40974212034384,87.63440860215054,93.79421027952087
218.0,83.1353919239905,71.13821138211382,85.49810711102852
222.0,89.0951276102088,80.3347280334728,90.12034897192206
213.0,91.21140142517815,83.84279475982532,91.88438553612265
232.0,83.09572301425662,71.0801393728223,85.45702318036777
248.0,83.49146110056927,71.66123778501628,85.743542265076
258.0,88.0,78.57142857142857,89.21962705056389
277.0,89.56228956228956,81.09756097560977,90.48666868656264
286.0,90.75907590759076,83.08157099697885,91.48467439851147
243.0,95.1417004048583,90.73359073359073,95.34276701333827
210.0,91.0,83.4862385321101,91.70711494553659
212.0,70.73170731707317,54.71698113207547,77.26260562796344
145.0,69.61325966850829,53.38983050847458,76.58502514434717
176.0,92.57142857142857,86.17021276595744,93.05911366094088
202.0,85.23002421307507,74.26160337552743,87.06980168776371
219.0,88.57808857808858,79.49790794979079,89.69994025105272
209.0,90.47619047619048,82.6086956521739,91.26433662295008
231.0,88.6509635974304,79.61538461538461,89.75465942730648
243.0,90.4,82.48175182481752,91.19282786436071
264.0,88.80733944954129,79.86798679867987,89.87291277291305
280.0,92.28130360205832,85.6687898089172,92.7893110484865
290.0,90.14539579967689,82.05882352941177,90.96828584531194
252.0,92.8709055876686,86.6906474820144,93.30827557839581
228.0,88.73239436619718,79.74683544303798,89.82540523827333
227.0,69.91404011461319,53.74449339207048,76.76735997369536
159.0,87.09677419354838,77.14285714285715,88.5314613445546
188.0,90.85872576177285,83.24873096446701,91.59137340033317
228.0,83.06997742663657,71.04247104247105,85.44622351931521
234.0,88.93805309734513,80.0796812749004,89.98981562494394
211.0,89.5104895104895,81.0126582278481,90.46131470931458
238.0,85.59670781893004,74.82014388489209,87.34002711375568
256.0,88.84615384615384,79.93079584775087,89.90733405361814
269.0,89.6057347670251,81.16883116883116,90.52632961718408
293.0,93.59605911330048,87.96296296296296,93.94239627573296
295.0,93.59605911330048,87.96296296296296,93.94239627573296
282.0,93.99293286219081,88.66666666666667,94.29927202297469
237.0,88.68778280542986,79.67479674796748,89.78737836598054
225.0,71.38810198300283,55.50660792951542,77.6524048638586
269.0,40.06024096385542,25.04708097928437,62.125882475534326
289.0,30.282861896838604,17.84313725490196,58.50327971859603
260.0,39.845261121856865,24.879227053140095,62.129066924608914
233.0,52.20125786163522,35.319148936170215,67.35563525592754
232.0,44.54148471615721,28.651685393258425,63.945017876046684
242.0,45.36082474226804,29.333333333333332,64.29582983487265
253.0,51.294117647058826,34.49367088607595,66.83248739067399
269.0,51.66297117516629,34.82810164424514,66.97755321485029
305.0,50.36420395421436,33.65785813630042,66.35129859592688
322.0,61.48409893992933,44.38775510204081,71.86632070438112
322.0,64.16040100250626,47.23247232472325,73.32977782902829
346.0,57.14285714285714,40.0,69.6576439497077
254.0,53.31491712707182,36.346516007532955,67.8351430446804
49.0,73.26732673267327,57.8125,78.87932485191169
58.0,69.42148760330579,53.16455696202531,76.54537737597416
110.0,76.04166666666666,61.34453781512605,80.62636347275873
106.0,82.17821782178217,69.74789915966386,84.83801641551756
97.0,88.64864864864866,79.6116504854369,89.78486464863532
102.0,80.0,66.66666666666666,83.29840737636212
92.0,80.51948051948052,67.3913043478261,83.6657204183158
90.0,86.06060606060606,75.53191489361703,87.74300564559108
84.0,85.13513513513513,74.11764705882354,87.03687313729795
82.0,85.90604026845638,75.29411764705883,87.62610575839531
81.0,86.3013698630137,75.90361445783132,87.931852326994
81.0,89.33333333333333,80.72289156626506,90.34548058725953
72.0,90.0,81.81818181818183,90.89512247774574
53.0,89.0909090909091,80.32786885245902,90.15196482900645
53.0,77.89473684210526,63.793103448275865,81.87560994229146
75.0,64.86486486486487,48.0,73.96110889509373
59.0,84.5528455284553,73.23943661971832,86.60076531329064
107.0,77.72511848341233,63.565891472868216,81.73603393062902
116.0,90.0,81.81818181818183,90.8851235047608
111.0,88.98678414096916,80.15873015873017,90.05440252319933
116.0,87.44186046511628,77.68595041322314,88.81601941411127
108.0,85.71428571428571,75.0,87.47105152827966
101.0,89.95215311004785,81.73913043478261,90.84859960100218
95.0,89.11917098445595,80.37383177570094,90.16595361993271
89.0,89.65517241379311,81.25,90.60703521098647
89.0,88.19875776397515,78.88888888888889,89.42548426083003
87.0,92.7710843373494,86.51685393258427,93.2464506793403
79.0,91.92546583850931,85.0574712643678,92.51576209819325
73.0,91.71974522292994,84.70588235294117,92.33996816034413
57.0,85.71428571428571,75.0,87.48304239401496
72.0,81.88976377952756,69.33333333333334,84.64372356555742
56.0,82.14285714285714,69.6969696969697,84.82853671363546
117.0,67.01570680628272,50.39370078740157,75.13399119829849
110.0,85.43689320388349,74.57627118644068,87.25818830045561
122.0,91.66666666666666,84.61538461538461,92.28771867289025
118.0,90.5829596412556,82.78688524590164,91.37247407577159
114.0,87.5,77.77777777777779,88.86293301387641
102.0,91.4572864321608,84.25925925925925,92.11265848058301
108.0,81.08108108108108,68.18181818181817,84.05597964838299
98.0,79.01234567901234,65.3061224489796,82.61913721427267
95.0,50.39370078740157,33.68421052631579,66.7792861821113
96.0,78.75,64.94845360824742,82.44030347085689
84.0,90.9090909090909,83.33333333333334,91.65169690558406
81.0,94.54545454545455,89.65517241379311,94.81860381238978
70.0,87.59124087591242,77.92207792207793,88.94407830974995
73.0,74.79674796747967,59.74025974025974,79.83921026111331
80.0,65.54621848739495,48.75,74.3341120330295
117.0,50.0,33.33333333333333,66.58488747049633
108.0,69.27374301675978,52.991452991452995,76.4408516104649
120.0,80.19801980198021,66.94214876033058,83.43115023603913
119.0,86.7579908675799,76.61290322580645,88.27749851691871
121.0,83.01886792452831,70.96774193548387,85.44793421642424
119.0,71.35135135135135,55.46218487394958,77.6782087810179
119.0,57.48502994011976,40.33613445378151,70.0972485227733
106.0,46.3768115942029,30.18867924528302,65.02055213061854
98.0,59.154929577464785,42.0,70.94215502453424
95.0,46.774193548387096,30.526315789473685,65.19735136593154
91.0,70.92198581560284,54.94505494505495,77.43163053281555
89.0,92.04545454545455,85.26315789473684,92.61760549692426
81.0,88.62275449101796,79.56989247311827,89.76598491764972
73.0,77.27272727272727,62.96296296296296,81.45155629444906
80.0,20.224719101123593,11.25,55.554236350589036
114.0,57.47126436781609,40.32258064516129,70.08747633383229
113.0,68.36734693877551,51.93798449612403,75.90712711405416
117.0,85.30805687203792,74.3801652892562,87.15913587307517
124.0,88.69565217391305,79.6875,89.81778842313376
127.0,84.95575221238938,73.84615384615385,86.88913123617597
123.0,64.08839779005525,47.15447154471545,73.51238881118609
119.0,14.0625,7.563025210084033,53.67187878201094
120.0,72.72727272727273,57.14285714285714,78.51754065828791
112.0,65.89595375722543,49.137931034482754,74.51010560383529
97.0,61.53846153846154,44.44444444444444,72.16736703990354
99.0,88.17204301075269,78.84615384615384,89.40111820546603
90.0,93.6842105263158,88.11881188118812,94.04742678432596
86.0,93.18181818181817,87.2340425531915,93.60504379426253
74.0,66.66666666666666,50.0,74.96110656800367
81.0,15.909090909090908,8.641975308641975,54.24723693176323
118.0,55.81395348837209,38.70967741935484,69.27903277287564
109.0,64.08839779005525,47.15447154471545,73.51238881118609
115.0,27.06766917293233,15.65217391304348,57.72939251096969
130.0,85.83690987124464,75.18796992481202,87.56103504627852
133.0,84.25531914893617,72.79411764705883,86.36011571591513
131.0,1.5151515151515151,0.7633587786259541,50.252132802367285
121.0,12.4031007751938,6.6115702479338845,53.19316353251422
123.0,73.52941176470588,58.139534883720934,79.01587630196306
115.0,50.0,33.33333333333333,66.58688367640019
99.0,48.854961832061065,32.323232323232325,66.09480856748725
103.0,0.0,0.0,49.89736128826531
95.0,88.54166666666666,79.43925233644859,89.69766613548389
87.0,91.20879120879121,83.83838383838383,91.90322162394109
73.0,73.17073170731707,57.692307692307686,78.8132400802206
87.0,8.791208791208792,4.597701149425287,52.21613511589099
122.0,39.21568627450981,24.390243902439025,62.10239272057301
101.0,67.06586826347305,50.45045045045045,75.17035690918372
109.0,8.771929824561402,4.587155963302752,52.18993244937177
138.0,78.8135593220339,65.03496503496503,82.46756537993085
131.0,75.11737089201877,60.150375939849624,80.02228953492002
124.0,0.0,0.0,49.87643494897959
135.0,0.0,0.0,49.86547353316326
123.0,28.187919463087248,16.40625,58.09645567490779
118.0,0.0,0.0,49.88241390306122
101.0,0.0,0.0,49.89935427295919
104.0,0.0,0.0,49.896364795918366
90.0,81.81818181818183,69.23076923076923,84.58744775269429
87.0,89.14285714285714,80.41237113402062,90.18722273416269
80.0,33.33333333333333,20.0,59.93620414673047
103.0,0.0,0.0,49.886399872448976
117.0,56.00000000000001,38.88888888888889,69.36763952892984
93.0,67.6056338028169,51.06382978723404,75.4860323529212
129.0,63.49206349206349,46.51162790697674,73.1869736629624
130.0,74.52830188679245,59.3984962406015,79.64535267745987
138.0,62.37623762376238,45.32374100719424,72.58604187629483
123.0,0.0,0.0,49.87743144132653
126.0,5.47945205479452,2.8169014084507045,51.27092379678694
124.0,0.0,0.0,49.85052614795919
124.0,0.0,0.0,49.859494579081634
104.0,0.0,0.0,49.896364795918366
101.0,0.0,0.0,49.89935427295919
92.0,0.0,0.0,49.908322704081634
88.0,87.71929824561403,78.125,89.04154233448433
54.0,74.4186046511628,59.25925925925925,79.60769280767686
109.0,60.256410256410255,43.11926605504588,71.49779257588816
122.0,53.57142857142857,36.58536585365854,68.2148867528052
116.0,72.3404255319149,56.666666666666664,78.28144541124504
109.0,82.53968253968253,70.27027027027027,85.10219968861033
109.0,81.72043010752688,69.0909090909091,84.511522409726
95.0,90.9090909090909,83.33333333333334,91.65069732779729
90.0,91.95402298850574,85.1063829787234,92.539218317851
87.0,93.49112426035504,87.77777777777777,93.87791018756944
86.0,85.71428571428571,75.0,87.47804829375374
83.0,82.26950354609929,69.87951807228916,84.91481789723241
78.0,88.73239436619718,79.74683544303798,89.85745379998167
79.0,88.88888888888889,80.0,89.98403575989784
62.0,77.35849056603774,63.07692307692307,81.51452616397266
58.0,47.368421052631575,31.03448275862069,65.47736738114455
83.0,40.38461538461539,25.301204819277107,62.588794015659886
104.0,61.8421052631579,44.761904761904766,72.32310163587469
120.0,49.056603773584904,32.5,66.16922133354608
123.0,72.08121827411168,56.34920634920635,78.11971843256147
114.0,85.71428571428571,75.0,87.47105152827966
111.0,81.48148148148148,68.75,84.34006916305714
101.0,83.9080459770115,72.27722772277228,86.1106714228096
101.0,88.64864864864866,79.6116504854369,89.78486464863532
97.0,91.01123595505618,83.50515463917526,91.73660766193717
93.0,79.22077922077922,65.59139784946237,82.76377235583962
88.0,79.45205479452055,65.9090909090909,82.92461608785085
85.0,79.43262411347519,65.88235294117646,82.91224590394816
84.0,90.19607843137256,82.14285714285714,91.05646060288126
75.0,85.5072463768116,74.68354430379746,87.3218188426424
60.0,70.83333333333334,54.83870967741935,77.39143413351243
87.0,66.15384615384615,49.42528735632184,74.66876040766046
105.0,63.2258064516129,46.22641509433962,73.05635196036032
121.0,41.830065359477125,26.446280991735538,63.13439607978608
126.0,65.60846560846561,48.818897637795274,74.3445966817703
118.0,80.40201005025126,67.22689075630252,83.57452011465718
117.0,78.125,64.1025641025641,82.00936672025074
111.0,76.66666666666667,62.16216216216216,81.03917076914861
104.0,77.64705882352942,63.46153846153846,81.69285264725296
105.0,81.35593220338984,68.57142857142857,84.25278278323944
94.0,71.23287671232876,55.319148936170215,77.61767837040735
98.0,26.548672566371685,15.306122448979592,57.570327626674754
95.0,46.774193548387096,30.526315789473685,65.19735136593154
83.0,84.13793103448276,72.61904761904762,86.28657658813302
81.0,83.09859154929578,71.08433734939759,85.51822470359119
75.0,69.56521739130434,53.333333333333336,76.63176160842508
89.0,71.42857142857143,55.55555555555556,77.73787832440028
100.0,57.14285714285714,40.0,69.94016275730016
119.0,62.06896551724138,45.0,72.43416064801883
126.0,63.78378378378379,46.82539682539682,73.34585482668967
124.0,75.37688442211056,60.483870967741936,80.19303426433444
125.0,79.22705314009661,65.60000000000001,82.75708068830599
124.0,74.11167512690355,58.87096774193549,79.38458871498906
108.0,68.29268292682927,51.85185185185185,75.87405042712305
115.0,49.673202614379086,33.04347826086956,66.44495106549402
105.0,47.82608695652174,31.428571428571427,65.64249104703406
97.0,0.0,0.0,49.903340242346935
98.0,38.01652892561984,23.46938775510204,61.65992267742341
92.0,57.36434108527132,40.21739130434783,70.05384812829031
84.0,78.57142857142857,64.70588235294117,82.32301360120273
83.0,37.254901960784316,22.89156626506024,61.38198346349091
90.0,79.47019867549669,65.93406593406593,82.93610472056477
100.0,49.62406015037594,33.0,66.43319107352971
123.0,52.69461077844312,35.77235772357724,67.80738687263998
123.0,46.913580246913575,30.64516129032258,65.23681735185083
123.0,56.14035087719298,39.02439024390244,69.43738663168631
130.0,71.28712871287128,55.38461538461539,77.63442808189735
129.0,74.75728155339806,59.68992248062015,79.79306399685213
119.0,72.72727272727273,57.14285714285714,78.52053849399583
116.0,51.80722891566265,34.959349593495936,67.39988703220166
110.0,40.57971014492754,25.454545454545453,62.64551473094186
113.0,0.0,0.0,49.88739636479592
102.0,16.216216216216218,8.823529411764707,54.319074291865164
99.0,60.56338028169014,43.43434343434344,71.6613202819893
93.0,78.70967741935485,64.8936170212766,82.41388423646889
86.0,57.85123966942148,40.69767441860465,70.29798062487043
92.0,83.9506172839506,72.3404255319149,86.14426880491331
100.0,31.932773109243694,19.0,59.419253543872244
125.0,44.72049689440994,28.799999999999997,64.31124850418827
125.0,46.34146341463415,30.158730158730158,64.99160729086135
125.0,43.75,28.000000000000004,63.91025308629664
130.0,71.92118226600985,56.15384615384615,78.02004025553512
131.0,70.93596059113301,54.961832061068705,77.42203849580659
119.0,56.62650602409639,39.49579831932773,69.67608444163638
115.0,0.0,0.0,49.8844068877551
119.0,0.0,0.0,49.87643494897959
114.0,0.0,0.0,49.886399872448976
103.0,0.0,0.0,49.89736128826531
104.0,0.0,0.0,49.896364795918366
101.0,31.666666666666664,18.81188118811881,59.32419726810291
87.0,35.84905660377358,21.839080459770116,60.85175308153089
94.0,83.63636363636363,71.875,85.91055765661484
114.0,44.44444444444444,28.57142857142857,64.20095500207981
128.0,56.17977528089888,39.0625,69.45344606591391
126.0,57.77777777777777,40.625,70.23668801372595
132.0,43.786982248520715,28.030303030303028,63.92041488298892
138.0,57.89473684210527,40.74074074074074,70.27458110675033
135.0,70.1923076923077,54.074074074074076,76.97516449447473
125.0,12.030075187969924,6.4,53.0833918035401
127.0,0.0,0.0,49.8176419005102
122.0,0.0,0.0,49.80668048469388
116.0,0.0,0.0,49.87643494897959
103.0,0.0,0.0,49.89736128826531
104.0,0.0,0.0,49.896364795918366
96.0,31.57894736842105,18.75,59.29724570357669
86.0,20.833333333333336,11.627906976744185,55.73820497344166
92.0,64.13043478260869,47.199999999999996,73.53415407945407
125.0,42.857142857142854,27.27272727272727,63.52466299408495
127.0,45.1219512195122,29.133858267716533,64.47717864023055
134.0,45.714285714285715,29.629629629629626,64.72007251387338
134.0,61.855670103092784,44.776119402985074,72.31423098411685
135.0,68.26923076923077,51.82481751824818,75.84654706867404
130.0,64.18604651162791,47.26027397260274,73.55330141442519
118.0,0.0,0.0,49.88241390306122
129.0,3.076923076923077,1.5625,50.59290168516931
122.0,0.0,0.0,49.825613839285715
123.0,0.0,0.0,49.874441964285715
106.0,0.0,0.0,49.89437181122449
106.0,0.0,0.0,49.89437181122449
91.0,40.35087719298245,25.274725274725274,62.56957008258027
85.0,59.50413223140496,42.35294117647059,71.12760740514794
125.0,0.0,0.0,49.87543845663265
128.0,0.0,0.0,49.87244897959184
138.0,0.0,0.0,49.790736607142854
121.0,0.0,0.0,49.74091198979592
124.0,0.0,0.0,49.80767697704081
124.0,0.0,0.0,49.81963488520408
120.0,0.0,0.0,49.69905931122449
132.0,0.0,0.0,49.69706632653062
134.0,0.0,0.0,49.73194355867347
137.0,0.0,0.0,49.71500318877551
119.0,0.0,0.0,49.84654017857143
111.0,0.0,0.0,49.79472257653062
112.0,0.0,0.0,49.7199856505102
81.0,0.0,0.0,49.73194355867347
75.0,0.0,0.0,49.77778220663265
161.0,6.392694063926941,3.30188679245283,51.44663396211372
242.0,59.59367945823928,42.443729903536976,71.04302233327276
341.0,68.16,51.69902912621359,75.65036719405369
380.0,58.536585365853654,41.37931034482759,70.45169324632197
379.0,80.16997167138811,66.903073286052,83.31123640050701
404.0,85.25798525798525,74.30406852248393,87.03162245285729
389.0,83.24468085106383,71.29840546697038,85.52285654492854
395.0,71.44866385372714,55.57986870897156,77.5866171796931
386.0,68.25174825174825,51.80467091295117,75.6750263160446
338.0,65.93059936908517,49.1764705882353,74.3720926399659
299.0,72.20543806646525,56.50118203309693,78.06635888406153
251.0,72.44897959183673,56.8,78.2378800312231
190.0,72.51732101616628,56.88405797101449,78.32307418833018
120.0,83.62068965517241,71.85185185185186,85.88798587121238
58.0,80.34188034188034,67.14285714285714,83.54848775872534
182.0,0.7194244604316548,0.36101083032490977,49.905468045954684
268.0,81.56606851549756,68.87052341597796,84.32209422010692
372.0,80.39950062421973,67.22338204592901,83.45423124039941
394.0,76.10208816705337,61.42322097378277,80.50498233731668
405.0,89.48655256723717,80.97345132743364,90.40039761713983
408.0,84.80725623582767,73.62204724409449,86.67649087235849
426.0,81.69596690796277,69.05594405594405,84.3501933573949
413.0,77.65190525231719,63.468013468013474,81.51613087304568
407.0,69.46564885496184,53.216374269005854,76.28697939339636
359.0,63.1578947368421,46.15384615384615,72.74722411512407
307.0,61.17936117936118,44.07079646017699,71.71893619551803
278.0,67.74668630338734,51.224944320712694,75.39323538463859
214.0,71.53846153846153,55.688622754491014,77.69628177132432
151.0,72.10031347962382,56.372549019607845,78.09738295749773
70.0,79.16666666666666,65.51724137931035,82.72869192012665
190.0,6.514657980456026,3.3670033670033668,51.397451370540715
281.0,77.53846153846153,63.31658291457286,81.51206919945453
385.0,75.45787545787546,60.588235294117645,80.09258156107009
410.0,70.01114827201785,53.859348198970835,76.65992960467976
415.0,85.07109004739335,74.02061855670104,86.8838464243047
427.0,81.88638799571275,69.32849364791288,84.494547663415
428.0,80.77709611451944,67.75300171526587,83.68767379509904
420.0,71.16682738669238,55.23952095808383,77.31960186679866
414.0,68.89507892293408,52.54957507082153,75.93847592011109
368.0,71.51370679380214,55.65862708719852,77.58971934999913
314.0,62.64150943396226,45.604395604395606,72.50476354818694
285.0,66.01123595505618,49.266247379454924,74.39083779236859
224.0,72.20216606498195,56.49717514124294,78.09451361512284
172.0,71.50837988826815,55.65217391304348,77.7241847826087
76.0,80.24691358024691,67.0103092783505,83.47322552181579
209.0,2.476780185758514,1.2539184952978055,50.31303913284383
316.0,69.89720998531571,53.72460496613996,76.65704796747063
421.0,68.48072562358276,52.06896551724138,75.75578042874942
424.0,66.66666666666666,50.0,74.68210353196012
449.0,77.00101317122594,62.60296540362438,81.073552747599
437.0,79.54545454545455,66.0377358490566,82.82003681047155
436.0,78.02516940948692,63.96825396825396,81.75609170395501
438.0,71.21495327102804,55.29753265602322,77.33949832921655
424.0,62.6204238921002,45.5820476858345,72.40186414702349
383.0,70.86092715231787,54.871794871794876,77.17112960920002
331.0,61.21951219512195,44.112478031634446,71.73776129924236
286.0,64.38896189224704,47.480620155038764,73.46893558071379
229.0,70.96774193548387,55.00000000000001,77.32888706546322
179.0,74.11167512690355,58.87096774193549,79.33354503426978
91.0,77.00534759358288,62.60869565217392,81.26143708043791
218.0,14.092140921409213,7.580174927113703,53.47403561909025
348.0,64.6112600536193,47.72277227722772,73.5970424918731
442.0,67.0846394984326,50.47169811320755,74.9199328997489
457.0,67.67068273092369,51.138088012139605,75.24600381665991
449.0,72.24926971762414,56.55487804878049,77.99132317256814
447.0,77.62096774193549,63.426688632619445,81.49041246115519
444.0,77.84313725490196,63.7239165329053,81.63495491162432
445.0,68.47195357833655,52.05882352941177,75.70224705835128
428.0,58.94736842105262,41.7910447761194,70.46538683018692
386.0,69.92399565689468,53.756260434056756,76.6003190082989
333.0,60.2921646746348,43.155893536121674,71.27864147666362
289.0,61.71875,44.632768361581924,72.02202506266686
237.0,69.78297161936561,53.58974358974359,76.61375225597612
201.0,74.50110864745011,59.36395759717315,79.56699719564304
117.0,78.94736842105263,65.21739130434783,82.56077807041454
257.0,57.71812080536913,40.56603773584906,70.03103902631186
429.0,62.10045662100456,45.033112582781456,72.18391762515155
451.0,65.11156186612575,48.27067669172933,73.79033784441044
464.0,65.4726368159204,48.66863905325444,73.98625444748504
467.0,69.97193638914874,53.81294964028777,76.58419860633721
441.0,77.8688524590164,63.758389261744966,81.66230974051985
433.0,70.90367428003972,54.92307692307692,77.16747394799945
429.0,52.069716775599126,35.198821796759944,67.1588557989547
413.0,49.6551724137931,33.02752293577982,66.00198356547824
365.0,64.59054209919262,47.700170357751276,73.54244528790241
316.0,55.313700384122924,38.230088495575224,68.76576482424879
287.0,62.8032345013477,45.77603143418468,72.61170071799337
223.0,72.76051188299817,57.18390804597702,78.4428854514456
201.0,76.76767676767676,62.295081967213115,81.05558512241993
141.0,72.31270358306189,56.63265306122449,78.23143688714876
265.0,46.82926829268293,30.573248407643312,64.95983334996812
432.0,53.747323340471084,36.749633967789165,67.94216801043439
449.0,62.601626016260155,45.562130177514796,72.41209099715556
458.0,62.79527559055118,45.76757532281206,72.50470348064906
459.0,68.08923375363725,51.617647058823536,75.47866798500635
455.0,65.3688524590164,48.55403348554033,73.93804729013563
459.0,30.324909747292416,17.872340425531917,58.357748634344375
429.0,11.021505376344086,5.832147937411095,52.255856555720605
408.0,16.380449141347427,8.920863309352518,53.828871611574534
361.0,11.89710610932476,6.3247863247863245,52.615912378971075
309.0,36.3901018922853,22.24199288256228,60.68444172708962
270.0,59.61820851688693,42.46861924686193,70.95916104319764
224.0,67.77777777777779,51.26050420168067,75.45622773742946
173.0,63.934426229508205,46.98795180722892,73.3621314800343
109.0,61.15107913669065,44.04145077720207,71.91292159151175
264.0,52.82442748091603,35.892116182572614,67.63707663017398
445.0,53.38894681960375,36.41536273115221,67.75996501942225
456.0,60.86956521739131,43.75,71.48703007518797
471.0,59.34718100890207,42.19409282700422,70.68502459940315
472.0,62.03110704483073,44.96021220159151,72.06374877591665
470.0,72.1311475409836,56.41025641025641,77.9149792151278
483.0,56.9060773480663,39.768339768339764,69.41492168395732
441.0,37.4,23.001230012300123,60.874477255844994
428.0,21.579532814238043,12.094763092269327,55.34349368894902
374.0,28.610354223433244,16.69316375198728,57.82332490089828
332.0,30.129124820659968,17.736486486486484,58.38193380264889
297.0,54.47570332480819,37.434094903339194,68.36078381657963
238.0,66.21621621621621,49.494949494949495,74.54739471546195
203.0,69.04231625835189,52.721088435374156,76.22160257317778
138.0,68.51851851851852,52.112676056338024,75.95447045601283
218.0,0.0,0.0,49.77279974489796
285.0,20.238095238095237,11.258278145695364,55.36189803738838
421.0,46.312178387650086,30.13392857142857,64.75422073542552
405.0,36.032388663967616,21.975308641975307,60.67220320592786
425.0,69.01840490797547,52.69320843091335,76.14440606126557
417.0,90.79445145018916,83.14087759815243,91.49716916682955
428.0,91.06699751861042,83.5990888382688,91.72726832445271
426.0,67.37683089214381,50.80321285140562,75.15622854376463
410.0,50.131926121372025,33.45070422535211,66.34724624303256
355.0,47.74381368267831,31.35755258126195,65.31986242995754
302.0,63.305322128851536,46.31147540983606,72.89347544265577
262.0,73.57512953367875,58.19672131147541,78.94524735189286
208.0,78.35990888382688,64.41947565543072,82.11474542710741
172.0,73.52941176470588,58.139534883720934,78.99787671576412
142.0,66.95652173913044,50.326797385620914,75.08754887544885
240.0,14.067278287461773,7.565789473684211,53.50275197369733
364.0,65.40697674418605,48.59611231101512,74.05982268670813
433.0,67.62936221419976,51.090909090909086,75.2758884566681
431.0,72.3699421965318,56.70289855072463,78.11179261611598
436.0,87.74509803921569,78.16593886462883,88.98260410251395
437.0,88.32369942196532,79.08902691511386,89.44309561604993
437.0,84.46808510638299,73.11233885819522,86.40952124412
433.0,66.58506731946144,49.908256880733944,74.6806032720438
421.0,29.18918918918919,17.088607594936708,58.02101546959426
364.0,40.73587385019711,25.577557755775576,62.33796821836479
315.0,51.9893899204244,35.12544802867383,67.20057915639374
277.0,61.44927536231884,44.35146443514644,71.90954055957947
218.0,68.66791744840526,52.28571428571429,75.9758337595835
185.0,76.41196013289037,61.82795698924731,80.84306500907603
145.0,74.07407407407408,58.82352941176471,79.3418709443998
249.0,23.955431754874652,13.60759493670886,56.531521721840164
373.0,65.66347469220246,48.87983706720978,74.18859684183943
446.0,65.83143507972665,49.06621392190153,74.23242742519996
461.0,68.24034334763948,51.79153094462541,75.59892243809553
463.0,83.56481481481481,71.76938369781311,85.74216449770712
453.0,86.9466515323496,76.90763052208835,88.33833718179609
465.0,86.39825897714908,76.0536398467433,87.90126497047986
445.0,61.686746987951814,44.599303135888505,71.98114195255964
424.0,25.03681885125184,14.309764309764308,56.64680685193352
370.0,44.13012729844413,28.31215970961887,63.761237791634706
320.0,53.17769130998703,36.21908127208481,67.74833113453153
279.0,60.62322946175638,43.49593495934959,71.46975603897987
223.0,66.19217081850533,49.46808510638298,74.54400454558997
190.0,75.67567567567568,60.86956521739131,80.35386352777658
149.0,79.45205479452055,65.9090909090909,82.89461736824902
267.0,22.857142857142858,12.903225806451612,56.155394918704935
384.0,61.679790026246714,44.59203036053131,72.00367021320453
455.0,61.16071428571429,44.05144694533762,71.67704005316658
473.0,64.11889596602973,47.1875,73.25489608814212
474.0,82.91571753986332,70.8171206225681,85.25799418264035
469.0,85.24229074889867,74.28023032629558,87.00554728670922
472.0,82.03045685279187,69.53528399311531,84.58983117923064
447.0,52.41038318912238,35.5108877721943,67.37016648636936
428.0,32.664756446991404,19.52054794520548,59.29085605082574
375.0,40.229885057471265,25.179856115107913,62.174227362054715
328.0,43.14789687924016,27.508650519031143,63.335467671095635
290.0,57.45554035567716,40.30710172744721,69.84233923981935
235.0,64.71600688468159,47.837150127226465,73.7135258518024
200.0,72.03791469194313,56.2962962962963,78.030204760974
156.0,81.23076923076923,68.39378238341969,84.13594482451298
281.0,25.961538461538463,14.917127071823206,57.151313226666154
437.0,60.359281437125745,43.22469982847341,71.28084602833013
459.0,60.54644808743169,43.41692789968652,71.34673325383733
478.0,63.465553235908146,46.48318042813456,72.89069191442017
486.0,80.34188034188034,67.14285714285714,83.38668961560526
479.0,80.67226890756302,67.6056338028169,83.6180482638763
478.0,76.00391772771793,61.29541864139021,80.40166609742845
453.0,46.31578947368421,30.136986301369863,64.60929110178341
428.0,28.61271676300578,16.694772344013494,57.854145762237785
380.0,42.60515603799186,27.068965517241377,63.11164343756269
331.0,32.86118980169972,19.661016949152543,59.35707659283436
292.0,55.24568393094289,38.1651376146789,68.74535298921585
239.0,63.47107438016529,46.48910411622276,73.02348131547373
204.0,71.89542483660131,56.12244897959183,77.9322528635537
159.0,75.66137566137566,60.851063829787236,80.33359259484484
310.0,35.44303797468354,21.53846153846154,60.46379277513989
471.0,60.108108108108105,42.96754250386399,71.1140169531625
464.0,61.53846153846154,44.44444444444444,71.85637345307781
483.0,66.66666666666666,50.0,74.66999016991996
483.0,83.04347826086956,71.00371747211895,85.34521335709815
479.0,82.04592901878914,69.5575221238938,84.60601132810201
477.0,71.12403100775194,55.18796992481203,77.29484223719571
446.0,42.58373205741627,27.0516717325228,63.04581666549337
423.0,24.403927068723704,13.89776357827476,56.41083950440421
366.0,44.19475655430712,28.365384615384613,63.735683367513495
322.0,35.278514588859416,21.4170692431562,60.220953940963426
281.0,55.418381344307264,38.33017077798861,68.83991630106858
240.0,67.25352112676056,50.663129973474796,75.14550916999238
196.0,67.76180698151951,51.24223602484472,75.46415254482524
153.0,67.97066014669927,51.48148148148148,75.60983760905819
336.0,30.165289256198346,17.761557177615572,58.54347343741965
485.0,60.0,42.857142857142854,71.03967697131975
470.0,58.156028368794324,41.0,70.0860811000421
481.0,66.40316205533597,49.70414201183432,74.51097951314027
486.0,80.51391862955032,67.38351254480287,83.50902534870666
485.0,69.06077348066299,52.742616033755276,76.03396539323555
473.0,39.524838012958966,24.62987886944818,61.75486102374656
441.0,11.436170212765957,6.064880112834979,52.368206916569484
422.0,13.298565840938723,7.12290502793296,52.8981108680812
367.0,17.4037089871612,9.53125,54.18795364411852
314.0,27.46666666666667,15.919629057187018,57.41660761069364
269.0,54.698457223001405,37.64478764478765,68.49927103573489
241.0,63.48122866894198,46.5,73.0359571914383
189.0,61.568627450980394,44.47592067988669,72.0420347916517
143.0,50.27932960893855,33.582089552238806,66.52426353673569
344.0,45.744680851063826,29.655172413793103,64.52187357676887
487.0,57.348406988694755,40.20172910662824,69.68500788858478
473.0,58.016877637130804,40.861812778603266,70.03211678588687
492.0,57.172342621259034,40.028901734104046,69.5986108702585
493.0,75.99164926931107,61.27946127946128,80.4088625758103
490.0,76.86116700201208,62.41830065359477,80.9781988065339
488.0,58.12274368231047,40.966921119592875,70.01810171196075
458.0,17.89600967351874,9.827357237715804,54.236060958884245
429.0,10.89837997054492,5.763239875389408,52.278297174975066
366.0,17.065868263473057,9.328968903436989,54.11179984109179
333.0,28.29931972789116,16.48177496038035,57.71464526897433
285.0,47.96747967479675,31.550802139037433,65.39139338936512
248.0,61.40939597315436,44.30992736077482,71.92493147587878
197.0,63.46153846153846,46.478873239436616,73.04947841052433
155.0,66.19718309859155,49.473684210526315,74.5929428347525
540.0,0.0,0.0,49.10614636479592
533.0,1.263157894736842,0.6355932203389831,49.38297500363172
531.0,0.7744433688286544,0.3887269193391642,49.172877371811815
535.0,0.20202020202020202,0.10111223458038424,49.066002056502946
528.0,37.192474674384954,22.844444444444445,60.552813780546714
519.0,41.18866620594333,25.935596170583114,62.11471656638543
497.0,34.8159509202454,21.07706592386258,59.68766507668835
477.0,1.4344262295081966,0.7223942208462332,49.402437717172305
443.0,1.3590033975084939,0.6841505131128849,49.47402662191423
369.0,4.1039671682626535,2.094972067039106,50.34873600859979
321.0,35.96491228070175,21.92513368983957,60.37870697128946
268.0,45.26445264452644,29.252782193958666,64.18131988558551
241.0,42.66337854500616,27.11598746081505,63.093021628733624
181.0,43.02134646962233,27.405857740585777,63.35624088947562
134.0,43.32688588007737,27.65432098765432,63.53453505438964
52.0,64.81481481481481,47.94520547945205,73.9347095983846
70.0,78.46153846153847,64.55696202531645,82.25055083809464
68.0,84.21052631578947,72.72727272727273,86.34268664296597
77.0,92.81045751633987,86.58536585365853,93.28170597842093
83.0,92.21556886227546,85.55555555555556,92.76480346691329
91.0,91.11111111111111,83.6734693877551,91.82076471743326
85.0,90.58823529411765,82.79569892473118,91.38188107976315
86.0,92.94117647058823,86.81318681318682,93.39461664151764
79.0,88.62275449101796,79.56989247311827,89.76598491764972
67.0,90.78014184397163,83.11688311688312,91.54547061335855
58.0,87.17948717948718,77.27272727272727,88.62140104284742
55.0,89.28571428571429,80.64516129032258,90.31061080914805
59.0,77.77777777777779,63.63636363636363,81.7902527579947
81.0,85.53459119496856,74.72527472527473,87.33968693555984
80.0,85.16129032258064,74.15730337078652,87.05570217431763
84.0,86.33879781420765,75.96153846153845,87.95581763686141
93.0,93.12169312169311,87.12871287128714,93.55137927544551
97.0,90.0,81.81818181818183,90.8891252500245
92.0,89.11917098445595,80.37383177570094,90.16595361993271
91.0,89.83957219251337,81.55339805825243,90.75773392491794
88.0,89.61748633879782,81.1881188118812,90.575095058913
78.0,86.95652173913044,76.92307692307693,88.44058288735572
67.0,88.05970149253731,78.66666666666666,89.31737068592827
72.0,83.33333333333334,71.42857142857143,85.69233882575595
63.0,69.73684210526315,53.535353535353536,76.72178964998628
86.0,81.67539267015707,69.02654867256636,84.4783428020902
87.0,86.51685393258427,76.23762376237624,88.09485930728445
92.0,81.13207547169812,68.25396825396825,84.08705599761699
101.0,88.37209302325581,79.16666666666666,89.55837376782945
103.0,85.71428571428571,75.0,87.46805111821085
101.0,85.45454545454545,74.60317460317461,87.26963969566101
97.0,87.25490196078431,77.39130434782608,88.66969733533216
96.0,85.71428571428571,75.0,87.47105152827966
96.0,83.74384236453201,72.03389830508475,85.98400910343176
85.0,80.21978021978022,66.97247706422019,83.45031253965455
90.0,86.04651162790698,75.51020408163265,87.73115090114126
66.0,73.49397590361446,58.0952380952381,79.00372001539317
93.0,86.01036269430051,75.45454545454545,87.70032285403695
89.0,85.56149732620321,74.76635514018692,87.3562293107514
101.0,82.51121076233184,70.22900763358778,85.0755692269049
108.0,86.4406779661017,76.11940298507463,88.0277487825481
110.0,87.28813559322035,77.44360902255639,88.69184824742342
106.0,85.47717842323651,74.63768115942028,87.2838916052129
104.0,85.58951965065502,74.80916030534351,87.37163155248804
100.0,85.33333333333334,74.4186046511628,87.17635504123635
100.0,83.33333333333334,71.42857142857143,85.67634717471981
95.0,85.99033816425121,75.42372881355932,87.68291477913178
93.0,86.45833333333334,76.14678899082568,88.04744276563024
66.0,72.0,56.25,78.07611049029194
95.0,78.89908256880734,65.15151515151516,82.52984022698536
96.0,84.46601941747572,73.10924369747899,86.52267870753084
109.0,80.32128514056225,67.11409395973155,83.50812134682799
110.0,80.46875,67.3202614379085,83.61020361252963
111.0,79.1044776119403,65.4320987654321,82.66012767310951
103.0,77.51937984496125,63.29113924050633,81.58765764645335
108.0,79.6812749003984,66.22516556291392,83.06166018380539
101.0,82.40343347639485,70.07299270072993,84.99556184557264
102.0,79.50819672131148,65.98639455782312,82.94327615428847
103.0,82.96943231441048,70.8955223880597,85.4088242718438
96.0,85.85365853658537,75.21367521367522,87.57788855716502
71.0,66.66666666666666,50.0,74.93314574228182
100.0,76.85589519650655,62.4113475177305,81.15276687498088
102.0,84.30493273542601,72.86821705426357,86.39916583314991
112.0,80.0,66.66666666666666,83.28040742959855
114.0,78.54545454545455,64.67065868263472,82.27640947233917
122.0,78.91156462585033,65.1685393258427,82.52234397374836
110.0,74.46808510638297,59.32203389830508,79.58911904417761
109.0,76.51515151515152,61.963190184049076,80.91968795273348
106.0,78.29457364341084,64.3312101910828,82.10968896973012
109.0,77.56653992395437,63.35403726708074,81.61810582449776
106.0,79.66804979253112,66.20689655172414,83.05452655062246
98.0,84.21052631578947,72.72727272727273,86.33069434159515
70.0,71.50259067357513,55.64516129032258,77.76769809382115
103.0,76.26459143968872,61.63522012578616,80.7567050746747
107.0,82.64462809917356,70.4225352112676,85.16933134874427
114.0,78.78787878787878,65.0,82.44408052404538
120.0,78.59649122807018,64.73988439306359,82.30902017671715
126.0,74.92063492063492,59.89847715736041,79.87033011250098
122.0,75.72815533980582,60.9375,80.39383839569308
121.0,78.01418439716312,63.95348837209303,81.91482591816013
112.0,75.91240875912408,61.1764705882353,80.52233019745685
120.0,77.25631768953069,62.94117647058823,81.40767505548226
113.0,79.53667953667953,66.02564102564102,82.95989778001042
110.0,87.22466960352423,77.34375,88.64291959132935
103.0,79.83193277310924,66.43356643356644,83.16886085101575
110.0,81.6,68.91891891891892,84.41352743884995
117.0,80.14705882352942,66.87116564417178,83.38165508525324
117.0,76.38888888888889,61.79775280898876,80.83096604616738
128.0,81.08108108108108,68.18181818181817,84.03497174074128
129.0,79.47882736156352,65.94594594594595,82.91004093956906
124.0,78.11447811447812,64.08839779005525,81.97927680153981
115.0,76.97841726618705,62.57309941520468,81.2226379058887
122.0,79.16666666666666,65.51724137931035,82.69869499751343
124.0,76.45051194539249,61.87845303867403,80.87031472643193
115.0,79.6875,66.23376623376623,83.06495996315064
95.0,83.49514563106796,71.66666666666667,85.79939442337127
58.0,66.66666666666666,50.0,74.96310257484194
68.0,81.81818181818183,69.23076923076923,84.591443032846
71.0,84.44444444444444,73.07692307692307,86.51751139979157
79.0,89.87341772151899,81.60919540229885,90.7886312307373
84.0,88.75739644970415,79.7872340425532,89.87465532390529
90.0,93.4065934065934,87.62886597938144,93.80245479001414
87.0,91.42857142857143,84.21052631578947,92.0902919027047
85.0,93.64161849710982,88.04347826086956,94.01075999080008
81.0,90.47619047619048,82.6086956521739,91.2883797622147
65.0,90.78014184397163,83.11688311688312,91.54547061335855
60.0,89.25619834710744,80.59701492537313,90.28553910547816
70.0,85.27131782945736,74.32432432432432,87.14320803115918
61.0,75.0,60.0,79.97007839460612
82.0,83.87096774193549,72.22222222222221,86.08616648817403
84.0,85.88957055214725,75.26881720430107,87.61145725899802
82.0,88.0,78.57142857142857,89.26475578354858
94.0,92.78350515463917,86.53846153846155,93.25525480788428
97.0,93.4010152284264,87.61904761904762,93.79654561289415
96.0,90.45226130653266,82.56880733944955,91.26543629361169
92.0,91.48936170212765,84.31372549019608,92.14089149335119
90.0,89.01098901098901,80.19801980198021,90.07904782892702
81.0,84.21052631578947,72.72727272727273,86.33669240706602
65.0,90.22556390977444,82.1917808219178,91.08292050114966
88.0,80.27210884353741,67.04545454545455,83.49379497430559
63.0,70.4225352112676,54.347826086956516,77.1320186174319
89.0,81.28342245989305,68.46846846846847,84.19930409451368
89.0,84.26966292134831,72.81553398058253,86.37982343627039
97.0,89.2156862745098,80.53097345132744,90.24352406219163
101.0,89.30232558139535,80.67226890756302,90.31317119499558
101.0,88.88888888888889,80.0,89.97603833865814
103.0,88.88888888888889,80.0,89.97603833865814
100.0,90.29126213592234,82.30088495575221,91.13047562285543
99.0,87.12871287128714,77.19298245614034,88.57053690767407
98.0,88.46153846153845,79.3103448275862,89.63121266616912
88.0,79.55801104972376,66.05504587155964,82.99059973603529
94.0,85.0574712643678,74.0,86.97405293201868
68.0,76.43312101910828,61.855670103092784,80.89092069285854
95.0,84.21052631578947,72.72727272727273,86.33369385325629
96.0,86.17021276595744,75.70093457943925,87.82451659603763
98.0,83.72093023255815,72.0,85.96506009663378
100.0,82.6086956521739,70.37037037037037,85.14524988037897
108.0,86.5546218487395,76.29629629629629,88.11619480003638
108.0,87.96680497925311,78.51851851851852,89.23029980249872
106.0,86.8421052631579,76.74418604651163,88.34213915221721
98.0,85.45454545454545,74.60317460317461,87.26963969566101
106.0,84.97854077253218,73.88059701492537,86.90535232458431
95.0,82.29665071770334,69.91869918699187,84.92241607383133
97.0,84.6938775510204,73.45132743362832,86.69571941321885
64.0,75.81699346405229,61.05263157894737,80.48940290388367
96.0,77.88461538461539,63.77952755905512,81.84385101378247
97.0,83.93782383419689,72.32142857142857,86.1297730740165
110.0,86.58008658008657,76.33587786259542,88.13698597978401
105.0,81.78137651821862,69.17808219178082,84.54410849479206
113.0,84.58498023715416,73.28767123287672,86.6048893622691
107.0,81.85328185328186,69.28104575163398,84.59358858382578
108.0,81.27490039840637,68.45637583892618,84.18125737666642
105.0,81.45161290322581,68.70748299319727,84.30781039325366
115.0,83.79446640316206,72.10884353741497,86.01347908845983
106.0,83.62068965517241,71.85185185185186,85.88798587121238
99.0,83.16831683168317,71.1864406779661,85.55928278408406
68.0,77.57575757575758,63.366336633663366,81.64625101159541
99.0,79.42583732057416,65.87301587301587,82.89358776802132
103.0,84.8780487804878,73.72881355932203,86.83346186161513
117.0,85.37549407114624,74.48275862068967,87.20442956200259
112.0,81.67938931297711,69.03225806451613,84.46819518097284
127.0,83.62369337979094,71.8562874251497,85.881196293684
122.0,83.91608391608392,72.28915662650603,86.09862977561517
118.0,81.95488721804512,69.42675159235668,84.66544003010488
120.0,84.9624060150376,73.8562091503268,86.8881549117393
120.0,81.18081180811808,68.32298136645963,84.11055791448456
108.0,80.50847457627118,67.37588652482269,83.6420176618842
103.0,84.65116279069768,73.38709677419355,86.66060439188863
69.0,75.86206896551724,61.111111111111114,80.51364775272178
96.0,84.36018957345972,72.95081967213115,86.44246715632832
103.0,84.30493273542601,72.86821705426357,86.39916583314991
119.0,82.88973384030417,70.77922077922078,85.34467060891652
119.0,81.75182481751825,69.1358024691358,84.51796515275262
136.0,80.74534161490683,67.70833333333334,83.79222365423811
126.0,78.70967741935485,64.8936170212766,82.38087971373895
124.0,79.72027972027972,66.27906976744185,83.08160671465058
130.0,84.61538461538461,73.33333333333333,86.62271501348516
127.0,80.98591549295774,68.04733727810651,83.96973443877759
113.0,76.62835249042146,62.11180124223602,80.9949932003975
108.0,82.6086956521739,70.37037037037037,85.14524988037897
71.0,67.98029556650246,51.49253731343284,75.68140745967808
108.0,84.21052631578947,72.72727272727273,86.32769387162358
114.0,82.67716535433071,70.46979865771812,85.19096172026326
115.0,78.22878228782287,64.24242424242425,82.0622946057338
122.0,81.5068493150685,68.78612716763006,84.33912507371654
135.0,79.62962962962963,66.15384615384615,83.01098505866025
126.0,78.17589576547232,64.1711229946524,82.01863645337542
125.0,81.22866894197952,68.39080459770115,84.14046492745398
127.0,80.0,66.66666666666666,83.27440169403492
126.0,77.18120805369128,62.841530054644814,81.35284788623454
115.0,77.15355805243446,62.80487804878049,81.3415279545522
103.0,83.55555555555556,71.7557251908397,85.84092317606759
107.0,0.0,0.0,49.720982142857146
114.0,0.0,0.0,49.800701530612244
114.0,0.0,0.0,49.839564732142854
121.0,0.0,0.0,49.874441964285715
120.0,0.0,0.0,49.87942442602041
133.0,0.0,0.0,49.847536670918366
136.0,0.0,0.0,49.853515625
129.0,0.0,0.0,49.86148756377551
127.0,0.0,0.0,49.84554368622449
126.0,0.0,0.0,49.751873405612244
105.0,0.0,0.0,49.80169802295919
99.0,0.0,0.0,49.71002072704081
24.0,28.57142857142857,16.666666666666664,58.313401897472694
33.0,71.69811320754717,55.88235294117647,77.92622342315717
37.0,85.29411764705883,74.35897435897436,87.16951649330456
41.0,83.33333333333334,71.42857142857143,85.70232065226682
67.0,65.38461538461539,48.57142857142857,74.24981623617498
70.0,88.7218045112782,79.72972972972973,89.8498998829226
83.0,86.09271523178808,75.5813953488372,87.76974419115146
81.0,87.27272727272727,77.41935483870968,88.68872100868901
78.0,81.0126582278481,68.08510638297872,84.01262024129778
89.0,76.25,61.61616161616161,80.77016800752209
93.0,77.5,63.26530612244898,81.59673495450781
116.0,68.47826086956522,52.066115702479344,75.97518863566687
90.0,65.38461538461539,48.57142857142857,74.23184894905593
85.0,68.4931506849315,52.083333333333336,75.99578229528255
85.0,67.66917293233082,51.13636363636363,75.52529418378394
74.0,67.82608695652173,51.31578947368421,75.62099583981995
52.0,73.5632183908046,58.18181818181818,79.06797514068573
55.0,76.92307692307693,62.5,81.22905905346923
54.0,75.55555555555556,60.71428571428571,80.33520516020216
46.0,76.5432098765432,62.0,80.98105494067205
41.0,67.6056338028169,51.06382978723404,75.50898460170443
51.0,32.25806451612903,19.230769230769234,59.57352359397569
33.0,81.35593220338984,68.57142857142857,84.27474762436479
37.0,86.8421052631579,76.74418604651163,88.36212154169309
47.0,82.6086956521739,70.37037037037037,85.16922922363905
69.0,79.03225806451613,65.33333333333333,82.64073253935005
79.0,89.03225806451613,80.23255813953489,90.0993153720805
91.0,86.54970760233918,76.28865979381443,88.12137672138527
96.0,89.77272727272727,81.44329896907216,90.70368433692245
90.0,89.61748633879782,81.1881188118812,90.575095058913
95.0,85.56701030927834,74.77477477477478,87.35943937069844
121.0,82.81938325991189,70.67669172932331,85.29940971993899
110.0,79.62085308056872,66.14173228346458,83.02794511641886
125.0,79.46428571428571,65.92592592592592,82.91704286393527
110.0,82.6086956521739,70.37037037037037,85.14524988037897
99.0,84.61538461538461,73.33333333333333,86.6347228877176
88.0,85.54216867469879,74.73684210526315,87.34447134701338
85.0,79.45205479452055,65.9090909090909,82.92461608785085
53.0,78.18181818181819,64.17910447761194,82.06561590944207
64.0,83.33333333333334,71.42857142857143,85.69433598759697
61.0,89.47368421052632,80.95238095238095,90.46422040137752
51.0,76.59574468085107,62.06896551724138,81.01254418662229
49.0,80.85106382978722,67.85714285714286,83.91062097183203
51.0,80.41237113402062,67.24137931034483,83.6017415729178
38.0,83.33333333333334,71.42857142857143,85.70232065226682
48.0,77.22772277227723,62.903225806451616,81.42867575102284
73.0,65.24822695035462,48.421052631578945,74.16165338540847
86.0,83.42857142857143,71.56862745098039,85.75537334267878
89.0,84.91620111731844,73.7864077669903,86.86625777571071
103.0,86.31578947368422,75.92592592592592,87.937011751241
99.0,88.88888888888889,80.0,89.97803865197254
100.0,91.0,83.4862385321101,91.72514981412333
114.0,88.39285714285714,79.2,89.5740399784332
125.0,84.8,73.61111111111111,86.76760868117968
133.0,77.73584905660378,63.580246913580254,81.73120947120907
130.0,84.84848484848484,73.68421052631578,86.80215639770567
118.0,84.8249027237354,73.64864864864865,86.78537651438964
101.0,82.35294117647058,70.0,84.96106618748128
98.0,84.21052631578947,72.72727272727273,86.33369385325629
86.0,86.25,75.82417582417582,87.89013489155187
65.0,73.6,58.22784810126582,79.08100962813141
68.0,82.25806451612904,69.86301369863014,84.90956171215795
63.0,82.88288288288288,70.76923076923077,85.36566465650847
57.0,77.89473684210526,63.793103448275865,81.87560994229146
53.0,62.7906976744186,45.76271186440678,72.84945100887491
55.0,46.57534246575342,30.357142857142854,65.139695055438
43.0,83.33333333333334,71.42857142857143,85.7003250832652
52.0,75.86206896551724,61.111111111111114,80.52762928092059
84.0,63.589743589743584,46.616541353383454,73.23743218844493
100.0,79.0,65.28925619834712,82.60270942140842
98.0,88.54166666666666,79.43925233644859,89.69766613548389
105.0,80.58252427184466,67.47967479674797,83.69991166024691
108.0,88.46153846153845,79.3103448275862,89.63121266616912
110.0,90.41095890410958,82.5,91.22903229027297
134.0,87.5,77.77777777777779,88.85692979652711
132.0,89.31297709923665,80.6896551724138,90.31686058726565
140.0,78.72340425531915,64.91228070175438,82.39621824960885
130.0,86.33093525179856,75.9493670886076,87.93672605668993
127.0,81.11888111888112,68.23529411764706,84.06371178115673
111.0,81.12449799196787,68.24324324324324,84.07469201603001
103.0,84.72906403940887,73.50427350427351,86.72119245187722
90.0,87.20930232558139,77.31958762886599,88.63783816484516
82.0,78.37837837837837,64.44444444444444,82.19029756441465
70.0,86.56716417910447,76.31578947368422,88.13993711682535
69.0,83.60655737704919,71.83098591549296,85.8955428330582
57.0,83.01886792452831,70.96774193548387,85.46591836261945
59.0,81.13207547169812,68.25396825396825,84.10703718584756
56.0,69.56521739130434,53.333333333333336,76.63874707509041
66.0,58.01526717557252,40.86021505376344,70.3752589090669
75.0,60.67415730337079,43.54838709677419,71.7043639326495
90.0,69.48356807511738,53.23741007194245,76.55383736601793
110.0,80.95238095238095,68.0,83.9600726677447
107.0,88.66995073891626,79.64601769911505,89.80004834163115
115.0,77.87610619469027,63.76811594202898,81.8341458164066
112.0,82.45614035087719,70.1492537313433,85.0346923582638
115.0,89.08296943231441,80.31496062992126,90.13251726028156
137.0,87.12121212121212,77.18120805369128,88.55664545630171
136.0,88.23529411764706,78.94736842105263,89.44172001043043
144.0,79.20792079207921,65.57377049180327,82.72395572696286
134.0,82.23684210526315,69.83240223463687,84.86225614119408
128.0,80.0,66.66666666666666,83.27440169403492
117.0,82.26415094339623,69.87179487179486,84.88896033161717
103.0,86.1244019138756,75.63025210084034,87.78617584477388
92.0,86.85714285714286,76.76767676767676,88.360884292022
81.0,78.43137254901961,64.51612903225806,82.22514089892096
74.0,84.05797101449275,72.5,86.2280517977573
71.0,85.03937007874016,73.97260273972603,86.96734761701994
58.0,80.76923076923077,67.74193548387096,83.85102119867143
63.0,75.92592592592592,61.19402985074627,80.57108493634351
61.0,53.48837209302325,36.507936507936506,68.21409028056686
84.0,54.54545454545454,37.5,68.67519598651532
82.0,66.0,49.25373134328358,74.55901494324426
95.0,69.40639269406392,53.14685314685315,76.5065603059615
110.0,77.19298245614034,62.857142857142854,81.37666278777922
112.0,69.17293233082707,52.87356321839081,76.35491913814676
117.0,77.68595041322314,63.51351351351351,81.70284517175615
124.0,87.33624454148472,77.51937984496125,88.7307339355807
127.0,87.70491803278688,78.1021897810219,89.02113623345768
142.0,87.59124087591242,77.92207792207793,88.92707699843707
142.0,88.33922261484098,79.11392405063292,89.52399565101824
144.0,78.73015873015873,64.92146596858639,82.39380259190128
134.0,78.36990595611285,64.43298969072166,82.14756515364637
133.0,78.06451612903226,64.02116402116403,81.94265672839242
122.0,83.03249097472924,70.98765432098766,85.44688443062427
111.0,89.49771689497716,80.99173553719008,90.47290359270941
97.0,88.52459016393442,79.41176470588235,89.68492217727494
87.0,83.9506172839506,72.3404255319149,86.14426880491331
83.0,82.89473684210526,70.78651685393258,85.36731705446815
73.0,81.48148148148148,68.75,84.35006035394346
56.0,81.81818181818183,69.23076923076923,84.59543687845536
62.0,77.35849056603774,63.07692307692307,81.51452616397266
60.0,23.52941176470588,13.333333333333334,56.614840801573386
94.0,70.27027027027027,54.166666666666664,77.0394421833852
92.0,79.78142076502732,66.36363636363637,83.14489424512776
103.0,66.93227091633466,50.29940119760479,75.06685303831368
113.0,64.74820143884892,47.87234042553192,73.83833848334056
113.0,66.44518272425249,49.75124378109453,74.77477517755102
118.0,69.5364238410596,53.299492385786806,76.55787664764766
122.0,76.81159420289855,62.35294117647059,81.11256006297066
137.0,80.71428571428572,67.66467065868264,83.77840328371879
144.0,88.57142857142857,79.48717948717949,89.7116229890145
142.0,77.46031746031747,63.212435233160626,81.53529421385525
146.0,77.77777777777779,63.63636363636363,81.74625374625376
137.0,77.1604938271605,62.8140703517588,81.33311057896825
138.0,75.4601226993865,60.591133004926114,80.21565121267024
132.0,85.2233676975945,74.25149700598801,87.08279317653353
111.0,89.68609865470853,81.30081300813008,90.62744141100649
103.0,85.41666666666666,74.54545454545455,87.24477981394978
93.0,86.54970760233918,76.28865979381443,88.12137672138527
88.0,85.36585365853658,74.46808510638297,87.21009332555407
86.0,82.20858895705521,69.79166666666666,84.86689641581353
60.0,87.02290076335878,77.02702702702703,88.49655387744735
60.0,82.75862068965517,70.58823529411765,85.27416871632153
60.0,66.66666666666666,50.0,74.96809189534142
106.0,56.28140703517588,39.16083916083916,69.49362788049939
109.0,64.43514644351464,47.53086419753087,73.68060006618992
113.0,66.15969581749049,49.43181818181818,74.62706722942254
116.0,64.58333333333334,47.69230769230769,73.74432288554846
118.0,67.77408637873754,51.256281407035175,75.53128405136277
125.0,71.1864406779661,55.26315789473685,77.54669947621747
123.0,73.61111111111111,58.24175824175825,79.04498537212737
141.0,79.18088737201366,65.5367231638418,82.70743469418618
146.0,83.27868852459017,71.34831460674157,85.62320723443834
152.0,76.38483965014578,61.79245283018868,80.81529924954334
155.0,77.38095238095238,63.10679611650486,81.47746791398515
145.0,75.51622418879056,60.66350710900474,80.24883315808293
136.0,76.68711656441718,62.189054726368155,81.01860480419425
136.0,79.87012987012987,66.48648648648648,83.1813088936538
124.0,85.71428571428571,75.0,87.46504962952606
110.0,85.71428571428571,75.0,87.47105152827966
92.0,84.21052631578947,72.72727272727273,86.33669240706602
91.0,83.43558282208589,71.57894736842105,85.76253187851084
93.0,80.95238095238095,68.0,83.96806897102259
64.0,86.13138686131386,75.64102564102564,87.80155717671929
65.0,78.99159663865547,65.27777777777779,82.61395322290713
61.0,60.0,42.857142857142854,71.3926783898269
98.0,35.294117647058826,21.428571428571427,60.637523676602534
38.0,83.5820895522388,71.7948717948718,85.88646836134272
49.0,83.33333333333334,71.42857142857143,85.7003250832652
76.0,63.716814159292035,46.75324675324675,73.3357378560809
80.0,85.71428571428571,75.0,87.47904735298226
96.0,85.54913294797689,74.74747474747475,87.34878826990918
98.0,90.10989010989012,82.0,90.98203377650019
98.0,90.32258064516128,82.35294117647058,91.15850364740642
94.0,89.50276243093923,81.0,90.48103603154007
114.0,79.18781725888326,65.54621848739495,82.73218944649999
105.0,80.20833333333334,66.95652173913044,83.4403359608844
120.0,74.8768472906404,59.84251968503938,79.87036163892687
108.0,76.19047619047619,61.53846153846154,80.72432417494689
99.0,75.70621468926554,60.909090909090914,80.41163899063677
94.0,74.83870967741936,59.79381443298969,79.85799903979188
84.0,76.2589928057554,61.627906976744185,80.78103446915937
73.0,72.88135593220339,57.333333333333336,78.63475156084814
63.0,75.72815533980582,60.9375,80.44381831282287
55.0,83.16831683168317,71.1864406779661,85.5762657772086
53.0,78.0,63.934426229508205,81.94527323003823
44.0,76.19047619047619,61.53846153846154,80.74928820381916
53.0,77.08333333333334,62.71186440677966,81.33399319383639
115.0,40.27777777777778,25.217391304347824,62.52294775100336
48.0,80.43478260869566,67.27272727272727,83.61841353763809
77.0,67.71653543307087,51.19047619047619,75.55434686590812
81.0,75.0,60.0,79.96608478802992
83.0,87.11656441717791,77.17391304347827,88.56600052932319
100.0,86.33879781420765,75.96153846153845,87.95581763686141
106.0,83.33333333333334,71.42857142857143,85.68034748186871
102.0,90.52631578947368,82.6923076923077,91.32818618793863
111.0,90.56603773584906,82.75862068965517,91.35934229370936
125.0,85.33333333333334,74.4186046511628,87.17635504123635
124.0,82.05128205128204,69.56521739130434,84.74067578830393
125.0,82.25108225108225,69.85294117647058,84.88553690080892
118.0,82.40343347639485,70.07299270072993,84.99556184557264
104.0,82.0,69.49152542372882,84.70983026486476
97.0,79.28994082840237,65.68627450980392,82.80821338892979
87.0,75.86206896551724,61.111111111111114,80.5206400510764
72.0,76.42276422764228,61.8421052631579,80.8921272590401
70.0,78.33333333333333,64.38356164383562,82.16584772929677
63.0,87.60330578512396,77.94117647058823,88.95562504474287
53.0,80.0,66.66666666666666,83.31238946290608
47.0,81.63265306122449,68.96551724137932,84.46480744787969
53.0,85.98130841121495,75.40983606557377,87.68995693164983
125.0,42.944785276073624,27.34375,63.57913652250653
74.0,62.4113475177305,45.36082474226804,72.62755192271784
83.0,61.935483870967744,44.85981308411215,72.371057196381
89.0,80.95238095238095,68.0,83.96806897102259
100.0,85.56149732620321,74.76635514018692,87.3562293107514
111.0,77.72511848341233,63.565891472868216,81.73603393062902
109.0,81.08108108108108,68.18181818181817,84.04898120686963
108.0,92.15686274509804,85.45454545454545,92.71129892430959
128.0,87.06896551724138,77.09923664122137,88.51966325321179
129.0,85.47717842323651,74.63768115942028,87.2838916052129
137.0,76.9811320754717,62.57668711656442,81.22743370486528
130.0,81.78137651821862,69.17808219178082,84.54410849479206
125.0,78.18930041152264,64.1891891891892,82.04168031572637
108.0,78.1725888324873,64.16666666666667,82.04041830508926
100.0,80.89887640449437,67.9245283018868,83.92833472415113
88.0,77.85234899328859,63.73626373626373,81.8352095647678
78.0,76.92307692307693,62.5,81.22007540996688
72.0,76.03305785123968,61.33333333333333,80.63774187113505
70.0,86.61417322834646,76.38888888888889,88.177485485126
57.0,83.33333333333334,71.42857142857143,85.6963327510494
58.0,77.35849056603774,63.07692307692307,81.51452616397266
56.0,81.55339805825243,68.85245901639344,84.40728029209588
138.0,42.70833333333333,27.1523178807947,63.46645514065665
91.0,70.34482758620689,54.25531914893617,77.08476680638829
87.0,67.9245283018868,51.42857142857142,75.66340985139118
108.0,80.42328042328042,67.2566371681416,83.5913924363662
105.0,86.01036269430051,75.45454545454545,87.70032285403695
117.0,80.93023255813954,67.96875,83.94344785032641
120.0,86.09865470852019,75.59055118110236,87.76432511131796
116.0,90.32258064516128,82.35294117647058,91.1555032972093
133.0,87.60330578512396,77.94117647058823,88.94063017657632
133.0,86.99186991869918,76.97841726618705,88.4572527322367
142.0,83.65019011406845,71.89542483660131,85.90476910347621
130.0,82.25806451612904,69.86301369863014,84.88757187307989
130.0,74.90909090909092,59.883720930232556,79.8729610582503
114.0,79.42583732057416,65.87301587301587,82.89358776802132
106.0,83.24324324324324,71.29629629629629,85.6172094068559
89.0,80.26315789473685,67.03296703296702,83.48655235814768
82.0,81.37931034482759,68.6046511627907,84.2753886138993
78.0,73.84615384615385,58.536585365853654,79.2343795006734
70.0,87.87878787878788,78.37837837837837,89.17322686028541
61.0,83.47826086956522,71.64179104477611,85.80194403818761
62.0,81.03448275862068,68.11594202898551,84.0360276284288
57.0,85.45454545454545,74.60317460317461,87.28562847535896
144.0,43.13725490196079,27.500000000000004,63.63430543365516
98.0,74.07407407407408,58.82352941176471,79.3698619203448
102.0,76.57142857142857,62.03703703703704,80.97760770409397
115.0,80.0,66.66666666666666,83.29440962380401
113.0,84.15841584158416,72.64957264957265,86.29284445898209
121.0,81.81818181818183,69.23076923076923,84.5754532972518
123.0,83.89830508474576,72.26277372262774,86.09344529133165
132.0,84.67741935483872,73.42657342657343,86.67534059677216
140.0,85.15625,74.14965986394559,87.0368807838313
137.0,85.2589641434263,74.30555555555556,87.11582876741208
147.0,81.18081180811808,68.32298136645963,84.11055791448456
135.0,77.81818181818181,63.69047619047619,81.78432215922979
132.0,70.94339622641509,54.97076023391813,77.40850619019895
122.0,74.43946188340807,59.285714285714285,79.58596296602605
110.0,80.6282722513089,67.54385964912281,83.73500293979325
90.0,83.75,72.04301075268818,85.99556193305047
86.0,77.85234899328859,63.73626373626373,81.8352095647678
82.0,75.0,60.0,79.96608478802992
71.0,89.55223880597015,81.08108108108108,90.52657294536137
70.0,80.95238095238095,68.0,83.97605985037406
61.0,80.0,66.66666666666666,83.31039297825653
60.0,79.24528301886792,65.625,82.79055880240954
148.0,46.728971962616825,30.48780487804878,65.13018899689855
144.0,63.507109004739334,46.52777777777778,73.18705638375009
139.0,69.64285714285714,53.42465753424658,76.64446178640549
122.0,79.22705314009661,65.60000000000001,82.75708068830599
120.0,83.87096774193549,72.22222222222221,86.07617051013277
123.0,81.19658119658119,68.34532374100719,84.12873303521677
127.0,87.39495798319328,77.61194029850746,88.77601328713519
140.0,85.49019607843137,74.65753424657534,87.29181663693937
143.0,85.71428571428571,75.0,87.46304803755119
142.0,85.27131782945736,74.32432432432432,87.12421225603823
147.0,82.18181818181817,69.75308641975309,84.82760487218204
141.0,75.35211267605634,60.451977401129945,80.15608516744068
137.0,69.43396226415094,53.179190751445084,76.50873122749157
129.0,77.06422018348624,62.68656716417911,81.29337541312044
117.0,79.7979797979798,66.38655462184873,83.15335476067186
94.0,81.92771084337349,69.38775510204081,84.6639422113541
85.0,81.57894736842105,68.88888888888889,84.41650813922035
84.0,78.62068965517241,64.77272727272727,82.35543724118418
102.0,73.05389221556887,57.54716981132076,78.72868816815664
68.0,82.53968253968253,70.27027027027027,85.11318956016108
64.0,75.43859649122807,60.56338028169014,80.25376442325386
67.0,65.34653465346535,48.529411764705884,74.22980569688339
150.0,47.706422018348626,31.32530120481928,65.54893262299858
138.0,64.42307692307693,47.5177304964539,73.68502621731434
139.0,66.13545816733067,49.404761904761905,74.6175387588609
130.0,73.36244541484717,57.931034482758626,78.90462927523701
117.0,82.09606986899564,69.62962962962963,84.77388194472178
122.0,79.50819672131148,65.98639455782312,82.94327615428847
129.0,78.62595419847328,64.77987421383648,82.33401874772267
135.0,81.50943396226415,68.78980891719745,84.34597100809141
150.0,80.57553956834532,67.46987951807229,83.68100879067563
147.0,83.45864661654136,71.61290322580646,85.76250873863978
155.0,80.0,66.66666666666666,83.27540284991343
142.0,75.9581881533101,61.23595505617978,80.5490698643593
139.0,69.84126984126983,53.65853658536586,76.75340181767893
136.0,81.03448275862068,68.11594202898551,84.01404305634412
121.0,79.41176470588235,65.85365853658537,82.88490891696021
106.0,79.09604519774011,65.42056074766354,82.67335864789077
93.0,79.5031055900621,65.97938144329896,82.95676447643876
87.0,79.19463087248322,65.55555555555556,82.74685014843045
109.0,72.92817679558011,57.391304347826086,78.64675973727365
75.0,81.75182481751825,69.1358024691358,84.54296109091267
72.0,72.1311475409836,56.41025641025641,78.17121772878575
70.0,67.27272727272727,50.68493150684932,75.30656555597358
151.0,48.0,31.57894736842105,65.67275846933482
148.0,62.67281105990783,45.63758389261745,72.73796652920966
148.0,66.93227091633466,50.29940119760479,75.06685303831368
132.0,75.53648068669528,60.689655172413794,80.2879277299539
123.0,79.83193277310924,66.43356643356644,83.16886085101575
125.0,82.64462809917356,70.4225352112676,85.16933134874427
135.0,80.6083650190114,67.51592356687898,83.70703308361924
146.0,81.00358422939068,68.07228915662651,83.98321127427634
150.0,81.25,68.42105263157895,84.15658996068849
150.0,85.39325842696628,74.50980392156863,87.21595026089219
160.0,81.08108108108108,68.18181818181817,84.03497174074128
145.0,78.78787878787878,65.0,82.43707425238219
146.0,73.10344827586206,57.608695652173914,78.72645687342069
145.0,80.65843621399176,67.58620689655173,83.74617665407482
130.0,74.88151658767772,59.84848484848485,79.87134504515785
109.0,82.97872340425532,70.9090909090909,85.42260805185474
97.0,80.0,66.66666666666666,83.29940661504483
111.0,70.78651685393258,54.78260869565217,77.33942160282979
116.0,71.65775401069519,55.833333333333336,77.86378195533736
81.0,81.37931034482759,68.6046511627907,84.2753886138993
75.0,64.34782608695652,47.43589743589743,73.67706238196277
73.0,58.252427184466015,41.0958904109589,70.5050703999117
144.0,0.0,0.0,49.85650510204081
162.0,0.0,0.0,49.837571747448976
179.0,20.100502512562816,11.1731843575419,55.428086715815375
167.0,30.693069306930692,18.128654970760234,58.924732311384695
164.0,2.030456852791878,1.0256410256410255,50.32048982361893
179.0,0.0,0.0,49.79272959183674
181.0,0.0,0.0,49.77080676020408
179.0,0.0,0.0,49.80269451530612
169.0,0.0,0.0,49.82860331632653
166.0,0.0,0.0,49.83458227040816
159.0,26.0,14.942528735632186,57.32370703980014
155.0,30.917874396135264,18.285714285714285,59.000267800164096
152.0,9.696969696969697,5.095541401273886,52.39926966411964
147.0,25.142857142857146,14.37908496732026,57.05894472475755
142.0,16.25,8.843537414965986,54.288204128012076
133.0,0.0,0.0,49.867466517857146
118.0,22.666666666666664,12.781954887218044,56.275345154289056
118.0,13.592233009708737,7.291666666666667,53.46840819079516
99.0,0.0,0.0,49.89536830357143
77.0,0.0,0.0,49.923270089285715
67.0,0.0,0.0,49.9332350127551
80.0,0.0,0.0,49.9202806122449
15.0,75.0,60.0,79.99401997328921
11.0,0.0,0.0,49.989038584183675
15.0,72.72727272727273,57.14285714285714,78.56245799491953
15.0,74.07407407407408,58.82352941176471,79.40478786898086
17.0,89.47368421052632,80.95238095238095,90.4722031558691
16.0,76.47058823529412,61.904761904761905,80.94440694763642
20.0,80.95238095238095,68.0,83.99202535935724
16.0,57.14285714285714,40.0,69.97906782026236
21.0,82.6086956521739,70.37037037037037,85.17721022655529
18.0,78.04878048780488,64.0,81.99102870813397
24.0,89.79591836734694,81.48148148148148,90.73575609345438
19.0,85.71428571428571,75.0,87.49401890027512
24.0,87.5,77.77777777777779,88.88290743140708
19.0,86.36363636363636,76.0,87.99401878102758
27.0,88.46153846153845,79.3103448275862,89.6491907177829
23.0,86.27450980392157,75.86206896551724,87.92405597655772
17.0,75.67567567567568,60.86956521739131,80.42581167452238
14.0,60.0,42.857142857142854,71.42059853640478
21.0,76.19047619047619,61.53846153846154,80.7592626671574
16.0,72.72727272727273,57.14285714285714,78.56245799491953
22.0,78.26086956521739,64.28571428571429,82.1328886433157
18.0,78.94736842105263,65.21739130434783,82.60072132949294
28.0,79.24528301886792,65.625,82.80153399461669
18.0,85.71428571428571,75.0,87.49401890027512
29.0,82.75862068965517,70.58823529411765,85.28414795492291
18.0,78.26086956521739,64.28571428571429,82.1328886433157
28.0,81.48148148148148,68.75,84.36503070542729
18.0,85.71428571428571,75.0,87.49401890027512
29.0,80.7017543859649,67.64705882352942,83.81256296907932
19.0,80.85106382978722,67.85714285714286,83.91959960011279
29.0,80.7017543859649,67.64705882352942,83.81256296907932
21.0,84.0,72.41379310344827,86.19892127508173
29.0,23.52941176470588,13.333333333333334,56.640755800047835
20.0,0.0,0.0,49.96113679846938
24.0,82.6086956521739,70.37037037037037,85.17721022655529
41.0,88.0,78.57142857142857,89.27673995230782
47.0,92.13483146067416,85.41666666666666,92.70135218244074
47.0,92.13483146067416,85.41666666666666,92.70135218244074
43.0,90.2439024390244,82.22222222222221,91.10313328945531
42.0,92.5,86.04651162790698,93.01727244771165
39.0,87.67123287671232,78.04878048780488,89.01541608946721
37.0,64.61538461538461,47.72727272727273,73.84070744328943
18.0,0.0,0.0,49.9820631377551
29.0,77.96610169491525,63.888888888888886,81.93148410308899
42.0,87.05882352941177,77.08333333333334,88.53069716188995
51.0,86.0,75.43859649122807,87.70533538681843
48.0,93.06930693069307,87.03703703703704,93.51153653204362
45.0,88.65979381443299,79.62962962962963,89.8038439971897
51.0,83.1858407079646,71.21212121212122,85.58710949991446
44.0,73.21428571428571,57.74647887323944,78.84332021850862
34.0,65.95744680851064,49.2063492063492,74.5712671348328
26.0,66.66666666666666,50.0,74.97607273887382
39.0,76.71232876712328,62.22222222222222,81.0941612826035
46.0,87.91208791208791,78.43137254901961,89.20471611334817
53.0,88.23529411764706,78.94736842105263,89.46171556836877
52.0,91.58878504672897,84.48275862068965,92.23240211242754
48.0,89.52380952380953,81.03448275862068,90.50626968627837
54.0,81.203007518797,68.35443037974683,84.15227604139571
47.0,69.6969696969697,53.48837209302325,76.70428977681284
45.0,72.41379310344827,56.75675675675676,78.3464639091559
28.0,65.11627906976744,48.275862068965516,74.10801957241048
37.0,77.14285714285715,62.7906976744186,81.37939637554506
44.0,92.3076923076923,85.71428571428571,92.85016156700043
51.0,91.2621359223301,83.92857142857143,91.95530887453228
54.0,92.72727272727272,86.4406779661017,93.21235893317554
53.0,92.72727272727272,86.4406779661017,93.21235893317554
52.0,77.61194029850746,63.41463414634146,81.67739128911519
55.0,73.10344827586206,57.608695652173914,78.76544353065373
50.0,75.0,60.0,79.9680817108203
34.0,66.66666666666666,50.0,74.967094110843
36.0,79.41176470588235,65.85365853658537,82.91287086433647
48.0,89.58333333333334,81.13207547169812,90.55606426528078
54.0,94.33962264150944,89.28571428571429,94.63687222485052
55.0,89.28571428571429,80.64516129032258,90.31061080914805
53.0,88.88888888888889,80.0,89.98703216024259
57.0,82.01438848920863,69.51219512195121,84.73115691970183
52.0,68.87417218543047,52.52525252525253,76.2157425342726
52.0,74.24242424242425,59.036144578313255,79.48415843035798
31.0,58.82352941176471,41.66666666666667,70.79145561626716
38.0,76.31578947368422,61.702127659574465,80.8331165946585
50.0,92.0,85.18518518518519,92.58461333865284
54.0,91.58878504672897,84.48275862068965,92.23240211242754
55.0,91.22807017543859,83.87096774193549,91.9255086096159
58.0,87.3015873015873,77.46478873239437,88.716432992721
59.0,77.63157894736842,63.44086021505376,81.6865094817911
56.0,70.88607594936708,54.90196078431373,77.40509052783125
54.0,73.23943661971832,57.77777777777777,78.85098289575187
33.0,60.952380952380956,43.83561643835616,71.87692596008426
39.0,75.9493670886076,61.224489795918366,80.59330021642926
49.0,91.66666666666666,84.61538461538461,92.29971337208231
56.0,90.9090909090909,83.33333333333334,91.6566918033223
57.0,90.0,81.81818181818183,90.8971201178216
60.0,92.1875,85.5072463768116,92.74364653377762
63.0,78.75,64.94845360824742,82.44030347085689
61.0,74.39024390243902,59.22330097087378,79.56974686376674
56.0,71.52317880794702,55.670103092783506,77.79215621101008
35.0,60.3448275862069,43.20987654320987,71.55906762682322
45.0,79.54545454545455,66.0377358490566,83.00091854178763
51.0,91.0891089108911,83.63636363636363,91.80920515749959
55.0,88.49557522123894,79.36507936507937,89.66957236019199
56.0,90.1639344262295,82.08955223880598,91.03280508929585
61.0,86.95652173913044,76.92307692307693,88.44358012487952
64.0,78.52760736196319,64.64646464646465,82.28831054800882
61.0,73.61963190184049,58.252427184466015,79.08331312132552
59.0,72.15189873417721,56.43564356435643,78.17392625353638
46.0,62.121212121212125,45.05494505494506,72.47760716395403
27.0,79.16666666666666,65.51724137931035,82.7486519913678
38.0,86.8421052631579,76.74418604651163,88.36212154169309
45.0,89.8876404494382,81.63265306122449,90.80735094420727
47.0,87.2340425531915,77.35849056603774,88.66727759577444
46.0,87.91208791208791,78.43137254901961,89.20471611334817
46.0,92.47311827956989,86.0,92.9930185706022
45.0,79.20792079207921,65.57377049180327,82.7659422109567
45.0,67.96116504854369,51.470588235294116,75.70238691595583
41.0,68.96551724137932,52.63157894736842,76.28886808414168
29.0,71.69811320754717,55.88235294117647,77.92622342315717
41.0,86.07594936708861,75.55555555555556,87.76680892930744
44.0,91.95402298850574,85.1063829787234,92.54621047771339
49.0,87.5,77.77777777777779,88.87692096293046
49.0,89.79591836734694,81.48148148148148,90.73076707122824
49.0,85.45454545454545,74.60317460317461,87.28562847535896
46.0,76.66666666666667,62.16216216216216,81.05315369229193
43.0,69.64285714285714,53.42465753424658,76.67842167256238
32.0,63.1578947368421,46.15384615384615,73.04202497936794
33.0,70.17543859649122,54.054054054054056,77.01007990205693
44.0,89.1566265060241,80.43478260869566,90.20841625498505
48.0,92.63157894736842,86.27450980392157,93.13027333330204
51.0,88.23529411764706,78.94736842105263,89.46171556836877
49.0,90.0,81.81818181818183,90.8991170406263
53.0,82.64462809917356,70.4225352112676,85.19032039261062
47.0,72.3076923076923,56.62650602409639,78.27734565303446
55.0,76.33587786259542,61.72839506172839,80.83327545449664
36.0,66.66666666666666,50.0,74.9660962865462
30.0,74.07407407407408,58.82352941176471,79.39780825002462
43.0,89.41176470588236,80.85106382978722,90.4165566865239
46.0,92.63157894736842,86.27450980392157,93.13027333330204
54.0,91.58878504672897,84.48275862068965,92.23240211242754
57.0,88.07339449541286,78.68852459016394,89.33129549010272
56.0,85.03937007874016,73.97260273972603,86.96734761701994
52.0,74.45255474452554,59.30232558139535,79.61625007249319
51.0,73.84615384615385,58.536585365853654,79.2343795006734
38.0,66.07142857142857,49.333333333333336,74.62877201380164
34.0,75.86206896551724,61.111111111111114,80.54159854315375
46.0,86.36363636363636,76.0,87.98803302884039
49.0,93.87755102040816,88.46153846153845,94.22478479031442
51.0,88.46153846153845,79.3103448275862,89.64320353288346
55.0,87.27272727272727,77.41935483870968,88.69571316783872
62.0,87.4074074074074,77.63157894736842,88.79882916081631
57.0,75.34246575342466,60.43956043956044,80.1838671294588
55.0,76.2589928057554,61.627906976744185,80.78103446915937
47.0,69.84126984126983,53.65853658536586,76.79136834853549
35.0,76.66666666666667,62.16216216216216,81.0671237903906
46.0,90.10989010989012,82.0,90.99102423456667
52.0,94.23076923076923,89.0909090909091,94.53946974684303
53.0,90.74074074074075,83.05084745762711,91.51544906446101
57.0,85.96491228070175,75.38461538461539,87.67634822934363
61.0,88.88888888888889,80.0,89.98503471945088
55.0,75.0,60.0,79.9640876261921
60.0,77.55102040816327,63.33333333333333,81.63374502018529
48.0,67.1875,50.588235294117645,75.25222907067202
37.0,78.78787878787878,65.0,82.48604187437687
47.0,90.10989010989012,82.0,90.99102423456667
50.0,94.11764705882352,88.88888888888889,94.43845976522324
53.0,91.74311926605505,84.7457627118644,92.36390397892227
60.0,88.33333333333333,79.1044776119403,89.53827316145565
64.0,86.7132867132867,76.5432098765432,88.25264815972669
61.0,76.82119205298014,62.365591397849464,81.1478781044477
60.0,76.82119205298014,62.365591397849464,81.1478781044477
49.0,66.17647058823529,49.45054945054945,74.67939493033747
37.0,80.59701492537313,67.5,83.7370386248978
48.0,91.48936170212765,84.31372549019608,92.1488839686434
53.0,92.5925925925926,86.20689655172413,93.09546838518656
53.0,92.72727272727272,86.4406779661017,93.21235893317554
62.0,90.1639344262295,82.08955223880598,91.03280508929585
63.0,83.78378378378379,72.09302325581395,86.02256622342918
61.0,75.32467532467533,60.416666666666664,80.17042280218683
59.0,73.54838709677419,58.16326530612245,79.04073000137224
53.0,66.66666666666666,50.0,74.95212256623046
24.0,0.0,0.0,49.97608418367347
42.0,13.333333333333334,7.142857142857142,53.53256304614605
44.0,89.1566265060241,80.43478260869566,90.20841625498505
49.0,80.0,66.66666666666666,83.31638147660644
55.0,75.55555555555556,60.71428571428571,80.33520516020216
63.0,68.75,52.38095238095239,76.160561745788
60.0,88.07339449541286,78.68852459016394,89.33129549010272
64.0,49.411764705882355,32.8125,66.36338288804706
67.0,0.0,0.0,49.92127710459184
35.0,82.05128205128204,69.56521739130434,84.76864889986405
43.0,82.6086956521739,70.37037037037037,85.16922922363905
40.0,80.0,66.66666666666666,83.31638147660644
35.0,85.71428571428571,75.0,87.48903137028098
40.0,79.54545454545455,66.0377358490566,83.00091854178763
48.0,85.43689320388349,74.57627118644068,87.2731750889516
41.0,86.66666666666667,76.47058823529412,88.22332690780203
42.0,84.44444444444444,73.07692307692307,86.52450007210867
30.0,79.45205479452055,65.9090909090909,82.93958942527152
25.0,83.63636363636363,71.875,85.92852745598469
14.0,75.67567567567568,60.86956521739131,80.42581167452238
44.0,87.2340425531915,77.35849056603774,88.66727759577444
50.0,89.7196261682243,81.35593220338984,90.66699418978939
48.0,80.76923076923077,67.74193548387096,83.85102119867143
42.0,79.16666666666666,65.51724137931035,82.73867573772252
46.0,86.0,75.43859649122807,87.70533538681843
58.0,89.43089430894308,80.88235294117648,90.42820785463883
64.0,85.03937007874016,73.97260273972603,86.96734761701994
54.0,81.73913043478261,69.11764705882352,84.53787756998707
45.0,86.31578947368422,75.92592592592592,87.94999796844816
31.0,81.08108108108108,68.18181818181817,84.07694985188702
25.0,83.63636363636363,71.875,85.92852745598469
46.0,86.0,75.43859649122807,87.70533538681843
56.0,90.0,81.81818181818183,90.8971201178216
59.0,87.8048780487805,78.26086956521739,89.11547129352206
46.0,75.43859649122807,60.56338028169014,80.25376442325386
47.0,83.33333333333334,71.42857142857143,85.6963327510494
65.0,89.55223880597015,81.08108108108108,90.52657294536137
62.0,84.84848484848484,73.68421052631578,86.82215314823371
64.0,80.0,66.66666666666666,83.3063990529774
50.0,83.33333333333334,71.42857142857143,85.6963327510494
44.0,89.36170212765957,80.76923076923077,90.37464211298337
36.0,88.0,78.57142857142857,89.27673995230782
50.0,83.63636363636363,71.875,85.91954667863556
57.0,84.61538461538461,73.33333333333333,86.64671494982143
62.0,86.56716417910447,76.31578947368422,88.13993711682535
48.0,82.88288288288288,70.76923076923077,85.36566465650847
48.0,89.10891089108911,80.35714285714286,90.16760017326034
59.0,88.70967741935483,79.71014492753623,89.84110626197645
63.0,86.13138686131386,75.64102564102564,87.80155717671929
67.0,83.33333333333334,71.42857142857143,85.69034126540711
52.0,81.35593220338984,68.57142857142857,84.26377046190325
45.0,87.5,77.77777777777779,88.87692096293046
37.0,90.66666666666666,82.92682926829268,91.45643445784704
54.0,82.56880733944955,70.3125,85.13729964991722
61.0,83.21167883211679,71.25,85.60205461002813
61.0,87.59124087591242,77.92207792207793,88.94407830974995
52.0,83.60655737704919,71.83098591549296,85.8955428330582
47.0,84.0,72.41379310344827,86.1909393171129
53.0,87.27272727272727,77.41935483870968,88.69571316783872
66.0,84.13793103448276,72.61904761904762,86.28657658813302
70.0,81.81818181818183,69.23076923076923,84.58744775269429
54.0,79.33884297520662,65.75342465753424,82.85177616534548
51.0,77.35849056603774,63.07692307692307,81.51452616397266
40.0,88.60759493670885,79.54545454545455,89.76375258135694
52.0,80.3921568627451,67.21311475409836,83.58661123164177
59.0,79.41176470588235,65.85365853658537,82.89889742199765
62.0,87.14285714285714,77.21518987341773,88.58963624170737
55.0,83.87096774193549,72.22222222222221,86.09116058840742
49.0,84.84848484848484,73.68421052631578,86.82714535570986
54.0,87.27272727272727,77.41935483870968,88.69571316783872
67.0,86.11111111111111,75.60975609756098,87.784923545049
70.0,82.89473684210526,70.78651685393258,85.36731705446815
62.0,78.46153846153847,64.55696202531645,82.25055083809464
50.0,78.0952380952381,64.0625,82.00831193278148
41.0,86.74698795180723,76.59574468085107,88.28690305442632
54.0,68.88888888888889,52.54237288135594,76.24326740587888
62.0,78.57142857142857,64.70588235294117,82.32301360120273
67.0,82.35294117647058,70.0,84.97306088240576
57.0,82.8125,70.66666666666667,85.31138732052483
50.0,80.8080808080808,67.79661016949152,83.87935662455747
54.0,85.98130841121495,75.40983606557377,87.68995693164983
69.0,84.93150684931507,73.80952380952381,86.88281195065726
71.0,83.44370860927152,71.5909090909091,85.77051091805248
62.0,78.46153846153847,64.55696202531645,82.25055083809464
52.0,76.92307692307693,62.5,81.22606510292005
42.0,85.36585365853658,74.46808510638297,87.22207629803106
56.0,40.963855421686745,25.757575757575758,62.829943204851006
68.0,75.64102564102564,60.824742268041234,80.37445984643357
66.0,82.1917808219178,69.76744186046511,84.85778111061407
62.0,80.59701492537313,67.5,83.72406328558317
44.0,78.65168539325843,64.81481481481481,82.3884608367367
56.0,73.68421052631578,58.333333333333336,79.14173696841573
70.0,86.3013698630137,75.90361445783132,87.931852326994
72.0,82.35294117647058,70.0,84.97306088240576
63.0,82.17054263565892,69.73684210526315,84.84547749378633
51.0,80.8080808080808,67.79661016949152,83.87935662455747
42.0,82.5,70.2127659574468,85.09242290453558
45.0,83.33333333333334,71.42857142857143,85.69832911623242
48.0,85.43689320388349,74.57627118644068,87.2731750889516
45.0,80.43478260869566,67.27272727272727,83.61841353763809
40.0,86.74698795180723,76.59574468085107,88.28690305442632
41.0,80.89887640449437,67.9245283018868,83.94531161803553
50.0,86.23853211009175,75.80645161290323,87.88826440686255
52.0,83.80952380952381,72.1311475409836,86.04861853232057
46.0,87.75510204081633,78.18181818181819,89.07894092622715
37.0,90.2439024390244,82.22222222222221,91.10313328945531
30.0,86.66666666666667,76.47058823529412,88.22731804586242
22.0,85.1063829787234,74.07407407407408,87.03005880910817
50.0,87.37864077669903,77.58620689655173,88.78013741927185
55.0,85.96491228070175,75.38461538461539,87.67634822934363
50.0,83.80952380952381,72.1311475409836,86.04861853232057
44.0,88.88888888888889,80.0,89.99002712621669
48.0,88.23529411764706,78.94736842105263,89.46171556836877
60.0,89.0625,80.28169014084507,90.12687831130923
65.0,86.36363636363636,76.0,87.9820427382829
54.0,82.75862068965517,70.58823529411765,85.27416871632153
48.0,84.84848484848484,73.68421052631578,86.82714535570986
40.0,81.92771084337349,69.38775510204081,84.67892003037902
30.0,85.24590163934425,74.28571428571429,87.13388406209941
64.0,80.64516129032258,67.56756756756756,83.7598441117573
56.0,85.48387096774194,74.64788732394366,87.30598783331034
58.0,85.71428571428571,75.0,87.48204381309604
48.0,87.37864077669903,77.58620689655173,88.78013741927185
48.0,90.19607843137256,82.14285714285714,91.06145450400388
65.0,89.85507246376811,81.57894736842105,90.77550553159848
69.0,86.52482269503547,76.25,88.10604359972064
65.0,79.1044776119403,65.4320987654321,82.68811809368705
55.0,83.63636363636363,71.875,85.91954667863556
46.0,76.92307692307693,62.5,81.22606510292005
37.0,88.0,78.57142857142857,89.27673995230782
63.0,82.25806451612904,69.86301369863014,84.90956171215795
56.0,82.53968253968253,70.27027027027027,85.11318956016108
60.0,87.6923076923077,78.08219178082192,89.02513387999575
50.0,85.98130841121495,75.40983606557377,87.68995693164983
49.0,89.52380952380953,81.03448275862068,90.50626968627837
66.0,89.20863309352518,80.51948051948052,90.24477438194165
65.0,87.76978417266187,78.2051282051282,89.08560311284046
68.0,82.85714285714286,70.73170731707317,85.3419101651809
55.0,82.14285714285714,69.6969696969697,84.82853671363546
47.0,76.63551401869158,62.121212121212125,81.03567337884681
39.0,82.92682926829268,70.83333333333334,85.40270631406806
63.0,83.72093023255815,72.0,85.97905111527872
65.0,80.0,66.66666666666666,83.30540037243948
61.0,85.5072463768116,74.68354430379746,87.3218188426424
51.0,85.96491228070175,75.38461538461539,87.67634822934363
50.0,89.52380952380953,81.03448275862068,90.50626968627837
64.0,90.9090909090909,83.33333333333334,91.65469444222737
68.0,88.74172185430463,79.76190476190477,89.86398936033733
70.0,84.72222222222221,73.49397590361446,86.72503843569429
56.0,83.47826086956522,71.64179104477611,85.80194403818761
48.0,82.0,69.49152542372882,84.72781118099775
42.0,78.65168539325843,64.81481481481481,82.3884608367367
61.0,83.2,71.23287671232876,85.59549030732549
57.0,78.51851851851852,64.63414634146342,82.28814433566598
64.0,82.51748251748252,70.23809523809523,85.0941059824772
52.0,83.05084745762711,71.01449275362319,85.48729704810651
49.0,87.61904761904762,77.96610169491525,88.97008455980553
61.0,91.33858267716536,84.05797101449275,92.01801140612503
68.0,86.66666666666667,76.47058823529412,88.21533841929738
71.0,83.56164383561644,71.76470588235294,85.85840801450782
57.0,81.35593220338984,68.57142857142857,84.26377046190325
51.0,79.6116504854369,66.12903225806451,83.0435726763545
44.0,77.55102040816327,63.33333333333333,81.64472721954073
65.0,80.0,66.66666666666666,83.3063990529774
60.0,78.32167832167832,64.36781609195403,82.15298226784454
65.0,78.94736842105263,65.21739130434783,82.57676972033579
53.0,84.5528455284553,73.23943661971832,86.60076531329064
52.0,86.23853211009175,75.80645161290323,87.88826440686255
58.0,89.43089430894308,80.88235294117648,90.42820785463883
69.0,86.09271523178808,75.5813953488372,87.76974419115146
71.0,80.0,66.66666666666666,83.30340277223507
64.0,78.19548872180451,64.19753086419753,82.0698371741784
54.0,76.36363636363637,61.76470588235294,80.85642243493321
44.0,80.0,66.66666666666666,83.3143856289973
63.0,79.1044776119403,65.4320987654321,82.68811809368705
62.0,80.0,66.66666666666666,83.3044016121952
61.0,75.49668874172185,60.63829787234043,80.28223678708504
52.0,82.92682926829268,70.83333333333334,85.39571903574398
49.0,85.18518518518519,74.19354838709677,87.08081568566888
57.0,88.52459016393442,79.41176470588235,89.69191642979366
70.0,84.4155844155844,73.03370786516854,86.49290709456467
73.0,84.07643312101911,72.52747252747253,86.23879114300188
62.0,74.82014388489209,59.77011494252874,79.8501440565329
54.0,76.63551401869158,62.121212121212125,81.03567337884681
43.0,79.56989247311827,66.07142857142857,83.01676695928177
62.0,0.0,0.0,49.9382174744898
55.0,0.0,0.0,49.945192920918366
57.0,0.0,0.0,49.92924904336735
48.0,0.0,0.0,49.89736128826531
50.0,0.0,0.0,49.86248405612245
60.0,0.0,0.0,49.85152264030612
74.0,0.0,0.0,49.832589285714285
59.0,0.0,0.0,49.83059630102041
51.0,0.0,0.0,49.83856823979592
43.0,0.0,0.0,49.86547353316326
36.0,0.0,0.0,49.85849808673469
54.0,0.0,0.0,49.94618941326531
61.0,20.588235294117645,11.475409836065573,55.68388682319334
58.0,65.93406593406593,49.18032786885246,74.55925419087738
68.0,79.66101694915254,66.19718309859155,83.07465330995328
70.0,80.0,66.66666666666666,83.3083961749724
90.0,77.70700636942675,63.541666666666664,81.73591364860819
104.0,80.0,66.66666666666666,83.29540918163673
96.0,79.7752808988764,66.35514018691589,83.14164553503063
82.0,81.98757763975155,69.47368421052632,84.70790576521128
67.0,89.55223880597015,81.08108108108108,90.52657294536137
47.0,80.73394495412845,67.6923076923077,83.82520914017762
64.0,78.04878048780488,64.0,81.97306894350463
71.0,79.1044776119403,65.4320987654321,82.68811809368705
76.0,78.26086956521739,64.28571428571429,82.11293016468389
75.0,83.91608391608392,72.28915662650603,86.12163154974435
83.0,86.74698795180723,76.59574468085107,88.27591800544229
106.0,85.85365853658537,75.21367521367522,87.57788855716502
113.0,89.28571428571429,80.64516129032258,90.29861706979585
104.0,86.69950738916256,76.52173913043478,88.23391700172914
82.0,89.1566265060241,80.43478260869566,90.19942794959152
71.0,91.17647058823529,83.78378378378379,91.879919189653
56.0,84.21052631578947,72.72727272727273,86.34568232597279
69.0,84.44444444444444,73.07692307692307,86.51751139979157
77.0,91.02564102564102,83.52941176470588,91.75073522074233
83.0,85.71428571428571,75.0,87.47704911489413
85.0,84.472049689441,73.11827956989248,86.53419366855763
95.0,84.44444444444444,73.07692307692307,86.5105174266851
109.0,86.3849765258216,76.03305785123968,87.98757756390752
120.0,88.70292887029288,79.69924812030075,89.82266180730436
121.0,88.52459016393442,79.41176470588235,89.6779203812227
95.0,88.88888888888889,80.0,89.97803865197254
76.0,85.8974358974359,75.28089887640449,87.61849729387687
73.0,84.72222222222221,73.49397590361446,86.72503843569429
89.0,88.75739644970415,79.7872340425532,89.87465532390529
85.0,85.18518518518519,74.19354838709677,87.07282544387269
90.0,84.33734939759037,72.91666666666666,86.43238833672613
89.0,82.14285714285714,69.6969696969697,84.81854891139024
100.0,84.1025641025641,72.56637168141593,86.25224401134717
120.0,88.31168831168831,79.06976744186046,89.50792362187683
120.0,88.9763779527559,80.1418439716312,90.04295722141875
114.0,90.2654867256637,82.25806451612904,91.10706476994693
90.0,86.95652173913044,76.92307692307693,88.43758445323441
73.0,89.65517241379311,81.25,90.61003322623775
72.0,82.08955223880598,69.62025316455697,84.7861845220642
88.0,85.88235294117646,75.25773195876289,87.60491531774441
94.0,82.55813953488372,70.29702970297029,85.1185777194624
93.0,83.72093023255815,72.0,85.97205811911223
106.0,80.64516129032258,67.56756756756756,83.74785635718551
110.0,86.60714285714286,76.37795275590551,88.15902370317889
131.0,90.97744360902256,83.44827586206897,91.7001643020264
128.0,88.32116788321169,79.08496732026144,89.51051882145326
109.0,85.58558558558559,74.80314960629921,87.36962655930463
86.0,88.76404494382022,79.7979797979798,89.87902862386365
71.0,87.07482993197279,77.10843373493977,88.53525933234856
67.0,85.03937007874016,73.97260273972603,86.96734761701994
86.0,86.22754491017965,75.78947368421053,87.87178458280461
87.0,85.88235294117646,75.25773195876289,87.60491531774441
110.0,84.42211055276381,73.04347826086956,86.49079606567393
106.0,80.87431693989072,67.88990825688074,83.91002538308089
112.0,89.2018779342723,80.50847457627118,90.23127448787203
120.0,90.3765690376569,82.44274809160305,91.19840528331851
126.0,87.60330578512396,77.94117647058823,88.94063017657632
117.0,84.8249027237354,73.64864864864865,86.78537651438964
98.0,84.50704225352112,73.17073170731707,86.55242251619897
89.0,89.14285714285714,80.41237113402062,90.18722273416269
88.0,80.48780487804879,67.3469387755102,83.64153963321509
99.0,87.0,76.99115044247787,88.46962141900691
102.0,85.71428571428571,75.0,87.47105152827966
114.0,89.68609865470853,81.30081300813008,90.62744141100649
139.0,90.84249084249085,83.22147651006712,91.58576422802165
134.0,87.97250859106529,78.52760736196319,89.22883724875653
144.0,91.0299003322259,83.53658536585365,91.74131372651283
137.0,85.71428571428571,75.0,87.45704038204087
122.0,82.03125,69.5364238410596,84.72227714790692
108.0,81.48148148148148,68.75,84.33507027631369
106.0,80.61224489795919,67.52136752136752,83.72275733794388
97.0,79.7752808988764,66.35514018691589,83.14164553503063
96.0,82.16216216216216,69.72477064220183,84.82945118936439
95.0,85.55555555555556,74.75728155339806,87.35269215497006
97.0,87.15083798882681,77.22772277227723,88.59090637795465
111.0,40.28776978417266,25.225225225225223,62.52985756754601
123.0,81.89655172413794,69.34306569343066,84.62960077666881
149.0,75.40983606557377,60.526315789473685,80.20325852567687
140.0,89.13857677902621,80.4054054054054,90.17373572505723
114.0,85.35564853556485,74.45255474452554,87.19132909571206
104.0,86.91588785046729,76.85950413223141,88.40179846908677
88.0,85.54913294797689,74.74747474747475,87.34878826990918
75.0,83.91608391608392,72.28915662650603,86.12163154974435
82.0,46.728971962616825,30.48780487804878,65.18707406072684
82.0,72.86821705426357,57.3170731707317,78.62362665299139
83.0,81.63265306122449,68.96551724137932,84.45582111570123
82.0,77.85234899328859,63.73626373626373,81.8352095647678
79.0,86.8421052631579,76.74418604651163,88.3521369266683
107.0,87.43718592964824,77.67857142857143,88.81433013521645
112.0,86.7579908675799,76.61290322580645,88.27749851691871
106.0,86.3849765258216,76.03305785123968,87.98757756390752
94.0,85.4054054054054,74.52830188679245,87.23720322197578
87.0,83.43558282208589,71.57894736842105,85.76253187851084
60.0,81.30081300813008,68.4931506849315,84.2236331567737
79.0,89.6969696969697,81.31868131868131,90.64237526873748
82.0,91.22807017543859,83.87096774193549,91.92051321345647
91.0,88.88888888888889,80.0,89.98003832641328
94.0,85.55555555555556,74.75728155339806,87.35269215497006
91.0,87.75510204081633,78.18181818181819,89.06695221328881
121.0,87.28813559322035,77.44360902255639,88.69184824742342
124.0,89.34426229508196,80.74074074074075,90.34440516374724
108.0,86.11111111111111,75.60975609756098,87.77492776624949
89.0,90.60773480662984,82.82828282828282,91.39717331416936
77.0,86.8421052631579,76.74418604651163,88.3521369266683
63.0,85.9504132231405,75.36231884057972,87.66420147599172
80.0,91.76470588235294,84.78260869565217,92.3773317341489
98.0,86.15384615384616,75.67567567567568,87.81088742659453
91.0,91.8918918918919,85.0,92.48502725040426
98.0,88.65979381443299,79.62962962962963,89.79285434366288
100.0,89.2156862745098,80.53097345132744,90.24352406219163
127.0,85.9504132231405,75.36231884057972,87.64720830988884
128.0,90.0398406374502,81.88405797101449,90.9170604458672
121.0,89.34426229508196,80.74074074074075,90.34440516374724
98.0,87.8048780487805,78.26086956521739,89.10547770877568
84.0,83.23699421965318,71.28712871287128,85.61462455123046
75.0,81.63265306122449,68.96551724137932,84.45582111570123
87.0,88.29787234042553,79.04761904761905,89.50185036783962
86.0,87.91208791208791,78.43137254901961,89.19372843356442
91.0,89.24731182795699,80.58252427184466,90.27129926685879
100.0,91.4572864321608,84.25925925925925,92.11265848058301
124.0,86.19246861924687,75.73529411764706,87.83469516858328
130.0,91.11969111969111,83.68794326241135,91.82099828029273
128.0,88.97338403041825,80.13698630136986,90.03952733035293
117.0,87.44588744588745,77.6923076923077,88.81719728100157
95.0,87.75510204081633,78.18181818181819,89.06695221328881
85.0,85.88235294117646,75.25773195876289,87.60491531774441
93.0,78.26086956521739,64.28571428571429,82.10793606449425
95.0,88.88888888888889,80.0,89.97803865197254
96.0,87.87878787878788,78.37837837837837,89.1652318332827
110.0,87.61904761904762,77.96610169491525,88.9570944541983
114.0,88.98678414096916,80.15873015873017,90.05440252319933
132.0,86.63967611336032,76.42857142857142,88.18133119152711
130.0,91.82879377431907,84.89208633093526,92.42506749724278
133.0,88.80597014925374,79.86577181208054,89.90292006709666
112.0,86.80851063829788,76.69172932330827,88.31491047385208
111.0,83.9622641509434,72.35772357723577,86.1449208458583
102.0,80.21390374331551,66.96428571428571,83.44521744647241
89.0,76.92307692307693,62.5,81.2140833266821
87.0,88.04347826086956,78.64077669902912,89.29843007024517
89.0,86.31578947368422,75.92592592592592,87.937011751241
102.0,91.0,83.4862385321101,91.72514981412333
112.0,89.28571428571429,80.64516129032258,90.29861706979585
130.0,88.9763779527559,80.1418439716312,90.04295722141875
128.0,88.35341365461848,79.13669064748201,89.53938355327801
127.0,90.19607843137256,82.14285714285714,91.04645903426392
127.0,85.71428571428571,75.0,87.46404889350484
109.0,83.78378378378379,72.09302325581395,86.01057128886977
107.0,82.0,69.49152542372882,84.70983026486476
107.0,78.94736842105263,65.21739130434783,82.56877628928694
90.0,85.42713567839196,74.56140350877193,87.25175443850087
94.0,88.2051282051282,78.89908256880734,89.42658261001756
119.0,88.60759493670885,79.54545454545455,89.74576555836167
127.0,90.63670411985018,82.87671232876713,91.4133836341668
143.0,89.37728937728939,80.79470198675497,90.36838227958837
140.0,90.03690036900369,81.87919463087249,90.91262644397742
142.0,87.54208754208754,77.84431137724552,88.88518969733474
121.0,83.46456692913385,71.62162162162163,85.76886952860589
116.0,82.51121076233184,70.22900763358778,85.0755692269049
123.0,80.55555555555556,67.44186046511628,83.6790048597218
107.0,64.1711229946524,47.24409448818898,73.55520232430838
89.0,90.625,82.85714285714286,91.41060341164156
96.0,88.3248730964467,79.0909090909091,89.52249541271082
105.0,89.2018779342723,80.50847457627118,90.23127448787203
108.0,87.55364806866953,77.86259541984732,88.90234056649592
137.0,85.49019607843137,74.65753424657534,87.29181663693937
139.0,83.26848249027238,71.33333333333334,85.62372592489031
137.0,90.71428571428571,83.00653594771242,91.47729342891027
123.0,86.74698795180723,76.59574468085107,88.26491715947162
107.0,84.30493273542601,72.86821705426357,86.39916583314991
105.0,82.17821782178217,69.74789915966386,84.83801641551756
99.0,80.21978021978022,66.97247706422019,83.45031253965455
153.0,0.0,0.0,49.68809789540816
150.0,0.0,0.0,49.674147002551024
141.0,0.0,0.0,49.717992665816325
140.0,0.0,0.0,49.80767697704081
144.0,0.0,0.0,49.798708545918366
140.0,0.0,0.0,49.80668048469388
136.0,0.0,0.0,49.80269451530612
130.0,0.0,0.0,49.85052614795919
123.0,0.0,0.0,49.8664700255102
110.0,0.0,0.0,49.88540338010204
96.0,0.0,0.0,49.8844068877551
42.0,83.54430379746836,71.73913043478261,85.85660229135975
68.0,90.9090909090909,83.33333333333334,91.65469444222737
90.0,89.72972972972974,81.37254901960785,90.66730978419355
105.0,90.66666666666666,82.92682926829268,91.44244566821591
118.0,93.33333333333333,87.5,93.73402045381911
114.0,96.55172413793103,93.33333333333333,96.65867689357623
107.0,92.44444444444444,85.9504132231405,92.95823105636973
112.0,91.37931034482759,84.12698412698413,92.04352002434688
98.0,91.86602870813397,84.95575221238938,92.46090326274421
73.0,89.171974522293,80.45977011494253,90.2129210212281
58.0,87.8048780487805,78.26086956521739,89.11547129352206
36.0,88.0,78.57142857142857,89.27673995230782
13.0,73.33333333333333,57.89473684210527,78.93939473421918
48.0,85.0574712643678,74.0,86.98703603980933
73.0,94.28571428571428,89.1891891891892,94.5866121559596
94.0,90.45226130653266,82.56880733944955,91.26543629361169
114.0,91.06382978723404,83.59375,91.77590394006272
122.0,91.59663865546219,84.49612403100775,92.22808877963993
128.0,88.37209302325581,79.16666666666666,89.55337048726247
119.0,90.83333333333333,83.20610687022901,91.58108287566418
122.0,94.6938775510204,89.92248062015504,94.94825589137996
113.0,92.98245614035088,86.88524590163934,93.4266453195035
82.0,84.91620111731844,73.7864077669903,86.86625777571071
58.0,83.5820895522388,71.7948717948718,85.8754885710193
39.0,70.83333333333334,54.83870967741935,77.39143413351243
20.0,50.70422535211267,33.9622641509434,66.94624232707662
50.0,85.71428571428571,75.0,87.4870355226679
79.0,90.19607843137256,82.14285714285714,91.05646060288126
102.0,87.96296296296296,78.51239669421489,89.2302403989834
117.0,89.45147679324894,80.91603053435115,90.43305021824408
125.0,88.16326530612245,78.83211678832117,89.38709778059504
129.0,88.715953307393,79.72027972027972,89.83117577560469
125.0,93.17269076305222,87.21804511278195,93.59204293194033
126.0,92.3076923076923,85.71428571428571,92.83816638796463
115.0,92.17391304347827,85.48387096774194,92.72396064864029
90.0,89.01098901098901,80.19801980198021,90.07904782892702
64.0,86.76470588235294,76.62337662337663,88.29373033335762
41.0,68.57142857142857,52.17391304347826,76.05404866374153
24.0,50.54945054945055,33.82352941176471,66.86690198580578
65.0,93.54838709677419,87.87878787878788,93.93141277494205
102.0,92.78350515463917,86.53846153846155,93.25525480788428
120.0,86.48648648648648,76.19047619047619,88.06528601856078
122.0,85.08771929824562,74.04580152671755,86.98895439861506
122.0,87.17948717948718,77.27272727272727,88.60640797074875
126.0,86.80851063829788,76.69172932330827,88.31491047385208
108.0,91.34615384615384,84.070796460177,92.0174273429257
112.0,85.71428571428571,75.0,87.4700515114004
85.0,87.42514970059881,77.6595744680851,88.80883040511016
79.0,88.74172185430463,79.76190476190477,89.86398936033733
51.0,89.0909090909091,80.32786885245902,90.15196482900645
39.0,89.47368421052632,80.95238095238095,90.4682131318484
53.0,0.0,0.0,49.947185905612244
83.0,90.9090909090909,83.33333333333334,91.65269628387817
110.0,91.42857142857143,84.21052631578947,92.08729191188834
131.0,86.16600790513834,75.69444444444444,87.81226905946032
132.0,82.78688524590164,70.62937062937063,85.27274822032685
130.0,84.70588235294117,73.46938775510205,86.6957468455146
132.0,86.80851063829788,76.69172932330827,88.31491047385208
124.0,83.56807511737088,71.7741935483871,85.8521575684116
108.0,85.27918781725889,74.33628318584071,87.13919485491827
82.0,84.07643312101911,72.52747252747253,86.23879114300188
73.0,90.27777777777779,82.27848101265823,91.12527151748435
52.0,87.37864077669903,77.58620689655173,88.78013741927185
41.0,71.64179104477611,55.81395348837209,77.88803432912783
32.0,0.0,0.0,49.96811224489796
93.0,93.54838709677419,87.87878787878788,93.9274152614407
119.0,88.98678414096916,80.15873015873017,90.05440252319933
130.0,83.46456692913385,71.62162162162163,85.76886952860589
138.0,76.98412698412699,62.58064516129033,81.23241407608236
130.0,83.26530612244898,71.32867132867133,85.62339625466197
125.0,83.10502283105022,71.09375,85.50993779325147
121.0,84.65116279069768,73.38709677419355,86.66060439188863
105.0,80.0,66.66666666666666,83.29540918163673
85.0,78.48101265822784,64.58333333333334,82.25774401032314
75.0,86.66666666666667,76.47058823529412,88.21533841929738
44.0,85.71428571428571,75.0,87.48603741971517
46.0,43.333333333333336,27.659574468085108,63.79589771387829
21.0,57.77777777777777,40.625,70.29356173873174
103.0,91.34615384615384,84.070796460177,92.0174273429257
125.0,84.67741935483872,73.42657342657343,86.67534059677216
125.0,76.59574468085107,62.06896551724138,80.97957719618807
124.0,80.49792531120332,67.36111111111111,83.63362969840985
134.0,84.67741935483872,73.42657342657343,86.67534059677216
124.0,85.06787330316742,74.01574803149606,86.97492804713656
116.0,82.0754716981132,69.6,84.76206751981472
93.0,80.0,66.66666666666666,83.29740805790622
83.0,77.70700636942675,63.541666666666664,81.73591364860819
67.0,87.76978417266187,78.2051282051282,89.08560311284046
39.0,74.46808510638297,59.32203389830508,79.63708443883164
44.0,56.09756097560976,38.983050847457626,69.45563524766756
16.0,33.33333333333333,20.0,59.97209432119437
113.0,91.4798206278027,84.29752066115702,92.12978840902241
125.0,86.82170542635659,76.71232876712328,88.32220784792726
117.0,71.74887892376681,55.94405594405595,77.90914870022982
123.0,82.84518828451883,70.71428571428572,85.31620590005677
133.0,86.88524590163934,76.81159420289855,88.37384183881696
128.0,79.63800904977376,66.16541353383458,83.0377858277702
111.0,84.61538461538461,73.33333333333333,86.6347228877176
89.0,79.53216374269006,66.01941747572816,82.97478417492003
78.0,80.79470198675497,67.77777777777779,83.85995543583093
67.0,80.88235294117648,67.90123456790124,83.92468005205181
37.0,69.56521739130434,53.333333333333336,76.63874707509041
42.0,45.33333333333333,29.310344827586203,64.61430238049898
14.0,32.25806451612903,19.230769230769234,59.59445619059739
53.0,86.02150537634408,75.47169811320755,87.72288432068547
72.0,92.85714285714286,86.66666666666667,93.32335548415851
91.0,89.23076923076924,80.55555555555556,90.25681509135961
111.0,91.77489177489177,84.8,92.38102656281207
116.0,91.59663865546219,84.49612403100775,92.22808877963993
110.0,94.17040358744396,88.98305084745762,94.4785438575528
112.0,93.69369369369369,88.13559322033898,94.05381674118082
114.0,92.3076923076923,85.71428571428571,92.84016797996108
107.0,93.39622641509435,87.61061946902655,93.79133126136192
74.0,86.22754491017965,75.78947368421053,87.87178458280461
60.0,82.17054263565892,69.73684210526315,84.84547749378633
38.0,78.04878048780488,64.0,81.98205169112956
45.0,48.38709677419355,31.914893617021278,65.92554951778678
50.0,86.95652173913044,76.92307692307693,88.44957101299849
76.0,92.95774647887323,86.8421052631579,93.4110745832852
98.0,89.75609756097562,81.41592920353983,90.6869998225989
115.0,89.95633187772926,81.74603174603175,90.85004940406054
123.0,86.91983122362869,76.86567164179104,88.40188101491226
126.0,88.70292887029288,79.69924812030075,89.82266180730436
118.0,92.7038626609442,86.4,93.1830230885995
121.0,92.64069264069265,86.29032258064517,93.1281847179924
115.0,94.17040358744396,88.98305084745762,94.4785438575528
92.0,91.20879120879121,83.83838383838383,91.90322162394109
62.0,78.46153846153847,64.55696202531645,82.25055083809464
39.0,76.92307692307693,62.5,81.22905905346923
56.0,44.44444444444444,28.57142857142857,64.24584187742082
56.0,89.32038834951457,80.7017543859649,90.33990571881529
82.0,90.32258064516128,82.35294117647058,91.16150232096192
105.0,88.47926267281106,79.33884297520662,89.64446142370555
119.0,88.03418803418803,78.62595419847328,89.28501791963885
123.0,89.34426229508196,80.74074074074075,90.34440516374724
131.0,88.18897637795276,78.87323943661971,89.4066580692207
124.0,93.33333333333333,87.5,93.73402045381911
123.0,91.84549356223177,84.92063492063492,92.44134364418373
115.0,94.11764705882352,88.88888888888889,94.4314631375264
92.0,88.76404494382022,79.7979797979798,89.87902862386365
80.0,87.83783783783784,78.3132530120482,89.1386663775094
45.0,75.51020408163265,60.65573770491803,80.30393538749163
57.0,19.047619047619047,10.526315789473683,55.21233070717455
74.0,87.14285714285714,77.21518987341773,88.58963624170737
102.0,91.83673469387756,84.90566037735849,92.43685766142613
120.0,89.36170212765957,80.76923076923077,90.35965083427686
126.0,82.70042194092827,70.50359712230215,85.21086242152889
132.0,82.39999999999999,70.06802721088435,84.9900777517885
138.0,86.82170542635659,76.71232876712328,88.32220784792726
115.0,91.32420091324201,84.03361344537815,91.9978355588581
116.0,88.37209302325581,79.16666666666666,89.55837376782945
100.0,87.09677419354838,77.14285714285715,88.54747408495287
87.0,85.16129032258064,74.15730337078652,87.05570217431763
80.0,86.7132867132867,76.5432098765432,88.25264815972669
64.0,76.92307692307693,62.5,81.22307055514553
63.0,8.955223880597014,4.6875,52.28296033225042
82.0,92.99363057324841,86.90476190476191,93.44140356579732
108.0,92.01877934272301,85.21739130434783,92.59172213086715
132.0,87.05882352941177,77.08333333333334,88.50870951096907
140.0,81.99233716475096,69.48051948051948,84.6933245108763
135.0,87.08487084870849,77.12418300653596,88.52713205622655
133.0,88.09523809523809,78.72340425531915,89.3317410770254
121.0,90.66666666666666,82.92682926829268,91.44244566821591
117.0,90.17857142857143,82.11382113821138,91.03494351967983
95.0,85.22727272727273,74.25742574257426,87.1027652854106
85.0,85.35031847133759,74.44444444444444,87.19927225315479
58.0,85.48387096774194,74.64788732394366,87.30598783331034
49.0,77.68595041322314,63.51351351351351,81.72982623749645
54.0,74.07407407407408,58.82352941176471,79.38384065928909
96.0,91.48936170212765,84.31372549019608,92.14089149335119
118.0,90.2127659574468,82.17054263565892,91.06230347281247
132.0,83.46456692913385,71.62162162162163,85.76886952860589
144.0,78.32699619771863,64.375,82.13058309867594
136.0,86.66666666666667,76.47058823529412,88.19933654757975
128.0,88.79668049792531,79.8507462686567,89.89841034298041
121.0,88.78923766816143,79.83870967741935,89.89439327951084
107.0,89.95215311004785,81.73913043478261,90.84859960100218
91.0,81.92771084337349,69.38775510204081,84.6639422113541
82.0,86.79245283018868,76.66666666666667,88.3123781773671
71.0,90.37037037037037,82.43243243243244,91.20324604760403
66.0,84.13793103448276,72.61904761904762,86.28657658813302
40.0,60.0,42.857142857142854,71.3926783898269
104.0,91.86602870813397,84.95575221238938,92.46090326274421
124.0,85.59670781893004,74.82014388489209,87.3751222699744
128.0,79.83193277310924,66.43356643356644,83.16886085101575
141.0,77.99227799227799,63.92405063291139,81.90511068839778
135.0,88.14814814814815,78.80794701986756,89.37200994839394
132.0,86.19246861924687,75.73529411764706,87.83469516858328
118.0,90.7488986784141,83.06451612903226,91.5112886798178
106.0,86.40776699029125,76.06837606837607,88.00623666956248
90.0,82.14285714285714,69.6969696969697,84.81854891139024
77.0,87.17948717948718,77.27272727272727,88.61640674325275
63.0,85.92592592592592,75.32467532467533,87.64338239676441
52.0,69.62962962962963,53.40909090909091,76.66365096233537
23.0,68.75,52.38095238095239,76.17053760133076
111.0,89.49771689497716,80.99173553719008,90.47290359270941
128.0,85.71428571428571,75.0,87.46304803755119
141.0,74.30830039525692,59.11949685534591,79.4948548531352
136.0,84.52830188679246,73.20261437908496,86.56035960245396
132.0,87.35632183908046,77.55102040816327,88.74255107340367
136.0,84.08163265306122,72.53521126760563,86.22866249079162
115.0,88.78923766816143,79.83870967741935,89.89439327951084
102.0,84.26395939086294,72.80701754385966,86.37256632488133
87.0,75.32467532467533,60.416666666666664,80.17042280218683
75.0,86.07594936708861,75.55555555555556,87.75582519535581
58.0,78.87323943661971,65.11627906976744,82.52821136249744
48.0,67.1875,50.588235294117645,75.25222907067202
21.0,60.317460317460316,43.18181818181818,71.56598734519065
135.0,10.92436974789916,5.777777777777778,52.677577763158766
137.0,62.35294117647059,45.2991452991453,72.5217515990434
148.0,70.29972752043598,54.20168067226891,76.9919426999125
149.0,58.47953216374269,41.32231404958678,70.51937253721451
149.0,65.66037735849056,48.87640449438202,74.34736393937891
146.0,87.91208791208791,78.43137254901961,89.18272319316091
138.0,91.66666666666666,84.61538461538461,92.28571648110156
130.0,93.17269076305222,87.21804511278195,93.59204293194033
115.0,90.29535864978902,82.3076923076923,91.13087785010532
103.0,78.83817427385893,65.06849315068493,82.48332906171454
84.0,72.72727272727273,57.14285714285714,78.51154355066842
72.0,73.29842931937172,57.85123966942148,78.87472772598126
64.0,75.64102564102564,60.824742268041234,80.37445984643357
43.0,85.36585365853658,74.46808510638297,87.22207629803106
52.0,82.6923076923077,70.49180327868852,85.22794939232135
65.0,91.04477611940298,83.56164383561644,91.7688494544739
95.0,94.68085106382979,89.8989898989899,94.93951231927153
110.0,89.30232558139535,80.67226890756302,90.31317119499558
113.0,92.51101321585902,86.0655737704918,93.0158109910157
115.0,95.27896995708154,90.98360655737704,95.48081756012266
110.0,94.27312775330397,89.16666666666667,94.57035124861025
109.0,91.77489177489177,84.8,92.38102656281207
99.0,79.27927927927928,65.67164179104478,82.78990171328313
68.0,75.90361445783132,61.165048543689316,80.54261446800135
42.0,50.54945054945055,33.82352941176471,66.86690198580578
41.0,85.0,73.91304347826086,86.94455572261732
55.0,87.37864077669903,77.58620689655173,88.78013741927185
66.0,90.22556390977444,82.1917808219178,91.08292050114966
96.0,93.4010152284264,87.61904761904762,93.79654561289415
114.0,94.73684210526315,90.0,94.98801629783495
125.0,91.9831223628692,85.15625,92.55915042592926
119.0,95.0,90.47619047619048,95.22611009966688
115.0,94.78260869565217,90.08264462809917,95.02933837253123
112.0,91.37931034482759,84.12698412698413,92.04352002434688
99.0,80.0,66.66666666666666,83.29041059426365
63.0,76.92307692307693,62.5,81.2140833266821
34.0,66.66666666666666,50.0,74.97507527267652
43.0,85.71428571428571,75.0,87.48803350618269
54.0,89.10891089108911,80.35714285714286,90.16760017326034
66.0,90.07633587786259,81.94444444444444,90.95925257120561
97.0,94.30051813471503,89.2156862745098,94.59686180551886
111.0,94.11764705882352,88.88888888888889,94.4314631375264
122.0,94.0677966101695,88.8,94.38601817637071
120.0,93.22033898305084,87.3015873015873,93.634814742952
117.0,91.13924050632912,83.72093023255815,91.83949363749022
121.0,89.79591836734694,81.48148148148148,90.71577369723815
104.0,79.82456140350878,66.42335766423358,83.1657568994024
67.0,76.5432098765432,62.0,80.96208644291016
39.0,45.45454545454545,29.411764705882355,64.66999790087682
45.0,86.04651162790698,75.51020408163265,87.74313530833263
57.0,87.85046728971963,78.33333333333333,89.15370012035615
65.0,89.76377952755905,81.42857142857143,90.70131658082336
100.0,88.54166666666666,79.43925233644859,89.69766613548389
112.0,94.17040358744396,88.98305084745762,94.4785438575528
121.0,94.51476793248945,89.60000000000001,94.78701661872803
121.0,91.91489361702128,85.03937007874016,92.5007108442754
116.0,87.4493927125506,77.6978417266187,88.81796296604962
118.0,85.6,74.82517482517483,87.3766370241235
109.0,79.83193277310924,66.43356643356644,83.16886085101575
72.0,76.19047619047619,61.53846153846154,80.72932016897533
41.0,53.333333333333336,36.36363636363637,68.15390749601275
49.0,89.13043478260869,80.3921568627451,90.18610535866884
58.0,86.48648648648648,76.19047619047619,88.0802763971851
66.0,85.71428571428571,75.0,87.48104511263193
103.0,91.37055837563452,84.11214953271028,92.0391039561487
116.0,93.80530973451327,88.33333333333333,94.15268623926502
121.0,92.76595744680851,86.5079365079365,93.23699100348391
119.0,92.24137931034483,85.6,92.78202480576803
118.0,91.13924050632912,83.72093023255815,91.83949363749022
123.0,88.25910931174089,78.98550724637681,89.46379243118568
112.0,79.50819672131148,65.98639455782312,82.94327615428847
78.0,67.64705882352942,51.11111111111111,75.48969649394739
44.0,0.6896551724137931,0.34602076124567477,49.88601486492777
57.0,89.65517241379311,81.25,90.61302968637779
61.0,91.93548387096774,85.07462686567165,92.52733717632631
65.0,92.42424242424242,85.91549295774648,92.94776942609462
101.0,90.25641025641026,82.2429906542056,91.1025287083518
120.0,93.22033898305084,87.3015873015873,93.634814742952
112.0,90.04329004329004,81.88976377952756,90.92191496213957
106.0,83.9506172839506,72.3404255319149,86.13127040065808
119.0,89.45147679324894,80.91603053435115,90.43305021824408
129.0,63.37662337662338,46.38783269961977,73.05306846552492
120.0,68.04733727810651,51.569506726457405,75.67688496267738
100.0,56.61538461538461,39.48497854077253,69.60172575309531
71.0,36.29893238434164,22.17391304347826,60.908402905779035
45.0,33.980582524271846,20.46783625730994,60.0983005701699
55.0,93.45794392523365,87.71929824561403,93.85266671846595
58.0,92.56198347107438,86.15384615384616,93.0679446252072
79.0,84.61538461538461,73.33333333333333,86.64271935076165
100.0,93.81443298969072,88.3495145631068,94.16277764693226
100.0,89.10891089108911,80.35714285714286,90.15660920359838
83.0,83.33333333333334,71.42857142857143,85.68234703654699
102.0,86.23853211009175,75.80645161290323,87.87327492589571
106.0,84.93150684931507,73.80952380952381,86.8718165939778
100.0,86.66666666666667,76.47058823529412,88.20734163686438
93.0,83.93782383419689,72.32142857142857,86.1297730740165
58.0,79.3103448275862,65.71428571428571,82.83320509532359
48.0,47.12643678160919,30.82706766917293,65.32178156571243
54.0,56.470588235294116,39.34426229508197,69.59832010381292
62.0,82.44274809160305,70.12987012987013,85.04199104833556
84.0,85.53459119496856,74.72527472527473,87.33968693555984
96.0,94.84536082474226,90.19607843137256,95.0880559875096
101.0,90.54726368159204,82.72727272727273,91.34466860881956
84.0,86.17021276595744,75.70093457943925,87.82451659603763
110.0,89.30232558139535,80.67226890756302,90.31317119499558
115.0,88.58447488584474,79.50819672131148,89.7291377983442
111.0,88.18181818181819,78.86178861788618,89.40493532413907
86.0,89.36170212765957,80.76923076923077,90.36465211702776
61.0,43.51464435146444,27.807486631016044,63.76907728725808
44.0,88.37209302325581,79.16666666666666,89.573360857367
53.0,88.67924528301887,79.66101694915254,89.81853935490503
63.0,93.93939393939394,88.57142857142857,94.27773248422169
93.0,91.97860962566845,85.14851485148515,92.55928437722989
107.0,91.50943396226415,84.34782608695653,92.15594143861394
111.0,93.69369369369369,88.13559322033898,94.05381674118082
113.0,92.92035398230088,86.77685950413223,93.37245243984947
109.0,93.63636363636364,88.03418803418803,94.00311442729512
112.0,94.5945945945946,89.74358974358975,94.85981188763239
97.0,81.15942028985508,68.29268292682927,84.10741309161874
69.0,77.92207792207793,63.829787234042556,81.88097231444326
40.0,64.61538461538461,47.72727272727273,73.84070744328943
42.0,86.41975308641975,76.08695652173914,88.03250919363916
53.0,90.56603773584906,82.75862068965517,91.36933587945893
67.0,88.7218045112782,79.72972972972973,89.8498998829226
96.0,93.87755102040816,88.46153846153845,94.21878935695723
110.0,94.11764705882352,88.88888888888889,94.4314631375264
121.0,92.64069264069265,86.29032258064517,93.1281847179924
118.0,92.7038626609442,86.4,93.1830230885995
117.0,94.87179487179486,90.2439024390244,95.10996679925853
112.0,92.98245614035088,86.88524590163934,93.4266453195035
101.0,84.36018957345972,72.95081967213115,86.44246715632832
69.0,84.72222222222221,73.49397590361446,86.72503843569429
37.0,73.97260273972603,58.69565217391305,79.32888253873024
45.0,85.0574712643678,74.0,86.98703603980933
56.0,91.58878504672897,84.48275862068965,92.23240211242754
66.0,89.39393939393939,80.82191780821918,90.39699158763015
96.0,94.35897435897435,89.32038834951457,94.64921262376296
111.0,95.02262443438913,90.51724137931035,95.24763628750623
120.0,94.82758620689656,90.1639344262295,95.06998303223352
118.0,93.22033898305084,87.3015873015873,93.634814742952
116.0,94.82758620689656,90.1639344262295,95.06998303223352
116.0,92.76595744680851,86.5079365079365,93.23699100348391
100.0,84.40366972477065,73.01587301587301,86.47399353213585
69.0,86.89655172413792,76.82926829268293,88.39567698951589
42.0,76.5432098765432,62.0,80.98105494067205
45.0,85.39325842696628,74.50980392156863,87.24193774202809
58.0,88.88888888888889,80.0,89.98803064155761
68.0,89.55223880597015,81.08108108108108,90.52657294536137
99.0,94.84536082474226,90.19607843137256,95.0880559875096
110.0,95.85253456221197,92.03539823008849,96.00871205640868
120.0,94.37229437229438,89.34426229508196,94.65914854422942
120.0,94.0677966101695,88.8,94.38601817637071
114.0,92.76595744680851,86.5079365079365,93.23699100348391
118.0,92.37288135593221,85.8267716535433,92.89540991449411
105.0,87.20379146919431,77.31092436974791,88.62850746879695
74.0,90.27777777777779,82.27848101265823,91.12527151748435
39.0,81.81818181818183,69.23076923076923,84.59942929029486
45.0,87.64044943820225,78.0,88.98903005764205
59.0,91.22807017543859,83.87096774193549,91.9255086096159
67.0,90.07633587786259,81.94444444444444,90.95925257120561
101.0,92.2279792746114,85.57692307692307,92.77348759312642
110.0,93.63636363636364,88.03418803418803,94.00311442729512
121.0,94.0677966101695,88.8,94.38601817637071
123.0,92.82700421940928,86.61417322834646,93.29010902459147
114.0,93.22033898305084,87.3015873015873,93.634814742952
119.0,92.82700421940928,86.61417322834646,93.29010902459147
107.0,87.44186046511628,77.68595041322314,88.81601941411127
77.0,91.15646258503402,83.75,91.8620282783532
41.0,76.74418604651163,62.264150943396224,81.11213250857266
56.0,84.11214953271028,72.58064516129032,86.27336700425529
58.0,90.9090909090909,83.33333333333334,91.6556932224018
63.0,91.6030534351145,84.50704225352112,92.2425465876912
97.0,91.75257731958763,84.76190476190476,92.36498017259493
116.0,93.85964912280701,88.42975206611571,94.200895326433
116.0,91.21338912133892,83.84615384615385,91.90210502541977
115.0,93.06122448979592,87.02290076335878,93.49447143557256
122.0,92.24806201550388,85.61151079136691,92.78577816972104
129.0,90.07633587786259,81.94444444444444,90.94625234727715
108.0,85.95744680851064,75.3731343283582,87.65361659004031
90.0,80.19801980198021,66.94214876033058,83.43115023603913
58.0,78.18181818181819,64.17910447761194,82.06561590944207
50.0,83.87096774193549,72.22222222222221,86.09615209880484
53.0,90.9090909090909,83.33333333333334,91.6576901850485
60.0,89.25619834710744,80.59701492537313,90.28553910547816
73.0,84.21052631578947,72.72727272727273,86.33969000348311
100.0,90.35532994923858,82.4074074074074,91.18473670627922
106.0,91.9431279620853,85.08771929824562,92.52688646675095
104.0,88.58447488584474,79.50819672131148,89.7291377983442
106.0,89.86784140969164,81.6,90.77703398969525
113.0,88.0,78.57142857142857,89.25875580177954
106.0,84.070796460177,72.51908396946564,86.22360021040723
88.0,85.55555555555556,74.75728155339806,87.35269215497006
65.0,82.64462809917356,70.4225352112676,85.19032039261062
49.0,86.31578947368422,75.92592592592592,87.94999796844816
53.0,90.56603773584906,82.75862068965517,91.36933587945893
59.0,89.65517241379311,81.25,90.61302968637779
84.0,86.58536585365853,76.34408602150538,88.150089113936
99.0,93.93939393939394,88.57142857142857,94.27373417270188
111.0,93.63636363636364,88.03418803418803,94.00311442729512
107.0,92.23744292237443,85.59322033898306,92.77963563129882
113.0,91.70305676855895,84.67741935483872,92.31973661916209
119.0,89.17748917748918,80.46875,90.2094114467877
113.0,85.71428571428571,75.0,87.46705074185755
84.0,89.3854748603352,80.8080808080808,90.38507681413303
59.0,80.0,66.66666666666666,83.31139126040586
46.0,35.714285714285715,21.73913043478261,60.83368434189794
53.0,83.49514563106796,71.66666666666667,85.81637843336725
63.0,84.48275862068965,73.13432835820896,86.5492097832699
88.0,0.0,0.0,49.91230867346938
99.0,87.00564971751412,77.0,88.47704545000899
108.0,68.29268292682927,51.85185185185185,75.87405042712305
107.0,0.0,0.0,49.89337531887755
113.0,0.0,0.0,49.88739636479592
112.0,0.0,0.0,49.888392857142854
100.0,0.0,0.0,49.90035076530612
67.0,0.0,0.0,49.9332350127551
44.0,0.0,0.0,49.95615433673469
67.0,78.87323943661971,65.11627906976744,82.52821136249744
86.0,87.43169398907104,77.66990291262135,88.81199553168597
84.0,85.1063829787234,74.07407407407408,87.00909069401564
54.0,57.2972972972973,40.15151515151515,69.99695143885435
30.0,39.34426229508197,24.489795918367346,62.171122237377965
79.0,76.92307692307693,62.5,81.2140833266821
95.0,85.86387434554975,75.22935779816514,87.58772956383284
93.0,83.17757009345794,71.2,85.56406253119572
94.0,77.39130434782608,63.12056737588653,81.50837401078152
39.0,46.75324675324675,30.508474576271187,65.17246624705064
87.0,79.3103448275862,65.71428571428571,82.82121973262932
97.0,88.3248730964467,79.0909090909091,89.52249541271082
89.0,80.55555555555556,67.44186046511628,83.6790048597218
102.0,76.19047619047619,61.53846153846154,80.70932661587614
108.0,74.13127413127413,58.895705521472394,79.38095978949019
92.0,81.9672131147541,69.44444444444444,84.68928874784048
98.0,88.44221105527639,79.27927927927928,89.61668004852001
94.0,81.81818181818183,69.23076923076923,84.5754532972518
101.0,73.72549019607844,58.38509316770186,79.12565628394277
105.0,71.16104868913857,55.23255813953488,77.53940360801548
96.0,83.50515463917526,71.68141592920354,85.80876864930084
105.0,87.1559633027523,77.23577235772358,88.58993146549744
114.0,88.16326530612245,78.83211678832117,89.38709778059504
103.0,74.52471482889734,59.3939393939394,79.63007405417247
113.0,74.55197132616487,59.42857142857143,79.64338780727182
98.0,85.27918781725889,74.33628318584071,87.13919485491827
106.0,86.7579908675799,76.61290322580645,88.27749851691871
113.0,89.43089430894308,80.88235294117648,90.41521074534555
102.0,73.20754716981132,57.738095238095234,78.79815962208282
109.0,78.32699619771863,64.375,82.13058309867594
103.0,84.31372549019608,72.88135593220339,86.40873546260799
109.0,88.18181818181819,78.86178861788618,89.40493532413907
111.0,88.79668049792531,79.8507462686567,89.89841034298041
107.0,74.53874538745387,59.411764705882355,79.6369856979237
114.0,72.72727272727273,57.14285714285714,78.49053858181445
102.0,82.92682926829268,70.83333333333334,85.38173025094329
111.0,86.48648648648648,76.19047619047619,88.06528601856078
117.0,89.32806324110672,80.71428571428572,90.3301768343316
104.0,73.60594795539033,58.235294117647065,79.04675623069885
124.0,76.6773162939297,62.17616580310881,81.01516457008564
171.0,75.0,60.0,79.89804689842673
106.0,82.11382113821138,69.6551724137931,84.78365210804483
134.0,79.14110429447852,65.48223350253807,82.67318061124065
147.0,69.6078431372549,53.383458646616546,76.56781358600963
183.0,78.1038374717833,64.07407407407408,81.94004285668785
155.0,80.67226890756302,67.6056338028169,83.73386103316413
100.0,87.67123287671232,78.04878048780488,88.99743337489285
132.0,86.50519031141869,76.21951219512195,88.07079583702672
106.0,63.25301204819277,46.25550660792951,73.00592629831279
164.0,83.72093023255815,72.0,85.93701763506219
151.0,82.21574344023324,69.80198019801979,84.8400327691408
99.0,86.60714285714286,76.37795275590551,88.15902370317889
129.0,82.78145695364239,70.62146892655367,85.25878744923116
104.0,60.23391812865497,43.09623430962343,71.41231542533674
168.0,80.81841432225065,67.81115879828327,83.83060638942513
158.0,83.67952522255193,71.93877551020408,85.9144262281709
101.0,87.22466960352423,77.34375,88.64291959132935
124.0,84.72222222222221,73.49397590361446,86.703035420541
107.0,60.3988603988604,43.26530612244898,71.49384738916538
164.0,83.11688311688312,71.11111111111111,85.4905763489017
135.0,83.89261744966443,72.25433526011561,86.07921654016948
104.0,88.03418803418803,78.62595419847328,89.28501791963885
128.0,80.90614886731392,67.93478260869566,83.90845142302678
137.0,70.28423772609818,54.18326693227091,76.97672539259429
173.0,82.20551378446115,69.7872340425532,84.82263405718797
152.0,85.01529051987767,73.93617021276596,86.91912133957042
108.0,88.33333333333333,79.1044776119403,89.52427795116687
135.0,86.37873754152824,76.0233918128655,87.97073359176224
110.0,60.22099447513812,43.08300395256917,71.3976946780642
167.0,80.2919708029197,67.07317073170732,83.45560318193412
149.0,83.03030303030303,70.98445595854922,85.43627162523076
106.0,87.5,77.77777777777779,88.85893142848266
130.0,85.13513513513513,74.11764705882354,87.01486748545572
139.0,70.22900763358778,54.11764705882353,76.94191238188388
171.0,78.77358490566037,64.98054474708171,82.40028857062538
158.0,79.1907514450867,65.55023923444976,82.70317573345423
113.0,88.16326530612245,78.83211678832117,89.38709778059504
133.0,84.14239482200647,72.62569832402235,86.26389420057569
143.0,71.89873417721519,56.126482213438734,77.95231653542784
177.0,79.72027972027972,66.27906976744185,83.05254358285102
207.0,2.7472527472527473,1.392757660167131,50.343585383670295
198.0,0.0,0.0,49.576490752551024
222.0,45.01607717041801,29.045643153526974,64.18106763959824
203.0,50.505050505050505,33.78378378378378,66.64714153725362
178.0,50.65274151436031,33.91608391608392,66.76934010696665
94.0,79.34782608695652,65.76576576576578,82.8449610019576
94.0,84.91620111731844,73.7864077669903,86.86625777571071
91.0,83.6734693877551,71.9298245614035,85.93297232781319
126.0,89.14728682170544,80.41958041958041,90.18182432816579
120.0,87.02290076335878,77.02702702702703,88.47955562129985
151.0,83.05647840531562,71.02272727272727,85.4604156033573
145.0,77.30496453900709,63.005780346820806,81.43897581864579
139.0,77.27272727272727,62.96296296296296,81.42157015025171
142.0,78.4452296819788,64.53488372093024,82.20652105750897
130.0,83.82352941176471,72.15189873417721,86.03200385951799
113.0,85.2589641434263,74.30555555555556,87.11582876741208
89.0,81.15942028985508,68.29268292682927,84.10741309161874
38.0,51.61290322580645,34.78260869565217,67.33147665159125
93.0,80.43478260869566,67.27272727272727,83.60043692685105
94.0,74.88151658767772,59.84848484848485,79.87134504515785
98.0,78.48101265822784,64.58333333333334,82.24075118636397
127.0,84.35374149659864,72.94117647058823,86.4246360255922
147.0,87.42138364779875,77.6536312849162,88.7868452205703
162.0,86.03988603988604,75.5,87.70102448775611
161.0,81.68168168168168,69.03553299492386,84.45681525845313
149.0,77.0764119601329,62.70270270270271,81.28243405211045
154.0,80.37974683544303,67.1957671957672,83.5359442983971
138.0,84.21052631578947,72.72727272727273,86.31568239944198
120.0,86.13138686131386,75.64102564102564,87.78255684943926
91.0,80.37383177570094,67.1875,83.55182546416451
67.0,64.04494382022472,47.107438016528924,73.48987096660362
98.0,84.1025641025641,72.56637168141593,86.25224401134717
102.0,83.92857142857143,72.3076923076923,86.11790509717909
99.0,74.9003984063745,59.87261146496815,79.87340888331671
141.0,84.44444444444444,73.07692307692307,86.48950364225227
152.0,87.27272727272727,77.41935483870968,88.66770428216265
170.0,87.8048780487805,78.26086956521739,89.08544737908169
173.0,83.28267477203647,71.35416666666666,85.62212619989742
154.0,76.28205128205127,61.6580310880829,80.75509980798056
160.0,83.1858407079646,71.21212121212122,85.54910047815014
149.0,82.97213622291022,70.8994708994709,85.39478161096001
129.0,85.51724137931035,74.69879518072288,87.30744122498145
98.0,80.7017543859649,67.64705882352942,83.77960320778739
72.0,64.94845360824742,48.091603053435115,73.97795486018393
99.0,85.12820512820512,74.10714285714286,87.02462526842929
113.0,83.33333333333334,71.42857142857143,85.67434642200998
96.0,72.5,56.86274509803921,78.36548982027676
144.0,85.16129032258064,74.15730337078652,87.03269212980219
158.0,88.30409356725146,79.05759162303664,89.48881580152333
174.0,88.82978723404256,79.90430622009569,89.91016066868728
183.0,69.6485623003195,53.431372549019606,76.62081340415608
163.0,66.42857142857143,49.73262032085562,74.77246594183067
162.0,76.56765676567657,62.03208556149733,80.94512787863121
165.0,64.0926640926641,47.159090909090914,73.48671811339999
138.0,81.61764705882352,68.94409937888199,84.42211460505071
108.0,86.91983122362869,76.86567164179104,88.40188101491226
76.0,67.67676767676768,51.14503816793893,75.50865830047748
99.0,83.50515463917526,71.68141592920354,85.80876864930084
114.0,82.84518828451883,70.71428571428572,85.31620590005677
102.0,61.97183098591549,44.89795918367347,72.36815740065732
149.0,78.29181494661923,64.32748538011695,82.10282310391219
160.0,91.94029850746269,85.0828729281768,92.5144483388635
174.0,89.72972972972974,81.37254901960785,90.64828210828422
187.0,70.84639498432603,54.85436893203883,77.33430149855842
169.0,59.92779783393502,42.78350515463917,71.28095865401693
166.0,66.43109540636041,49.735449735449734,74.77288041263121
170.0,59.199999999999996,42.04545454545455,70.92093492910826
146.0,87.82287822878229,78.28947368421053,89.11177441926729
118.0,86.41975308641975,76.08695652173914,88.01052505442273
78.0,68.42105263157895,52.0,75.94013290495101
102.0,82.4742268041237,70.17543859649122,85.0537844531482
116.0,82.25108225108225,69.85294117647058,84.88553690080892
73.0,55.21472392638037,38.13559322033898,68.99498737037774
119.0,64.91228070175438,48.05194805194805,73.94613689372382
162.0,86.875,76.79558011049724,88.35582111226643
182.0,87.8048780487805,78.26086956521739,89.08544737908169
190.0,57.971014492753625,40.816326530612244,70.29238555850318
177.0,49.6,32.97872340425532,66.36364832861925
167.0,40.52863436123348,25.41436464088398,62.572532410208595
172.0,17.801047120418847,9.770114942528735,54.72855514865028
149.0,19.393939393939394,10.738255033557047,55.23655175920277
125.0,85.94377510040161,75.35211267605634,87.64110457146602
81.0,68.39378238341969,51.96850393700787,75.92338587391203
104.0,81.81818181818183,69.23076923076923,84.57945288567107
116.0,82.6086956521739,70.37037037037037,85.14524988037897
68.0,50.955414012738856,34.18803418803419,67.01722596588561
120.0,67.84140969162996,51.33333333333333,75.593810921043
164.0,80.39867109634552,67.22222222222223,83.55217593979955
184.0,81.3953488372093,68.62745098039215,84.24977153704235
158.0,21.34831460674157,11.949685534591195,55.835280991272306
178.0,20.48780487804878,11.41304347826087,55.54402547754136
172.0,10.362694300518134,5.46448087431694,52.55981289659315
177.0,0.0,0.0,49.82362085459184
147.0,0.0,0.0,49.853515625
127.0,73.89162561576354,58.59375,79.24398184417475
83.0,71.42857142857143,55.55555555555556,77.72589296206866
103.0,80.0,66.66666666666666,83.29540918163673
119.0,82.45614035087719,70.1492537313433,85.0346923582638
102.0,45.55555555555556,29.496402877697843,64.65046532635266
105.0,71.84466019417476,56.060606060606055,77.97242110942162
167.0,77.44107744107744,63.18681318681318,81.52648823380531
187.0,78.63247863247864,64.7887323943662,82.319423153896
165.0,0.0,0.0,49.83358577806122
178.0,32.743362831858406,19.576719576719576,59.636781176899646
170.0,42.79835390946502,27.225130890052355,63.4739093122355
182.0,2.1739130434782608,1.098901098901099,50.3700747771382
161.0,0.0,0.0,49.839564732142854
133.0,69.26829268292683,52.98507462686567,76.42966933618506
90.0,78.57142857142857,64.70588235294117,82.31702020261308
91.0,84.61538461538461,73.33333333333333,86.63872199711238
99.0,81.72043010752688,69.0909090909091,84.511522409726
93.0,86.86868686868688,76.78571428571429,88.36690385876851
133.0,88.05970149253731,78.66666666666666,89.30137041032403
131.0,84.39716312056737,73.00613496932516,86.4591175875453
153.0,88.69047619047619,79.67914438502673,89.80159270143855
152.0,87.00906344410876,77.00534759358288,88.4597012991899
143.0,87.89808917197452,78.4090909090909,89.16657431261332
143.0,87.06624605678233,77.09497206703911,88.50651716985594
145.0,89.6103896103896,81.17647058823529,90.55625959564848
125.0,86.64259927797833,76.43312101910828,88.17960190319327
100.0,91.54228855721394,84.40366972477065,92.18486337448499
67.0,74.6268656716418,59.523809523809526,79.72799022653389
92.0,82.6086956521739,70.37037037037037,85.15324905744069
101.0,80.78817733990148,67.76859504132231,83.8453707030782
96.0,82.66666666666667,70.45454545454545,85.18833735998244
140.0,83.61204013377926,71.83908045977012,85.8705901589574
150.0,86.58536585365853,76.34408602150538,88.12807291042091
165.0,86.88524590163934,76.81159420289855,88.35781341590237
171.0,87.87061994609164,78.36538461538461,89.1377040046511
150.0,80.95238095238095,68.0,83.93605115907275
155.0,83.28445747800586,71.35678391959799,85.62143069346011
152.0,87.53799392097264,77.83783783783784,88.87794514213606
123.0,80.95238095238095,68.0,83.94406376730528
93.0,85.71428571428571,75.0,87.4720514253773
72.0,71.64179104477611,55.81395348837209,77.86907377578515
95.0,83.33333333333334,71.42857142857143,85.68234703654699
103.0,81.13207547169812,68.25396825396825,84.08705599761699
100.0,78.2258064516129,64.23841059602648,82.06529048342031
143.0,83.33333333333334,71.42857142857143,85.66032995800586
157.0,85.38011695906432,74.48979591836735,87.19492794119448
172.0,88.12664907651715,78.77358490566037,89.34180055137246
178.0,88.35978835978835,79.14691943127961,89.52946763421447
155.0,81.19402985074626,68.34170854271356,84.107904631069
159.0,85.30259365994236,74.37185929648241,87.13495819225656
160.0,90.69069069069069,82.96703296703298,91.45253197577036
132.0,83.66013071895425,71.91011235955057,85.90510413373947
96.0,88.66995073891626,79.64601769911505,89.80004834163115
75.0,78.37837837837837,64.44444444444444,82.19029756441465
97.0,84.97409326424871,73.87387387387388,86.90799135463168
110.0,82.6086956521739,70.37037037037037,85.14524988037897
99.0,77.7327935222672,63.576158940397356,81.7331673296236
147.0,86.25,75.82417582417582,87.86812132669282
159.0,87.79069767441861,78.23834196891191,89.0771919739612
179.0,91.19170984455958,83.80952380952381,91.8707619047619
183.0,87.70053475935828,78.0952380952381,89.00163008497009
163.0,77.74294670846395,63.589743589743584,81.72394555815798
163.0,86.29737609329446,75.8974358974359,87.901744253987
165.0,90.53254437869822,82.70270270270271,91.31936606458326
136.0,90.9090909090909,83.33333333333334,91.6406905646805
104.0,87.96296296296296,78.51239669421489,89.2302403989834
79.0,79.73856209150327,66.30434782608695,83.12124504942979
98.0,85.12820512820512,74.10714285714286,87.02462526842929
114.0,82.90598290598291,70.8029197080292,85.36152295431611
102.0,79.16666666666666,65.51724137931035,82.7087015586474
149.0,88.53503184713377,79.42857142857143,89.67831233458669
162.0,88.31908831908832,79.08163265306123,89.49983353930125
181.0,91.94805194805194,85.09615384615384,92.51707630306451
187.0,90.42553191489363,82.52427184466019,91.22614024181176
170.0,82.38636363636364,70.04830917874396,84.96219300555394
166.0,84.91620111731844,73.7864077669903,86.83922979105951
172.0,90.6515580736544,82.90155440414507,91.41778775869443
142.0,93.37979094076655,87.58169934640523,93.77186561980746
118.0,90.2127659574468,82.17054263565892,91.06230347281247
83.0,82.27848101265823,69.89247311827957,84.91829858145026
106.0,84.46601941747572,73.10924369747899,86.52267870753084
113.0,81.70212765957446,69.06474820143885,84.48944279081527
101.0,78.15126050420169,64.13793103448275,82.01705169418764
151.0,87.26114649681529,77.40112994350282,88.66059614743438
162.0,87.22222222222223,77.33990147783251,88.62396821227638
182.0,90.02557544757033,81.86046511627907,90.89123255813954
186.0,89.23076923076924,80.55555555555556,90.23577945771058
173.0,76.0806916426513,61.395348837209305,80.61474739438597
168.0,82.79569892473118,70.64220183486239,85.25712906504623
172.0,89.5774647887324,81.12244897959184,90.52423706552017
146.0,91.6083916083916,84.51612903225806,92.23408609670652
125.0,89.87854251012146,81.61764705882352,90.78385598721661
91.0,79.76190476190477,66.33663366336634,83.13439079045305
106.0,82.92682926829268,70.83333333333334,85.38173025094329
115.0,82.5531914893617,70.28985507246377,85.10399221404094
103.0,76.06837606837607,61.37931034482759,80.63375244316269
153.0,84.61538461538461,73.33333333333333,86.61870886952813
163.0,87.39495798319328,77.61194029850746,88.76098814205662
184.0,91.70984455958549,84.688995215311,92.3124969676427
190.0,82.45125348189416,70.14218009478674,85.00812530764763
174.0,67.83625730994152,51.32743362831859,75.55384865594914
177.0,79.15567282321899,65.50218340611353,82.67213276170627
176.0,88.09523809523809,78.72340425531915,89.3217245151226
148.0,85.39325842696628,74.50980392156863,87.21595026089219
130.0,88.88888888888889,80.0,89.97203579418344
88.0,82.63473053892216,70.40816326530613,85.17514356012826
108.0,82.35294117647058,70.0,84.96406611834225
119.0,80.99173553719008,68.05555555555556,83.98184942600655
103.0,75.0,60.0,79.94010302280078
152.0,81.31147540983606,68.50828729281768,84.19720286482169
167.0,89.5774647887324,81.12244897959184,90.52423706552017
185.0,90.17632241813602,82.11009174311926,91.01604353141923
191.0,77.57575757575758,63.366336633663366,81.6092392886987
175.0,70.17543859649122,54.054054054054056,76.92514113922138
179.0,82.82828282828282,70.6896551724138,85.27684390229103
177.0,91.00817438692098,83.5,91.717005938931
155.0,87.01754385964912,77.01863354037268,88.4723552102087
133.0,88.46153846153845,79.3103448275862,89.62520896919551
91.0,83.72093023255815,72.0,85.97205811911223
94.0,0.0,0.0,49.906329719387756
110.0,0.0,0.0,49.89038584183674
96.0,0.0,0.0,49.90433673469388
139.0,0.0,0.0,49.85550860969388
154.0,7.5,3.896103896103896,51.80055344296923
180.0,0.0,0.0,49.820631377551024
180.0,1.1049723756906076,0.5555555555555556,50.09940209267564
173.0,24.752475247524753,14.124293785310735,56.91060455052859
171.0,41.06463878326996,25.837320574162682,62.76403756651951
171.0,31.25,18.51851851851852,59.10569231803352
143.0,0.0,0.0,49.857501594387756
122.0,0.0,0.0,49.87842793367347
90.0,0.0,0.0,49.91031568877551
39.0,78.94736842105263,65.21739130434783,82.59274223614871
60.0,88.13559322033898,78.78787878787878,89.3799740280468
52.0,88.88888888888889,80.0,89.98803064155761
62.0,90.0,81.81818181818183,90.8971201178216
62.0,92.1875,85.5072463768116,92.74364653377762
67.0,85.91549295774648,75.30864197530865,87.6343668820971
79.0,85.88235294117646,75.25773195876289,87.60491531774441
81.0,84.70588235294117,73.46938775510205,86.7087478452981
55.0,77.47747747747748,63.23529411764706,81.59271338240282
25.0,73.52941176470588,58.139534883720934,79.05182163818756
32.0,64.86486486486487,48.0,73.97407880044665
43.0,81.81818181818183,69.23076923076923,84.59942929029486
62.0,91.2,83.82352941176471,91.90079082372189
61.0,92.56198347107438,86.15384615384616,93.0679446252072
63.0,91.6030534351145,84.50704225352112,92.2425465876912
72.0,90.06622516556291,81.92771084337349,90.94888775185359
80.0,88.39779005524862,79.20792079207921,89.58300063877356
87.0,88.29787234042553,79.04761904761905,89.50185036783962
72.0,86.58536585365853,76.34408602150538,88.150089113936
72.0,82.75862068965517,70.58823529411765,85.26917551281028
42.0,78.16091954022988,64.15094339622641,82.0565255053008
44.0,65.85365853658537,49.09090909090909,74.51753773754213
46.0,89.10891089108911,80.35714285714286,90.16760017326034
65.0,95.52238805970148,91.42857142857143,95.7082991242474
74.0,91.54929577464789,84.4155844155844,92.1958187887824
70.0,90.41095890410958,82.5,91.23603073238874
85.0,93.18181818181817,87.2340425531915,93.60504379426253
83.0,87.36842105263159,77.57009345794393,88.7610912860957
92.0,86.95652173913044,76.92307692307693,88.43458482179882
84.0,87.56756756756758,77.88461538461539,88.91935130943516
85.0,84.52380952380952,73.19587628865979,86.57199262991017
47.0,84.61538461538461,73.33333333333333,86.65070879544669
59.0,71.9298245614035,56.16438356164384,78.05027794817008
50.0,90.74074074074075,83.05084745762711,91.51544906446101
67.0,90.51094890510949,82.66666666666667,91.32036290590786
75.0,94.66666666666667,89.87341772151899,94.92872562555344
75.0,92.3076923076923,85.71428571428571,92.84516776533383
88.0,91.80327868852459,84.84848484848484,92.4092699735517
90.0,88.11881188118812,78.76106194690266,89.35657266091515
99.0,85.84905660377359,75.20661157024794,87.57335669857112
94.0,87.87878787878788,78.37837837837837,89.1652318332827
87.0,86.3905325443787,76.04166666666666,87.99788061593118
62.0,75.63025210084034,60.810810810810814,80.376481186858
87.0,60.86956521739131,43.75,71.82114433318706
74.0,86.3013698630137,75.90361445783132,87.931852326994
73.0,90.44585987261146,82.55813953488372,91.26410120143049
80.0,90.36144578313254,82.41758241758241,91.19282346363642
79.0,87.64044943820225,78.0,88.97804303565013
87.0,86.5979381443299,76.36363636363637,88.15586593395426
96.0,89.30232558139535,80.67226890756302,90.31317119499558
109.0,86.08695652173914,75.57251908396947,87.75430874621023
88.0,88.54166666666666,79.43925233644859,89.69766613548389
84.0,87.27272727272727,77.41935483870968,88.68872100868901
58.0,77.87610619469027,63.76811594202898,81.85912379723328
83.0,65.21739130434783,48.38709677419355,74.14567381846659
73.0,85.35031847133759,74.44444444444444,87.19927225315479
76.0,91.35802469135803,84.0909090909091,92.03148304731076
82.0,90.80459770114942,83.15789473684211,91.56297834832006
84.0,84.1025641025641,72.56637168141593,86.25224401134717
89.0,85.57213930348259,74.78260869565217,87.36235645403492
100.0,89.1891891891892,80.48780487804879,90.21993934219351
109.0,86.4406779661017,76.11940298507463,88.0277487825481
93.0,86.82926829268293,76.72413793103449,88.33511586391403
86.0,86.51685393258427,76.23762376237624,88.09485930728445
77.0,74.17218543046357,58.94736842105262,79.43477758642416
92.0,68.15642458100558,51.69491525423729,75.79058842628056
87.0,87.95811518324608,78.50467289719626,89.22937869087235
78.0,88.13559322033898,78.78787878787878,89.3729804734236
87.0,85.27918781725889,74.33628318584071,87.13919485491827
83.0,79.22705314009661,65.60000000000001,82.75708068830599
102.0,84.30493273542601,72.86821705426357,86.39916583314991
105.0,88.69565217391305,79.6875,89.81778842313376
114.0,86.4,76.05633802816901,87.99421519128352
95.0,81.77777777777779,69.17293233082707,84.54553492988921
88.0,81.4070351758794,68.64406779661016,84.28510406498839
78.0,70.0,53.84615384615385,76.87519184725889
101.0,71.20418848167539,55.28455284552846,77.5873949667093
89.0,87.87878787878788,78.37837837837837,89.1652318332827
88.0,85.71428571428571,75.0,87.4720514253773
88.0,75.65217391304347,60.83916083916085,80.3636799224653
95.0,81.05726872246696,68.14814814814815,84.03114619291442
106.0,85.1063829787234,74.07407407407408,87.00209015629576
110.0,88.60759493670885,79.54545454545455,89.74576555836167
117.0,88.18897637795276,78.87323943661971,89.4066580692207
98.0,82.25108225108225,69.85294117647058,84.88553690080892
98.0,82.51121076233184,70.22900763358778,85.0755692269049
96.0,76.04166666666666,61.34453781512605,80.62636347275873
109.0,70.43478260869566,54.36241610738255,77.1133370086768
49.0,79.59183673469387,66.10169491525424,83.03090210788542
60.0,89.25619834710744,80.59701492537313,90.28553910547816
65.0,88.88888888888889,80.0,89.98603351955308
73.0,87.59124087591242,77.92207792207793,88.94407830974995
71.0,91.8918918918919,85.0,92.48802586413348
79.0,87.20930232558139,77.31958762886599,88.63783816484516
88.0,83.0,70.94017094017094,85.43614859267745
89.0,81.86528497409327,69.2982456140351,84.6141905755466
76.0,86.11111111111111,75.60975609756098,87.784923545049
48.0,82.4742268041237,70.17543859649122,85.07076541281398
93.0,56.73758865248227,39.603960396039604,69.74114566794162
55.0,88.28828828828829,79.03225806451613,89.50316196859976
66.0,90.22556390977444,82.1917808219178,91.08292050114966
71.0,87.59124087591242,77.92207792207793,88.94407830974995
76.0,88.88888888888889,80.0,89.98303664085576
86.0,91.11111111111111,83.6734693877551,91.82076471743326
84.0,85.41666666666666,74.54545454545455,87.24477981394978
95.0,85.44600938967136,74.59016393442623,87.26413457777515
89.0,83.7696335078534,72.07207207207207,86.00509544197664
79.0,88.19875776397515,78.88888888888889,89.42548426083003
75.0,72.18045112781954,56.470588235294116,78.19838859578303
103.0,56.57894736842105,39.44954128440367,69.65894573645113
67.0,80.0,66.66666666666666,83.30540037243948
71.0,70.65217391304348,54.621848739495796,77.2570439842038
78.0,90.0,81.81818181818183,90.8931241200122
84.0,89.01098901098901,80.19801980198021,90.07904782892702
90.0,89.23076923076924,80.55555555555556,90.25681509135961
87.0,84.46601941747572,73.10924369747899,86.52267870753084
99.0,87.61061946902655,77.95275590551181,88.94842100645322
94.0,86.69950738916256,76.52173913043478,88.23391700172914
93.0,85.41666666666666,74.54545454545455,87.24477981394978
71.0,79.72972972972973,66.29213483146067,83.11613745184583
110.0,68.44919786096256,52.03252032520326,75.95739202722487
72.0,85.51724137931035,74.69879518072288,87.32844536144337
71.0,87.24832214765101,77.38095238095238,88.671518277044
81.0,92.6829268292683,86.36363636363636,93.16984213391399
87.0,87.95811518324608,78.50467289719626,89.22937869087235
93.0,86.66666666666667,76.47058823529412,88.20734163686438
96.0,86.48648648648648,76.19047619047619,88.06528601856078
100.0,87.22466960352423,77.34375,88.64291959132935
98.0,80.0,66.66666666666666,83.28741048372068
89.0,85.27918781725889,74.33628318584071,87.13919485491827
100.0,77.17391304347827,62.83185840707964,81.37401721870796
107.0,72.16494845360825,56.451612903225815,78.17192068942873
83.0,89.65517241379311,81.25,90.60703521098647
81.0,87.77777777777777,78.21782178217822,89.08695348845023
84.0,91.42857142857143,84.21052631578947,92.0902919027047
89.0,84.21052631578947,72.72727272727273,86.33069434159515
95.0,83.78378378378379,72.09302325581395,86.01057128886977
100.0,77.51937984496125,63.29113924050633,81.58765764645335
109.0,77.0909090909091,62.721893491124256,81.29803482225476
99.0,68.79432624113475,52.43243243243243,76.12835503687957
95.0,84.375,72.97297297297297,86.45654337839186
91.0,77.38095238095238,63.10679611650486,81.51548223138806
113.0,76.47058823529412,61.904761904761905,80.90447484834486
85.0,92.13483146067416,85.41666666666666,92.69435960394459
84.0,89.36170212765957,80.76923076923077,90.36465211702776
86.0,86.45833333333334,76.14678899082568,88.04744276563024
99.0,86.60714285714286,76.37795275590551,88.15902370317889
99.0,85.96491228070175,75.38461538461539,87.6603575345538
105.0,81.88976377952756,69.33333333333334,84.62073281141822
112.0,76.38888888888889,61.79775280898876,80.83096604616738
96.0,76.92307692307693,62.5,81.19309219065114
96.0,85.43689320388349,74.57627118644068,87.25818830045561
82.0,77.34806629834254,63.06306306306306,81.49061826765096
105.0,76.78571428571429,62.31884057971014,81.10751372167779
97.0,87.61904761904762,77.96610169491525,88.9570944541983
88.0,86.4321608040201,76.10619469026548,88.02614585780992
89.0,83.01886792452831,70.96774193548387,85.44793421642424
98.0,80.68669527896995,67.62589928057554,83.76802331945395
104.0,83.81742738589212,72.14285714285714,86.03248698381
108.0,85.2589641434263,74.30555555555556,87.11582876741208
114.0,81.18081180811808,68.32298136645963,84.11055791448456
104.0,80.48780487804879,67.3469387755102,83.62554319409334
98.0,82.14285714285714,69.6969696969697,84.8085519357782
83.0,77.08333333333334,62.71186440677966,81.31202178065222
120.0,75.63636363636364,60.81871345029239,80.34245306641476
96.0,82.66666666666667,70.45454545454545,85.18833735998244
91.0,86.69950738916256,76.52173913043478,88.23391700172914
93.0,78.44827586206897,64.53900709219859,82.21958840184452
105.0,72.46376811594203,56.81818181818182,78.333206253767
105.0,82.11382113821138,69.6551724137931,84.78365210804483
109.0,86.16600790513834,75.69444444444444,87.81226905946032
114.0,83.51648351648352,71.69811320754717,85.80411233466727
106.0,83.40080971659918,71.52777777777779,85.7229486616207
99.0,80.8695652173913,67.88321167883211,83.8976787583706
88.0,76.84729064039408,62.4,81.15309193979799
197.0,72.52124645892351,56.888888888888886,78.34753747513498
143.0,34.403669724770644,20.77562326869806,60.1023881897072
155.0,46.808510638297875,30.555555555555557,65.02810734275202
161.0,56.13305613305614,39.017341040462426,69.29784339847106
167.0,61.53846153846154,44.44444444444444,72.03732576423869
170.0,72.84345047923323,57.286432160804026,78.55832134986788
160.0,16.091954022988507,8.75,54.229471512300144
158.0,0.0,0.0,49.842554209183675
157.0,0.0,0.0,49.84355070153062
125.0,0.0,0.0,49.87543845663265
120.0,47.368421052631575,31.03448275862069,65.39753346661732
92.0,33.85579937304075,20.37735849056604,59.97819283213111
48.0,0.0,0.0,49.952168367346935
40.0,0.0,0.0,49.96014030612245
38.0,70.45454545454545,54.385964912280706,77.16705763811264
32.0,68.96551724137932,52.63157894736842,76.29784545900999
45.0,0.0,0.0,49.955157844387756
36.0,0.0,0.0,49.9641262755102
54.0,0.0,0.0,49.94618941326531
51.0,77.89473684210526,63.793103448275865,81.87560994229146
38.0,66.66666666666666,50.0,74.97607273887382
31.0,0.0,0.0,49.9691087372449
42.0,0.0,0.0,49.95814732142857
62.0,0.0,0.0,49.9382174744898
55.0,74.74747474747475,59.67741935483871,79.813778984745
48.0,75.29411764705883,60.37735849056604,80.16773955160083
31.0,0.0,0.0,49.9691087372449
46.0,0.0,0.0,49.95416135204081
66.0,0.0,0.0,49.923270089285715
56.0,59.09090909090909,41.935483870967744,70.93184961245296
48.0,72.09302325581395,56.36363636363636,78.15788758056182
30.0,0.0,0.0,49.9691087372449
37.0,0.0,0.0,49.96312978316326
64.0,22.22222222222222,12.5,56.187209719536746
58.0,78.94736842105263,65.21739130434783,82.58475836785881
50.0,74.0,58.730158730158735,79.33915144469803
32.0,31.57894736842105,18.75,59.349088100458445
41.0,0.0,0.0,49.95914381377551
66.0,4.819277108433735,2.4691358024691357,51.15584186783082
58.0,29.72972972972973,17.46031746031746,58.67832976574131
51.0,70.96774193548387,55.00000000000001,77.47307699978063
32.0,27.027027027027028,15.625,57.78559202527356
43.0,0.0,0.0,49.957150829081634
66.0,0.0,0.0,49.91131218112245
60.0,51.68539325842697,34.84848484848485,67.38137360283594
50.0,69.76744186046511,53.57142857142857,76.75978998467332
33.0,30.76923076923077,18.181818181818183,59.0640005798467
45.0,0.0,0.0,49.955157844387756
65.0,38.333333333333336,23.711340206185564,61.78189585230021
67.0,16.0,8.695652173913043,54.28503956114429
53.0,68.13186813186813,51.66666666666667,75.80441719014857
33.0,30.508474576271187,18.0,58.95913648414296
54.0,0.0,0.0,49.87643494897959
60.0,2.73972602739726,1.3888888888888888,50.552936890731374
66.0,62.264150943396224,45.20547945205479,72.52291533967737
50.0,53.70370370370371,36.708860759493675,68.30457694883371
58.0,0.0,0.0,49.896364795918366
56.0,7.777777777777778,4.046242774566474,51.857680577221245
61.0,32.432432432432435,19.35483870967742,59.502887101278255
69.0,66.99507389162561,50.37037037037037,75.11832959326374
52.0,43.859649122807014,28.08988764044944,63.98113651827661
46.0,0.0,0.0,49.88341039540816
56.0,16.666666666666664,9.090909090909092,54.42584685866721
70.0,42.71844660194174,27.160493827160494,63.403635458780805
66.0,65.98984771573603,49.24242424242424,74.55436053174076
64.0,36.92307692307693,22.641509433962266,61.23900324146669
45.0,0.0,0.0,49.87942442602041
55.0,16.3265306122449,8.88888888888889,54.32184656548742
69.0,39.8576512455516,24.88888888888889,62.27584907333511
66.0,67.0103092783505,50.3875968992248,75.12994021489348
65.0,39.0625,24.271844660194176,62.058157180847815
45.0,5.228758169934641,2.684563758389262,51.197778969205
56.0,24.113475177304963,13.709677419354838,56.74817789108055
70.0,47.72727272727273,31.343283582089555,65.53395296778535
65.0,62.20095693779905,45.13888888888889,72.49061943596328
65.0,51.42857142857142,34.61538461538461,67.23988217606087
49.0,2.6490066225165565,1.342281879194631,50.52465072554223
55.0,21.818181818181817,12.244897959183673,56.036730137394244
73.0,41.81818181818181,26.436781609195403,63.0907227415616
66.0,64.70588235294117,47.82608695652174,73.84120153054585
65.0,38.16793893129771,23.58490566037736,61.711696713660594
44.0,0.0,0.0,49.864477040816325
56.0,20.952380952380953,11.702127659574469,55.7683368288902
71.0,47.01492537313433,30.73170731707317,65.22417385489283
72.0,66.05504587155964,49.31506849315068,74.58368784708628
65.0,39.0625,24.271844660194176,62.058157180847815
45.0,0.0,0.0,49.859494579081634
57.0,18.0327868852459,9.90990990990991,54.85528386953684
74.0,41.43426294820717,26.13065326633166,62.918690291293665
68.0,65.07177033492823,48.226950354609926,74.04063251745025
65.0,39.682539682539684,24.752475247524753,62.30046645269899
58.0,0.0,0.0,49.85650510204081
49.0,2.631578947368421,1.3333333333333335,50.44543213813538
55.0,7.719298245614035,4.014598540145985,51.74516431542333
63.0,35.07692307692308,21.26865671641791,60.42382934585835
46.0,21.978021978021978,12.345679012345679,56.031281168187355
29.0,0.0,0.0,49.90234375
71.0,90.41095890410958,82.5,91.23603073238874
117.0,91.81818181818183,84.87394957983193,92.41900174947662
123.0,91.22807017543859,83.87096774193549,91.91551262955538
116.0,91.32420091324201,84.03361344537815,91.9978355588581
83.0,80.0,66.66666666666666,83.30340277223507
31.0,71.42857142857143,55.55555555555556,77.76182754251181
77.0,92.20779220779221,85.54216867469879,92.75910948454029
126.0,91.45299145299145,84.25196850393701,92.10601181393298
130.0,92.62295081967213,86.25954198473282,93.11179364382558
124.0,91.52542372881356,84.375,92.16752716305824
94.0,85.39325842696628,74.50980392156863,87.2289538569919
41.0,78.37837837837837,64.44444444444444,82.20626912433002
87.0,93.64161849710982,88.04347826086956,94.01075999080008
132.0,91.26984126984127,83.94160583941606,91.94882972700313
131.0,93.17269076305222,87.21804511278195,93.59204293194033
136.0,90.11857707509881,82.01438848920863,90.98222520621194
111.0,88.99521531100478,80.17241379310344,90.06324501327796
44.0,88.63636363636364,79.59183673469387,89.78594569247609
97.0,92.5531914893617,86.13861386138613,93.05533180641429
137.0,92.88389513108615,86.7132867132867,93.33766309611431
135.0,92.3076923076923,85.71428571428571,92.83716523208292
141.0,91.32075471698113,84.02777777777779,91.99091416108946
117.0,88.58447488584474,79.50819672131148,89.7291377983442
52.0,82.82828282828282,70.6896551724138,85.3278733626106
98.0,92.14659685863874,85.43689320388349,92.70347295555939
140.0,93.38235294117648,87.58620689655172,93.77512107100559
141.0,91.04477611940298,83.56164383561644,91.75684780984483
148.0,90.18181818181819,82.11920529801324,91.03263069983376
121.0,87.61061946902655,77.95275590551181,88.94842100645322
57.0,83.80952380952381,72.1311475409836,86.04861853232057
101.0,90.35532994923858,82.4074074074074,91.18473670627922
148.0,91.16607773851591,83.76623376623377,91.85814036104762
146.0,91.57509157509158,84.45945945945947,92.20675316582492
150.0,91.48936170212765,84.31372549019608,92.13288528391155
122.0,88.69565217391305,79.6875,89.81778842313376
59.0,85.71428571428571,75.0,87.48404085541014
114.0,86.51162790697674,76.22950819672131,88.08580215858069
153.0,90.16949152542372,82.09876543209876,91.0204076346194
147.0,92.80575539568345,86.57718120805369,93.26860938637145
152.0,92.36111111111111,85.80645161290322,92.8812447101944
131.0,86.41975308641975,76.08695652173914,88.01052505442273
65.0,88.88888888888889,80.0,89.98603351955308
110.0,85.71428571428571,75.0,87.4700515114004
152.0,90.03436426116839,81.875,90.90852607653113
157.0,90.65743944636678,82.91139240506328,91.4287204806813
156.0,91.46757679180887,84.27672955974843,92.11338576224902
136.0,88.62745098039215,79.5774647887324,89.75976888838375
71.0,84.44444444444444,73.07692307692307,86.51751139979157
81.0,92.5925925925926,86.20689655172413,93.09147246699598
131.0,87.39495798319328,77.61194029850746,88.77601328713519
128.0,91.21338912133892,83.84615384615385,91.90210502541977
119.0,92.17391304347827,85.48387096774194,92.72396064864029
97.0,87.25490196078431,77.39130434782608,88.66969733533216
229.0,20.392156862745097,11.353711790393014,55.474463073661106
80.0,91.35802469135803,84.0909090909091,92.03148304731076
134.0,88.52459016393442,79.41176470588235,89.6779203812227
129.0,93.4959349593496,87.78625954198473,93.87714926720699
131.0,91.56626506024097,84.44444444444444,92.2012482299726
109.0,85.84070796460178,75.1937984496124,87.56494970504743
235.0,26.56826568265683,15.319148936170212,57.46113011228135
82.0,92.85714285714286,86.66666666666667,93.32135680732432
139.0,89.92248062015504,81.69014084507043,90.81910158514009
129.0,93.60000000000001,87.96992481203007,93.9689812637629
138.0,92.72030651340997,86.42857142857143,93.19530659132099
115.0,88.03418803418803,78.62595419847328,89.28501791963885
235.0,17.066666666666666,9.329446064139942,54.354616139919365
89.0,92.65536723163842,86.31578947368422,93.14491913098112
142.0,89.96282527881041,81.75675675675676,90.85140804574428
137.0,92.01520912547528,85.2112676056338,92.58465687743482
149.0,91.75627240143369,84.76821192052981,92.36112801908843
130.0,86.38132295719845,76.02739726027397,87.97874407106379
238.0,7.575757575757576,3.937007874015748,51.60367867435362
91.0,90.9090909090909,83.33333333333334,91.65069732779729
148.0,91.75627240143369,84.76821192052981,92.36112801908843
146.0,91.30434782608695,84.0,91.97602397602398
151.0,91.16607773851591,83.76623376623377,91.85814036104762
128.0,87.4015748031496,77.62237762237763,88.77923035717903
197.0,10.933940774487471,5.783132530120482,52.50175130254628
101.0,88.42105263157895,79.24528301886792,89.60068191508756
152.0,90.59233449477352,82.80254777070064,91.37429870251852
151.0,90.52631578947368,82.6923076923077,91.31917920231905
156.0,91.83673469387756,84.90566037735849,92.42884985255486
184.0,78.98089171974523,65.26315789473685,82.565647516057
224.0,0.0,0.0,49.546595982142854
107.0,86.29441624365482,75.89285714285714,87.91947762215624
152.0,91.0958904109589,83.64779874213836,91.7979217118561
157.0,90.78498293515358,83.125,91.53552320004796
160.0,92.4092409240924,85.88957055214725,92.921801824159
198.0,79.76190476190477,66.33663366336634,83.10037390374264
232.0,6.437768240343347,3.325942350332594,51.22837058905358
106.0,84.42211055276381,73.04347826086956,86.49079606567393
153.0,90.78498293515358,83.125,91.53552320004796
159.0,91.2751677852349,83.9506172839506,91.94932942534861
163.0,91.50326797385621,84.33734939759037,92.14269340532648
198.0,87.22222222222223,77.33990147783251,88.62396821227638
232.0,5.485232067510549,2.8199566160520604,50.96343404233219
113.0,20.352250489236788,11.328976034858387,55.258494880409
171.0,58.82352941176471,41.66666666666667,70.65150061943012
198.0,62.23776223776224,45.17766497461929,72.37282384696402
236.0,49.76190476190476,33.12202852614897,66.13873555912988
223.0,17.51824817518248,9.6,54.236307765982914
239.0,0.0,0.0,49.44794323979592
74.0,77.16535433070865,62.82051282051282,81.38132988363402
98.0,83.9080459770115,72.27722772277228,86.1106714228096
92.0,87.43169398907104,77.66990291262135,88.81199553168597
79.0,92.40506329113924,85.88235294117646,92.92920113976973
67.0,84.375,72.97297297297297,86.46653516770431
41.0,76.47058823529412,61.904761904761905,80.92844653269091
41.0,9.30232558139535,4.878048780487805,52.40015963957623
75.0,84.72222222222221,73.49397590361446,86.72503843569429
98.0,80.0,66.66666666666666,83.2914104713993
97.0,84.05797101449275,72.5,86.21705863562859
77.0,86.70520231213872,76.53061224489795,88.24235248878898
82.0,83.33333333333334,71.42857142857143,85.68834330643116
60.0,71.94244604316546,56.17977528089888,78.05098567340639
58.0,25.71428571428571,14.754098360655737,57.32522228216772
78.0,84.13793103448276,72.61904761904762,86.28657658813302
97.0,78.89908256880734,65.15151515151516,82.52984022698536
97.0,81.0126582278481,68.08510638297872,83.9976250764734
80.0,82.87292817679558,70.75471698113208,85.34642098432863
84.0,85.54216867469879,74.73684210526315,87.34447134701338
80.0,84.81012658227847,73.62637362637363,86.78923901937732
65.0,0.0,0.0,49.935227997448976
74.0,0.0,0.0,49.92625956632653
84.0,40.707964601769916,25.555555555555554,62.710982172330446
101.0,83.24324324324324,71.29629629629629,85.6172094068559
93.0,85.56701030927834,74.77477477477478,87.35943937069844
80.0,86.07594936708861,75.55555555555556,87.75582519535581
75.0,68.70229007633588,52.32558139534884,76.12189783696947
68.0,0.0,0.0,49.93223852040816
78.0,0.0,0.0,49.92227359693878
81.0,2.4096385542168677,1.2195121951219512,50.529038608771735
99.0,52.17391304347826,35.294117647058826,67.58124310753419
95.0,84.78260869565217,73.58490566037736,86.7645076028343
84.0,81.33333333333333,68.53932584269663,84.24172717356822
72.0,0.0,0.0,49.87543845663265
84.0,0.0,0.0,49.908322704081634
66.0,0.0,0.0,49.93223852040816
82.0,44.06779661016949,28.26086956521739,64.06463219038537
86.0,74.07407407407408,58.82352941176471,79.35587201983955
95.0,78.63247863247864,64.7887323943662,82.34445005629978
84.0,83.79888268156425,72.11538461538461,86.02875076959926
79.0,61.69154228855721,44.60431654676259,72.22533343401506
74.0,0.0,0.0,49.88341039540816
76.0,0.0,0.0,49.91729113520408
78.0,46.55172413793103,30.337078651685395,65.10672353689377
67.0,58.06451612903226,40.909090909090914,70.376735311295
64.0,53.08056872037915,36.12903225806451,67.96575316015756
86.0,77.45664739884393,63.20754716981132,81.56485841996523
77.0,53.714285714285715,36.71875,68.27858344221907
86.0,0.0,0.0,49.8714524872449
79.0,0.0,0.0,49.8714524872449
82.0,54.54545454545454,37.5,68.68517761333945
49.0,52.32558139534884,35.43307086614173,67.63474971166096
78.0,60.36036036036037,43.225806451612904,71.52509464850496
83.0,80.27210884353741,67.04545454545455,83.49379497430559
81.0,69.50354609929079,53.2608695652174,76.58754372589276
84.0,0.0,0.0,49.87643494897959
76.0,69.49152542372882,53.246753246753244,76.58747356164331
93.0,83.9506172839506,72.3404255319149,86.14426880491331
99.0,85.39325842696628,74.50980392156863,87.2289538569919
75.0,91.15646258503402,83.75,91.8620282783532
66.0,90.1639344262295,82.08955223880598,91.03280508929585
54.0,77.55102040816327,63.33333333333333,81.64472721954073
52.0,34.92063492063492,21.153846153846153,60.536057931901645
80.0,7.228915662650602,3.75,51.79826550136528
101.0,55.172413793103445,38.095238095238095,68.98279536802754
100.0,88.64864864864866,79.6116504854369,89.78486464863532
78.0,92.3076923076923,85.71428571428571,92.84516776533383
79.0,83.45323741007195,71.60493827160494,85.77952328800326
65.0,77.96610169491525,63.888888888888886,81.91851186914023
52.0,0.0,0.0,49.94818239795919
77.0,0.0,0.0,49.923270089285715
100.0,45.94594594594595,29.82456140350877,64.8325072583337
101.0,92.2279792746114,85.57692307692307,92.77348759312642
86.0,90.47619047619048,82.6086956521739,91.2883797622147
81.0,81.37931034482759,68.6046511627907,84.2753886138993
78.0,63.793103448275865,46.835443037974684,73.37583795529441
55.0,0.0,0.0,49.945192920918366
75.0,0.0,0.0,49.9202806122449
90.0,12.5,6.666666666666667,53.24961796558368
109.0,63.85542168674698,46.902654867256636,73.39147467142334
91.0,82.92682926829268,70.83333333333334,85.38872701631144
81.0,78.51851851851852,64.63414634146342,82.28814433566598
81.0,7.142857142857142,3.7037037037037033,51.774120801286806
88.0,0.0,0.0,49.91131218112245
78.0,0.0,0.0,49.90931919642857
84.0,0.0,0.0,49.916294642857146
110.0,0.0,0.0,49.89038584183674
98.0,70.44025157232704,54.36893203883495,77.13757854934565
83.0,50.45045045045045,33.734939759036145,66.81263219905225
90.0,0.0,0.0,49.91031568877551
91.0,0.0,0.0,49.89437181122449
75.0,0.0,0.0,49.916294642857146
86.0,0.0,0.0,49.91131218112245
108.0,1.834862385321101,0.9259259259259258,50.356336156784586
102.0,28.57142857142857,16.666666666666664,58.24860277650406
81.0,72.86821705426357,57.3170731707317,78.62362665299139
93.0,0.0,0.0,49.90732621173469
96.0,0.0,0.0,49.891382334183675
77.0,0.0,0.0,49.91031568877551
88.0,0.0,0.0,49.898357780612244
109.0,0.0,0.0,49.891382334183675
99.0,0.0,0.0,49.901347257653065
82.0,49.54128440366973,32.926829268292686,66.40857804717551
93.0,0.0,0.0,49.90234375
94.0,0.0,0.0,49.874441964285715
81.0,0.0,0.0,49.869459502551024
89.0,0.0,0.0,49.891382334183675
109.0,0.0,0.0,49.888392857142854
104.0,0.0,0.0,49.888392857142854
88.0,0.0,0.0,49.91230867346938
101.0,0.0,0.0,49.89536830357143
98.0,0.0,0.0,49.86348054846938
79.0,0.0,0.0,49.901347257653065
93.0,0.0,0.0,49.89536830357143
110.0,0.0,0.0,49.87942442602041
100.0,0.0,0.0,49.90035076530612
86.0,0.0,0.0,49.91430165816326
91.0,0.0,0.0,49.87643494897959
82.0,0.0,0.0,49.88540338010204
24.0,23.809523809523807,13.513513513513514,56.72486582374765
30.0,0.0,0.0,49.962133290816325
33.0,67.85714285714286,51.35135135135135,75.6577320187584
37.0,82.1917808219178,69.76744186046511,84.87075877971209
42.0,75.67567567567568,60.86956521739131,80.4168357314523
47.0,92.0,85.18518518518519,92.58461333865284
74.0,90.66666666666666,82.92682926829268,91.44944480896872
82.0,88.75739644970415,79.7872340425532,89.87465532390529
93.0,86.81318681318682,76.69902912621359,88.32556103295529
98.0,86.66666666666667,76.47058823529412,88.21134106562901
78.0,64.34782608695652,47.43589743589743,73.67706238196277
54.0,16.94915254237288,9.25925925925926,54.580796638459425
44.0,77.10843373493977,62.745098039215684,81.35360358246682
44.0,85.71428571428571,75.0,87.4870355226679
30.0,70.17543859649122,54.054054054054056,77.01007990205693
26.0,40.625,25.49019607843137,62.707221516679155
39.0,50.66666666666667,33.92857142857143,66.92740153062242
33.0,72.72727272727273,57.14285714285714,78.55647522586673
38.0,48.38709677419355,31.914893617021278,65.92554951778678
48.0,82.10526315789474,69.64285714285714,84.80447502414812
73.0,85.36585365853658,74.46808510638297,87.21009332555407
79.0,77.15736040609137,62.8099173553719,81.36004849804523
95.0,72.3404255319149,56.666666666666664,78.26845141841846
108.0,82.44897959183673,70.13888888888889,85.02650884783935
107.0,0.0,0.0,49.89337531887755
79.0,0.0,0.0,49.92127710459184
56.0,0.0,0.0,49.94419642857143
53.0,84.61538461538461,73.33333333333333,86.65070879544669
49.0,83.49514563106796,71.66666666666667,85.81637843336725
41.0,48.148148148148145,31.70731707317073,65.82574951997951
27.0,36.36363636363637,22.22222222222222,61.07622692660368
40.0,57.14285714285714,40.0,69.97607655502392
36.0,71.1864406779661,55.26315789473685,77.6146314845033
47.0,19.230769230769234,10.638297872340425,55.27729208659575
52.0,44.776119402985074,28.846153846153843,64.38619568067745
77.0,86.27450980392157,75.86206896551724,87.91008058134173
83.0,0.0,0.0,49.9152981505102
101.0,0.0,0.0,49.89935427295919
117.0,0.0,0.0,49.88341039540816
106.0,0.0,0.0,49.89437181122449
67.0,0.0,0.0,49.9332350127551
61.0,0.0,0.0,49.93921396683674
61.0,74.28571428571429,59.09090909090909,79.51852832330324
50.0,79.56989247311827,66.07142857142857,83.01676695928177
39.0,0.0,0.0,49.96113679846938
31.0,56.666666666666664,39.53488372093023,69.74152427837616
41.0,69.56521739130434,53.333333333333336,76.64573031318126
39.0,72.1311475409836,56.41025641025641,78.1881804043546
43.0,59.01639344262295,41.86046511627907,70.9053113092859
56.0,90.74074074074075,83.05084745762711,91.51544906446101
78.0,85.88235294117646,75.25773195876289,87.60491531774441
89.0,57.8125,40.65934065934066,70.2758200334937
109.0,8.771929824561402,4.587155963302752,52.18993244937177
123.0,25.53191489361702,14.634146341463413,57.2124039255465
110.0,0.0,0.0,49.89038584183674
73.0,0.0,0.0,49.92725605867347
66.0,0.0,0.0,49.93423150510204
62.0,69.64285714285714,53.42465753424658,76.67842167256238
50.0,76.19047619047619,61.53846153846154,80.7442985847725
40.0,0.0,0.0,49.96014030612245
40.0,66.66666666666666,50.0,74.97607273887382
45.0,67.6056338028169,51.06382978723404,75.50898460170443
41.0,67.74193548387096,51.21951219512195,75.58981790595496
48.0,60.86956521739131,43.75,71.84808344133187
58.0,76.28865979381443,61.66666666666667,80.81039709607292
80.0,88.43537414965986,79.26829268292683,89.6171839978662
88.0,0.0,0.0,49.91230867346938
113.0,0.0,0.0,49.88739636479592
130.0,7.4074074074074066,3.8461538461538463,51.7985029660101
121.0,0.0,0.0,49.87942442602041
77.0,0.0,0.0,49.923270089285715
63.0,0.0,0.0,49.937220982142854
66.0,34.146341463414636,20.588235294117645,60.24029204201915
55.0,70.32967032967034,54.23728813559322,77.09172160449094
41.0,0.0,0.0,49.95914381377551
46.0,67.56756756756756,51.02040816326531,75.4862763434021
50.0,66.66666666666666,50.0,74.97507527267652
52.0,0.0,0.0,49.94818239795919
51.0,0.0,0.0,49.94917889030612
58.0,0.0,0.0,49.94220344387755
82.0,0.0,0.0,49.918287627551024
91.0,0.0,0.0,49.90931919642857
113.0,0.0,0.0,49.88739636479592
128.0,0.0,0.0,49.87244897959184
121.0,0.0,0.0,49.87942442602041
86.0,0.0,0.0,49.91430165816326
72.0,0.0,0.0,49.92825255102041
68.0,0.0,0.0,49.93223852040816
58.0,0.0,0.0,49.94220344387755
47.0,0.0,0.0,49.95316485969388
49.0,76.19047619047619,61.53846153846154,80.74928820381916
48.0,69.23076923076923,52.94117647058824,76.44665954279776
54.0,33.84615384615385,20.37037037037037,60.142326618455385
51.0,11.11111111111111,5.88235294117647,52.89334197793282
63.0,0.0,0.0,49.937220982142854
82.0,0.0,0.0,49.918287627551024
92.0,0.0,0.0,49.906329719387756
118.0,0.0,0.0,49.87842793367347
131.0,0.0,0.0,49.869459502551024
122.0,0.0,0.0,49.87842793367347
87.0,0.0,0.0,49.913305165816325
72.0,0.0,0.0,49.92825255102041
72.0,0.0,0.0,49.92825255102041
57.0,0.0,0.0,49.94319993622449
47.0,0.0,0.0,49.95316485969388
50.0,73.11827956989248,57.6271186440678,78.78863012096492
54.0,72.72727272727273,57.14285714285714,78.54749749293464
58.0,41.0958904109589,25.862068965517242,62.888172498348425
53.0,0.0,0.0,49.947185905612244
61.0,0.0,0.0,49.92725605867347
84.0,0.0,0.0,49.916294642857146
94.0,0.0,0.0,49.898357780612244
117.0,0.0,0.0,49.832589285714285
128.0,0.0,0.0,49.8714524872449
131.0,0.0,0.0,49.869459502551024
91.0,0.0,0.0,49.90931919642857
81.0,0.0,0.0,49.91928411989796
74.0,0.0,0.0,49.92625956632653
61.0,0.0,0.0,49.93921396683674
51.0,0.0,0.0,49.94917889030612
45.0,75.78947368421053,61.016949152542374,80.48553879645468
48.0,21.73913043478261,12.195121951219512,56.02579922462303
45.0,39.130434782608695,24.324324324324326,62.106338564730045
38.0,45.97701149425287,29.850746268656714,64.87851931823457
44.0,87.5,77.77777777777779,88.87692096293046
67.0,85.3146853146853,74.39024390243902,87.17417014038443
77.0,75.8974358974359,61.15702479338842,80.53160808149723
90.0,70.83333333333334,54.83870967741935,77.3494820072629
101.0,78.67298578199052,64.84375,82.37695854460702
96.0,75.15923566878982,60.204081632653065,80.06313186327667
75.0,0.0,0.0,49.92526307397959
69.0,44.9438202247191,28.985507246376812,64.44390602768637
53.0,77.66990291262135,63.49206349206349,81.72309413633013
47.0,82.56880733944955,70.3125,85.13729964991722
44.0,68.18181818181817,51.724137931034484,75.83415048747312
47.0,73.58490566037736,58.2089552238806,79.0765541223019
51.0,50.0,33.33333333333333,66.59885923975908
49.0,44.44444444444444,28.57142857142857,64.22090870246404
40.0,54.761904761904766,37.704918032786885,68.81457494166212
49.0,87.61904761904762,77.96610169491525,88.97008455980553
76.0,75.82417582417582,61.06194690265486,80.48706741025534
87.0,73.41772151898735,57.99999999999999,78.93711194074547
98.0,66.66666666666666,50.0,74.91115459101164
111.0,80.16528925619835,66.89655172413794,83.4003515824308
109.0,7.079646017699115,3.669724770642202,51.730222347052745
81.0,0.0,0.0,49.91928411989796
66.0,72.89719626168224,57.35294117647059,78.64754983110981
61.0,80.0,66.66666666666666,83.3083961749724
50.0,82.45614035087719,70.1492537313433,85.05467833288623
46.0,68.75,52.38095238095239,76.160561745788
52.0,85.45454545454545,74.60317460317461,87.28562847535896
50.0,70.6896551724138,54.666666666666664,77.29942488614074
48.0,53.333333333333336,36.36363636363637,68.12597899866566
47.0,68.18181818181817,51.724137931034484,75.83415048747312
51.0,84.95575221238938,73.84615384615385,86.9061203319502
79.0,74.61139896373057,59.50413223140496,79.7031678241489
87.0,67.71653543307087,51.19047619047619,75.51338543003546
106.0,62.893081761006286,45.87155963302752,72.81795890430033
113.0,77.37226277372264,63.095238095238095,81.48570572626895
106.0,0.0,0.0,49.89337531887755
78.0,0.0,0.0,49.92227359693878
72.0,76.03305785123968,61.33333333333333,80.63774187113505
64.0,80.62015503875969,67.53246753246754,83.74129561285415
52.0,81.35593220338984,68.57142857142857,84.26377046190325
42.0,67.9245283018868,51.42857142857142,75.68038064847
49.0,84.61538461538461,73.33333333333333,86.65070879544669
49.0,59.50413223140496,42.35294117647059,71.12760740514794
49.0,32.098765432098766,19.11764705882353,59.50400224679311
44.0,62.7906976744186,45.76271186440678,72.84945100887491
52.0,76.19047619047619,61.53846153846154,80.7393073731248
79.0,71.09004739336493,55.14705882352941,77.51265238336208
91.0,63.63636363636363,46.666666666666664,73.22950983328343
114.0,63.25878594249201,46.26168224299065,73.01601794918069
115.0,83.92156862745098,72.2972972972973,86.10770515067586
112.0,40.845070422535215,25.663716814159294,62.74810464314561
78.0,0.0,0.0,49.91928411989796
69.0,60.19417475728155,43.05555555555556,71.48689633396484
73.0,72.46376811594203,56.81818181818182,78.3711864283823
53.0,78.68852459016394,64.86486486486487,82.40649882247394
43.0,63.46153846153846,46.478873239436616,73.20154498977993
52.0,86.48648648648648,76.19047619047619,88.0802763971851
49.0,81.55339805825243,68.85245901639344,84.40728029209588
50.0,45.45454545454545,29.411764705882355,64.65803164714326
47.0,72.54901960784314,56.92307692307692,78.43361608574317
52.0,70.07299270072993,53.93258426966292,76.92539682681996
80.0,67.55555555555556,51.006711409395976,75.43050141328082
90.0,63.829787234042556,46.875,73.33567513876133
114.0,60.66066066066066,43.53448275862069,71.63643758500181
124.0,80.7017543859649,67.64705882352942,83.76859643000245
116.0,41.0958904109589,25.862068965517242,62.84528487162314
87.0,0.0,0.0,49.908322704081634
71.0,46.31578947368421,30.136986301369863,65.01764974836408
76.0,68.08510638297872,51.61290322580645,75.76156651874427
58.0,79.6875,66.23376623376623,83.09094795478835
45.0,61.111111111111114,44.0,71.95811977743654
54.0,87.93103448275862,78.46153846153847,89.21680414348742
51.0,67.71653543307087,51.19047619047619,75.55434686590812
54.0,24.691358024691358,14.084507042253522,56.98145537098524
53.0,37.362637362637365,22.972972972972975,61.42966717190686
53.0,60.37735849056604,43.24324324324324,71.55878248979909
81.0,66.95652173913044,50.326797385620914,75.08754887544885
94.0,64.58333333333334,47.69230769230769,73.74432288554846
114.0,55.774647887323944,38.671875,69.17917890823134
124.0,77.3972602739726,63.128491620111724,81.49832886540612
119.0,43.786982248520715,28.030303030303028,63.92041488298892
97.0,0.0,0.0,49.89237882653062
75.0,34.40860215053764,20.77922077922078,60.32880496696287
80.0,68.4931506849315,52.083333333333336,75.99578229528255
58.0,79.06976744186046,65.38461538461539,82.66537502397851
46.0,64.86486486486487,48.0,73.96110889509373
53.0,86.72566371681415,76.5625,88.26628800347119
53.0,81.08108108108108,68.18181818181817,84.06996396713338
55.0,32.967032967032964,19.736842105263158,59.807616842189205
52.0,49.572649572649574,32.95454545454545,66.41844567879525
59.0,49.75124378109453,33.11258278145696,66.45554527095032
82.0,64.40677966101694,47.5,73.66616766467065
95.0,63.1578947368421,46.15384615384615,72.97210336682444
117.0,55.64738292011019,38.54961832061068,69.1140502985979
129.0,78.26086956521739,64.28571428571429,82.07793375245782
128.0,48.205128205128204,31.756756756756754,65.77763828781204
96.0,0.0,0.0,49.896364795918366
75.0,38.775510204081634,24.050632911392405,61.96550426597194
79.0,65.27777777777779,48.45360824742268,74.1769327917478
59.0,78.46153846153847,64.55696202531645,82.25055083809464
47.0,68.96551724137932,52.63157894736842,76.27988712806429
56.0,86.20689655172413,75.75757575757575,87.86282809743689
54.0,77.58620689655173,63.38028169014085,81.66420878706239
55.0,38.70967741935484,24.0,61.94317955261375
52.0,30.64516129032258,18.095238095238095,58.96188824234759
59.0,42.27642276422765,26.804123711340207,63.26041314447387
81.0,59.23076923076923,42.07650273224044,70.932460831379
94.0,57.49999999999999,40.35087719298245,70.03966669328861
116.0,55.80110497237569,38.69731800766284,69.18889864437061
133.0,77.3972602739726,63.128491620111724,81.49832886540612
128.0,54.08163265306123,37.06293706293706,68.44168938816107
102.0,0.0,0.0,49.88341039540816
76.0,31.683168316831683,18.823529411764707,59.34298480157614
81.0,58.64661654135338,41.48936170212766,70.68983113927413
61.0,76.69172932330827,62.19512195121951,81.06663828234292
62.0,70.67669172932331,54.65116279069767,77.28668175641728
51.0,70.1492537313433,54.02298850574713,76.97159718730273
53.0,68.53146853146853,52.12765957446809,76.0189437976476
51.0,8.0,4.166666666666666,52.01457125014118
53.0,3.5398230088495577,1.8018018018018018,50.79227890544509
60.0,50.617283950617285,33.88429752066116,66.86236417870097
71.0,75.90361445783132,61.165048543689316,80.54261446800135
86.0,69.48356807511738,53.23741007194245,76.55383736601793
101.0,19.480519480519483,10.79136690647482,55.27208145168241
116.0,0.0,0.0,49.8844068877551
110.0,0.0,0.0,49.89038584183674
99.0,0.0,0.0,49.901347257653065
83.0,0.0,0.0,49.91230867346938
79.0,0.0,0.0,49.891382334183675
60.0,12.5,6.666666666666667,53.263571917375906
60.0,0.0,0.0,49.87942442602041
46.0,78.48101265822784,64.58333333333334,82.27471582411007
69.0,89.70588235294117,81.33333333333333,90.65269879277662
93.0,93.54838709677419,87.87878787878788,93.9274152614407
104.0,91.9431279620853,85.08771929824562,92.52688646675095
104.0,92.89099526066352,86.72566371681415,93.34785522195995
86.0,94.85714285714286,90.21739130434783,95.09971236109531
58.0,90.43478260869566,82.53968253968253,91.25886848235423
29.0,68.08510638297872,51.61290322580645,75.79149945979317
18.0,0.0,0.0,49.9820631377551
7.0,0.0,0.0,49.99302455357143
87.0,74.12587412587412,58.88888888888889,79.4075352410847
81.0,94.47852760736197,89.53488372093024,94.75845964525125
108.0,91.50943396226415,84.34782608695653,92.15594143861394
116.0,91.77489177489177,84.8,92.38102656281207
109.0,91.74311926605505,84.7457627118644,92.35490867440812
92.0,92.22222222222223,85.56701030927834,92.7695311462947
65.0,85.9504132231405,75.36231884057972,87.66420147599172
29.0,61.53846153846154,44.44444444444444,72.20228601807548
19.0,0.0,0.0,49.98106664540816
8.0,0.0,0.0,49.99103156887755
92.0,80.74534161490683,67.70833333333334,83.82323533422469
108.0,89.10891089108911,80.35714285714286,90.15660920359838
121.0,90.51724137931035,82.67716535433071,91.31661387286746
121.0,91.59663865546219,84.49612403100775,92.22808877963993
108.0,90.5829596412556,82.78688524590164,91.37247407577159
98.0,91.09947643979058,83.65384615384616,91.80995328315598
74.0,80.91603053435115,67.94871794871796,83.94942032344024
33.0,58.620689655172406,41.46341463414634,70.7077833951449
18.0,0.0,0.0,49.9820631377551
8.0,0.0,0.0,49.99202806122449
97.0,77.38095238095238,63.10679611650486,81.51548223138806
112.0,86.95652173913044,76.92307692307693,88.43458482179882
123.0,91.52542372881356,84.375,92.16752716305824
124.0,92.0,85.18518518518519,92.57261696286086
119.0,90.45643153526972,82.57575757575758,91.26490956663525
104.0,91.17647058823529,83.78378378378379,91.8739217223733
75.0,84.05797101449275,72.5,86.2280517977573
30.0,55.73770491803278,38.63636363636363,69.29126740601251
19.0,0.0,0.0,49.98106664540816
8.0,0.0,0.0,49.99202806122449
100.0,77.01149425287356,62.616822429906534,81.26849822527078
124.0,84.44444444444444,73.07692307692307,86.5035181467561
127.0,89.0625,80.28169014084507,90.11287974742305
125.0,92.06349206349206,85.29411764705883,92.62708279476392
119.0,90.98360655737704,83.45864661654136,91.70735187113894
102.0,88.46153846153845,79.3103448275862,89.63121266616912
79.0,85.90604026845638,75.29411764705883,87.62610575839531
35.0,0.0,0.0,49.94618941326531
20.0,0.0,0.0,49.98007015306122
9.0,0.0,0.0,49.989038584183675
99.0,81.9672131147541,69.44444444444444,84.68928874784048
122.0,88.88888888888889,80.0,89.97403738616391
129.0,93.54838709677419,87.87878787878788,93.92341311638155
126.0,89.57528957528957,81.11888111888112,90.53247292060715
126.0,90.98039215686275,83.45323741007195,91.70364627195566
106.0,86.51162790697674,76.22950819672131,88.08580215858069
82.0,86.27450980392157,75.86206896551724,87.91008058134173
38.0,0.0,0.0,49.9382174744898
20.0,0.0,0.0,49.98007015306122
14.0,0.0,0.0,49.986049107142854
98.0,75.60975609756098,60.78431372549019,80.35224785528212
126.0,79.82062780269058,66.4179104477612,83.16403338787525
129.0,91.28630705394191,83.96946564885496,91.96376050788531
130.0,92.36641221374046,85.81560283687944,92.8878233942663
125.0,89.60000000000001,81.15942028985508,90.5537433823836
113.0,87.78280542986425,78.2258064516129,89.08594581850997
88.0,87.86127167630057,78.35051546391753,89.15429964812643
37.0,0.0,0.0,49.94319993622449
19.0,19.047619047619047,10.526315789473683,55.246216849574004
14.0,0.0,0.0,49.986049107142854
107.0,78.73303167420815,64.92537313432835,82.41577007851397
127.0,89.2430278884462,80.57553956834532,90.26080429999242
131.0,92.24806201550388,85.61151079136691,92.78577816972104
129.0,92.13483146067416,85.41666666666666,92.6873555697627
124.0,88.18897637795276,78.87323943661971,89.4066580692207
113.0,89.38053097345133,80.80000000000001,90.37603594608088
89.0,91.76470588235294,84.78260869565217,92.3773317341489
41.0,48.0,31.57894736842105,65.75059653599887
22.0,68.18181818181817,51.724137931034484,75.84811390082555
13.0,0.0,0.0,49.9870455994898
76.0,76.42276422764228,61.8421052631579,80.8921272590401
75.0,92.81045751633987,86.58536585365853,93.28170597842093
97.0,93.75,88.23529411764706,94.10566766338368
100.0,92.82296650717703,86.60714285714286,93.2885950911845
101.0,94.1747572815534,88.9908256880734,94.48343177412714
87.0,92.57142857142857,86.17021276595744,93.07213103613772
63.0,88.88888888888889,80.0,89.98703216024259
31.0,63.829787234042556,46.875,73.42055456430295
23.0,0.0,0.0,49.97708067602041
9.0,0.0,0.0,49.99103156887755
89.0,84.81012658227847,73.62637362637363,86.78923901937732
90.0,93.25842696629213,87.36842105263159,93.67223280487767
104.0,91.86602870813397,84.95575221238938,92.46090326274421
108.0,93.69369369369369,88.13559322033898,94.05381674118082
105.0,92.09302325581396,85.34482758620689,92.65543993284824
95.0,91.20879120879121,83.83838383838383,91.90322162394109
63.0,86.95652173913044,76.92307692307693,88.44657616652191
33.0,65.3061224489796,48.484848484848484,74.22547846889952
22.0,0.0,0.0,49.97807716836735
8.0,0.0,0.0,49.99202806122449
90.0,84.33734939759037,72.91666666666666,86.43238833672613
100.0,89.34010152284264,80.73394495412845,90.3460093721289
114.0,93.04347826086956,86.99186991869918,93.47995700892118
115.0,92.24137931034483,85.6,92.78202480576803
108.0,92.44444444444444,85.9504132231405,92.95823105636973
100.0,92.3076923076923,85.71428571428571,92.84216861284304
72.0,80.91603053435115,67.94871794871796,83.94942032344024
33.0,75.0,60.0,79.98604326587578
22.0,0.0,0.0,49.97807716836735
9.0,0.0,0.0,49.99103156887755
105.0,81.52173913043478,68.80733944954129,84.36973826631672
119.0,88.9908256880734,80.16528925619835,90.05868248828008
118.0,92.64069264069265,86.29032258064517,93.1281847179924
118.0,94.16666666666667,88.9763779527559,94.47420659417952
111.0,93.04347826086956,86.99186991869918,93.47995700892118
102.0,92.0,85.18518518518519,92.57661942750993
76.0,80.0,66.66666666666666,83.3063990529774
36.0,70.17543859649122,54.054054054054056,77.01007990205693
20.0,0.0,0.0,49.98007015306122
10.0,0.0,0.0,49.99003507653062
112.0,79.16666666666666,65.51724137931035,82.71870052997453
125.0,89.47368421052632,80.95238095238095,90.45222594369858
121.0,93.7759336099585,88.28125,94.12564387621597
120.0,94.26229508196722,89.14728682170544,94.55966047004051
119.0,92.9460580912863,86.82170542635659,93.3938744453611
109.0,92.45283018867924,85.96491228070175,92.96648106147393
82.0,80.55555555555556,67.44186046511628,83.69299615697652
36.0,75.0,60.0,79.98404849258255
21.0,0.0,0.0,49.979073660714285
10.0,0.0,0.0,49.99003507653062
110.0,85.14851485148515,74.13793103448276,87.03901942021604
125.0,89.74358974358975,81.3953488372093,90.67370845027966
119.0,94.21487603305785,89.0625,94.51726733850026
121.0,92.80000000000001,86.56716417910447,93.2656036636633
119.0,91.869918699187,84.9624060150376,92.46122817580675
110.0,90.23255813953487,82.20338983050848,91.08072804291254
81.0,83.66013071895425,71.91011235955057,85.93011205461563
36.0,85.29411764705883,74.35897435897436,87.16951649330456
23.0,0.0,0.0,49.97708067602041
13.0,0.0,0.0,49.9870455994898
109.0,86.15384615384616,75.67567567567568,87.81088742659453
129.0,88.03418803418803,78.62595419847328,89.28501791963885
124.0,94.3089430894309,89.23076923076924,94.60140139524877
121.0,93.92712550607287,88.54961832061069,94.25982713873124
120.0,90.68825910931174,82.96296296296296,91.45851088384646
110.0,80.16194331983806,66.8918918918919,83.39702128991624
84.0,79.74683544303798,66.3157894736842,83.12596689376745
39.0,84.50704225352112,73.17073170731707,86.5743978801412
26.0,26.666666666666668,15.384615384615385,57.67038311286099
16.0,0.0,0.0,49.984056122448976
121.0,85.06787330316742,74.01574803149606,86.97492804713656
129.0,89.25619834710744,80.59701492537313,90.27254277466228
126.0,94.44444444444444,89.47368421052632,94.72285804708947
124.0,93.7007874015748,88.14814814814815,94.05809229330416
124.0,90.42145593869732,82.51748251748252,91.23377022514023
115.0,81.53846153846153,68.83116883116884,84.36765152163595
92.0,75.39267015706807,60.50420168067227,80.2051983974174
42.0,76.08695652173914,61.40350877192983,80.67981625150409
24.0,77.55102040816327,63.33333333333333,81.65570109855055
15.0,0.0,0.0,49.98505261479592
107.0,88.88888888888889,80.0,89.97803865197254
115.0,85.1063829787234,74.07407407407408,87.00209015629576
113.0,87.13692946058092,77.20588235294117,88.57198513405082
120.0,75.58528428093646,60.752688172043015,80.30343595027254
126.0,78.37837837837837,64.44444444444444,82.15829893017268
103.0,73.64341085271317,58.282208588957054,79.07321427630795
63.0,57.931034482758626,40.77669902912621,70.32751255760775
29.0,88.46153846153845,79.3103448275862,89.6491907177829
18.0,0.0,0.0,49.9820631377551
16.0,0.0,0.0,49.984056122448976
50.0,59.74025974025974,42.592592592592595,71.23445707826318
76.0,68.13186813186813,51.66666666666667,75.77546527251201
76.0,73.79679144385027,58.47457627118644,79.18839277167201
80.0,79.38144329896907,65.8119658119658,82.86606194947679
82.0,91.22807017543859,83.87096774193549,91.92051321345647
82.0,94.54545454545455,89.65517241379311,94.81860381238978
81.0,92.99363057324841,86.90476190476191,93.44140356579732
70.0,92.41379310344827,85.8974358974359,92.93774187655526
59.0,91.52542372881356,84.375,92.17752434060891
37.0,86.8421052631579,76.74418604651163,88.36212154169309
19.0,85.0,73.91304347826086,86.95054075864836
61.0,54.437869822485204,37.39837398373984,68.62238667269976
81.0,53.475935828877006,36.496350364963504,68.16139387138571
83.0,71.96261682242991,56.20437956204379,78.04230834626271
88.0,73.45132743362832,58.04195804195804,78.9610904137884
88.0,87.95811518324608,78.50467289719626,89.22937869087235
90.0,87.83068783068782,78.30188679245283,89.12798609680334
82.0,94.26751592356688,89.1566265060241,94.5693315756339
73.0,93.87755102040816,88.46153846153845,94.22178844964084
65.0,91.93548387096774,85.07462686567165,92.52733717632631
40.0,90.66666666666666,82.92682926829268,91.45643445784704
26.0,83.33333333333334,71.42857142857143,85.70631059665273
68.0,54.63917525773196,37.5886524822695,68.70654218990079
86.0,49.056603773584904,32.5,66.14226717740004
92.0,69.82758620689656,53.64238410596026,76.75132480075935
93.0,73.33333333333333,57.89473684210527,78.88348086315453
100.0,81.08108108108108,68.18181818181817,84.04898120686963
96.0,82.1256038647343,69.67213114754098,84.79913279143435
83.0,90.19607843137256,82.14285714285714,91.05646060288126
78.0,81.3953488372093,68.62745098039215,84.28179318667954
74.0,90.0,81.81818181818183,90.89512247774574
58.0,81.1881188118812,68.33333333333333,84.14771782852964
35.0,66.66666666666666,50.0,74.96908964004388
77.0,46.49122807017544,30.28571428571429,65.02115652637369
91.0,48.30508474576271,31.843575418994412,65.8000773800812
95.0,64.56692913385827,47.674418604651166,73.74737818482649
93.0,70.63492063492063,54.601226993865026,77.22674203327927
105.0,75.50200803212851,60.64516129032258,80.26168052136431
100.0,73.27586206896551,57.82312925170068,78.84967726085463
83.0,82.27848101265823,69.89247311827957,84.91829858145026
84.0,76.19047619047619,61.53846153846154,80.72432417494689
77.0,87.58169934640523,77.90697674418605,88.93452970199385
73.0,78.74015748031496,64.93506493506493,82.44060033650267
68.0,61.71428571428571,44.62809917355372,72.24721266885659
82.0,55.55555555555556,38.46153846153847,69.11900616846133
99.0,51.449275362318836,34.63414634146341,67.18335398103008
99.0,61.42857142857143,44.329896907216494,72.05714250431697
99.0,68.63468634686348,52.24719101123596,76.03873637178016
111.0,76.69172932330827,62.19512195121951,81.03565260000565
105.0,72.42798353909465,56.774193548387096,78.32021448701897
93.0,70.64676616915423,54.61538461538461,77.24881594804755
89.0,71.21951219512195,55.3030303030303,77.59263644165746
89.0,86.70520231213872,76.53061224489795,88.24235248878898
83.0,85.16129032258064,74.15730337078652,87.05570217431763
95.0,58.87850467289719,41.72185430463576,70.7731255838626
84.0,52.01465201465202,35.148514851485146,67.44353194924322
104.0,51.10410094637224,34.32203389830508,67.00631089066367
103.0,60.86956521739131,43.75,71.75819856244385
107.0,68.96551724137932,52.63157894736842,76.22592606606379
121.0,76.92307692307693,62.5,81.1840870051532
108.0,70.4119850187266,54.33526011560693,77.08875940567296
93.0,66.36363636363637,49.65986394557823,74.75608409940828
99.0,74.2081447963801,58.992805755395686,79.43950983661507
96.0,86.01036269430051,75.45454545454545,87.70032285403695
105.0,80.6282722513089,67.54385964912281,83.73500293979325
104.0,60.83333333333333,43.712574850299404,71.76248066707134
89.0,50.98039215686274,34.21052631578947,66.95555658278197
104.0,50.955414012738856,34.18803418803419,66.9403122073994
105.0,58.22784810126582,41.07142857142857,70.40393567378234
110.0,67.54966887417218,51.0,75.40214482565803
120.0,76.71232876712328,62.22222222222222,81.04319803984234
116.0,72.14285714285714,56.424581005586596,78.13440732755616
96.0,60.447761194029844,43.31550802139038,71.55195502876086
102.0,67.22689075630252,50.63291139240506,75.23860516921434
108.0,85.30805687203792,74.3801652892562,87.15913587307517
116.0,79.43925233644859,65.89147286821705,82.9018163686277
113.0,63.49206349206349,46.51162790697674,73.16399025498949
86.0,47.5,31.147540983606557,65.40610582114459
110.0,51.42857142857142,34.61538461538461,67.15498245640974
111.0,61.16207951070336,44.052863436123346,71.89962446508619
114.0,65.34653465346535,48.529411764705884,74.15986733371784
127.0,78.08219178082192,64.04494382022472,81.95855117182784
114.0,72.79411764705883,57.22543352601156,78.53883054777724
98.0,72.0,56.25,78.0621194730013
108.0,73.83177570093457,58.51851851851851,79.20336768890574
118.0,88.18181818181819,78.86178861788618,89.40493532413907
122.0,84.16289592760181,72.65625,86.29318300371384
120.0,78.3410138248848,64.39393939393939,82.15005508156972
53.0,56.375838926174495,39.25233644859813,69.56134195869089
78.0,58.21596244131455,41.05960264900662,70.44100378289816
81.0,69.6078431372549,53.383458646616546,76.62985925046125
82.0,72.54901960784314,56.92307692307692,78.40565246896331
83.0,93.41317365269461,87.64044943820225,93.80924623692619
83.0,94.40993788819875,89.41176470588236,94.69690031701303
82.0,93.5064935064935,87.8048780487805,93.89245978121605
70.0,94.8905109489051,90.27777777777779,95.1319043944665
62.0,90.43478260869566,82.53968253968253,91.25886848235423
39.0,89.1891891891892,80.48780487804879,90.23592525377421
22.0,85.1063829787234,74.07407407407408,87.03005880910817
66.0,49.740932642487046,33.10344827586207,66.45497182385508
85.0,46.02510460251046,29.891304347826086,64.81696360026127
87.0,68.99563318777294,52.666666666666664,76.26247080663514
89.0,70.12987012987013,54.0,76.93113085138236
89.0,92.22222222222223,85.56701030927834,92.7695311462947
92.0,93.25842696629213,87.36842105263159,93.67223280487767
81.0,94.11764705882352,88.88888888888889,94.43546312558766
76.0,95.23809523809523,90.9090909090909,95.4475602631512
68.0,88.54961832061069,79.45205479452055,89.71106271391297
56.0,84.5360824742268,73.21428571428571,86.59218324808731
33.0,88.88888888888889,80.0,89.99302065884982
78.0,50.63291139240506,33.89830508474576,66.8324233540897
95.0,47.01492537313433,30.73170731707317,65.22417385489283
96.0,64.2570281124498,47.337278106508876,73.57980960579356
95.0,71.14624505928853,55.21472392638037,77.5344873075978
99.0,84.65116279069768,73.38709677419355,86.66060439188863
98.0,78.9237668161435,65.18518518518519,82.54567516726118
83.0,89.1566265060241,80.43478260869566,90.19942794959152
83.0,91.92546583850931,85.0574712643678,92.51576209819325
80.0,89.03225806451613,80.23255813953489,90.0993153720805
76.0,80.3030303030303,67.08860759493672,83.51836760051286
101.0,54.347826086956516,37.3134328358209,68.57292756581772
83.0,46.92307692307692,30.65326633165829,65.18894983748433
101.0,50.171821305841924,33.48623853211009,66.59841735199801
99.0,63.90977443609023,46.96132596685083,73.38483738601272
102.0,68.63468634686348,52.24719101123596,76.03873637178016
106.0,79.83539094650206,66.43835616438356,83.17025538006115
103.0,76.03305785123968,61.33333333333333,80.60876394324201
88.0,82.10526315789474,69.64285714285714,84.78749508106968
101.0,80.6282722513089,67.54385964912281,83.73500293979325
89.0,85.88235294117646,75.25773195876289,87.60491531774441
113.0,76.59574468085107,62.06896551724138,80.99057408865423
125.0,58.93719806763285,41.78082191780822,70.80560601028594
87.0,45.86466165413533,29.756097560975608,64.73437922047583
102.0,50.16722408026756,33.482142857142854,66.59237180181748
104.0,59.183673469387756,42.028985507246375,70.89470597409075
111.0,66.2020905923345,49.47916666666667,74.64274021917826
112.0,76.80608365019012,62.34567901234568,81.1119308691284
110.0,69.88847583643123,53.714285714285715,76.77627547964197
98.0,66.93877551020408,50.306748466257666,75.07252622737964
104.0,76.0,61.29032258064516,80.59725709870582
100.0,84.94623655913979,73.83177570093457,86.88794206529053
118.0,79.20792079207921,65.57377049180327,82.74496573136953
129.0,60.0,42.857142857142854,71.33277069409914
90.0,41.48148148148148,26.168224299065418,62.926490441631664
107.0,47.92332268370607,31.512605042016805,65.59363111724402
112.0,60.49382716049383,43.36283185840708,71.55361529818792
120.0,63.013698630136986,46.0,72.89218113569204
120.0,78.41726618705036,64.49704142011834,82.18860100246734
117.0,69.44444444444444,53.191489361702125,76.50787823784444
95.0,60.58394160583942,43.455497382198956,71.61994919815635
111.0,58.97435897435898,41.81818181818181,70.81329591038813
107.0,87.0,76.99115044247787,88.46962141900691
122.0,79.81651376146789,66.41221374045801,83.16218505106711
128.0,61.96078431372549,44.88636363636363,72.34636963381948
97.0,28.46441947565543,16.593886462882097,58.10646894048409
108.0,40.51446945337621,25.403225806451612,62.51703006045049
120.0,57.22891566265061,40.08438818565401,69.90042376076495
120.0,57.52508361204013,40.375586854460096,70.06102161648938
123.0,71.42857142857143,55.55555555555556,77.68989378464872
117.0,65.55183946488295,48.756218905472636,74.27526988246593
99.0,55.73770491803278,38.63636363636363,69.18342707182019
115.0,30.414746543778804,17.934782608695652,58.8168219327506
116.0,78.22222222222223,64.23357664233576,82.06787440965215
123.0,71.83673469387755,56.05095541401274,77.95659893364748
128.0,60.483870967741936,43.35260115606936,71.5784981389616
98.0,25.547445255474454,14.644351464435147,57.11874939448997
108.0,23.404255319148938,13.253012048192772,56.41112202234141
119.0,56.11940298507463,39.004149377593365,69.35531537407283
121.0,50.70422535211267,33.9622641509434,66.84142267103293
133.0,73.31189710610933,57.868020304568525,78.85111294482152
116.0,65.54054054054053,48.743718592964825,74.2700202022513
102.0,55.73770491803278,38.63636363636363,69.18342707182019
117.0,4.784688995215311,2.450980392156863,51.02716845642803
126.0,65.60000000000001,48.80952380952381,74.31892328137387
125.0,62.23776223776224,45.17766497461929,72.48102008089681
130.0,60.902255639097746,43.78378378378379,71.78808911716388
108.0,0.0,0.0,49.874441964285715
108.0,0.0,0.0,49.74689094387755
123.0,0.0,0.0,49.87743144132653
137.0,0.0,0.0,49.86348054846938
153.0,0.0,0.0,49.84654017857143
147.0,0.0,0.0,49.852519132653065
128.0,0.0,0.0,49.87244897959184
138.0,0.0,0.0,49.86248405612245
148.0,0.0,0.0,49.852519132653065
141.0,0.0,0.0,49.859494579081634
153.0,0.0,0.0,49.847536670918366
34.0,86.95652173913044,76.92307692307693,88.4525646650243
39.0,88.31168831168831,79.06976744186046,89.5259092085454
38.0,80.59701492537313,67.5,83.7370386248978
26.0,80.0,66.66666666666666,83.3233644362921
29.0,0.0,0.0,49.97110172193878
35.0,88.31168831168831,79.06976744186046,89.5259092085454
45.0,91.11111111111111,83.6734693877551,91.8287562357146
40.0,88.60759493670885,79.54545454545455,89.76375258135694
35.0,81.15942028985508,68.29268292682927,84.13337982984999
31.0,49.411764705882355,32.8125,66.36338288804706
39.0,88.37209302325581,79.16666666666666,89.573360857367
48.0,88.65979381443299,79.62962962962963,89.8038439971897
45.0,86.66666666666667,76.47058823529412,88.22332690780203
40.0,68.75,52.38095238095239,76.160561745788
39.0,46.31578947368421,30.136986301369863,65.01764974836408
39.0,87.35632183908046,77.55102040816327,88.76454048051868
51.0,85.98130841121495,75.40983606557377,87.68995693164983
51.0,85.71428571428571,75.0,87.48503919730307
43.0,59.09090909090909,41.935483870967744,70.91388949118127
42.0,57.89473684210527,40.74074074074074,70.32250725886927
40.0,84.78260869565217,73.58490566037736,86.77849108536948
47.0,90.9090909090909,83.33333333333334,91.6576901850485
48.0,86.0,75.43859649122807,87.70533538681843
42.0,60.46511627906976,43.333333333333336,71.61580602482532
44.0,62.18487394957983,45.1219512195122,72.51610036294224
45.0,84.5360824742268,73.21428571428571,86.59218324808731
54.0,81.73913043478261,69.11764705882352,84.53787756998707
51.0,87.27272727272727,77.41935483870968,88.69571316783872
43.0,61.29032258064516,44.18604651162791,72.04515537117555
45.0,52.307692307692314,35.41666666666667,67.6465089146823
45.0,79.24528301886792,65.625,82.79055880240954
57.0,82.25806451612904,69.86301369863014,84.90956171215795
52.0,83.47826086956522,71.64179104477611,85.80194403818761
46.0,58.57142857142858,41.41414141414141,70.64922688538925
43.0,46.05263157894737,29.914529914529915,64.87549554700189
46.0,76.10619469026548,61.42857142857143,80.68735734375134
57.0,81.25,68.42105263157895,84.18658568854505
52.0,85.71428571428571,75.0,87.48404085541014
46.0,65.18518518518519,48.35164835164835,74.12894792911548
45.0,48.64864864864865,32.142857142857146,65.99564077725226
33.0,86.95652173913044,76.92307692307693,88.4525646650243
39.0,89.74358974358975,81.3953488372093,90.68969691516435
39.0,85.71428571428571,75.0,87.49002911498425
28.0,82.35294117647058,70.0,84.9910278137773
31.0,0.0,0.0,49.95316485969388
34.0,84.61538461538461,73.33333333333333,86.6547008887914
42.0,90.69767441860465,82.97872340425532,91.48138356223097
38.0,92.3076923076923,85.71428571428571,92.8511596102342
38.0,77.77777777777779,63.63636363636363,81.80222903840995
38.0,30.952380952380953,18.30985915492958,59.097118043066935
37.0,88.09523809523809,78.72340425531915,89.35172985058983
45.0,90.32258064516128,82.35294117647058,91.16749464376646
47.0,86.66666666666667,76.47058823529412,88.22332690780203
40.0,78.94736842105263,65.21739130434783,82.59274223614871
43.0,39.473684210526315,24.59016393442623,62.24922961179755
39.0,86.04651162790698,75.51020408163265,87.74313530833263
48.0,88.88888888888889,80.0,89.98902896353627
48.0,85.71428571428571,75.0,87.48603741971517
41.0,87.05882352941177,77.08333333333334,88.53069716188995
43.0,52.10084033613446,35.22727272727273,67.55680118565252
40.0,86.95652173913044,76.92307692307693,88.44957101299849
47.0,90.9090909090909,83.33333333333334,91.6576901850485
47.0,87.5,77.77777777777779,88.87692096293046
44.0,86.95652173913044,76.92307692307693,88.44957101299849
43.0,50.81967213114754,34.065934065934066,66.97314052982615
38.0,82.6086956521739,70.37037037037037,85.16922922363905
46.0,83.01886792452831,70.96774193548387,85.46591836261945
49.0,83.80952380952381,72.1311475409836,86.04861853232057
45.0,82.22222222222221,69.81132075471697,84.88970473404689
39.0,49.6,32.97872340425532,66.42654387382973
41.0,76.63551401869158,62.121212121212125,81.03567337884681
49.0,80.34188034188034,67.14285714285714,83.54848775872534
50.0,82.88288288288288,70.76923076923077,85.36566465650847
45.0,79.54545454545455,66.0377358490566,83.00091854178763
42.0,40.25157232704403,25.196850393700785,62.503698011145225
44.0,71.1864406779661,55.26315789473685,77.59766982381954
55.0,76.33587786259542,61.72839506172839,80.83327545449664
48.0,82.45614035087719,70.1492537313433,85.05467833288623
47.0,80.0,66.66666666666666,83.31139126040586
43.0,52.55474452554745,35.64356435643564,67.75696367004072
45.0,0.0,0.0,49.955157844387756
50.0,0.0,0.0,49.930245535714285
60.0,0.0,0.0,49.849529655612244
47.0,0.0,0.0,49.95316485969388
35.0,0.0,0.0,49.965122767857146
